ISO-10303-21;
HEADER;
FILE_DESCRIPTION (( 'STEP AP203' ),
    '1' );
FILE_NAME ('568610.step',
    '2020-12-17T18:34:54',
    ( '' ),
    ( '' ),
    'SwSTEP 2.0',
    'SolidWorks 2019',
    '' );
FILE_SCHEMA (( 'CONFIG_CONTROL_DESIGN' ));
ENDSEC;

DATA;
#1 = EDGE_LOOP ( 'NONE', ( #775, #923, #3116, #237 ) ) ;
#2 = ORIENTED_EDGE ( 'NONE', *, *, #511, .T. ) ;
#3 = EDGE_CURVE ( 'NONE', #669, #5079, #294, .T. ) ;
#4 = EDGE_CURVE ( 'NONE', #4078, #3229, #2887, .T. ) ;
#5 = LINE ( 'NONE', #2484, #1819 ) ;
#6 = ORIENTED_EDGE ( 'NONE', *, *, #413, .F. ) ;
#7 = DIRECTION ( 'NONE',  ( 0.4472135954999583718, 0.0000000000000000000, 0.8944271909999156334 ) ) ;
#8 = PLANE ( 'NONE',  #5153 ) ;
#9 = CARTESIAN_POINT ( 'NONE',  ( -17.84999999999999787, 7.909352937863050492, -17.41280701004534848 ) ) ;
#10 = ORIENTED_EDGE ( 'NONE', *, *, #532, .T. ) ;
#11 = AXIS2_PLACEMENT_3D ( 'NONE', #1831, #4752, #3977 ) ;
#12 = DIRECTION ( 'NONE',  ( -1.000000000000000000, 0.0000000000000000000, 0.0000000000000000000 ) ) ;
#13 = DIRECTION ( 'NONE',  ( 1.000000000000000000, 0.0000000000000000000, 0.0000000000000000000 ) ) ;
#14 = DIRECTION ( 'NONE',  ( 0.0000000000000000000, 0.0000000000000000000, -1.000000000000000000 ) ) ;
#15 = DIRECTION ( 'NONE',  ( 0.0000000000000000000, 1.000000000000000000, 0.0000000000000000000 ) ) ;
#16 = DIRECTION ( 'NONE',  ( 1.000000000000000000, 0.0000000000000000000, 0.0000000000000000000 ) ) ;
#17 = CARTESIAN_POINT ( 'NONE',  ( -1.596446609406726447, 5.853553390593273953, 18.00000000000000000 ) ) ;
#18 = CARTESIAN_POINT ( 'NONE',  ( -1.050000000000159694, 7.500000000000150102, 6.107836000000000193E-15 ) ) ;
#19 = CARTESIAN_POINT ( 'NONE',  ( -17.60000000000000142, -7.374044550639912821, 17.93185165214470089 ) ) ;
#20 = ORIENTED_EDGE ( 'NONE', *, *, #4869, .T. ) ;
#21 = ORIENTED_EDGE ( 'NONE', *, *, #1389, .F. ) ;
#22 = CONICAL_SURFACE ( 'NONE', #3636, 12.00000000000000000, 0.7853981625000003852 ) ;
#23 = VERTEX_POINT ( 'NONE', #2065 ) ;
#24 = AXIS2_PLACEMENT_3D ( 'NONE', #3293, #1956, #4569 ) ;
#25 = ORIENTED_EDGE ( 'NONE', *, *, #1382, .F. ) ;
#26 = ORIENTED_EDGE ( 'NONE', *, *, #1456, .F. ) ;
#27 = CARTESIAN_POINT ( 'NONE',  ( -17.80476672096228086, -19.07981177815020857, -5.610522709723464029E-16 ) ) ;
#28 = EDGE_LOOP ( 'NONE', ( #5100, #4056, #551, #4835, #3870 ) ) ;
#29 = CARTESIAN_POINT ( 'NONE',  ( -1.949999999999999956, -5.500000000000000000, 17.69999999999994955 ) ) ;
#30 = CARTESIAN_POINT ( 'NONE',  ( -14.50000000000000000, -7.198766877344340287, 4.649999999999999467 ) ) ;
#31 = VECTOR ( 'NONE', #38, 1000.000000000000000 ) ;
#32 = ADVANCED_FACE ( 'NONE', ( #5384 ), #4963, .T. ) ;
#33 = EDGE_CURVE ( 'NONE', #3111, #737, #1105, .T. ) ;
#34 = DIRECTION ( 'NONE',  ( 3.218267747740829862E-18, 4.460564074774084786E-17, -1.000000000000000000 ) ) ;
#35 = ORIENTED_EDGE ( 'NONE', *, *, #4074, .T. ) ;
#36 = CIRCLE ( 'NONE', #478, 1.500000000000001110 ) ;
#37 = DIRECTION ( 'NONE',  ( -1.000000000000000000, 0.0000000000000000000, 0.0000000000000000000 ) ) ;
#38 = DIRECTION ( 'NONE',  ( 1.000000000000000000, 0.0000000000000000000, 0.0000000000000000000 ) ) ;
#39 = CYLINDRICAL_SURFACE ( 'NONE', #1503, 20.00000000000000711 ) ;
#40 = CARTESIAN_POINT ( 'NONE',  ( -18.09999999999999787, 6.500000000000000000, 5.927614000000000161E-15 ) ) ;
#41 = CARTESIAN_POINT ( 'NONE',  ( 3.700000000000000178, -12.62500000000000000, 0.0000000000000000000 ) ) ;
#42 = CIRCLE ( 'NONE', #226, 1.999999999999998890 ) ;
#43 = ADVANCED_FACE ( 'NONE', ( #4102 ), #2476, .T. ) ;
#44 = CARTESIAN_POINT ( 'NONE',  ( -1.949999999999999956, 5.500000000000000000, 18.00000000000000000 ) ) ;
#45 = DIRECTION ( 'NONE',  ( -1.000000000000000000, 0.0000000000000000000, 0.0000000000000000000 ) ) ;
#46 = AXIS2_PLACEMENT_3D ( 'NONE', #3569, #125, #3482 ) ;
#47 = AXIS2_PLACEMENT_3D ( 'NONE', #1514, #2028, #710 ) ;
#48 = VECTOR ( 'NONE', #2338, 1000.000000000000000 ) ;
#49 = DIRECTION ( 'NONE',  ( 0.0000000000000000000, 0.0000000000000000000, -1.000000000000000000 ) ) ;
#50 = VERTEX_POINT ( 'NONE', #3660 ) ;
#51 = EDGE_LOOP ( 'NONE', ( #4644, #1085, #4353, #3622 ) ) ;
#52 = VERTEX_POINT ( 'NONE', #2862 ) ;
#53 = CIRCLE ( 'NONE', #242, 0.5000000000000004441 ) ;
#54 = VERTEX_POINT ( 'NONE', #2041 ) ;
#55 = CIRCLE ( 'NONE', #5266, 0.5000000000000004441 ) ;
#56 = ORIENTED_EDGE ( 'NONE', *, *, #755, .T. ) ;
#57 = DIRECTION ( 'NONE',  ( 0.7071067811865479058, -0.7069990853988238344, -0.01234071493982599743 ) ) ;
#58 = VERTEX_POINT ( 'NONE', #2787 ) ;
#59 = CARTESIAN_POINT ( 'NONE',  ( 0.1999999999999869937, 7.374044550756051919, 17.93185165257813551 ) ) ;
#60 = EDGE_CURVE ( 'NONE', #3726, #2617, #1987, .T. ) ;
#61 = CARTESIAN_POINT ( 'NONE',  ( -14.09766756852863701, -7.156862530402552380, 4.649999999999995914 ) ) ;
#62 = EDGE_CURVE ( 'NONE', #1298, #3991, #1541, .T. ) ;
#63 = CARTESIAN_POINT ( 'NONE',  ( -1.596446609406725781, 5.853553390593273953, -17.69999999999995310 ) ) ;
#64 = EDGE_LOOP ( 'NONE', ( #3635, #4188, #3672, #3291 ) ) ;
#65 = CARTESIAN_POINT ( 'NONE',  ( -17.85000000000000142, -7.309339789480421068, 17.69037019600586902 ) ) ;
#66 = CARTESIAN_POINT ( 'NONE',  ( -17.60000000000000142, 17.31925310616325220, 2.002173670980144760 ) ) ;
#67 = CARTESIAN_POINT ( 'NONE',  ( -2.269947697238714923, 2.984227392499981310E-31, -7.500000000000265565 ) ) ;
#68 = EDGE_CURVE ( 'NONE', #2503, #3691, #1629, .T. ) ;
#69 = CARTESIAN_POINT ( 'NONE',  ( -11.09999999999999964, -7.450867094795626144, 3.594346038583060121 ) ) ;
#70 = EDGE_CURVE ( 'NONE', #4746, #4939, #773, .T. ) ;
#71 = FACE_OUTER_BOUND ( 'NONE', #4683, .T. ) ;
#72 = AXIS2_PLACEMENT_3D ( 'NONE', #3286, #3210, #3673 ) ;
#73 = ORIENTED_EDGE ( 'NONE', *, *, #880, .F. ) ;
#74 = CARTESIAN_POINT ( 'NONE',  ( -17.85000000000000142, 7.917939600461689764, 17.40784949808254822 ) ) ;
#75 = DIRECTION ( 'NONE',  ( 0.0000000000000000000, 1.000000000000000000, 0.0000000000000000000 ) ) ;
#76 = AXIS2_PLACEMENT_3D ( 'NONE', #4582, #388, #4287 ) ;
#77 = ADVANCED_FACE ( 'NONE', ( #2375 ), #22, .T. ) ;
#78 = EDGE_CURVE ( 'NONE', #2237, #165, #4606, .T. ) ;
#79 = CARTESIAN_POINT ( 'NONE',  ( -10.95355339059327449, -7.334177048362719553, 3.240792647989787056 ) ) ;
#80 = CIRCLE ( 'NONE', #5014, 1.000000000000000000 ) ;
#81 = FACE_OUTER_BOUND ( 'NONE', #585, .T. ) ;
#82 = ORIENTED_EDGE ( 'NONE', *, *, #3432, .T. ) ;
#83 = ORIENTED_EDGE ( 'NONE', *, *, #2695, .T. ) ;
#84 = VECTOR ( 'NONE', #207, 1000.000000000000000 ) ;
#85 = EDGE_LOOP ( 'NONE', ( #4632, #2671, #1437, #3935, #1475, #2068, #912 ) ) ;
#86 = ORIENTED_EDGE ( 'NONE', *, *, #4611, .T. ) ;
#87 = CARTESIAN_POINT ( 'NONE',  ( -2.269947697238714923, 2.833039999999999505E-31, -2.641256000000000098E-14 ) ) ;
#88 = ORIENTED_EDGE ( 'NONE', *, *, #2432, .F. ) ;
#89 = DIRECTION ( 'NONE',  ( -0.0000000000000000000, 0.0000000000000000000, 1.000000000000000000 ) ) ;
#90 = CARTESIAN_POINT ( 'NONE',  ( -18.10000000000000142, 0.03771691307284700395, 7.452479247389419470 ) ) ;
#91 = DIRECTION ( 'NONE',  ( 1.000000000000000000, 0.0000000000000000000, 0.0000000000000000000 ) ) ;
#92 = LINE ( 'NONE', #4332, #4187 ) ;
#93 = PLANE ( 'NONE',  #2562 ) ;
#94 = DIRECTION ( 'NONE',  ( 0.0000000000000000000, 1.000000000000000000, 0.0000000000000000000 ) ) ;
#95 = CARTESIAN_POINT ( 'NONE',  ( 0.1999999999999869937, 6.856406460551009552, 16.00000000000000000 ) ) ;
#96 = CARTESIAN_POINT ( 'NONE',  ( -2.269947697238725137, -5.884513573780080442, -4.649999999999999467 ) ) ;
#97 = AXIS2_PLACEMENT_3D ( 'NONE', #90, #3443, #3470 ) ;
#98 = VERTEX_POINT ( 'NONE', #4052 ) ;
#99 = LINE ( 'NONE', #5145, #4179 ) ;
#100 = PLANE ( 'NONE',  #2527 ) ;
#101 = CARTESIAN_POINT ( 'NONE',  ( 2.199999999999988187, -11.84241679264861524, -15.35203573588201564 ) ) ;
#102 = VECTOR ( 'NONE', #5199, 1000.000000000000000 ) ;
#103 = EDGE_CURVE ( 'NONE', #2706, #5281, #3224, .T. ) ;
#104 = LINE ( 'NONE', #1376, #762 ) ;
#105 = EDGE_CURVE ( 'NONE', #2391, #1025, #3107, .T. ) ;
#106 = ORIENTED_EDGE ( 'NONE', *, *, #4119, .T. ) ;
#107 = ORIENTED_EDGE ( 'NONE', *, *, #5018, .T. ) ;
#108 = ADVANCED_FACE ( 'NONE', ( #4155 ), #1213, .T. ) ;
#109 = ORIENTED_EDGE ( 'NONE', *, *, #3178, .F. ) ;
#110 = ORIENTED_EDGE ( 'NONE', *, *, #212, .T. ) ;
#111 = CARTESIAN_POINT ( 'NONE',  ( 2.200000000000000178, 9.999999999999980460, 17.32050807568878170 ) ) ;
#112 = EDGE_LOOP ( 'NONE', ( #297, #3459, #2736, #3750 ) ) ;
#113 = CARTESIAN_POINT ( 'NONE',  ( -16.30355339059327591, 5.853553390593273065, 17.69999999999994955 ) ) ;
#114 = DIRECTION ( 'NONE',  ( 0.0000000000000000000, 0.7071067811865484609, -0.7071067811865467956 ) ) ;
#115 = AXIS2_PLACEMENT_3D ( 'NONE', #5068, #3402, #5093 ) ;
#116 = CYLINDRICAL_SURFACE ( 'NONE', #148, 2.000000000000000000 ) ;
#117 = VECTOR ( 'NONE', #4791, 1000.000000000000000 ) ;
#118 = ORIENTED_EDGE ( 'NONE', *, *, #1616, .T. ) ;
#119 = FACE_OUTER_BOUND ( 'NONE', #2042, .T. ) ;
#120 = CARTESIAN_POINT ( 'NONE',  ( -10.59999999999999964, -9.250000000000000000, -3.594346038583040137 ) ) ;
#121 = DIRECTION ( 'NONE',  ( 1.000000000000000000, 1.565536298960375030E-18, 1.237102236241402041E-18 ) ) ;
#122 = CYLINDRICAL_SURFACE ( 'NONE', #3512, 12.62500000000000000 ) ;
#123 = EDGE_CURVE ( 'NONE', #1410, #2967, #2013, .T. ) ;
#124 = ORIENTED_EDGE ( 'NONE', *, *, #2584, .F. ) ;
#125 = DIRECTION ( 'NONE',  ( -1.000000000000000000, 0.0000000000000000000, 0.0000000000000000000 ) ) ;
#126 = CARTESIAN_POINT ( 'NONE',  ( -5.700000000000000178, -10.00000000000000000, 3.594346038583060121 ) ) ;
#127 = DIRECTION ( 'NONE',  ( -1.000000000000000000, 0.0000000000000000000, 0.0000000000000000000 ) ) ;
#128 = LINE ( 'NONE', #218, #4998 ) ;
#129 = CARTESIAN_POINT ( 'NONE',  ( -10.09999999999999964, -9.500000000000000000, 3.094346038583049907 ) ) ;
#130 = EDGE_CURVE ( 'NONE', #1817, #2145, #1621, .T. ) ;
#131 = CARTESIAN_POINT ( 'NONE',  ( -15.94999999999999929, 6.000000000000000888, -17.69999999999997087 ) ) ;
#132 = ORIENTED_EDGE ( 'NONE', *, *, #4933, .F. ) ;
#133 = VECTOR ( 'NONE', #2554, 1000.000000000000114 ) ;
#134 = VERTEX_POINT ( 'NONE', #4498 ) ;
#135 = VERTEX_POINT ( 'NONE', #724 ) ;
#136 = AXIS2_PLACEMENT_3D ( 'NONE', #978, #1037, #1006 ) ;
#137 = EDGE_CURVE ( 'NONE', #3937, #5344, #2492, .T. ) ;
#138 = EDGE_CURVE ( 'NONE', #2404, #4416, #2913, .T. ) ;
#139 = VECTOR ( 'NONE', #915, 1000.000000000000000 ) ;
#140 = ORIENTED_EDGE ( 'NONE', *, *, #3240, .F. ) ;
#141 = EDGE_LOOP ( 'NONE', ( #4877, #2126, #3378, #1764 ) ) ;
#142 = AXIS2_PLACEMENT_3D ( 'NONE', #5374, #3195, #5297 ) ;
#143 = DIRECTION ( 'NONE',  ( -1.000000000000000000, 0.0000000000000000000, 0.0000000000000000000 ) ) ;
#144 = ORIENTED_EDGE ( 'NONE', *, *, #211, .T. ) ;
#145 = CARTESIAN_POINT ( 'NONE',  ( -10.95355339059327449, -9.000000000000000000, 3.240792647989787056 ) ) ;
#146 = LINE ( 'NONE', #3945, #173 ) ;
#147 = EDGE_CURVE ( 'NONE', #186, #1353, #5136, .T. ) ;
#148 = AXIS2_PLACEMENT_3D ( 'NONE', #2626, #625, #3503 ) ;
#149 = CARTESIAN_POINT ( 'NONE',  ( -1.949999999999999956, 6.000000000000000000, 17.69999999999994955 ) ) ;
#150 = VERTEX_POINT ( 'NONE', #1264 ) ;
#151 = LINE ( 'NONE', #2188, #3880 ) ;
#152 = DIRECTION ( 'NONE',  ( 0.0000000000000000000, 0.0000000000000000000, -1.000000000000000000 ) ) ;
#153 = DIRECTION ( 'NONE',  ( -1.000000000000000000, 0.0000000000000000000, 0.0000000000000000000 ) ) ;
#154 = DIRECTION ( 'NONE',  ( 0.0000000000000000000, 0.0000000000000000000, 1.000000000000000000 ) ) ;
#155 = VERTEX_POINT ( 'NONE', #848 ) ;
#156 = DIRECTION ( 'NONE',  ( 1.000000000000000000, -7.180972250171280052E-32, 2.679975720160114671E-31 ) ) ;
#157 = DIRECTION ( 'NONE',  ( -1.000000000000000000, 0.0000000000000000000, 0.0000000000000000000 ) ) ;
#158 = DIRECTION ( 'NONE',  ( -1.000000000000000000, 0.0000000000000000000, -0.0000000000000000000 ) ) ;
#159 = DIRECTION ( 'NONE',  ( 1.000000000000000000, 0.0000000000000000000, 0.0000000000000000000 ) ) ;
#160 = CARTESIAN_POINT ( 'NONE',  ( -18.10000000000000142, -18.61829121183989955, 2.752173670980185172 ) ) ;
#161 = DIRECTION ( 'NONE',  ( -1.000000000000000000, 0.0000000000000000000, 0.0000000000000000000 ) ) ;
#162 = ORIENTED_EDGE ( 'NONE', *, *, #4379, .T. ) ;
#163 = VECTOR ( 'NONE', #1414, 1000.000000000000000 ) ;
#164 = CC_DESIGN_PERSON_AND_ORGANIZATION_ASSIGNMENT ( #2002, #5368, ( #3688 ) ) ;
#165 = VERTEX_POINT ( 'NONE', #1678 ) ;
#166 = EDGE_CURVE ( 'NONE', #4433, #1787, #4205, .T. ) ;
#167 = VERTEX_POINT ( 'NONE', #18 ) ;
#168 = CIRCLE ( 'NONE', #3946, 0.5000000000000004441 ) ;
#169 = ORIENTED_EDGE ( 'NONE', *, *, #1858, .T. ) ;
#170 = EDGE_CURVE ( 'NONE', #3996, #1586, #926, .T. ) ;
#171 = ORIENTED_EDGE ( 'NONE', *, *, #2258, .T. ) ;
#172 = EDGE_LOOP ( 'NONE', ( #1557, #3906, #5457, #903, #852, #4447, #1800 ) ) ;
#173 = VECTOR ( 'NONE', #2325, 1000.000000000000114 ) ;
#174 = FACE_OUTER_BOUND ( 'NONE', #259, .T. ) ;
#175 = ORIENTED_EDGE ( 'NONE', *, *, #985, .T. ) ;
#176 = LINE ( 'NONE', #3970, #516 ) ;
#177 = CARTESIAN_POINT ( 'NONE',  ( -15.94999999999999929, 6.000000000000000000, -17.69999999999995310 ) ) ;
#178 = EDGE_CURVE ( 'NONE', #4981, #5110, #4600, .T. ) ;
#179 = ADVANCED_FACE ( 'NONE', ( #3816 ), #821, .T. ) ;
#180 = FACE_OUTER_BOUND ( 'NONE', #4413, .T. ) ;
#181 = ORIENTED_EDGE ( 'NONE', *, *, #220, .T. ) ;
#182 = LINE ( 'NONE', #506, #4598 ) ;
#183 = DIRECTION ( 'NONE',  ( 7.426240476987668531E-17, 7.426240476987668531E-17, 1.000000000000000000 ) ) ;
#184 = CYLINDRICAL_SURFACE ( 'NONE', #2947, 0.5000000000000001110 ) ;
#185 = CYLINDRICAL_SURFACE ( 'NONE', #3606, 0.5000000000000002220 ) ;
#186 = VERTEX_POINT ( 'NONE', #4231 ) ;
#187 = DIRECTION ( 'NONE',  ( 0.0000000000000000000, 0.0000000000000000000, 1.000000000000000000 ) ) ;
#188 = DIRECTION ( 'NONE',  ( -1.000000000000000000, 0.0000000000000000000, 0.0000000000000000000 ) ) ;
#189 = CARTESIAN_POINT ( 'NONE',  ( -18.09999999999999787, 11.72724133595216145, -14.68782217350893937 ) ) ;
#190 = CARTESIAN_POINT ( 'NONE',  ( -1.449999999999999956, 6.000000000000000000, -18.00000000000000000 ) ) ;
#191 = DIRECTION ( 'NONE',  ( 1.000000000000000000, 0.0000000000000000000, 0.0000000000000000000 ) ) ;
#192 = DIRECTION ( 'NONE',  ( 0.0000000000000000000, -0.7352146220938089449, -0.6778343894045636420 ) ) ;
#193 = ORIENTED_EDGE ( 'NONE', *, *, #233, .F. ) ;
#194 = AXIS2_PLACEMENT_3D ( 'NONE', #627, #2306, #3036 ) ;
#195 = ORIENTED_EDGE ( 'NONE', *, *, #2432, .T. ) ;
#196 = ORIENTED_EDGE ( 'NONE', *, *, #1631, .F. ) ;
#197 = CONICAL_SURFACE ( 'NONE', #1169, 1.750000000000001332, 0.7853981624999990530 ) ;
#198 = ORIENTED_EDGE ( 'NONE', *, *, #584, .T. ) ;
#199 = ORIENTED_EDGE ( 'NONE', *, *, #344, .T. ) ;
#200 = ORIENTED_EDGE ( 'NONE', *, *, #5128, .T. ) ;
#201 = ORIENTED_EDGE ( 'NONE', *, *, #4897, .T. ) ;
#202 = LINE ( 'NONE', #1478, #4393 ) ;
#203 = CARTESIAN_POINT ( 'NONE',  ( 2.199999999999988187, -18.97366596101030112, -1.000000000000000000 ) ) ;
#204 = LINE ( 'NONE', #319, #4550 ) ;
#205 = ORIENTED_EDGE ( 'NONE', *, *, #4000, .F. ) ;
#206 = LINE ( 'NONE', #535, #4153 ) ;
#207 = DIRECTION ( 'NONE',  ( 0.0000000000000000000, 0.0000000000000000000, -1.000000000000000000 ) ) ;
#208 = LINE ( 'NONE', #3158, #1992 ) ;
#209 = LINE ( 'NONE', #2247, #2023 ) ;
#210 = VECTOR ( 'NONE', #2938, 1000.000000000000000 ) ;
#211 = EDGE_CURVE ( 'NONE', #5150, #2351, #3716, .T. ) ;
#212 = EDGE_CURVE ( 'NONE', #4631, #3421, #459, .T. ) ;
#213 = VERTEX_POINT ( 'NONE', #1731 ) ;
#214 = CARTESIAN_POINT ( 'NONE',  ( -17.60000000000000142, -10.42820323027551943, -13.93782217350891983 ) ) ;
#215 = VECTOR ( 'NONE', #3514, 1000.000000000000000 ) ;
#216 = DIRECTION ( 'NONE',  ( -1.000000000000000000, 0.0000000000000000000, 0.0000000000000000000 ) ) ;
#217 = LINE ( 'NONE', #101, #4968 ) ;
#218 = CARTESIAN_POINT ( 'NONE',  ( -16.30355339059327235, -5.853553390593274841, -18.00000000000000000 ) ) ;
#219 = DIRECTION ( 'NONE',  ( 8.434090000000000394E-17, -1.000000000000000000, -8.434090000000000394E-17 ) ) ;
#220 = EDGE_CURVE ( 'NONE', #527, #4349, #4626, .T. ) ;
#221 = VECTOR ( 'NONE', #13, 1000.000000000000000 ) ;
#222 = FACE_OUTER_BOUND ( 'NONE', #3522, .T. ) ;
#223 = ORIENTED_EDGE ( 'NONE', *, *, #4241, .F. ) ;
#224 = EDGE_LOOP ( 'NONE', ( #1967, #181, #1573, #2104 ) ) ;
#225 = VECTOR ( 'NONE', #1699, 1000.000000000000000 ) ;
#226 = AXIS2_PLACEMENT_3D ( 'NONE', #4284, #4651, #458 ) ;
#227 = ORIENTED_EDGE ( 'NONE', *, *, #2964, .T. ) ;
#228 = ORIENTED_EDGE ( 'NONE', *, *, #1066, .T. ) ;
#229 = ORIENTED_EDGE ( 'NONE', *, *, #5129, .F. ) ;
#230 = AXIS2_PLACEMENT_3D ( 'NONE', #449, #4640, #3389 ) ;
#231 = EDGE_LOOP ( 'NONE', ( #5155, #3441, #3992, #286 ) ) ;
#232 = CARTESIAN_POINT ( 'NONE',  ( -17.60000000000000142, -19.31894849647605028, -1.967268858105609919 ) ) ;
#233 = EDGE_CURVE ( 'NONE', #1063, #3747, #4439, .T. ) ;
#234 = AXIS2_PLACEMENT_3D ( 'NONE', #4321, #4260, #489 ) ;
#235 = ADVANCED_FACE ( 'NONE', ( #4652 ), #5042, .T. ) ;
#236 = DIRECTION ( 'NONE',  ( 0.0000000000000000000, 0.0000000000000000000, 1.000000000000000000 ) ) ;
#237 = ORIENTED_EDGE ( 'NONE', *, *, #5128, .F. ) ;
#238 = CARTESIAN_POINT ( 'NONE',  ( -1.050000000000159694, -7.705679723424789351, -4.649999999999999467 ) ) ;
#239 = DIRECTION ( 'NONE',  ( 0.0000000000000000000, 1.000000000000000000, 0.0000000000000000000 ) ) ;
#240 = EDGE_CURVE ( 'NONE', #2293, #1052, #3764, .T. ) ;
#241 = CARTESIAN_POINT ( 'NONE',  ( -17.60000000000000142, -11.42820323027549989, 15.66987298107780013 ) ) ;
#242 = AXIS2_PLACEMENT_3D ( 'NONE', #4398, #505, #5112 ) ;
#243 = ORIENTED_EDGE ( 'NONE', *, *, #4622, .F. ) ;
#244 = DIRECTION ( 'NONE',  ( 0.0000000000000000000, -0.2588190451025209060, 0.9659258262890682012 ) ) ;
#245 = ORIENTED_EDGE ( 'NONE', *, *, #3537, .T. ) ;
#246 = AXIS2_PLACEMENT_3D ( 'NONE', #855, #2541, #3799 ) ;
#247 = EDGE_CURVE ( 'NONE', #5079, #3192, #1265, .T. ) ;
#248 = CARTESIAN_POINT ( 'NONE',  ( -20.00000000000000000, -6.856406460551009552, 16.00000000000000000 ) ) ;
#249 = DIRECTION ( 'NONE',  ( -0.7071067811865484609, -0.7071067811865467956, 0.0000000000000000000 ) ) ;
#250 = LINE ( 'NONE', #1429, #496 ) ;
#251 = FACE_OUTER_BOUND ( 'NONE', #2650, .T. ) ;
#252 = CONICAL_SURFACE ( 'NONE', #3318, 1.750000000000000000, 0.7853981624999977207 ) ;
#253 = DIRECTION ( 'NONE',  ( 0.0000000000000000000, 0.0000000000000000000, 1.000000000000000000 ) ) ;
#254 = ADVANCED_FACE ( 'NONE', ( #4178 ), #2965, .T. ) ;
#255 = ADVANCED_FACE ( 'NONE', ( #4259 ), #2579, .T. ) ;
#256 = ORIENTED_EDGE ( 'NONE', *, *, #2082, .T. ) ;
#257 = ORIENTED_EDGE ( 'NONE', *, *, #1163, .T. ) ;
#258 = ORIENTED_EDGE ( 'NONE', *, *, #5304, .F. ) ;
#259 = EDGE_LOOP ( 'NONE', ( #952, #4022, #4859, #3435, #1491 ) ) ;
#260 = EDGE_LOOP ( 'NONE', ( #699, #4853, #353, #4767, #5023, #5308 ) ) ;
#261 = DIRECTION ( 'NONE',  ( 0.0000000000000000000, -0.2588190451025209060, 0.9659258262890682012 ) ) ;
#262 = VECTOR ( 'NONE', #2342, 1000.000000000000000 ) ;
#263 = VECTOR ( 'NONE', #4623, 1000.000000000000000 ) ;
#264 = VECTOR ( 'NONE', #152, 1000.000000000000000 ) ;
#265 = FACE_OUTER_BOUND ( 'NONE', #85, .T. ) ;
#266 = CARTESIAN_POINT ( 'NONE',  ( -18.10000000000000142, 11.17820323027549989, 15.23686027918559915 ) ) ;
#267 = DIRECTION ( 'NONE',  ( -1.000000000000000000, 0.0000000000000000000, 0.0000000000000000000 ) ) ;
#268 = DIRECTION ( 'NONE',  ( 0.0000000000000000000, 0.2588190451025211836, 0.9659258262890682012 ) ) ;
#269 = PRODUCT_DEFINITION_FORMATION_WITH_SPECIFIED_SOURCE ( 'ANY', '', #4700, .NOT_KNOWN. ) ;
#270 = ORIENTED_EDGE ( 'NONE', *, *, #1970, .F. ) ;
#271 = DIRECTION ( 'NONE',  ( -1.000000000000000000, 0.0000000000000000000, 0.0000000000000000000 ) ) ;
#272 = ORIENTED_EDGE ( 'NONE', *, *, #1536, .F. ) ;
#273 = LINE ( 'NONE', #2367, #4903 ) ;
#274 = CARTESIAN_POINT ( 'NONE',  ( -17.85000000000000142, 19.01351147682494158, 2.440338678075416379 ) ) ;
#275 = CARTESIAN_POINT ( 'NONE',  ( -5.700000000000000178, -9.500000000000000000, 3.594346038583060121 ) ) ;
#276 = CARTESIAN_POINT ( 'NONE',  ( -17.60000000000000142, -12.16025403784439973, 14.93782217350891983 ) ) ;
#277 = CARTESIAN_POINT ( 'NONE',  ( 2.200000000000000178, -1.887379000000000174E-14, 0.0000000000000000000 ) ) ;
#278 = CARTESIAN_POINT ( 'NONE',  ( 0.1999999999999869937, 10.42820323027549989, 13.93782217350891983 ) ) ;
#279 = DIRECTION ( 'NONE',  ( -1.000000000000000000, 0.0000000000000000000, 0.0000000000000000000 ) ) ;
#280 = EDGE_CURVE ( 'NONE', #4766, #2996, #2611, .T. ) ;
#281 = EDGE_CURVE ( 'NONE', #2172, #1084, #3362, .T. ) ;
#282 = ORIENTED_EDGE ( 'NONE', *, *, #2761, .T. ) ;
#283 = CIRCLE ( 'NONE', #1868, 1.500000000000001998 ) ;
#284 = ORIENTED_EDGE ( 'NONE', *, *, #247, .F. ) ;
#285 = EDGE_LOOP ( 'NONE', ( #2231, #1470, #3014, #2480 ) ) ;
#286 = ORIENTED_EDGE ( 'NONE', *, *, #541, .F. ) ;
#287 = DIRECTION ( 'NONE',  ( 0.0000000000000000000, 0.8660254037844387076, -0.4999999999999998890 ) ) ;
#288 = EDGE_CURVE ( 'NONE', #4665, #54, #1702, .T. ) ;
#289 = CARTESIAN_POINT ( 'NONE',  ( -1.050000000000177902, 0.0000000000000000000, 0.0000000000000000000 ) ) ;
#290 = ORIENTED_EDGE ( 'NONE', *, *, #5185, .F. ) ;
#291 = LINE ( 'NONE', #2359, #4476 ) ;
#292 = LINE ( 'NONE', #3287, #1369 ) ;
#293 = MECHANICAL_CONTEXT ( 'NONE', #2073, 'mechanical' ) ;
#294 = CIRCLE ( 'NONE', #4435, 0.5000000000000000000 ) ;
#295 = VERTEX_POINT ( 'NONE', #2728 ) ;
#296 = CARTESIAN_POINT ( 'NONE',  ( -14.49999999999999822, -7.198766877344318971, -4.649999999999999467 ) ) ;
#297 = ORIENTED_EDGE ( 'NONE', *, *, #2357, .F. ) ;
#298 = DIRECTION ( 'NONE',  ( 0.0000000000000000000, 0.01745240643728200591, -0.9998476951563912696 ) ) ;
#299 =( BOUNDED_CURVE ( )  B_SPLINE_CURVE ( 2, ( #4643, #2109, #3779 ),
 .UNSPECIFIED., .F., .T. ) 
 B_SPLINE_CURVE_WITH_KNOTS ( ( 3, 3 ),
 ( 0.0000000000000000000, 0.4937456583397179521 ),
 .UNSPECIFIED. ) 
 CURVE ( )  GEOMETRIC_REPRESENTATION_ITEM ( )  RATIONAL_B_SPLINE_CURVE ( ( 1.000000000000000000, 1.000462119855022092, 1.000082939310933838 ) ) 
 REPRESENTATION_ITEM ( '' )  );
#300 = AXIS2_PLACEMENT_3D ( 'NONE', #3847, #2555, #2170 ) ;
#301 = CARTESIAN_POINT ( 'NONE',  ( -11.09999999999999787, 6.444332000000000366E-32, -4.292719000000000246E-15 ) ) ;
#302 = DIRECTION ( 'NONE',  ( 0.0000000000000000000, -0.2588190451025211836, -0.9659258262890682012 ) ) ;
#303 = FACE_OUTER_BOUND ( 'NONE', #141, .T. ) ;
#304 = PLANE ( 'NONE',  #787 ) ;
#305 = EDGE_CURVE ( 'NONE', #2915, #825, #2407, .T. ) ;
#306 = DIRECTION ( 'NONE',  ( 0.0000000000000000000, -1.000000000000000000, 0.0000000000000000000 ) ) ;
#307 = CARTESIAN_POINT ( 'NONE',  ( -2.269947697238714923, 2.833039999999999505E-31, -2.641256000000000098E-14 ) ) ;
#308 = CONICAL_SURFACE ( 'NONE', #1002, 1.749999999999998446, 0.7853981624999990530 ) ;
#309 = ORIENTED_EDGE ( 'NONE', *, *, #847, .T. ) ;
#310 = ORIENTED_EDGE ( 'NONE', *, *, #3611, .F. ) ;
#311 = EDGE_LOOP ( 'NONE', ( #3827, #1855, #4294, #2764 ) ) ;
#312 = EDGE_CURVE ( 'NONE', #2803, #2967, #1371, .T. ) ;
#313 = EDGE_CURVE ( 'NONE', #2742, #4433, #662, .T. ) ;
#314 = ORIENTED_EDGE ( 'NONE', *, *, #4423, .T. ) ;
#315 = DIRECTION ( 'NONE',  ( 0.0000000000000000000, -0.7071067811865480168, 0.7071067811865471286 ) ) ;
#316 = AXIS2_PLACEMENT_3D ( 'NONE', #2625, #930, #1323 ) ;
#317 = ADVANCED_FACE ( 'NONE', ( #3102 ), #3289, .T. ) ;
#318 = ADVANCED_FACE ( 'NONE', ( #570, #2667 ), #5207, .T. ) ;
#319 = CARTESIAN_POINT ( 'NONE',  ( -20.00000000000000000, -7.374044550756051919, 17.93185165257813551 ) ) ;
#320 = CARTESIAN_POINT ( 'NONE',  ( -14.50000000000000000, -14.00000000000000000, 4.649999999999999467 ) ) ;
#321 = DIRECTION ( 'NONE',  ( 0.7071067811865472397, 0.6123724356957933601, -0.3535533905932761178 ) ) ;
#322 = APPROVAL_STATUS ( 'not_yet_approved' ) ;
#323 = CIRCLE ( 'NONE', #47, 12.62500000000000000 ) ;
#324 = CIRCLE ( 'NONE', #3384, 0.5000000000000000000 ) ;
#325 = LINE ( 'NONE', #5396, #679 ) ;
#326 = EDGE_LOOP ( 'NONE', ( #3967, #700, #4327, #4609 ) ) ;
#327 = CARTESIAN_POINT ( 'NONE',  ( 2.200000000000000178, -19.54191084772651266, 0.4832484158931538154 ) ) ;
#328 = DIRECTION ( 'NONE',  ( 1.000000000000000000, 8.861909752310820164E-32, -3.307309744771419557E-31 ) ) ;
#329 = VECTOR ( 'NONE', #5412, 1000.000000000000000 ) ;
#330 = DIRECTION ( 'NONE',  ( 1.000000000000000000, 2.063365164666809967E-31, 2.063365164666809967E-31 ) ) ;
#331 = CARTESIAN_POINT ( 'NONE',  ( -1.949999999999999956, -5.500000000000000000, 18.00000000000000000 ) ) ;
#332 = CARTESIAN_POINT ( 'NONE',  ( -1.949999999999999956, 5.500000000000000000, -18.00000000000000000 ) ) ;
#333 = AXIS2_PLACEMENT_3D ( 'NONE', #2771, #3592, #1117 ) ;
#334 = DIRECTION ( 'NONE',  ( 0.0000000000000000000, 1.000000000000000000, 0.0000000000000000000 ) ) ;
#335 = DIRECTION ( 'NONE',  ( 0.0000000000000000000, 1.000000000000000000, 0.0000000000000000000 ) ) ;
#336 = AXIS2_PLACEMENT_3D ( 'NONE', #2151, #4268, #3858 ) ;
#337 = VERTEX_POINT ( 'NONE', #2254 ) ;
#338 = ORIENTED_EDGE ( 'NONE', *, *, #4543, .T. ) ;
#339 = EDGE_CURVE ( 'NONE', #3099, #4665, #3045, .T. ) ;
#340 = ORIENTED_EDGE ( 'NONE', *, *, #530, .F. ) ;
#341 = ORIENTED_EDGE ( 'NONE', *, *, #3301, .T. ) ;
#342 = DIRECTION ( 'NONE',  ( 0.0000000000000000000, 0.01745240643728300511, -0.9998476951563911586 ) ) ;
#343 = CIRCLE ( 'NONE', #1239, 0.5000000000000000000 ) ;
#344 = EDGE_CURVE ( 'NONE', #3142, #1218, #217, .T. ) ;
#345 = CYLINDRICAL_SURFACE ( 'NONE', #493, 7.500000000000119016 ) ;
#346 = CARTESIAN_POINT ( 'NONE',  ( -10.80710678118654755, -9.707106781186546129, -2.324999999999999734 ) ) ;
#347 = DIRECTION ( 'NONE',  ( 1.000000000000000000, -2.687390029047394900E-32, 6.950063175343440148E-33 ) ) ;
#348 = PERSON_AND_ORGANIZATION ( #3078, #4218 ) ;
#349 = CIRCLE ( 'NONE', #1588, 0.5000000000000004441 ) ;
#350 = ADVANCED_FACE ( 'NONE', ( #3075 ), #4733, .T. ) ;
#351 = AXIS2_PLACEMENT_3D ( 'NONE', #1130, #4490, #4984 ) ;
#352 = CARTESIAN_POINT ( 'NONE',  ( -2.269947697238725137, -5.884513573780229656, -4.649999999999999467 ) ) ;
#353 = ORIENTED_EDGE ( 'NONE', *, *, #5018, .F. ) ;
#354 = DIRECTION ( 'NONE',  ( -1.000000000000000000, 0.0000000000000000000, 0.0000000000000000000 ) ) ;
#355 = DIRECTION ( 'NONE',  ( 0.0000000000000000000, 1.000000000000000000, 0.0000000000000000000 ) ) ;
#356 = CARTESIAN_POINT ( 'NONE',  ( -1.449999999999999956, -6.000000000000000000, -18.00000000000000000 ) ) ;
#357 = CIRCLE ( 'NONE', #1061, 7.800090691792759934 ) ;
#358 = DIRECTION ( 'NONE',  ( -0.7071067811865449082, -0.7071067811865501263, 0.0000000000000000000 ) ) ;
#359 = AXIS2_PLACEMENT_3D ( 'NONE', #1251, #2901, #808 ) ;
#360 = DIRECTION ( 'NONE',  ( 0.7071067811865479058, -0.6123724356957939152, -0.3535533905932739529 ) ) ;
#361 = DIRECTION ( 'NONE',  ( -1.000000000000000000, 0.0000000000000000000, 0.0000000000000000000 ) ) ;
#362 = DIRECTION ( 'NONE',  ( -1.000000000000000000, 0.0000000000000000000, 0.0000000000000000000 ) ) ;
#363 = VERTEX_POINT ( 'NONE', #5268 ) ;
#364 = ORIENTED_EDGE ( 'NONE', *, *, #4151, .F. ) ;
#365 = ORIENTED_EDGE ( 'NONE', *, *, #649, .F. ) ;
#366 = LINE ( 'NONE', #79, #2102 ) ;
#367 = LINE ( 'NONE', #2103, #3043 ) ;
#368 = CIRCLE ( 'NONE', #1083, 6.500000000000000000 ) ;
#369 = ORIENTED_EDGE ( 'NONE', *, *, #3141, .T. ) ;
#370 = CARTESIAN_POINT ( 'NONE',  ( -20.00000000000000000, 9.642304845413258718, 16.70096189432335265 ) ) ;
#371 = DIRECTION ( 'NONE',  ( 1.000000000000000000, 0.0000000000000000000, 0.0000000000000000000 ) ) ;
#372 = LINE ( 'NONE', #5345, #3659 ) ;
#373 = ORIENTED_EDGE ( 'NONE', *, *, #4424, .F. ) ;
#374 = CYLINDRICAL_SURFACE ( 'NONE', #1995, 6.500000000000000000 ) ;
#375 = CARTESIAN_POINT ( 'NONE',  ( 0.1999999999999859945, 12.16025403784439973, 14.93782217350891983 ) ) ;
#376 = CARTESIAN_POINT ( 'NONE',  ( 17.19999999999999929, 9.000000000000000000, 0.0000000000000000000 ) ) ;
#377 = EDGE_CURVE ( 'NONE', #4333, #295, #1886, .T. ) ;
#378 = CARTESIAN_POINT ( 'NONE',  ( 0.2000000000000000944, -7.856406460551029092, -17.73205080756889984 ) ) ;
#379 = EDGE_CURVE ( 'NONE', #2843, #1682, #4760, .T. ) ;
#380 = CARTESIAN_POINT ( 'NONE',  ( -18.10000000000000142, -7.244635028320929315, 17.44888873986703359 ) ) ;
#381 = CYLINDRICAL_SURFACE ( 'NONE', #3436, 1.999999999999998890 ) ;
#382 = DIRECTION ( 'NONE',  ( 1.000000000000000000, 0.0000000000000000000, 0.0000000000000000000 ) ) ;
#383 = VECTOR ( 'NONE', #5120, 1000.000000000000000 ) ;
#384 = EDGE_LOOP ( 'NONE', ( #3942, #812, #1154, #4391 ) ) ;
#385 = AXIS2_PLACEMENT_3D ( 'NONE', #3626, #4093, #3270 ) ;
#386 = ORIENTED_EDGE ( 'NONE', *, *, #4588, .T. ) ;
#387 = ORIENTED_EDGE ( 'NONE', *, *, #4685, .F. ) ;
#388 = DIRECTION ( 'NONE',  ( -1.000000000000000000, 0.0000000000000000000, 0.0000000000000000000 ) ) ;
#389 = ORIENTED_EDGE ( 'NONE', *, *, #3105, .T. ) ;
#390 = CARTESIAN_POINT ( 'NONE',  ( -18.10000000000000142, -18.81902464889785165, 1.975995061324264945 ) ) ;
#391 = ORIENTED_EDGE ( 'NONE', *, *, #2497, .F. ) ;
#392 = ADVANCED_FACE ( 'NONE', ( #604 ), #2641, .F. ) ;
#393 = CARTESIAN_POINT ( 'NONE',  ( -13.70000000000000107, -7.115300415302229453, -4.649999999999999467 ) ) ;
#394 = CIRCLE ( 'NONE', #1710, 0.5000000000000004441 ) ;
#395 = CARTESIAN_POINT ( 'NONE',  ( 16.69999999999999929, 0.0000000000000000000, 0.0000000000000000000 ) ) ;
#396 = CALENDAR_DATE ( 2020, 17, 12 ) ;
#397 = VECTOR ( 'NONE', #924, 1000.000000000000000 ) ;
#398 = CARTESIAN_POINT ( 'NONE',  ( -17.60000000000000142, 11.84241679264859748, -15.35203573588203163 ) ) ;
#399 = EDGE_LOOP ( 'NONE', ( #201, #2719, #687, #4357 ) ) ;
#400 = EDGE_CURVE ( 'NONE', #2742, #2968, #3957, .T. ) ;
#401 = DIRECTION ( 'NONE',  ( 0.0000000000000000000, 0.0000000000000000000, -1.000000000000000000 ) ) ;
#402 = DIRECTION ( 'NONE',  ( -1.000000000000000000, 0.0000000000000000000, 0.0000000000000000000 ) ) ;
#403 = DIRECTION ( 'NONE',  ( 0.7071067811865479058, 0.7069990853988238344, 0.01234071493982699837 ) ) ;
#404 = DIRECTION ( 'NONE',  ( -1.000000000000000000, 0.0000000000000000000, 0.0000000000000000000 ) ) ;
#405 = DIRECTION ( 'NONE',  ( 0.0000000000000000000, -0.2588190451025211836, -0.9659258262890682012 ) ) ;
#406 = AXIS2_PLACEMENT_3D ( 'NONE', #860, #2547, #1359 ) ;
#407 = ADVANCED_FACE ( 'NONE', ( #3166 ), #1183, .T. ) ;
#408 = FACE_OUTER_BOUND ( 'NONE', #1712, .T. ) ;
#409 = AXIS2_PLACEMENT_3D ( 'NONE', #2160, #3346, #1620 ) ;
#410 = DIRECTION ( 'NONE',  ( 0.0000000000000000000, -0.2588190451025211836, 0.9659258262890682012 ) ) ;
#411 = AXIS2_PLACEMENT_3D ( 'NONE', #4425, #1590, #2358 ) ;
#412 = EDGE_CURVE ( 'NONE', #1170, #2347, #5147, .T. ) ;
#413 = EDGE_CURVE ( 'NONE', #1353, #5044, #4316, .T. ) ;
#414 = ORIENTED_EDGE ( 'NONE', *, *, #3940, .F. ) ;
#415 = ORIENTED_EDGE ( 'NONE', *, *, #972, .T. ) ;
#416 = AXIS2_PLACEMENT_3D ( 'NONE', #5234, #3513, #2223 ) ;
#417 = ORIENTED_EDGE ( 'NONE', *, *, #1295, .F. ) ;
#418 = DIRECTION ( 'NONE',  ( 1.000000000000000000, 7.714506698473979924E-31, -7.714506698473989558E-31 ) ) ;
#419 = ORIENTED_EDGE ( 'NONE', *, *, #2665, .F. ) ;
#420 = PLANE ( 'NONE',  #4103 ) ;
#421 = ORIENTED_EDGE ( 'NONE', *, *, #3, .T. ) ;
#422 = DIRECTION ( 'NONE',  ( 0.0000000000000000000, 0.2588190451025204064, -0.9659258262890684232 ) ) ;
#423 = CARTESIAN_POINT ( 'NONE',  ( -17.60000000000000142, -11.42820323027551943, -15.66987298107780013 ) ) ;
#424 = CIRCLE ( 'NONE', #3766, 1.500000000000001110 ) ;
#425 = CARTESIAN_POINT ( 'NONE',  ( -17.84999999999999787, -7.309339789480440608, -17.69037019600586902 ) ) ;
#426 = EDGE_LOOP ( 'NONE', ( #4326, #3938, #3004, #3904 ) ) ;
#427 = CARTESIAN_POINT ( 'NONE',  ( -10.59999999999999964, -7.334177048362719553, 3.594346038583060121 ) ) ;
#428 = CARTESIAN_POINT ( 'NONE',  ( 2.199999999999988187, -18.97366596101030112, 4.718447999999999556E-15 ) ) ;
#429 = LINE ( 'NONE', #5114, #4493 ) ;
#430 = DIRECTION ( 'NONE',  ( 0.0000000000000000000, -0.7071067811865474617, -0.7071067811865474617 ) ) ;
#431 = LINE ( 'NONE', #921, #3167 ) ;
#432 = AXIS2_PLACEMENT_3D ( 'NONE', #277, #2370, #1931 ) ;
#433 = CARTESIAN_POINT ( 'NONE',  ( -18.09999999999999787, 11.72724133595216145, -14.68782217350893937 ) ) ;
#434 = CIRCLE ( 'NONE', #4575, 12.50000000000000000 ) ;
#435 = CIRCLE ( 'NONE', #2290, 1.500000000000001998 ) ;
#436 = CARTESIAN_POINT ( 'NONE',  ( -17.85000000000000142, -19.01351147682494158, 2.440338678075458567 ) ) ;
#437 = CC_DESIGN_APPROVAL ( #3824, ( #1144 ) ) ;
#438 = CARTESIAN_POINT ( 'NONE',  ( -1.550000000000175016, -7.705679723424780470, 4.649999999999999467 ) ) ;
#439 = ORIENTED_EDGE ( 'NONE', *, *, #3734, .T. ) ;
#440 = ORIENTED_EDGE ( 'NONE', *, *, #3843, .F. ) ;
#441 = ORIENTED_EDGE ( 'NONE', *, *, #3833, .T. ) ;
#442 = EDGE_CURVE ( 'NONE', #1530, #4444, #1810, .T. ) ;
#443 = EDGE_CURVE ( 'NONE', #2110, #363, #2061, .T. ) ;
#444 = EDGE_LOOP ( 'NONE', ( #3304, #20, #4603, #969 ) ) ;
#445 = VERTEX_POINT ( 'NONE', #3681 ) ;
#446 = DIRECTION ( 'NONE',  ( -1.000000000000000000, 0.0000000000000000000, 0.0000000000000000000 ) ) ;
#447 = ORIENTED_EDGE ( 'NONE', *, *, #2839, .T. ) ;
#448 = DIRECTION ( 'NONE',  ( 0.0000000000000000000, 1.000000000000000000, 0.0000000000000000000 ) ) ;
#449 = CARTESIAN_POINT ( 'NONE',  ( -20.00000000000000000, 10.42820323027549989, 13.93782217350891983 ) ) ;
#450 = FACE_OUTER_BOUND ( 'NONE', #4580, .T. ) ;
#451 = ORIENTED_EDGE ( 'NONE', *, *, #463, .F. ) ;
#452 = AXIS2_PLACEMENT_3D ( 'NONE', #3579, #253, #3140 ) ;
#453 = PLANE ( 'NONE',  #4101 ) ;
#454 = CARTESIAN_POINT ( 'NONE',  ( -10.09999999999999964, -10.00000000000000000, -3.594346038583040137 ) ) ;
#455 = CARTESIAN_POINT ( 'NONE',  ( -17.84999999999999787, -11.66564009735197871, -15.17525904058537911 ) ) ;
#456 = CARTESIAN_POINT ( 'NONE',  ( -14.49999999999999822, 6.500000000000000000, 5.927614000000000161E-15 ) ) ;
#457 = LINE ( 'NONE', #4229, #2973 ) ;
#458 = DIRECTION ( 'NONE',  ( 0.0000000000000000000, 0.2588190451025204064, -0.9659258262890684232 ) ) ;
#459 = LINE ( 'NONE', #2118, #5231 ) ;
#460 = EDGE_CURVE ( 'NONE', #2233, #4536, #906, .T. ) ;
#461 = DIRECTION ( 'NONE',  ( 0.0000000000000000000, -0.9681476403781076323, 0.2503800040544421623 ) ) ;
#462 = ORIENTED_EDGE ( 'NONE', *, *, #313, .T. ) ;
#463 = EDGE_CURVE ( 'NONE', #550, #2563, #3993, .T. ) ;
#464 = ORIENTED_EDGE ( 'NONE', *, *, #2837, .T. ) ;
#465 = VERTEX_POINT ( 'NONE', #740 ) ;
#466 = ORIENTED_EDGE ( 'NONE', *, *, #722, .T. ) ;
#467 = EDGE_CURVE ( 'NONE', #4669, #2996, #5348, .T. ) ;
#468 = EDGE_CURVE ( 'NONE', #5220, #165, #2832, .T. ) ;
#469 = VERTEX_POINT ( 'NONE', #2805 ) ;
#470 = CARTESIAN_POINT ( 'NONE',  ( -1.449999999999999956, 5.500000000000000888, -17.69999999999997087 ) ) ;
#471 = ORIENTED_EDGE ( 'NONE', *, *, #1602, .T. ) ;
#472 = DIRECTION ( 'NONE',  ( 1.000000000000000000, 0.0000000000000000000, 0.0000000000000000000 ) ) ;
#473 = FACE_OUTER_BOUND ( 'NONE', #260, .T. ) ;
#474 = ADVANCED_FACE ( 'NONE', ( #4512 ), #1598, .F. ) ;
#475 = DIRECTION ( 'NONE',  ( 1.000000000000000000, 0.0000000000000000000, 0.0000000000000000000 ) ) ;
#476 = EDGE_CURVE ( 'NONE', #4766, #5438, #1792, .T. ) ;
#477 = VERTEX_POINT ( 'NONE', #2393 ) ;
#478 = AXIS2_PLACEMENT_3D ( 'NONE', #2472, #3655, #3706 ) ;
#479 = PLANE ( 'NONE',  #409 ) ;
#480 = FACE_OUTER_BOUND ( 'NONE', #2468, .T. ) ;
#481 = CARTESIAN_POINT ( 'NONE',  ( -1.050000000000159694, -7.705679723424789351, -4.649999999999999467 ) ) ;
#482 = DIRECTION ( 'NONE',  ( 0.0000000000000000000, 1.000000000000000000, 0.0000000000000000000 ) ) ;
#483 = CARTESIAN_POINT ( 'NONE',  ( -16.44999999999999929, -5.500000000000000888, 17.69999999999996732 ) ) ;
#484 = ORIENTED_EDGE ( 'NONE', *, *, #2297, .T. ) ;
#485 = DIRECTION ( 'NONE',  ( 0.0000000000000000000, -1.000000000000000000, 0.0000000000000000000 ) ) ;
#486 = CARTESIAN_POINT ( 'NONE',  ( -15.94999999999999929, 6.000000000000000000, -18.00000000000000000 ) ) ;
#487 = VECTOR ( 'NONE', #2053, 1000.000000000000000 ) ;
#488 = AXIS2_PLACEMENT_3D ( 'NONE', #2171, #3405, #461 ) ;
#489 = DIRECTION ( 'NONE',  ( 0.7071067811865469066, 0.7071067811865481278, 0.0000000000000000000 ) ) ;
#490 = ORIENTED_EDGE ( 'NONE', *, *, #2766, .T. ) ;
#491 = VECTOR ( 'NONE', #3500, 1000.000000000000000 ) ;
#492 = EDGE_LOOP ( 'NONE', ( #391, #4875, #2880, #3997 ) ) ;
#493 = AXIS2_PLACEMENT_3D ( 'NONE', #2974, #3718, #2461 ) ;
#494 = ADVANCED_FACE ( 'NONE', ( #4927 ), #4614, .T. ) ;
#495 = VERTEX_POINT ( 'NONE', #4122 ) ;
#496 = VECTOR ( 'NONE', #3485, 1000.000000000000000 ) ;
#497 = ORIENTED_EDGE ( 'NONE', *, *, #123, .F. ) ;
#498 = LINE ( 'NONE', #5105, #1568 ) ;
#499 = VERTEX_POINT ( 'NONE', #1622 ) ;
#500 = CARTESIAN_POINT ( 'NONE',  ( -11.09999999999999787, -6.841947377170850331, -4.649999999999999467 ) ) ;
#501 = DIRECTION ( 'NONE',  ( 0.0000000000000000000, -0.7071067811865475727, -0.7071067811865475727 ) ) ;
#502 = AXIS2_PLACEMENT_3D ( 'NONE', #3930, #1461, #2757 ) ;
#503 = CARTESIAN_POINT ( 'NONE',  ( -20.00000000000000000, 7.374044550756051919, 17.93185165257813551 ) ) ;
#504 = VERTEX_POINT ( 'NONE', #5321 ) ;
#505 = DIRECTION ( 'NONE',  ( 0.0000000000000000000, 0.0000000000000000000, 1.000000000000000000 ) ) ;
#506 = CARTESIAN_POINT ( 'NONE',  ( -18.09999999999999787, -6.856406460551029092, -17.50000000000000000 ) ) ;
#507 = CARTESIAN_POINT ( 'NONE',  ( 0.1999999999999849953, -19.93415017793060073, 1.621621621621619935 ) ) ;
#508 = DIRECTION ( 'NONE',  ( 0.0000000000000000000, -0.9681476403781078544, -0.2503800040544409411 ) ) ;
#509 = LINE ( 'NONE', #2575, #2021 ) ;
#510 = EDGE_CURVE ( 'NONE', #2351, #4442, #3218, .T. ) ;
#511 = EDGE_CURVE ( 'NONE', #2706, #2145, #1101, .T. ) ;
#512 = ORIENTED_EDGE ( 'NONE', *, *, #3404, .F. ) ;
#513 = LINE ( 'NONE', #3015, #5245 ) ;
#514 = DIRECTION ( 'NONE',  ( 1.000000000000000000, 0.0000000000000000000, 0.0000000000000000000 ) ) ;
#515 = DIRECTION ( 'NONE',  ( 0.7071067811865470176, 0.3535533905932740084, 0.6123724356957950254 ) ) ;
#516 = VECTOR ( 'NONE', #970, 1000.000000000000114 ) ;
#517 = CARTESIAN_POINT ( 'NONE',  ( 0.1999999999999869937, -10.42820323027549989, 13.93782217350891983 ) ) ;
#518 = VECTOR ( 'NONE', #3867, 1000.000000000000000 ) ;
#519 = CYLINDRICAL_SURFACE ( 'NONE', #1200, 1.999999999999998890 ) ;
#520 = ORIENTED_EDGE ( 'NONE', *, *, #2202, .T. ) ;
#521 = VERTEX_POINT ( 'NONE', #4879 ) ;
#522 = VECTOR ( 'NONE', #5116, 1000.000000000000000 ) ;
#523 = VECTOR ( 'NONE', #4192, 1000.000000000000000 ) ;
#524 = ORIENTED_EDGE ( 'NONE', *, *, #2569, .F. ) ;
#525 = ORIENTED_EDGE ( 'NONE', *, *, #836, .T. ) ;
#526 = DIRECTION ( 'NONE',  ( 0.0000000000000000000, 0.0000000000000000000, -1.000000000000000000 ) ) ;
#527 = VERTEX_POINT ( 'NONE', #3703 ) ;
#528 = CARTESIAN_POINT ( 'NONE',  ( 2.199999999999988187, -9.992007000000000176E-15, 6.661337999999999854E-15 ) ) ;
#529 = FACE_OUTER_BOUND ( 'NONE', #4800, .T. ) ;
#530 = EDGE_CURVE ( 'NONE', #801, #4078, #2499, .T. ) ;
#531 = DIRECTION ( 'NONE',  ( 0.0000000000000000000, -0.9681476403781076323, 0.2503800040544418293 ) ) ;
#532 = EDGE_CURVE ( 'NONE', #1298, #732, #1982, .T. ) ;
#533 = CARTESIAN_POINT ( 'NONE',  ( 0.2000000000000000944, -19.31894849647605028, -1.967268858105609919 ) ) ;
#534 = ORIENTED_EDGE ( 'NONE', *, *, #3432, .F. ) ;
#535 = CARTESIAN_POINT ( 'NONE',  ( -16.44999999999999929, -5.500000000000000000, 17.69999999999999929 ) ) ;
#536 = CYLINDRICAL_SURFACE ( 'NONE', #3069, 1.000000000000000000 ) ;
#537 = CARTESIAN_POINT ( 'NONE',  ( -5.700000000000000178, -7.160058476974730191, -3.094346038583040137 ) ) ;
#538 = CARTESIAN_POINT ( 'NONE',  ( 17.19999999999999929, 9.000000000000000000, 0.0000000000000000000 ) ) ;
#539 = ORIENTED_EDGE ( 'NONE', *, *, #3105, .F. ) ;
#540 = DIRECTION ( 'NONE',  ( 0.0000000000000000000, 0.0000000000000000000, -1.000000000000000000 ) ) ;
#541 = EDGE_CURVE ( 'NONE', #3280, #4471, #5055, .T. ) ;
#542 = ADVANCED_FACE ( 'NONE', ( #5399 ), #2882, .T. ) ;
#543 = DIRECTION ( 'NONE',  ( 0.0000000000000000000, 1.000000000000000000, 0.0000000000000000000 ) ) ;
#544 = DIRECTION ( 'NONE',  ( 1.000000000000000000, -7.577921390457980649E-32, -2.828118772515819635E-31 ) ) ;
#545 = LINE ( 'NONE', #4344, #1920 ) ;
#546 = DIRECTION ( 'NONE',  ( 0.0000000000000000000, 0.8660254037844383745, 0.5000000000000003331 ) ) ;
#547 = DIRECTION ( 'NONE',  ( 0.0000000000000000000, 0.2588190451025204064, -0.9659258262890684232 ) ) ;
#548 = ORIENTED_EDGE ( 'NONE', *, *, #3437, .F. ) ;
#549 = EDGE_CURVE ( 'NONE', #3914, #550, #3601, .T. ) ;
#550 = VERTEX_POINT ( 'NONE', #690 ) ;
#551 = ORIENTED_EDGE ( 'NONE', *, *, #2766, .F. ) ;
#552 = ORIENTED_EDGE ( 'NONE', *, *, #3139, .F. ) ;
#553 = ORIENTED_EDGE ( 'NONE', *, *, #4869, .F. ) ;
#554 = CARTESIAN_POINT ( 'NONE',  ( -10.09999999999999964, -9.000000000000000000, -3.594346038583040137 ) ) ;
#555 = VERTEX_POINT ( 'NONE', #792 ) ;
#556 = DIRECTION ( 'NONE',  ( 1.000000000000000000, -6.270577961039909430E-32, 1.621681989924234821E-32 ) ) ;
#557 = DIRECTION ( 'NONE',  ( 1.000000000000000000, 0.0000000000000000000, 0.0000000000000000000 ) ) ;
#558 = DIRECTION ( 'NONE',  ( 1.000000000000000000, 0.0000000000000000000, 0.0000000000000000000 ) ) ;
#559 = AXIS2_PLACEMENT_3D ( 'NONE', #4436, #544, #1043 ) ;
#560 = ORIENTED_EDGE ( 'NONE', *, *, #2589, .F. ) ;
#561 = CARTESIAN_POINT ( 'NONE',  ( 0.1999999999999849953, -11.42820323027549989, 15.66987298107780013 ) ) ;
#562 = CARTESIAN_POINT ( 'NONE',  ( -1.949999999999999956, 6.000000000000000000, -17.69999999999999929 ) ) ;
#563 = CARTESIAN_POINT ( 'NONE',  ( 0.1999999999999840239, 12.16025403784439973, 14.93782217350891983 ) ) ;
#564 = LINE ( 'NONE', #1865, #3337 ) ;
#565 = APPROVAL ( #3699, 'UNSPECIFIED' ) ;
#566 = ORIENTED_EDGE ( 'NONE', *, *, #105, .T. ) ;
#567 = FACE_OUTER_BOUND ( 'NONE', #2298, .T. ) ;
#568 = EDGE_CURVE ( 'NONE', #2503, #465, #5049, .T. ) ;
#569 = DIRECTION ( 'NONE',  ( -1.000000000000000000, 0.0000000000000000000, 0.0000000000000000000 ) ) ;
#570 = FACE_OUTER_BOUND ( 'NONE', #5211, .T. ) ;
#571 = CARTESIAN_POINT ( 'NONE',  ( -15.94999999999999929, 5.500000000000000000, -17.69999999999995310 ) ) ;
#572 = CARTESIAN_POINT ( 'NONE',  ( -1.949999999999999956, -5.500000000000000000, 18.00000000000000000 ) ) ;
#573 = AXIS2_PLACEMENT_3D ( 'NONE', #797, #2838, #723 ) ;
#574 = EDGE_CURVE ( 'NONE', #3181, #4717, #5113, .T. ) ;
#575 = VECTOR ( 'NONE', #1775, 1000.000000000000000 ) ;
#576 = CARTESIAN_POINT ( 'NONE',  ( 2.199999999999985079, 12.62500000000000000, 0.0000000000000000000 ) ) ;
#577 = ORIENTED_EDGE ( 'NONE', *, *, #4827, .T. ) ;
#578 = AXIS2_PLACEMENT_3D ( 'NONE', #5295, #2222, #1807 ) ;
#579 = ORIENTED_EDGE ( 'NONE', *, *, #1350, .F. ) ;
#580 = ORIENTED_EDGE ( 'NONE', *, *, #1780, .T. ) ;
#581 = AXIS2_PLACEMENT_3D ( 'NONE', #3507, #3951, #1864 ) ;
#582 = CONICAL_SURFACE ( 'NONE', #1278, 1.750000000000001110, 0.7853981624999977207 ) ;
#583 = ADVANCED_FACE ( 'NONE', ( #1338 ), #2161, .F. ) ;
#584 = EDGE_CURVE ( 'NONE', #23, #3794, #4170, .T. ) ;
#585 = EDGE_LOOP ( 'NONE', ( #5098, #417, #2363, #2150 ) ) ;
#586 = ORIENTED_EDGE ( 'NONE', *, *, #1757, .T. ) ;
#587 = VECTOR ( 'NONE', #4707, 1000.000000000000114 ) ;
#588 = DIRECTION ( 'NONE',  ( -1.000000000000000000, 0.0000000000000000000, 0.0000000000000000000 ) ) ;
#590 = ORIENTED_EDGE ( 'NONE', *, *, #748, .T. ) ;
#589 = ORIENTED_EDGE ( 'NONE', *, *, #4721, .T. ) ;
#591 = DIRECTION ( 'NONE',  ( 1.000000000000000000, 0.0000000000000000000, 0.0000000000000000000 ) ) ;
#592 = CARTESIAN_POINT ( 'NONE',  ( -1.050000000000163913, 9.000000000000000000, 1.254140999999999921E-15 ) ) ;
#593 = VECTOR ( 'NONE', #945, 1000.000000000000114 ) ;
#594 = DIRECTION ( 'NONE',  ( 1.000000000000000000, -1.407149565629039950E-31, 1.407149565629039950E-31 ) ) ;
#595 = VERTEX_POINT ( 'NONE', #1282 ) ;
#596 = CARTESIAN_POINT ( 'NONE',  ( 0.2000000000000000944, -10.42820323027551943, -13.93782217350891983 ) ) ;
#597 = AXIS2_PLACEMENT_3D ( 'NONE', #5206, #3101, #4790 ) ;
#598 = DIRECTION ( 'NONE',  ( 1.000000000000000000, 1.486501795720578134E-31, 1.486501795720578134E-31 ) ) ;
#599 = CARTESIAN_POINT ( 'NONE',  ( -5.700000000000000178, -9.500000000000000000, 3.094346038583060121 ) ) ;
#600 = CARTESIAN_POINT ( 'NONE',  ( 0.2000000000000000944, 17.31925310616325220, -2.002173670980184728 ) ) ;
#601 = VERTEX_POINT ( 'NONE', #3424 ) ;
#602 = LINE ( 'NONE', #4819, #4891 ) ;
#603 = DIRECTION ( 'NONE',  ( 0.0000000000000000000, 1.000000000000000000, 0.0000000000000000000 ) ) ;
#604 = FACE_OUTER_BOUND ( 'NONE', #881, .T. ) ;
#605 = CARTESIAN_POINT ( 'NONE',  ( -13.70000000000000107, -7.115300415302240111, 4.649999999999999467 ) ) ;
#606 = DIRECTION ( 'NONE',  ( 0.0000000000000000000, -0.9681476403781078544, -0.2503800040544409411 ) ) ;
#607 = DIRECTION ( 'NONE',  ( 1.000000000000000000, 0.0000000000000000000, 0.0000000000000000000 ) ) ;
#608 = ORIENTED_EDGE ( 'NONE', *, *, #4820, .F. ) ;
#609 = VECTOR ( 'NONE', #2743, 1000.000000000000000 ) ;
#610 = ORIENTED_EDGE ( 'NONE', *, *, #5437, .T. ) ;
#611 = VERTEX_POINT ( 'NONE', #864 ) ;
#612 = AXIS2_PLACEMENT_3D ( 'NONE', #2606, #3370, #4312 ) ;
#613 = VERTEX_POINT ( 'NONE', #3782 ) ;
#614 = ORIENTED_EDGE ( 'NONE', *, *, #3727, .F. ) ;
#615 = VERTEX_POINT ( 'NONE', #1313 ) ;
#616 = CC_DESIGN_APPROVAL ( #4073, ( #269 ) ) ;
#617 = EDGE_CURVE ( 'NONE', #1999, #646, #3010, .T. ) ;
#618 = VECTOR ( 'NONE', #5141, 1000.000000000000000 ) ;
#619 = EDGE_CURVE ( 'NONE', #1354, #4584, #747, .T. ) ;
#620 = CARTESIAN_POINT ( 'NONE',  ( -17.60000000000000142, 17.31925310616325220, 2.002173670980144760 ) ) ;
#621 = EDGE_LOOP ( 'NONE', ( #964, #124, #4419, #1472 ) ) ;
#622 = CARTESIAN_POINT ( 'NONE',  ( -11.09999999999999964, -10.00000000000000000, -4.649999999999999467 ) ) ;
#623 = DIRECTION ( 'NONE',  ( 1.000000000000000000, 0.0000000000000000000, 0.0000000000000000000 ) ) ;
#624 = ADVANCED_FACE ( 'NONE', ( #2470 ), #308, .T. ) ;
#625 = DIRECTION ( 'NONE',  ( 1.000000000000000000, 0.0000000000000000000, 0.0000000000000000000 ) ) ;
#626 = ORIENTED_EDGE ( 'NONE', *, *, #1317, .F. ) ;
#627 = CARTESIAN_POINT ( 'NONE',  ( -17.85000000000000142, 6.856406460551009552, 16.00000000000000000 ) ) ;
#628 = CARTESIAN_POINT ( 'NONE',  ( 0.2000000000000000944, -6.856406460551029092, -16.00000000000000000 ) ) ;
#629 = CYLINDRICAL_SURFACE ( 'NONE', #4095, 2.000000000000000000 ) ;
#630 = CARTESIAN_POINT ( 'NONE',  ( -17.84999999999999787, 11.66564009735195917, -15.17525904058539687 ) ) ;
#631 = ORIENTED_EDGE ( 'NONE', *, *, #5357, .T. ) ;
#632 = DIRECTION ( 'NONE',  ( 0.0000000000000000000, 0.0000000000000000000, -1.000000000000000000 ) ) ;
#633 = DIRECTION ( 'NONE',  ( 0.0000000000000000000, 0.0000000000000000000, 1.000000000000000000 ) ) ;
#634 = DIRECTION ( 'NONE',  ( 0.0000000000000000000, -1.000000000000000000, 0.0000000000000000000 ) ) ;
#635 = CARTESIAN_POINT ( 'NONE',  ( -14.50000000000000000, -7.198766877344340287, 4.649999999999999467 ) ) ;
#636 = DIRECTION ( 'NONE',  ( 1.000000000000000000, 0.0000000000000000000, 0.0000000000000000000 ) ) ;
#637 = DIRECTION ( 'NONE',  ( 1.000000000000000000, 0.0000000000000000000, 0.0000000000000000000 ) ) ;
#638 = ORIENTED_EDGE ( 'NONE', *, *, #1262, .F. ) ;
#639 = EDGE_CURVE ( 'NONE', #2317, #1999, #3550, .T. ) ;
#640 = VERTEX_POINT ( 'NONE', #2956 ) ;
#641 = ADVANCED_FACE ( 'NONE', ( #480 ), #3367, .T. ) ;
#642 = EDGE_LOOP ( 'NONE', ( #2353, #2121, #974, #1408 ) ) ;
#643 = VERTEX_POINT ( 'NONE', #2550 ) ;
#644 = EDGE_CURVE ( 'NONE', #2601, #1146, #1888, .T. ) ;
#645 = ORIENTED_EDGE ( 'NONE', *, *, #5033, .F. ) ;
#646 = VERTEX_POINT ( 'NONE', #5421 ) ;
#647 = PLANE ( 'NONE',  #1223 ) ;
#648 = CARTESIAN_POINT ( 'NONE',  ( -8.400000000000000355, -9.500000000000000000, 3.594346038583060121 ) ) ;
#649 = EDGE_CURVE ( 'NONE', #1661, #905, #4199, .T. ) ;
#650 = EDGE_CURVE ( 'NONE', #615, #4802, #2984, .T. ) ;
#651 = CARTESIAN_POINT ( 'NONE',  ( -17.60000000000000142, 19.28460969082654941, 2.775557999999999849E-16 ) ) ;
#652 = ORIENTED_EDGE ( 'NONE', *, *, #62, .T. ) ;
#653 = DIRECTION ( 'NONE',  ( -1.000000000000000000, 0.0000000000000000000, 0.0000000000000000000 ) ) ;
#654 = CARTESIAN_POINT ( 'NONE',  ( 0.0000000000000000000, 0.0000000000000000000, 17.69999999999994955 ) ) ;
#655 = CARTESIAN_POINT ( 'NONE',  ( -1.949999999999999734, -6.000000000000000888, -17.69999999999997087 ) ) ;
#656 = DIRECTION ( 'NONE',  ( 1.000000000000000000, 0.0000000000000000000, 0.0000000000000000000 ) ) ;
#657 = AXIS2_PLACEMENT_3D ( 'NONE', #3711, #4469, #335 ) ;
#658 = EDGE_CURVE ( 'NONE', #3053, #3701, #838, .T. ) ;
#659 = EDGE_CURVE ( 'NONE', #4657, #4954, #3320, .T. ) ;
#660 = EDGE_LOOP ( 'NONE', ( #4633, #2018, #3830, #5310 ) ) ;
#661 = CARTESIAN_POINT ( 'NONE',  ( -10.09999999999999964, -10.00000000000000000, 4.649999999999999467 ) ) ;
#662 = CIRCLE ( 'NONE', #744, 0.5000000000000001110 ) ;
#663 = ORIENTED_EDGE ( 'NONE', *, *, #2502, .T. ) ;
#664 = DIRECTION ( 'NONE',  ( 1.000000000000000000, 0.0000000000000000000, 0.0000000000000000000 ) ) ;
#665 = CARTESIAN_POINT ( 'NONE',  ( -17.85000000000000142, 17.31925310616325220, 2.002173670980144760 ) ) ;
#666 = LINE ( 'NONE', #1873, #1484 ) ;
#667 = LINE ( 'NONE', #3198, #4740 ) ;
#668 = LINE ( 'NONE', #3079, #1526 ) ;
#669 = VERTEX_POINT ( 'NONE', #2572 ) ;
#670 = ORIENTED_EDGE ( 'NONE', *, *, #178, .T. ) ;
#671 = VECTOR ( 'NONE', #2331, 1000.000000000000000 ) ;
#672 = CONICAL_SURFACE ( 'NONE', #756, 1.749999999999998446, 0.7853981624999990530 ) ;
#673 = ORIENTED_EDGE ( 'NONE', *, *, #3239, .T. ) ;
#674 = VERTEX_POINT ( 'NONE', #3838 ) ;
#675 = ORIENTED_EDGE ( 'NONE', *, *, #2898, .T. ) ;
#676 = VECTOR ( 'NONE', #2219, 1000.000000000000000 ) ;
#677 = ORIENTED_EDGE ( 'NONE', *, *, #4000, .T. ) ;
#678 = CARTESIAN_POINT ( 'NONE',  ( 0.2000000000000000944, 19.31894849647605028, -1.967268858105619911 ) ) ;
#679 = VECTOR ( 'NONE', #5372, 1000.000000000000000 ) ;
#680 = VECTOR ( 'NONE', #3165, 1000.000000000000000 ) ;
#681 = DIRECTION ( 'NONE',  ( 0.0000000000000000000, 0.0000000000000000000, 1.000000000000000000 ) ) ;
#682 = FACE_OUTER_BOUND ( 'NONE', #4659, .T. ) ;
#683 = LINE ( 'NONE', #4755, #2545 ) ;
#684 = AXIS2_PLACEMENT_3D ( 'NONE', #2656, #4306, #917 ) ;
#685 = ORIENTED_EDGE ( 'NONE', *, *, #3396, .T. ) ;
#686 = DIRECTION ( 'NONE',  ( 0.0000000000000000000, -0.7352146220938089449, -0.6778343894045636420 ) ) ;
#687 = ORIENTED_EDGE ( 'NONE', *, *, #639, .T. ) ;
#688 = VECTOR ( 'NONE', #2640, 1000.000000000000000 ) ;
#689 = CARTESIAN_POINT ( 'NONE',  ( -16.44999999999999929, -5.500000000000000000, -18.00000000000000000 ) ) ;
#690 = CARTESIAN_POINT ( 'NONE',  ( -18.09999999999999787, 11.17820323027549989, -15.23686027918559915 ) ) ;
#691 = EDGE_CURVE ( 'NONE', #5050, #4442, #2146, .T. ) ;
#692 = CARTESIAN_POINT ( 'NONE',  ( -1.949999999999999956, 6.000000000000000000, -18.00000000000000000 ) ) ;
#693 = EDGE_CURVE ( 'NONE', #790, #3421, #2397, .T. ) ;
#694 = CARTESIAN_POINT ( 'NONE',  ( -1.550000000000179901, -7.705679723424749383, 4.650000000000079403 ) ) ;
#695 = DIRECTION ( 'NONE',  ( 1.000000000000000000, 1.181088500000000200E-16, -1.181088500000000200E-16 ) ) ;
#696 = CARTESIAN_POINT ( 'NONE',  ( -14.50000000000000000, 0.0000000000000000000, 0.0000000000000000000 ) ) ;
#697 = EDGE_CURVE ( 'NONE', #802, #4838, #4618, .T. ) ;
#698 = VECTOR ( 'NONE', #1228, 1000.000000000000000 ) ;
#699 = ORIENTED_EDGE ( 'NONE', *, *, #1270, .F. ) ;
#700 = ORIENTED_EDGE ( 'NONE', *, *, #5056, .T. ) ;
#701 = ORIENTED_EDGE ( 'NONE', *, *, #1350, .T. ) ;
#702 = ORIENTED_EDGE ( 'NONE', *, *, #1729, .F. ) ;
#703 = FACE_OUTER_BOUND ( 'NONE', #1584, .T. ) ;
#704 = AXIS2_PLACEMENT_3D ( 'NONE', #1856, #3468, #3885 ) ;
#705 = VECTOR ( 'NONE', #4793, 1000.000000000000114 ) ;
#706 = CIRCLE ( 'NONE', #3953, 1.999999999999999334 ) ;
#707 = DIRECTION ( 'NONE',  ( 1.000000000000000000, 2.063365164666809967E-31, 2.063365164666809967E-31 ) ) ;
#708 = ADVANCED_FACE ( 'NONE', ( #1673 ), #2687, .T. ) ;
#709 = CARTESIAN_POINT ( 'NONE',  ( -1.449999999999999956, 5.500000000000000000, 18.00000000000000000 ) ) ;
#710 = DIRECTION ( 'NONE',  ( 0.0000000000000000000, 1.000000000000000000, 0.0000000000000000000 ) ) ;
#711 = APPROVAL_ROLE ( '' ) ;
#712 = CIRCLE ( 'NONE', #4495, 1.999999999999999334 ) ;
#713 = ORIENTED_EDGE ( 'NONE', *, *, #4797, .F. ) ;
#714 = EDGE_CURVE ( 'NONE', #1023, #2742, #2310, .T. ) ;
#715 = DIRECTION ( 'NONE',  ( -0.7071067811865505703, -0.6123724356957921389, 0.3535533905932719545 ) ) ;
#716 = ORIENTED_EDGE ( 'NONE', *, *, #1532, .F. ) ;
#717 = LINE ( 'NONE', #765, #929 ) ;
#718 = CARTESIAN_POINT ( 'NONE',  ( -10.09999999999999964, -9.000000000000000000, -4.649999999999999467 ) ) ;
#719 = DIRECTION ( 'NONE',  ( 0.0000000000000000000, -0.7071067811865484609, -0.7071067811865467956 ) ) ;
#720 = CARTESIAN_POINT ( 'NONE',  ( -17.60000000000000142, 7.856406460551010440, 17.73205080756889984 ) ) ;
#721 = FACE_OUTER_BOUND ( 'NONE', #2176, .T. ) ;
#722 = EDGE_CURVE ( 'NONE', #2216, #465, #1418, .T. ) ;
#723 = DIRECTION ( 'NONE',  ( -0.7071067811865449082, -0.7071067811865501263, 0.0000000000000000000 ) ) ;
#724 = CARTESIAN_POINT ( 'NONE',  ( 0.2000000000000000944, 19.28460969082654941, 6.497880000000000581E-15 ) ) ;
#725 = ADVANCED_FACE ( 'NONE', ( #3562 ), #3505, .T. ) ;
#726 = VERTEX_POINT ( 'NONE', #4814 ) ;
#727 = ORIENTED_EDGE ( 'NONE', *, *, #1457, .T. ) ;
#728 = VERTEX_POINT ( 'NONE', #5257 ) ;
#729 = ORIENTED_EDGE ( 'NONE', *, *, #1163, .F. ) ;
#730 = LINE ( 'NONE', #4029, #3061 ) ;
#731 = LINE ( 'NONE', #3560, #2003 ) ;
#732 = VERTEX_POINT ( 'NONE', #1483 ) ;
#733 = DIRECTION ( 'NONE',  ( 0.0000000000000000000, 0.0000000000000000000, 1.000000000000000000 ) ) ;
#734 = CYLINDRICAL_SURFACE ( 'NONE', #4099, 0.5000000000000004441 ) ;
#735 = CALENDAR_DATE ( 2020, 17, 12 ) ;
#736 = DIRECTION ( 'NONE',  ( -1.586033000000000010E-16, 1.000000000000000000, -1.586033000000000010E-16 ) ) ;
#737 = VERTEX_POINT ( 'NONE', #1862 ) ;
#738 = LINE ( 'NONE', #1178, #680 ) ;
#739 = AXIS2_PLACEMENT_3D ( 'NONE', #4376, #634, #1872 ) ;
#740 = CARTESIAN_POINT ( 'NONE',  ( -17.60000000000000142, -11.42820323027549989, 15.66987298107780013 ) ) ;
#741 = DIRECTION ( 'NONE',  ( 0.0000000000000000000, -0.7071067811865484609, 0.7071067811865467956 ) ) ;
#742 = CARTESIAN_POINT ( 'NONE',  ( -10.09999999999999964, -9.000000000000000000, -3.094346038583040137 ) ) ;
#743 = DIRECTION ( 'NONE',  ( 0.0000000000000000000, 1.000000000000000000, 0.0000000000000000000 ) ) ;
#744 = AXIS2_PLACEMENT_3D ( 'NONE', #4823, #3986, #2756 ) ;
#745 = CARTESIAN_POINT ( 'NONE',  ( -18.10000000000000142, -7.606406460551010440, 17.29903810567665090 ) ) ;
#746 = DIRECTION ( 'NONE',  ( -1.000000000000000000, 0.0000000000000000000, 0.0000000000000000000 ) ) ;
#747 = CIRCLE ( 'NONE', #2853, 0.5000000000000000000 ) ;
#748 = EDGE_CURVE ( 'NONE', #3142, #2607, #3618, .T. ) ;
#749 = ORIENTED_EDGE ( 'NONE', *, *, #1224, .F. ) ;
#750 = VERTEX_POINT ( 'NONE', #2658 ) ;
#751 = ORIENTED_EDGE ( 'NONE', *, *, #2333, .F. ) ;
#752 = ORIENTED_EDGE ( 'NONE', *, *, #5362, .T. ) ;
#753 = LINE ( 'NONE', #5388, #2014 ) ;
#754 = EDGE_CURVE ( 'NONE', #4863, #4912, #283, .T. ) ;
#755 = EDGE_CURVE ( 'NONE', #5263, #3780, #206, .T. ) ;
#756 = AXIS2_PLACEMENT_3D ( 'NONE', #4258, #2141, #953 ) ;
#757 = VECTOR ( 'NONE', #1543, 1000.000000000000000 ) ;
#758 = DIRECTION ( 'NONE',  ( 0.0000000000000000000, 1.000000000000000000, 0.0000000000000000000 ) ) ;
#759 = EDGE_LOOP ( 'NONE', ( #2890, #590, #338, #25 ) ) ;
#760 = CARTESIAN_POINT ( 'NONE',  ( -8.072983938118872160, -7.386225699143198042, -3.094346038583046354 ) ) ;
#761 = DIRECTION ( 'NONE',  ( 0.0000000000000000000, 0.0000000000000000000, 1.000000000000000000 ) ) ;
#762 = VECTOR ( 'NONE', #2582, 1000.000000000000000 ) ;
#763 = DIRECTION ( 'NONE',  ( -1.000000000000000000, 0.0000000000000000000, 0.0000000000000000000 ) ) ;
#764 = VERTEX_POINT ( 'NONE', #3949 ) ;
#765 = CARTESIAN_POINT ( 'NONE',  ( -17.60000000000000142, 6.856406460551009552, 18.00000000000000000 ) ) ;
#766 = DIRECTION ( 'NONE',  ( 1.000000000000000000, 7.714506698473979924E-31, -7.714506698473989558E-31 ) ) ;
#767 = VECTOR ( 'NONE', #3919, 1000.000000000000000 ) ;
#768 = LINE ( 'NONE', #2447, #4744 ) ;
#769 = CARTESIAN_POINT ( 'NONE',  ( -15.94999999999999929, -6.000000000000000000, 17.69999999999994955 ) ) ;
#770 = CARTESIAN_POINT ( 'NONE',  ( -1.550000000000159694, -9.000000000000000000, 5.236227000000000036E-15 ) ) ;
#771 = VECTOR ( 'NONE', #57, 1000.000000000000114 ) ;
#772 = DIRECTION ( 'NONE',  ( -0.7071067811865501263, 0.7071067811865450192, 0.0000000000000000000 ) ) ;
#773 = LINE ( 'NONE', #4991, #2321 ) ;
#774 = CIRCLE ( 'NONE', #1215, 0.5000000000000004441 ) ;
#775 = ORIENTED_EDGE ( 'NONE', *, *, #5430, .T. ) ;
#776 = EDGE_LOOP ( 'NONE', ( #1937, #2917, #4675, #1302 ) ) ;
#777 = ORIENTED_EDGE ( 'NONE', *, *, #4709, .T. ) ;
#778 = DIRECTION ( 'NONE',  ( 1.000000000000000000, 0.0000000000000000000, 0.0000000000000000000 ) ) ;
#779 = AXIS2_PLACEMENT_3D ( 'NONE', #5000, #857, #7 ) ;
#780 = ADVANCED_FACE ( 'NONE', ( #3156 ), #93, .T. ) ;
#781 = EDGE_CURVE ( 'NONE', #295, #2918, #182, .T. ) ;
#782 = CIRCLE ( 'NONE', #3853, 1.500000000000000888 ) ;
#783 = CARTESIAN_POINT ( 'NONE',  ( -15.94999999999999929, 5.500000000000000000, -17.69999999999995310 ) ) ;
#784 = CARTESIAN_POINT ( 'NONE',  ( -5.700000000000000178, -7.160058476974730191, -3.094346038583040137 ) ) ;
#785 = DIRECTION ( 'NONE',  ( 1.000000000000000000, 0.0000000000000000000, 0.0000000000000000000 ) ) ;
#786 = B_SPLINE_CURVE_WITH_KNOTS ( 'NONE', 3,
 ( #1038, #4007, #4874, #4369, #4035, #3952 ),
 .UNSPECIFIED., .F., .F.,
 ( 4, 2, 4 ),
 ( 0.0003935164577729494888, 0.0006025068231839660277, 0.0008114971885949825124 ),
 .UNSPECIFIED. ) ;
#787 = AXIS2_PLACEMENT_3D ( 'NONE', #4541, #5402, #743 ) ;
#788 = AXIS2_PLACEMENT_3D ( 'NONE', #4513, #4957, #741 ) ;
#789 = CARTESIAN_POINT ( 'NONE',  ( -17.85000000000000142, -16.35180342703910128, 7.177845668989390582 ) ) ;
#790 = VERTEX_POINT ( 'NONE', #1362 ) ;
#791 = CARTESIAN_POINT ( 'NONE',  ( -20.00000000000000000, -19.28460969082654941, 6.661337999999999854E-15 ) ) ;
#792 = CARTESIAN_POINT ( 'NONE',  ( -14.49999999999999822, -7.198766877344318971, -4.649999999999999467 ) ) ;
#793 = DIRECTION ( 'NONE',  ( 0.0000000000000000000, -0.7071067811865475727, -0.7071067811865475727 ) ) ;
#794 = DIRECTION ( 'NONE',  ( 0.0000000000000000000, -0.7071067811865480168, 0.7071067811865471286 ) ) ;
#795 = AXIS2_PLACEMENT_3D ( 'NONE', #3645, #3236, #1974 ) ;
#796 = DIRECTION ( 'NONE',  ( 0.0000000000000000000, -0.9681476403781078544, -0.2503800040544411076 ) ) ;
#797 = CARTESIAN_POINT ( 'NONE',  ( -15.94999999999999929, -5.500000000000000000, -18.00000000000000000 ) ) ;
#798 = CARTESIAN_POINT ( 'NONE',  ( -14.49999999999999822, 8.569990930820720720, 6.019947999999999898E-15 ) ) ;
#799 = ORIENTED_EDGE ( 'NONE', *, *, #4143, .F. ) ;
#800 = EDGE_CURVE ( 'NONE', #52, #5204, #3446, .T. ) ;
#801 = VERTEX_POINT ( 'NONE', #3094 ) ;
#802 = VERTEX_POINT ( 'NONE', #5140 ) ;
#803 = CARTESIAN_POINT ( 'NONE',  ( -10.60000000000002984, -9.500000000000033751, 3.094346038583048131 ) ) ;
#804 = ORIENTED_EDGE ( 'NONE', *, *, #5223, .T. ) ;
#805 = FACE_OUTER_BOUND ( 'NONE', #5084, .T. ) ;
#806 = VECTOR ( 'NONE', #2720, 1000.000000000000000 ) ;
#807 = ORIENTED_EDGE ( 'NONE', *, *, #4547, .T. ) ;
#808 = DIRECTION ( 'NONE',  ( 0.0000000000000000000, -0.2588190451025209060, -0.9659258262890682012 ) ) ;
#809 = LINE ( 'NONE', #2544, #1290 ) ;
#810 = ADVANCED_FACE ( 'NONE', ( #4400 ), #3788, .T. ) ;
#811 = CARTESIAN_POINT ( 'NONE',  ( 0.1999999999999869937, 11.84241679264859748, 15.35203573588201564 ) ) ;
#812 = ORIENTED_EDGE ( 'NONE', *, *, #3664, .F. ) ;
#813 = CARTESIAN_POINT ( 'NONE',  ( -1.949999999999999956, -5.500000000000000000, -18.00000000000000000 ) ) ;
#814 = DIRECTION ( 'NONE',  ( -0.0000000000000000000, 0.0000000000000000000, 1.000000000000000000 ) ) ;
#815 = CARTESIAN_POINT ( 'NONE',  ( -1.950000000000000400, 6.000000000000000888, -17.69999999999997087 ) ) ;
#816 = FACE_OUTER_BOUND ( 'NONE', #4831, .T. ) ;
#817 = CARTESIAN_POINT ( 'NONE',  ( -15.94999999999999929, -5.500000000000000000, 17.69999999999994955 ) ) ;
#818 = EDGE_CURVE ( 'NONE', #3663, #1846, #151, .T. ) ;
#819 = EDGE_CURVE ( 'NONE', #643, #4196, #3476, .T. ) ;
#820 = DIRECTION ( 'NONE',  ( 0.0000000000000000000, -1.000000000000000000, 0.0000000000000000000 ) ) ;
#821 = CYLINDRICAL_SURFACE ( 'NONE', #3452, 1.999999999999999334 ) ;
#822 = VERTEX_POINT ( 'NONE', #946 ) ;
#823 = AXIS2_PLACEMENT_3D ( 'NONE', #1576, #2446, #3196 ) ;
#824 = VERTEX_POINT ( 'NONE', #2244 ) ;
#825 = VERTEX_POINT ( 'NONE', #1392 ) ;
#826 = DIRECTION ( 'NONE',  ( 0.0000000000000000000, 1.000000000000000000, 0.0000000000000000000 ) ) ;
#827 = ORIENTED_EDGE ( 'NONE', *, *, #2250, .F. ) ;
#828 = DIRECTION ( 'NONE',  ( 0.0000000000000000000, -0.7071067811865484609, 0.7071067811865467956 ) ) ;
#829 = ORIENTED_EDGE ( 'NONE', *, *, #463, .T. ) ;
#830 = CARTESIAN_POINT ( 'NONE',  ( -15.94999999999999929, 6.000000000000000000, -18.00000000000000000 ) ) ;
#831 = CARTESIAN_POINT ( 'NONE',  ( 17.19999999999999929, 0.0000000000000000000, 0.0000000000000000000 ) ) ;
#832 = VECTOR ( 'NONE', #2858, 1000.000000000000114 ) ;
#833 = CIRCLE ( 'NONE', #1805, 8.569990930820740260 ) ;
#834 = FACE_OUTER_BOUND ( 'NONE', #64, .T. ) ;
#835 = ORIENTED_EDGE ( 'NONE', *, *, #2436, .T. ) ;
#836 = EDGE_CURVE ( 'NONE', #1654, #2391, #2627, .T. ) ;
#837 = FACE_OUTER_BOUND ( 'NONE', #2130, .T. ) ;
#838 = LINE ( 'NONE', #454, #31 ) ;
#839 = LINE ( 'NONE', #1363, #1320 ) ;
#840 = PLANE ( 'NONE',  #2248 ) ;
#841 = PLANE ( 'NONE',  #5371 ) ;
#842 = VECTOR ( 'NONE', #2904, 1000.000000000000000 ) ;
#843 = ADVANCED_BREP_SHAPE_REPRESENTATION ( '568610', ( #5326, #3521, #1409 ), #2381 ) ;
#844 = CARTESIAN_POINT ( 'NONE',  ( -1.949999999999999956, 5.500000000000000000, -17.69999999999995310 ) ) ;
#845 = AXIS2_PLACEMENT_3D ( 'NONE', #2521, #401, #2983 ) ;
#846 = ADVANCED_FACE ( 'NONE', ( #119 ), #1801, .T. ) ;
#847 = EDGE_CURVE ( 'NONE', #5433, #2293, #2914, .T. ) ;
#848 = CARTESIAN_POINT ( 'NONE',  ( -10.09999999999999964, -9.853553390593271288, 3.240792647989790165 ) ) ;
#849 = LINE ( 'NONE', #1346, #587 ) ;
#850 = ORIENTED_EDGE ( 'NONE', *, *, #510, .F. ) ;
#851 = ORIENTED_EDGE ( 'NONE', *, *, #2202, .F. ) ;
#852 = ORIENTED_EDGE ( 'NONE', *, *, #78, .F. ) ;
#853 = ORIENTED_EDGE ( 'NONE', *, *, #2038, .T. ) ;
#854 = ORIENTED_EDGE ( 'NONE', *, *, #901, .F. ) ;
#855 = CARTESIAN_POINT ( 'NONE',  ( -15.94999999999999929, 5.500000000000000000, 18.00000000000000000 ) ) ;
#856 = ORIENTED_EDGE ( 'NONE', *, *, #2234, .T. ) ;
#857 = DIRECTION ( 'NONE',  ( -0.7071067811865470176, 0.6123724356957950254, 0.3535533905932739529 ) ) ;
#858 = CARTESIAN_POINT ( 'NONE',  ( -1.050000000000177902, 0.0000000000000000000, 9.000000000000000000 ) ) ;
#859 = VECTOR ( 'NONE', #287, 1000.000000000000000 ) ;
#860 = CARTESIAN_POINT ( 'NONE',  ( 0.1999999999999849953, -18.43908891458579902, 1.500000000000000000 ) ) ;
#861 = ORIENTED_EDGE ( 'NONE', *, *, #2863, .T. ) ;
#862 = ADVANCED_FACE ( 'NONE', ( #4846 ), #1070, .T. ) ;
#863 = CYLINDRICAL_SURFACE ( 'NONE', #5157, 0.5000000000000002220 ) ;
#864 = CARTESIAN_POINT ( 'NONE',  ( -15.94999999999999929, -6.000000000000000000, 18.00000000000000000 ) ) ;
#865 = FACE_OUTER_BOUND ( 'NONE', #1869, .T. ) ;
#866 = CARTESIAN_POINT ( 'NONE',  ( 0.2000000000000000944, 19.28460969082654941, 6.497880000000000581E-15 ) ) ;
#867 = LINE ( 'NONE', #1751, #3418 ) ;
#868 = EDGE_CURVE ( 'NONE', #3701, #5046, #5307, .T. ) ;
#869 = DIRECTION ( 'NONE',  ( 0.0000000000000000000, 1.000000000000000000, 0.0000000000000000000 ) ) ;
#870 = AXIS2_PLACEMENT_3D ( 'NONE', #4165, #1199, #4950 ) ;
#871 = AXIS2_PLACEMENT_3D ( 'NONE', #4043, #3219, #302 ) ;
#872 = DIRECTION ( 'NONE',  ( -1.586033000000000010E-16, 1.000000000000000000, -1.586033000000000010E-16 ) ) ;
#873 = EDGE_CURVE ( 'NONE', #3148, #1796, #1015, .T. ) ;
#874 = ADVANCED_FACE ( 'NONE', ( #2345 ), #3517, .T. ) ;
#875 = LINE ( 'NONE', #2755, #1292 ) ;
#876 = ORIENTED_EDGE ( 'NONE', *, *, #2374, .T. ) ;
#877 = ORIENTED_EDGE ( 'NONE', *, *, #1490, .T. ) ;
#878 = ORIENTED_EDGE ( 'NONE', *, *, #4038, .F. ) ;
#879 = EDGE_CURVE ( 'NONE', #1342, #1661, #4232, .T. ) ;
#880 = EDGE_CURVE ( 'NONE', #150, #1753, #2372, .T. ) ;
#881 = EDGE_LOOP ( 'NONE', ( #4054, #5360, #4365, #3083, #419, #4861 ) ) ;
#882 =( BOUNDED_CURVE ( )  B_SPLINE_CURVE ( 2, ( #3955, #2694, #1837 ),
 .UNSPECIFIED., .F., .F. ) 
 B_SPLINE_CURVE_WITH_KNOTS ( ( 3, 3 ),
 ( 0.0000000000000000000, 0.3450816965166709771 ),
 .UNSPECIFIED. ) 
 CURVE ( )  GEOMETRIC_REPRESENTATION_ITEM ( )  RATIONAL_B_SPLINE_CURVE ( ( 1.000000000000000000, 1.000305305636955966, 1.000000000000000000 ) ) 
 REPRESENTATION_ITEM ( '' )  );
#883 = ORIENTED_EDGE ( 'NONE', *, *, #1149, .F. ) ;
#884 = DIRECTION ( 'NONE',  ( -1.000000000000000000, 0.0000000000000000000, 0.0000000000000000000 ) ) ;
#885 = ORIENTED_EDGE ( 'NONE', *, *, #240, .T. ) ;
#886 = CARTESIAN_POINT ( 'NONE',  ( -17.60000000000000142, -17.31925310616325220, -2.002173670980174958 ) ) ;
#887 = CARTESIAN_POINT ( 'NONE',  ( -20.00000000000000000, 6.856406460551009552, 16.00000000000000000 ) ) ;
#888 = AXIS2_PLACEMENT_3D ( 'NONE', #1030, #5253, #501 ) ;
#889 = DIRECTION ( 'NONE',  ( -1.000000000000000000, 0.0000000000000000000, 0.0000000000000000000 ) ) ;
#890 = ORIENTED_EDGE ( 'NONE', *, *, #1694, .F. ) ;
#891 = CIRCLE ( 'NONE', #5122, 1.500000000000001110 ) ;
#892 = DIRECTION ( 'NONE',  ( 0.0000000000000000000, 0.01745240643728200591, -0.9998476951563912696 ) ) ;
#893 = DIRECTION ( 'NONE',  ( 0.7071067818211389522, -0.6845837610867367973, -0.1770453985815214626 ) ) ;
#894 = DIRECTION ( 'NONE',  ( -1.000000000000000000, 0.0000000000000000000, 0.0000000000000000000 ) ) ;
#895 = FACE_OUTER_BOUND ( 'NONE', #3235, .T. ) ;
#896 = DIRECTION ( 'NONE',  ( -1.000000000000000000, 0.0000000000000000000, 0.0000000000000000000 ) ) ;
#897 = EDGE_LOOP ( 'NONE', ( #1167, #5256, #2797, #3497 ) ) ;
#898 = LINE ( 'NONE', #4676, #133 ) ;
#899 = CARTESIAN_POINT ( 'NONE',  ( -20.00000000000000000, -6.856406460551009552, 16.00000000000000000 ) ) ;
#900 = CC_DESIGN_PERSON_AND_ORGANIZATION_ASSIGNMENT ( #4141, #2800, ( #1144 ) ) ;
#901 = EDGE_CURVE ( 'NONE', #4416, #4710, #891, .T. ) ;
#902 = CARTESIAN_POINT ( 'NONE',  ( -20.00000000000000000, -17.31925310616325220, 2.002173670980184728 ) ) ;
#903 = ORIENTED_EDGE ( 'NONE', *, *, #468, .T. ) ;
#904 = ORIENTED_EDGE ( 'NONE', *, *, #1902, .T. ) ;
#905 = VERTEX_POINT ( 'NONE', #5241 ) ;
#906 = CIRCLE ( 'NONE', #4787, 0.5000000000000004441 ) ;
#907 = ORIENTED_EDGE ( 'NONE', *, *, #4611, .F. ) ;
#908 = EDGE_LOOP ( 'NONE', ( #2921, #5458, #3589, #5294, #3793, #5179, #2944, #1453, #2615, #4806, #4262, #4845, #2705, #5296, #4663, #2433, #3859, #2054, #3795, #4658, #4738, #4769, #4522 ) ) ;
#909 = EDGE_CURVE ( 'NONE', #2739, #1919, #1875, .T. ) ;
#910 = ADVANCED_FACE ( 'NONE', ( #4468 ), #3199, .T. ) ;
#911 = DIRECTION ( 'NONE',  ( -1.000000000000000000, 0.0000000000000000000, 0.0000000000000000000 ) ) ;
#912 = ORIENTED_EDGE ( 'NONE', *, *, #2999, .T. ) ;
#913 = CARTESIAN_POINT ( 'NONE',  ( -17.60000000000000142, 19.25554838648503519, 2.502933678976674958 ) ) ;
#914 = DIRECTION ( 'NONE',  ( 0.0000000000000000000, 0.0000000000000000000, -1.000000000000000000 ) ) ;
#915 = DIRECTION ( 'NONE',  ( 1.000000000000000000, 0.0000000000000000000, 0.0000000000000000000 ) ) ;
#916 = ORIENTED_EDGE ( 'NONE', *, *, #4789, .F. ) ;
#917 = DIRECTION ( 'NONE',  ( 0.0000000000000000000, 0.9681476403781076323, -0.2503800040544418293 ) ) ;
#918 = DIRECTION ( 'NONE',  ( -1.000000000000000000, 0.0000000000000000000, 0.0000000000000000000 ) ) ;
#919 = DIRECTION ( 'NONE',  ( -1.254140850568427873E-15, -1.254140850568427873E-15, 1.000000000000000000 ) ) ;
#920 = CARTESIAN_POINT ( 'NONE',  ( -18.10000000000000142, 6.856406460551009552, 16.00000000000000000 ) ) ;
#921 = CARTESIAN_POINT ( 'NONE',  ( -18.09999999999999787, 18.61829121183989955, -2.752173670980185172 ) ) ;
#922 = CIRCLE ( 'NONE', #3465, 1.999999999999999334 ) ;
#923 = ORIENTED_EDGE ( 'NONE', *, *, #1606, .T. ) ;
#924 = DIRECTION ( 'NONE',  ( -1.000000000000000000, 0.0000000000000000000, 0.0000000000000000000 ) ) ;
#925 = DIRECTION ( 'NONE',  ( 0.0000000000000000000, 0.0000000000000000000, 1.000000000000000000 ) ) ;
#926 = LINE ( 'NONE', #2092, #4160 ) ;
#927 = CIRCLE ( 'NONE', #406, 1.500000000000001110 ) ;
#928 = LINE ( 'NONE', #4136, #4573 ) ;
#929 = VECTOR ( 'NONE', #2855, 1000.000000000000000 ) ;
#930 = DIRECTION ( 'NONE',  ( -0.7071067811865499042, 0.7069990853988219470, -0.01234071493982700878 ) ) ;
#931 = ORIENTED_EDGE ( 'NONE', *, *, #1285, .T. ) ;
#932 = EDGE_LOOP ( 'NONE', ( #5029, #670, #4941, #4184 ) ) ;
#933 = VECTOR ( 'NONE', #5364, 1000.000000000000000 ) ;
#934 = EDGE_CURVE ( 'NONE', #3164, #3109, #3212, .T. ) ;
#935 = ORIENTED_EDGE ( 'NONE', *, *, #2998, .F. ) ;
#936 = ORIENTED_EDGE ( 'NONE', *, *, #2082, .F. ) ;
#937 = LINE ( 'NONE', #111, #2356 ) ;
#938 = ORIENTED_EDGE ( 'NONE', *, *, #4960, .T. ) ;
#939 = DIRECTION ( 'NONE',  ( -1.000000000000000000, 0.0000000000000000000, 0.0000000000000000000 ) ) ;
#940 = CARTESIAN_POINT ( 'NONE',  ( 2.199999999999988187, 10.42820323027549989, -13.93782217350893937 ) ) ;
#941 = VECTOR ( 'NONE', #1159, 1000.000000000000000 ) ;
#942 = EDGE_CURVE ( 'NONE', #640, #3996, #1247, .T. ) ;
#943 = ADVANCED_FACE ( 'NONE', ( #222 ), #2785, .F. ) ;
#944 = FACE_OUTER_BOUND ( 'NONE', #326, .T. ) ;
#945 = DIRECTION ( 'NONE',  ( 0.0000000000000000000, -0.8660254037844383745, 0.5000000000000003331 ) ) ;
#946 = CARTESIAN_POINT ( 'NONE',  ( 0.2000000000000000944, -6.856406460551029092, -18.00000000000000000 ) ) ;
#947 = LINE ( 'NONE', #3922, #1396 ) ;
#948 = LINE ( 'NONE', #5260, #5342 ) ;
#949 = DIRECTION ( 'NONE',  ( 0.0000000000000000000, -1.000000000000000000, 0.0000000000000000000 ) ) ;
#950 = VECTOR ( 'NONE', #1566, 1000.000000000000000 ) ;
#951 = EDGE_CURVE ( 'NONE', #981, #5444, #4828, .T. ) ;
#952 = ORIENTED_EDGE ( 'NONE', *, *, #1502, .F. ) ;
#953 = DIRECTION ( 'NONE',  ( 0.0000000000000000000, -0.2588190451025210725, -0.9659258262890682012 ) ) ;
#954 = CARTESIAN_POINT ( 'NONE',  ( 2.200000000000000178, 15.31250000000000000, 0.0000000000000000000 ) ) ;
#955 = DIRECTION ( 'NONE',  ( 0.0000000000000000000, 0.4999999999999998890, 0.8660254037844387076 ) ) ;
#956 = VECTOR ( 'NONE', #1903, 1000.000000000000000 ) ;
#957 = CARTESIAN_POINT ( 'NONE',  ( -15.94999999999999929, -5.500000000000000000, -17.69999999999995310 ) ) ;
#958 = DIRECTION ( 'NONE',  ( 0.0000000000000000000, -0.7071067811865484609, 0.7071067811865467956 ) ) ;
#959 = CIRCLE ( 'NONE', #4749, 1.999999999999999334 ) ;
#960 = VECTOR ( 'NONE', #4401, 1000.000000000000000 ) ;
#961 = CARTESIAN_POINT ( 'NONE',  ( 2.199999999999988187, 6.856406460551009552, -16.00000000000000000 ) ) ;
#962 = ORIENTED_EDGE ( 'NONE', *, *, #4142, .F. ) ;
#963 = ORIENTED_EDGE ( 'NONE', *, *, #4038, .T. ) ;
#964 = ORIENTED_EDGE ( 'NONE', *, *, #2837, .F. ) ;
#965 = AXIS2_PLACEMENT_3D ( 'NONE', #4403, #1923, #1095 ) ;
#966 = ORIENTED_EDGE ( 'NONE', *, *, #1556, .T. ) ;
#967 = ORIENTED_EDGE ( 'NONE', *, *, #2807, .F. ) ;
#968 = CYLINDRICAL_SURFACE ( 'NONE', #5082, 6.500000000000000000 ) ;
#969 = ORIENTED_EDGE ( 'NONE', *, *, #4864, .T. ) ;
#970 = DIRECTION ( 'NONE',  ( 0.7071067811865477948, -0.3535533905932708998, 0.6123724356957959136 ) ) ;
#971 = DIRECTION ( 'NONE',  ( -1.000000000000000000, 0.0000000000000000000, 0.0000000000000000000 ) ) ;
#972 = EDGE_CURVE ( 'NONE', #2967, #1152, #668, .T. ) ;
#973 = DIRECTION ( 'NONE',  ( 1.000000000000000000, 1.181088500000000200E-16, -1.181088500000000200E-16 ) ) ;
#974 = ORIENTED_EDGE ( 'NONE', *, *, #339, .T. ) ;
#975 = CARTESIAN_POINT ( 'NONE',  ( 2.199999999999988187, -18.97366596101030112, -1.000000000000000000 ) ) ;
#976 = DIRECTION ( 'NONE',  ( 1.000000000000000000, -3.247679495279590287E-32, -1.212050488308306094E-31 ) ) ;
#977 = EDGE_CURVE ( 'NONE', #50, #3086, #5273, .T. ) ;
#978 = CARTESIAN_POINT ( 'NONE',  ( -8.400000000000000355, -9.500000000000000000, -3.594346038583040137 ) ) ;
#979 = LINE ( 'NONE', #3924, #4929 ) ;
#980 = AXIS2_PLACEMENT_3D ( 'NONE', #3658, #2912, #1212 ) ;
#981 = VERTEX_POINT ( 'NONE', #576 ) ;
#982 = CARTESIAN_POINT ( 'NONE',  ( 3.700000000000000178, 0.0000000000000000000, 0.0000000000000000000 ) ) ;
#983 = LINE ( 'NONE', #2284, #4641 ) ;
#984 = DIRECTION ( 'NONE',  ( 1.000000000000000000, 0.0000000000000000000, 0.0000000000000000000 ) ) ;
#985 = EDGE_CURVE ( 'NONE', #4717, #3021, #4323, .T. ) ;
#986 = LINE ( 'NONE', #1841, #4025 ) ;
#987 = EDGE_CURVE ( 'NONE', #4779, #3438, #4422, .T. ) ;
#988 = FACE_OUTER_BOUND ( 'NONE', #1542, .T. ) ;
#989 = DIRECTION ( 'NONE',  ( 0.0000000000000000000, -0.7071067811865484609, 0.7071067811865467956 ) ) ;
#990 = ORIENTED_EDGE ( 'NONE', *, *, #2357, .T. ) ;
#991 = DIRECTION ( 'NONE',  ( 0.0000000000000000000, 0.0000000000000000000, -1.000000000000000000 ) ) ;
#992 = VERTEX_POINT ( 'NONE', #1432 ) ;
#993 = ORIENTED_EDGE ( 'NONE', *, *, #5430, .F. ) ;
#994 = AXIS2_PLACEMENT_3D ( 'NONE', #1653, #3326, #5175 ) ;
#995 = EDGE_LOOP ( 'NONE', ( #3267, #1763, #883, #5076 ) ) ;
#996 = DIRECTION ( 'NONE',  ( 0.0000000000000000000, 1.000000000000000000, 0.0000000000000000000 ) ) ;
#998 = EDGE_LOOP ( 'NONE', ( #1433, #5278, #257, #2950 ) ) ;
#997 = ORIENTED_EDGE ( 'NONE', *, *, #3, .F. ) ;
#999 = FACE_OUTER_BOUND ( 'NONE', #2548, .T. ) ;
#1000 = CARTESIAN_POINT ( 'NONE',  ( 0.1999999999999869937, -11.84241679264859748, 15.35203573588201387 ) ) ;
#1001 = LINE ( 'NONE', #2242, #3138 ) ;
#1002 = AXIS2_PLACEMENT_3D ( 'NONE', #3809, #5037, #3759 ) ;
#1003 = EDGE_LOOP ( 'NONE', ( #4106, #2735, #3561, #5058 ) ) ;
#1004 = CARTESIAN_POINT ( 'NONE',  ( -18.10000000000000142, 10.42820323027549989, 13.93782217350891983 ) ) ;
#1005 = CARTESIAN_POINT ( 'NONE',  ( -5.700000000000000178, -9.500000000000000000, 3.594346038583060121 ) ) ;
#1006 = DIRECTION ( 'NONE',  ( 0.0000000000000000000, -0.7071067811865480168, 0.7071067811865471286 ) ) ;
#1007 = CARTESIAN_POINT ( 'NONE',  ( 17.19999999999999929, 11.50000000000000000, -1.408343999999999994E-15 ) ) ;
#1008 = ORIENTED_EDGE ( 'NONE', *, *, #130, .T. ) ;
#1009 = LINE ( 'NONE', #3598, #1988 ) ;
#1010 = FACE_OUTER_BOUND ( 'NONE', #1349, .T. ) ;
#1011 = DIRECTION ( 'NONE',  ( 1.000000000000000000, 0.0000000000000000000, 0.0000000000000000000 ) ) ;
#1012 = DIRECTION ( 'NONE',  ( 1.000000000000000000, 0.0000000000000000000, 0.0000000000000000000 ) ) ;
#1013 = CARTESIAN_POINT ( 'NONE',  ( -15.94999999999999929, 6.000000000000000000, 18.00000000000000000 ) ) ;
#1014 = EDGE_CURVE ( 'NONE', #3526, #4501, #5035, .T. ) ;
#1015 = LINE ( 'NONE', #2291, #2124 ) ;
#1016 = EDGE_CURVE ( 'NONE', #499, #615, #2500, .T. ) ;
#1017 = ORIENTED_EDGE ( 'NONE', *, *, #549, .F. ) ;
#1018 = AXIS2_PLACEMENT_3D ( 'NONE', #1719, #4275, #3391 ) ;
#1019 = ORIENTED_EDGE ( 'NONE', *, *, #4151, .T. ) ;
#1020 = ORIENTED_EDGE ( 'NONE', *, *, #3724, .T. ) ;
#1021 = VECTOR ( 'NONE', #3189, 1000.000000000000000 ) ;
#1022 = VECTOR ( 'NONE', #4288, 1000.000000000000000 ) ;
#1023 = VERTEX_POINT ( 'NONE', #4936 ) ;
#1024 = ORIENTED_EDGE ( 'NONE', *, *, #4233, .F. ) ;
#1025 = VERTEX_POINT ( 'NONE', #4599 ) ;
#1026 = AXIS2_PLACEMENT_3D ( 'NONE', #3474, #1337, #1390 ) ;
#1027 = DIRECTION ( 'NONE',  ( 0.0000000000000000000, -0.2588190451025211836, 0.9659258262890682012 ) ) ;
#1028 = VERTEX_POINT ( 'NONE', #745 ) ;
#1029 = DIRECTION ( 'NONE',  ( 0.0000000000000000000, -0.2588190451025210725, 0.9659258262890682012 ) ) ;
#1030 = CARTESIAN_POINT ( 'NONE',  ( -17.60000000000000142, -10.42820323027551943, -13.93782217350891983 ) ) ;
#1031 = AXIS2_PLACEMENT_3D ( 'NONE', #554, #1355, #2178 ) ;
#1032 = DIRECTION ( 'NONE',  ( -7.935181996960229967E-33, 1.000000000000000000, 0.0000000000000000000 ) ) ;
#1033 = ORIENTED_EDGE ( 'NONE', *, *, #1311, .T. ) ;
#1034 = DIRECTION ( 'NONE',  ( 0.0000000000000000000, 0.9998476951563912696, -0.01745240643728400431 ) ) ;
#1035 = CIRCLE ( 'NONE', #4279, 2.000000000000000000 ) ;
#1036 = DIRECTION ( 'NONE',  ( 1.000000000000000000, 0.0000000000000000000, 0.0000000000000000000 ) ) ;
#1037 = DIRECTION ( 'NONE',  ( -1.000000000000000000, -1.181088500000000200E-16, -1.181088500000000200E-16 ) ) ;
#1038 = CARTESIAN_POINT ( 'NONE',  ( -10.95355339059327449, -7.597380394880326904, -3.240792647989767072 ) ) ;
#1039 = EDGE_CURVE ( 'NONE', #1353, #3354, #5013, .T. ) ;
#1040 = ORIENTED_EDGE ( 'NONE', *, *, #693, .F. ) ;
#1041 = DIRECTION ( 'NONE',  ( -0.7070529271412389072, 0.7071606311305840276, 3.154335000000000403E-17 ) ) ;
#1042 = CARTESIAN_POINT ( 'NONE',  ( -14.50000000000000000, 6.500000000000000000, 0.0000000000000000000 ) ) ;
#1043 = DIRECTION ( 'NONE',  ( 0.0000000000000000000, -0.2588190451025209060, -0.9659258262890682012 ) ) ;
#1044 = LINE ( 'NONE', #1930, #4826 ) ;
#1045 = LINE ( 'NONE', #2732, #1752 ) ;
#1046 = VECTOR ( 'NONE', #4005, 1000.000000000000000 ) ;
#1047 = ADVANCED_FACE ( 'NONE', ( #2812 ), #381, .T. ) ;
#1048 = EDGE_CURVE ( 'NONE', #3148, #1530, #368, .T. ) ;
#1049 = DIRECTION ( 'NONE',  ( -1.000000000000000000, 0.0000000000000000000, 0.0000000000000000000 ) ) ;
#1050 = ORIENTED_EDGE ( 'NONE', *, *, #1933, .F. ) ;
#1051 = CIRCLE ( 'NONE', #4126, 2.000000000000000000 ) ;
#1052 = VERTEX_POINT ( 'NONE', #3251 ) ;
#1053 = VERTEX_POINT ( 'NONE', #4961 ) ;
#1054 = ADVANCED_FACE ( 'NONE', ( #408 ), #4989, .F. ) ;
#1055 = EDGE_CURVE ( 'NONE', #1919, #5433, #1652, .T. ) ;
#1056 = VECTOR ( 'NONE', #2140, 1000.000000000000000 ) ;
#1057 = CIRCLE ( 'NONE', #5096, 1.000000000000000000 ) ;
#1058 = ORIENTED_EDGE ( 'NONE', *, *, #1123, .F. ) ;
#1059 = ORIENTED_EDGE ( 'NONE', *, *, #1562, .T. ) ;
#1060 = ORIENTED_EDGE ( 'NONE', *, *, #3724, .F. ) ;
#1061 = AXIS2_PLACEMENT_3D ( 'NONE', #3013, #656, #3159 ) ;
#1062 = CIRCLE ( 'NONE', #2460, 1.500000000000000888 ) ;
#1063 = VERTEX_POINT ( 'NONE', #5325 ) ;
#1064 = CYLINDRICAL_SURFACE ( 'NONE', #1136, 20.00000000000000000 ) ;
#1065 = DIRECTION ( 'NONE',  ( 1.000000000000000000, 1.181088500000000200E-16, -1.181088500000000200E-16 ) ) ;
#1066 = EDGE_CURVE ( 'NONE', #3780, #674, #4060, .T. ) ;
#1067 = EDGE_CURVE ( 'NONE', #1273, #728, #4574, .T. ) ;
#1068 = LINE ( 'NONE', #651, #4374 ) ;
#1069 = ORIENTED_EDGE ( 'NONE', *, *, #619, .F. ) ;
#1070 = CYLINDRICAL_SURFACE ( 'NONE', #3529, 0.5000000000000000000 ) ;
#1071 = DIRECTION ( 'NONE',  ( 0.0000000000000000000, 0.8660254037844383745, -0.5000000000000003331 ) ) ;
#1072 = FACE_OUTER_BOUND ( 'NONE', #3769, .T. ) ;
#1073 = LINE ( 'NONE', #241, #2198 ) ;
#1074 = ORIENTED_EDGE ( 'NONE', *, *, #574, .F. ) ;
#1075 = DIRECTION ( 'NONE',  ( -1.000000000000000000, 0.0000000000000000000, 0.0000000000000000000 ) ) ;
#1076 = ORIENTED_EDGE ( 'NONE', *, *, #2654, .F. ) ;
#1077 = DIRECTION ( 'NONE',  ( 0.7071067818211401734, 0.1830127017279749024, 0.6830127012792499563 ) ) ;
#1078 = DIRECTION ( 'NONE',  ( 1.000000000000000000, 4.514897463897239585E-31, -1.167631875727641956E-31 ) ) ;
#1079 = DIRECTION ( 'NONE',  ( 0.0000000000000000000, 0.0000000000000000000, -1.000000000000000000 ) ) ;
#1080 = DIRECTION ( 'NONE',  ( -1.000000000000000000, 0.0000000000000000000, 0.0000000000000000000 ) ) ;
#1081 = DIRECTION ( 'NONE',  ( -1.000000000000000000, 0.0000000000000000000, 0.0000000000000000000 ) ) ;
#1082 = ORIENTED_EDGE ( 'NONE', *, *, #4216, .F. ) ;
#1083 = AXIS2_PLACEMENT_3D ( 'NONE', #5427, #2475, #334 ) ;
#1084 = VERTEX_POINT ( 'NONE', #3735 ) ;
#1085 = ORIENTED_EDGE ( 'NONE', *, *, #2600, .T. ) ;
#1086 = ORIENTED_EDGE ( 'NONE', *, *, #4777, .F. ) ;
#1087 = ORIENTED_EDGE ( 'NONE', *, *, #1940, .T. ) ;
#1088 = ORIENTED_EDGE ( 'NONE', *, *, #5158, .T. ) ;
#1089 = DIRECTION ( 'NONE',  ( 0.0000000000000000000, 0.4999999999999998890, -0.8660254037844387076 ) ) ;
#1090 = ADVANCED_FACE ( 'NONE', ( #1551 ), #4496, .F. ) ;
#1091 = DIRECTION ( 'NONE',  ( -1.000000000000000000, 0.0000000000000000000, 0.0000000000000000000 ) ) ;
#1092 = VERTEX_POINT ( 'NONE', #5353 ) ;
#1093 = DIRECTION ( 'NONE',  ( 0.0000000000000000000, -0.01745240643728200591, 0.9998476951563912696 ) ) ;
#1094 = CARTESIAN_POINT ( 'NONE',  ( 16.19999999999999929, 12.50000000000000000, 1.530808000000000084E-15 ) ) ;
#1095 = DIRECTION ( 'NONE',  ( 0.7071067811865473507, -0.7071067811865477948, 0.0000000000000000000 ) ) ;
#1096 = AXIS2_PLACEMENT_3D ( 'NONE', #1293, #2991, #75 ) ;
#1097 = ORIENTED_EDGE ( 'NONE', *, *, #1755, .T. ) ;
#1098 = CARTESIAN_POINT ( 'NONE',  ( -18.10000000000000142, -6.856406460551009552, 16.00000000000000000 ) ) ;
#1099 = ORIENTED_EDGE ( 'NONE', *, *, #4241, .T. ) ;
#1100 = CARTESIAN_POINT ( 'NONE',  ( -5.700000000000000178, -6.262500682650039785, -4.649999999999999467 ) ) ;
#1101 = LINE ( 'NONE', #4956, #1267 ) ;
#1102 = CARTESIAN_POINT ( 'NONE',  ( -18.09999999999999787, -18.81902464889785165, -1.975995061324250290 ) ) ;
#1103 = LINE ( 'NONE', #3959, #2631 ) ;
#1104 = CARTESIAN_POINT ( 'NONE',  ( -10.59999999999999964, -7.624823114154716031, 3.094346038583060121 ) ) ;
#1105 = LINE ( 'NONE', #5406, #1785 ) ;
#1106 = CIRCLE ( 'NONE', #4174, 0.4999999999999878431 ) ;
#1107 = ORIENTED_EDGE ( 'NONE', *, *, #5313, .F. ) ;
#1108 = EDGE_CURVE ( 'NONE', #4028, #4161, #5417, .T. ) ;
#1109 = EDGE_LOOP ( 'NONE', ( #3911, #4080, #2542, #3415 ) ) ;
#1110 = ORIENTED_EDGE ( 'NONE', *, *, #4273, .T. ) ;
#1111 = VECTOR ( 'NONE', #3698, 1000.000000000000114 ) ;
#1112 = ORIENTED_EDGE ( 'NONE', *, *, #2710, .T. ) ;
#1113 = FACE_OUTER_BOUND ( 'NONE', #2707, .T. ) ;
#1114 = CIRCLE ( 'NONE', #1018, 1.000000000000000000 ) ;
#1115 = ADVANCED_FACE ( 'NONE', ( #1184 ), #2594, .T. ) ;
#1116 = VECTOR ( 'NONE', #4750, 1000.000000000000000 ) ;
#1117 = DIRECTION ( 'NONE',  ( 0.0000000000000000000, -0.7352146220938089449, -0.6778343894045636420 ) ) ;
#1118 = FACE_OUTER_BOUND ( 'NONE', #4322, .T. ) ;
#1119 = LINE ( 'NONE', #1950, #1194 ) ;
#1120 = PERSON_AND_ORGANIZATION_ROLE ( 'design_owner' ) ;
#1121 = VECTOR ( 'NONE', #446, 1000.000000000000000 ) ;
#1122 = ADVANCED_FACE ( 'NONE', ( #4516 ), #4100, .F. ) ;
#1123 = EDGE_CURVE ( 'NONE', #4313, #1554, #3120, .T. ) ;
#1124 = VERTEX_POINT ( 'NONE', #4154 ) ;
#1125 = LINE ( 'NONE', #4485, #3128 ) ;
#1126 = ORIENTED_EDGE ( 'NONE', *, *, #4560, .F. ) ;
#1127 = AXIS2_PLACEMENT_3D ( 'NONE', #3054, #3115, #1027 ) ;
#1128 = DIRECTION ( 'NONE',  ( 0.0000000000000000000, 0.0000000000000000000, -1.000000000000000000 ) ) ;
#1129 = CARTESIAN_POINT ( 'NONE',  ( 0.1999999999999849953, 7.856406460551010440, 17.73205080756889984 ) ) ;
#1130 = CARTESIAN_POINT ( 'NONE',  ( -18.09999999999999787, 17.31925310616325220, -2.002173670980184728 ) ) ;
#1131 = LINE ( 'NONE', #378, #5271 ) ;
#1132 = DIRECTION ( 'NONE',  ( 0.0000000000000000000, 0.01745240643728500005, 0.9998476951563911586 ) ) ;
#1133 = EDGE_CURVE ( 'NONE', #5287, #2391, #3030, .T. ) ;
#1134 = CARTESIAN_POINT ( 'NONE',  ( -17.84999999999999787, -10.42820323027551943, -13.93782217350891983 ) ) ;
#1135 = CARTESIAN_POINT ( 'NONE',  ( -1.550000000000165024, 0.0000000000000000000, 0.0000000000000000000 ) ) ;
#1136 = AXIS2_PLACEMENT_3D ( 'NONE', #528, #939, #2272 ) ;
#1137 = ORIENTED_EDGE ( 'NONE', *, *, #819, .F. ) ;
#1138 = ORIENTED_EDGE ( 'NONE', *, *, #1524, .F. ) ;
#1139 = ORIENTED_EDGE ( 'NONE', *, *, #934, .F. ) ;
#1140 = ORIENTED_EDGE ( 'NONE', *, *, #4777, .T. ) ;
#1141 = CARTESIAN_POINT ( 'NONE',  ( -1.596446609406726225, -5.853553390593273953, 18.00000000000000000 ) ) ;
#1142 = AXIS2_PLACEMENT_3D ( 'NONE', #2885, #2420, #4097 ) ;
#1143 = VECTOR ( 'NONE', #1314, 1000.000000000000000 ) ;
#1144 = PRODUCT_DEFINITION ( 'UNKNOWN', '', #269, #3401 ) ;
#1145 = LINE ( 'NONE', #4031, #1476 ) ;
#1146 = VERTEX_POINT ( 'NONE', #2040 ) ;
#1147 = PLANE ( 'NONE',  #4030 ) ;
#1148 = DIRECTION ( 'NONE',  ( 0.0000000000000000000, 0.4999999999999998890, -0.8660254037844387076 ) ) ;
#1149 = EDGE_CURVE ( 'NONE', #4508, #728, #1192, .T. ) ;
#1150 = DATE_AND_TIME ( #3723, #2114 ) ;
#1151 = VECTOR ( 'NONE', #1316, 1000.000000000000000 ) ;
#1152 = VERTEX_POINT ( 'NONE', #4204 ) ;
#1153 = DIRECTION ( 'NONE',  ( -1.000000000000000000, 0.0000000000000000000, 0.0000000000000000000 ) ) ;
#1154 = ORIENTED_EDGE ( 'NONE', *, *, #4203, .T. ) ;
#1155 = ADVANCED_FACE ( 'NONE', ( #4230 ), #5067, .T. ) ;
#1156 = LINE ( 'NONE', #1546, #4715 ) ;
#1157 = DIRECTION ( 'NONE',  ( 0.0000000000000000000, 1.000000000000000000, 0.0000000000000000000 ) ) ;
#1158 = CARTESIAN_POINT ( 'NONE',  ( -18.09999999999999787, 11.17820323027549989, -15.23686027918559915 ) ) ;
#1159 = DIRECTION ( 'NONE',  ( 0.7071067811865490160, 0.6123724356957920278, 0.3535533905932750076 ) ) ;
#1160 = DIRECTION ( 'NONE',  ( 0.7071067811865473507, 0.7071067811865477948, 0.0000000000000000000 ) ) ;
#1161 = DIRECTION ( 'NONE',  ( 0.0000000000000000000, 0.0000000000000000000, -1.000000000000000000 ) ) ;
#1162 = ADVANCED_FACE ( 'NONE', ( #1754 ), #2937, .T. ) ;
#1163 = EDGE_CURVE ( 'NONE', #3086, #601, #42, .T. ) ;
#1164 = CARTESIAN_POINT ( 'NONE',  ( -17.60000000000000142, 19.05130391373215204, -3.002173670980185172 ) ) ;
#1165 = ORIENTED_EDGE ( 'NONE', *, *, #1510, .T. ) ;
#1166 = AXIS2_PLACEMENT_3D ( 'NONE', #2260, #1405, #4412 ) ;
#1167 = ORIENTED_EDGE ( 'NONE', *, *, #280, .T. ) ;
#1168 = EDGE_LOOP ( 'NONE', ( #3850, #3194, #2635, #1505 ) ) ;
#1169 = AXIS2_PLACEMENT_3D ( 'NONE', #5194, #1387, #3118 ) ;
#1170 = VERTEX_POINT ( 'NONE', #433 ) ;
#1171 = DIRECTION ( 'NONE',  ( 1.000000000000000000, 0.0000000000000000000, 0.0000000000000000000 ) ) ;
#1172 = CARTESIAN_POINT ( 'NONE',  ( 2.200000000000000178, 20.00000000000000000, 0.0000000000000000000 ) ) ;
#1173 = CARTESIAN_POINT ( 'NONE',  ( -11.09999999999999964, -8.500000000000000000, 4.301085999999999776E-15 ) ) ;
#1174 = CARTESIAN_POINT ( 'NONE',  ( -1.949999999999999956, 5.500000000000000000, -18.00000000000000000 ) ) ;
#1175 = DATE_AND_TIME ( #2441, #3073 ) ;
#1176 = CARTESIAN_POINT ( 'NONE',  ( -5.700000000000000178, -6.262500682650030015, 4.649999999999999467 ) ) ;
#1177 = ORIENTED_EDGE ( 'NONE', *, *, #3172, .T. ) ;
#1178 = CARTESIAN_POINT ( 'NONE',  ( -17.60000000000000142, -19.31894849647600054, 1.967268858105619911 ) ) ;
#1179 = CARTESIAN_POINT ( 'NONE',  ( -17.60000000000000142, 17.31925310616325220, -2.002173670980184728 ) ) ;
#1180 = CARTESIAN_POINT ( 'NONE',  ( -16.44999999999999929, -5.500000000000000000, 18.00000000000000000 ) ) ;
#1181 = CARTESIAN_POINT ( 'NONE',  ( -18.10000000000000142, -7.606406460551010440, 17.29903810567665090 ) ) ;
#1182 = DIRECTION ( 'NONE',  ( -0.0000000000000000000, 0.0000000000000000000, 1.000000000000000000 ) ) ;
#1183 = CONICAL_SURFACE ( 'NONE', #4251, 1.750000000000000666, 0.7853981625000003852 ) ;
#1184 = FACE_OUTER_BOUND ( 'NONE', #1245, .T. ) ;
#1185 = DIRECTION ( 'NONE',  ( 0.0000000000000000000, -0.01745240643728400085, -0.9998476951563911586 ) ) ;
#1186 = EDGE_CURVE ( 'NONE', #2196, #4939, #898, .T. ) ;
#1187 = EDGE_CURVE ( 'NONE', #2725, #2845, #4627, .T. ) ;
#1188 = ORIENTED_EDGE ( 'NONE', *, *, #1925, .T. ) ;
#1189 = ORIENTED_EDGE ( 'NONE', *, *, #4119, .F. ) ;
#1190 = ORIENTED_EDGE ( 'NONE', *, *, #5301, .T. ) ;
#1191 = LINE ( 'NONE', #1509, #4483 ) ;
#1192 = CIRCLE ( 'NONE', #2425, 0.5000000000000000000 ) ;
#1193 = ADVANCED_FACE ( 'NONE', ( #3372 ), #672, .T. ) ;
#1194 = VECTOR ( 'NONE', #4087, 1000.000000000000000 ) ;
#1195 = AXIS2_PLACEMENT_3D ( 'NONE', #9, #1279, #3863 ) ;
#1196 = CARTESIAN_POINT ( 'NONE',  ( 0.2000000000000000944, -11.42820323027551943, -15.66987298107780013 ) ) ;
#1197 = DIRECTION ( 'NONE',  ( -0.0000000000000000000, 0.4999999999999998890, 0.8660254037844387076 ) ) ;
#1198 = CARTESIAN_POINT ( 'NONE',  ( 5.515026151380640229, 4.762614999999999917E-31, -4.591441000000000449E-14 ) ) ;
#1199 = DIRECTION ( 'NONE',  ( 1.000000000000000000, -6.030642207736090339E-32, 6.030642207736090339E-32 ) ) ;
#1200 = AXIS2_PLACEMENT_3D ( 'NONE', #961, #2643, #547 ) ;
#1201 = CARTESIAN_POINT ( 'NONE',  ( 3.700000000000000178, 12.62500000000000000, 6.200823999999999724E-15 ) ) ;
#1202 = ORIENTED_EDGE ( 'NONE', *, *, #1659, .F. ) ;
#1203 = AXIS2_PLACEMENT_3D ( 'NONE', #1857, #5222, #5162 ) ;
#1204 = DIRECTION ( 'NONE',  ( 0.0000000000000000000, -0.2588190451025211836, 0.9659258262890682012 ) ) ;
#1205 = CARTESIAN_POINT ( 'NONE',  ( -17.84999999999999787, 6.856406460551009552, -16.00000000000000000 ) ) ;
#1206 = AXIS2_PLACEMENT_3D ( 'NONE', #289, #1511, #2848 ) ;
#1207 = DIRECTION ( 'NONE',  ( 1.000000000000000000, 0.0000000000000000000, 0.0000000000000000000 ) ) ;
#1208 = LINE ( 'NONE', #4045, #941 ) ;
#1209 = DIRECTION ( 'NONE',  ( -1.000000000000000000, 0.0000000000000000000, 0.0000000000000000000 ) ) ;
#1210 = ADVANCED_FACE ( 'NONE', ( #3815 ), #3451, .F. ) ;
#1211 = CIRCLE ( 'NONE', #4553, 1.999999999999999334 ) ;
#1212 = DIRECTION ( 'NONE',  ( -0.7071067811865457964, -0.7071067811865492381, 0.0000000000000000000 ) ) ;
#1213 = CYLINDRICAL_SURFACE ( 'NONE', #4964, 2.000000000000001332 ) ;
#1214 = EDGE_CURVE ( 'NONE', #5110, #2803, #1637, .T. ) ;
#1215 = AXIS2_PLACEMENT_3D ( 'NONE', #957, #2642, #4377 ) ;
#1216 = EDGE_CURVE ( 'NONE', #3495, #337, #513, .T. ) ;
#1217 = ORIENTED_EDGE ( 'NONE', *, *, #4775, .F. ) ;
#1218 = VERTEX_POINT ( 'NONE', #5041 ) ;
#1219 = EDGE_CURVE ( 'NONE', #3826, #5204, #2249, .T. ) ;
#1220 = ORIENTED_EDGE ( 'NONE', *, *, #4395, .T. ) ;
#1221 = CARTESIAN_POINT ( 'NONE',  ( -17.60000000000000142, 19.28460969082654941, 6.497880000000000581E-15 ) ) ;
#1222 = AXIS2_PLACEMENT_3D ( 'NONE', #370, #1197, #2049 ) ;
#1223 = AXIS2_PLACEMENT_3D ( 'NONE', #622, #2240, #4807 ) ;
#1224 = EDGE_CURVE ( 'NONE', #1586, #2590, #3649, .T. ) ;
#1225 = ADVANCED_FACE ( 'NONE', ( #2990 ), #2529, .T. ) ;
#1226 = CARTESIAN_POINT ( 'NONE',  ( 0.1999999999999869937, -19.25554838691946458, 2.502933679089069496 ) ) ;
#1227 = ORIENTED_EDGE ( 'NONE', *, *, #2841, .F. ) ;
#1228 = DIRECTION ( 'NONE',  ( -0.0000000000000000000, -0.8660254037844387076, -0.4999999999999998890 ) ) ;
#1229 = CARTESIAN_POINT ( 'NONE',  ( -16.44999999999999929, -5.500000000000000888, -17.69999999999997087 ) ) ;
#1230 = CIRCLE ( 'NONE', #1142, 1.999999999999998890 ) ;
#1231 = AXIS2_PLACEMENT_3D ( 'NONE', #275, #4928, #719 ) ;
#1232 = CARTESIAN_POINT ( 'NONE',  ( 0.1999999999999859945, -19.05130391373210230, 3.002173670980185172 ) ) ;
#1233 = ORIENTED_EDGE ( 'NONE', *, *, #1823, .F. ) ;
#1234 = DIRECTION ( 'NONE',  ( 1.000000000000000000, 0.0000000000000000000, 0.0000000000000000000 ) ) ;
#1235 = CARTESIAN_POINT ( 'NONE',  ( -20.00000000000000000, 11.84241679264859748, 15.35203573588201564 ) ) ;
#1236 = LINE ( 'NONE', #4123, #1669 ) ;
#1237 = VECTOR ( 'NONE', #5230, 1000.000000000000000 ) ;
#1238 = DIRECTION ( 'NONE',  ( 0.0000000000000000000, 0.0000000000000000000, 1.000000000000000000 ) ) ;
#1239 = AXIS2_PLACEMENT_3D ( 'NONE', #1005, #1485, #2628 ) ;
#1240 = DIRECTION ( 'NONE',  ( 0.0000000000000000000, 0.7071067811865480168, 0.7071067811865471286 ) ) ;
#1241 = CARTESIAN_POINT ( 'NONE',  ( -1.050000000000159694, 0.0000000000000000000, -2.830908000000000285E-14 ) ) ;
#1242 = CARTESIAN_POINT ( 'NONE',  ( -10.80710678118654755, -9.707106781186546129, -2.325000000000001510 ) ) ;
#1243 = ORIENTED_EDGE ( 'NONE', *, *, #442, .T. ) ;
#1244 = ORIENTED_EDGE ( 'NONE', *, *, #3940, .T. ) ;
#1245 = EDGE_LOOP ( 'NONE', ( #2680, #1411, #86, #5225 ) ) ;
#1246 = CARTESIAN_POINT ( 'NONE',  ( -1.449999999999999956, 5.500000000000000000, 17.69999999999999929 ) ) ;
#1247 = CIRCLE ( 'NONE', #1166, 0.5000000000000004441 ) ;
#1248 = ORIENTED_EDGE ( 'NONE', *, *, #1755, .F. ) ;
#1249 = CARTESIAN_POINT ( 'NONE',  ( 3.700000000000000178, -12.62500000000000000, 0.0000000000000000000 ) ) ;
#1250 = EDGE_LOOP ( 'NONE', ( #5275, #2777, #1793, #1912, #3375, #4221, #1596, #4871, #2941, #4474, #1761, #2152 ) ) ;
#1251 = CARTESIAN_POINT ( 'NONE',  ( -18.09999999999999787, -6.856406460551029092, -16.00000000000000000 ) ) ;
#1252 = CARTESIAN_POINT ( 'NONE',  ( 0.1999999999999849953, -1.887379000000000174E-14, 0.0000000000000000000 ) ) ;
#1253 = EDGE_CURVE ( 'NONE', #601, #3614, #2117, .T. ) ;
#1254 = EDGE_CURVE ( 'NONE', #3696, #186, #3846, .T. ) ;
#1255 = CARTESIAN_POINT ( 'NONE',  ( -2.269947697238719808, -1.887379000000000174E-14, -2.220445999999999951E-15 ) ) ;
#1256 = ORIENTED_EDGE ( 'NONE', *, *, #1055, .T. ) ;
#1257 = CARTESIAN_POINT ( 'NONE',  ( -13.70000000000000107, -7.115300415302229453, -4.649999999999999467 ) ) ;
#1258 = DIRECTION ( 'NONE',  ( 0.0000000000000000000, -1.000000000000000000, 0.0000000000000000000 ) ) ;
#1259 = LINE ( 'NONE', #3783, #2195 ) ;
#1260 = DIRECTION ( 'NONE',  ( -1.000000000000000000, 0.0000000000000000000, 0.0000000000000000000 ) ) ;
#1261 = LINE ( 'NONE', #538, #1056 ) ;
#1262 = EDGE_CURVE ( 'NONE', #521, #2317, #2962, .T. ) ;
#1263 = CARTESIAN_POINT ( 'NONE',  ( -17.84999999999999787, 11.16392929778390020, -16.16350724413154794 ) ) ;
#1264 = CARTESIAN_POINT ( 'NONE',  ( -17.60000000000000142, 19.31894849647605028, -1.967268858105619911 ) ) ;
#1265 = CIRCLE ( 'NONE', #1788, 0.5000000000000000000 ) ;
#1266 = ORIENTED_EDGE ( 'NONE', *, *, #3026, .T. ) ;
#1267 = VECTOR ( 'NONE', #355, 1000.000000000000000 ) ;
#1268 = ORIENTED_EDGE ( 'NONE', *, *, #5381, .T. ) ;
#1269 = VERTEX_POINT ( 'NONE', #3871 ) ;
#1270 = EDGE_CURVE ( 'NONE', #1063, #3531, #99, .T. ) ;
#1271 = ORIENTED_EDGE ( 'NONE', *, *, #2740, .F. ) ;
#1272 = CARTESIAN_POINT ( 'NONE',  ( -5.700000000000000178, -10.00000000000000000, 4.649999999999999467 ) ) ;
#1273 = VERTEX_POINT ( 'NONE', #17 ) ;
#1274 = FACE_OUTER_BOUND ( 'NONE', #3920, .T. ) ;
#1275 = CIRCLE ( 'NONE', #4352, 12.62500000000000000 ) ;
#1276 = FACE_OUTER_BOUND ( 'NONE', #3258, .T. ) ;
#1277 = VECTOR ( 'NONE', #1750, 1000.000000000000000 ) ;
#1278 = AXIS2_PLACEMENT_3D ( 'NONE', #4722, #4305, #531 ) ;
#1279 = DIRECTION ( 'NONE',  ( -0.7071067811865486830, 0.3535533905932731202, -0.6123724356957935822 ) ) ;
#1280 = ORIENTED_EDGE ( 'NONE', *, *, #1866, .T. ) ;
#1281 = DIRECTION ( 'NONE',  ( 0.0000000000000000000, 1.000000000000000000, 0.0000000000000000000 ) ) ;
#1282 = CARTESIAN_POINT ( 'NONE',  ( -18.09999999999999787, 7.244635028320927539, -17.44888873986703359 ) ) ;
#1283 = DIRECTION ( 'NONE',  ( 0.0000000000000000000, 0.01745240643728350471, -0.9998476951563912696 ) ) ;
#1284 = VECTOR ( 'NONE', #2440, 1000.000000000000000 ) ;
#1285 = EDGE_CURVE ( 'NONE', #1683, #3726, #833, .T. ) ;
#1286 = FACE_OUTER_BOUND ( 'NONE', #2559, .T. ) ;
#1287 = EDGE_CURVE ( 'NONE', #4802, #4444, #602, .T. ) ;
#1288 = CARTESIAN_POINT ( 'NONE',  ( 2.949999999999999734, 0.0000000000000000000, 0.0000000000000000000 ) ) ;
#1289 = CIRCLE ( 'NONE', #46, 1.999999999999999334 ) ;
#1290 = VECTOR ( 'NONE', #914, 1000.000000000000000 ) ;
#1291 = DIRECTION ( 'NONE',  ( -1.000000000000000000, 0.0000000000000000000, 0.0000000000000000000 ) ) ;
#1292 = VECTOR ( 'NONE', #1928, 1000.000000000000000 ) ;
#1293 = CARTESIAN_POINT ( 'NONE',  ( 11.25500000000000078, 0.0000000000000000000, 0.0000000000000000000 ) ) ;
#1294 = EDGE_CURVE ( 'NONE', #790, #1849, #3193, .T. ) ;
#1295 = EDGE_CURVE ( 'NONE', #2335, #5110, #5337, .T. ) ;
#1296 = VECTOR ( 'NONE', #681, 1000.000000000000000 ) ;
#1297 = LINE ( 'NONE', #2966, #4015 ) ;
#1298 = VERTEX_POINT ( 'NONE', #1455 ) ;
#1299 = EDGE_LOOP ( 'NONE', ( #3333, #1087, #3551, #2328 ) ) ;
#1300 = AXIS2_PLACEMENT_3D ( 'NONE', #2679, #2649, #3027 ) ;
#1301 = VERTEX_POINT ( 'NONE', #2283 ) ;
#1302 = ORIENTED_EDGE ( 'NONE', *, *, #3398, .T. ) ;
#1303 = ORIENTED_EDGE ( 'NONE', *, *, #1219, .F. ) ;
#1304 = DIRECTION ( 'NONE',  ( 0.0000000000000000000, 0.0000000000000000000, -1.000000000000000000 ) ) ;
#1305 = ORIENTED_EDGE ( 'NONE', *, *, #4142, .T. ) ;
#1306 = DIRECTION ( 'NONE',  ( -1.000000000000000000, 0.0000000000000000000, 0.0000000000000000000 ) ) ;
#1307 = DIRECTION ( 'NONE',  ( -1.000000000000000000, 0.0000000000000000000, 0.0000000000000000000 ) ) ;
#1308 = VECTOR ( 'NONE', #342, 1000.000000000000114 ) ;
#1309 = DIRECTION ( 'NONE',  ( 0.0000000000000000000, -1.000000000000000000, 0.0000000000000000000 ) ) ;
#1310 = EDGE_LOOP ( 'NONE', ( #2760, #1380, #907, #4635 ) ) ;
#1311 = EDGE_CURVE ( 'NONE', #337, #5444, #1275, .T. ) ;
#1312 = LINE ( 'NONE', #4568, #3135 ) ;
#1313 = CARTESIAN_POINT ( 'NONE',  ( 2.199999999999988187, -18.97366596101030112, 4.791345000000000156E-15 ) ) ;
#1314 = DIRECTION ( 'NONE',  ( 0.0000000000000000000, 1.000000000000000000, 0.0000000000000000000 ) ) ;
#1315 = CARTESIAN_POINT ( 'NONE',  ( -18.10000000000000142, -18.43908891458579902, 0.0000000000000000000 ) ) ;
#1316 = DIRECTION ( 'NONE',  ( 0.0000000000000000000, -0.8660254037844387076, -0.4999999999999998890 ) ) ;
#1317 = EDGE_CURVE ( 'NONE', #1734, #1656, #1009, .T. ) ;
#1318 = DIRECTION ( 'NONE',  ( -0.7071067811865470176, 0.3535533905932739529, 0.6123724356957950254 ) ) ;
#1319 = LOCAL_TIME ( 13, 34, 54.00000000000000000, #2516 ) ;
#1320 = VECTOR ( 'NONE', #3760, 1000.000000000000000 ) ;
#1321 = DIRECTION ( 'NONE',  ( 0.7071067818211408396, -0.6845837610867346879, 0.1770453985815216014 ) ) ;
#1322 = EDGE_CURVE ( 'NONE', #3776, #1586, #5066, .T. ) ;
#1323 = DIRECTION ( 'NONE',  ( -0.01744974916068274193, 0.0000000000000000000, 0.9998477415357945874 ) ) ;
#1324 = ADVANCED_FACE ( 'NONE', ( #3131 ), #1811, .F. ) ;
#1325 = VERTEX_POINT ( 'NONE', #2663 ) ;
#1326 = ORIENTED_EDGE ( 'NONE', *, *, #1214, .F. ) ;
#1327 = ORIENTED_EDGE ( 'NONE', *, *, #4197, .F. ) ;
#1328 = ORIENTED_EDGE ( 'NONE', *, *, #1847, .T. ) ;
#1329 = ORIENTED_EDGE ( 'NONE', *, *, #4455, .F. ) ;
#1330 = DIRECTION ( 'NONE',  ( 0.0000000000000000000, 0.0000000000000000000, 1.000000000000000000 ) ) ;
#1331 = ORIENTED_EDGE ( 'NONE', *, *, #4820, .T. ) ;
#1332 = PLANE ( 'NONE',  #779 ) ;
#1333 = DIRECTION ( 'NONE',  ( 1.000000000000000000, 0.0000000000000000000, 0.0000000000000000000 ) ) ;
#1334 = DIRECTION ( 'NONE',  ( 0.0000000000000000000, 0.2588190451025204064, -0.9659258262890684232 ) ) ;
#1335 = ORIENTED_EDGE ( 'NONE', *, *, #1322, .F. ) ;
#1336 = AXIS2_PLACEMENT_3D ( 'NONE', #1962, #1845, #989 ) ;
#1337 = DIRECTION ( 'NONE',  ( 0.0000000000000000000, -1.000000000000000000, 0.0000000000000000000 ) ) ;
#1338 = FACE_OUTER_BOUND ( 'NONE', #492, .T. ) ;
#1339 = LINE ( 'NONE', #2138, #518 ) ;
#1340 = DIRECTION ( 'NONE',  ( 0.0000000000000000000, 1.000000000000000000, 0.0000000000000000000 ) ) ;
#1341 = CARTESIAN_POINT ( 'NONE',  ( 0.1999999999999859945, 19.31894849647605028, 1.967268858105579943 ) ) ;
#1342 = VERTEX_POINT ( 'NONE', #3539 ) ;
#1343 = CARTESIAN_POINT ( 'NONE',  ( 2.199999999999988187, -19.69914221112031072, -0.3117527983883138787 ) ) ;
#1344 = CARTESIAN_POINT ( 'NONE',  ( 17.19999999999999929, -11.50000000000000000, 5.124712999999999857E-15 ) ) ;
#1345 = CARTESIAN_POINT ( 'NONE',  ( -18.10000000000000142, 7.606406460551010440, 17.29903810567665090 ) ) ;
#1346 = CARTESIAN_POINT ( 'NONE',  ( -18.10000000000000142, -6.856406460551009552, 17.50000000000000000 ) ) ;
#1347 = ORIENTED_EDGE ( 'NONE', *, *, #3789, .F. ) ;
#1348 = AXIS2_PLACEMENT_3D ( 'NONE', #1552, #4937, #5428 ) ;
#1349 = EDGE_LOOP ( 'NONE', ( #3651, #3493, #2019, #109 ) ) ;
#1350 = EDGE_CURVE ( 'NONE', #5044, #1506, #882, .T. ) ;
#1351 = EDGE_CURVE ( 'NONE', #2349, #5074, #3376, .T. ) ;
#1352 = AXIS2_PLACEMENT_3D ( 'NONE', #2698, #4409, #158 ) ;
#1353 = VERTEX_POINT ( 'NONE', #4373 ) ;
#1354 = VERTEX_POINT ( 'NONE', #2778 ) ;
#1355 = DIRECTION ( 'NONE',  ( 0.0000000000000000000, 0.0000000000000000000, 1.000000000000000000 ) ) ;
#1356 = ORIENTED_EDGE ( 'NONE', *, *, #2702, .F. ) ;
#1357 = LINE ( 'NONE', #5193, #163 ) ;
#1358 = CARTESIAN_POINT ( 'NONE',  ( 0.2000000000000000944, 11.42820323027549989, -15.66987298107780013 ) ) ;
#1359 = DIRECTION ( 'NONE',  ( 0.0000000000000000000, -0.7352146220938089449, -0.6778343894045636420 ) ) ;
#1360 = VECTOR ( 'NONE', #1984, 1000.000000000000000 ) ;
#1361 = CARTESIAN_POINT ( 'NONE',  ( 0.2000000000000000944, -19.31894849647605028, -1.967268858105609919 ) ) ;
#1362 = CARTESIAN_POINT ( 'NONE',  ( -1.950000000000000400, -6.000000000000000888, 17.69999999999996732 ) ) ;
#1363 = CARTESIAN_POINT ( 'NONE',  ( 0.1999999999999849953, 12.16025403784439973, 14.93782217350891983 ) ) ;
#1364 = DIRECTION ( 'NONE',  ( 0.0000000000000000000, -0.7071067811865475727, -0.7071067811865475727 ) ) ;
#1365 = CARTESIAN_POINT ( 'NONE',  ( -17.85000000000000142, -7.889651915657060144, 17.42418140051924880 ) ) ;
#1366 = VECTOR ( 'NONE', #2197, 1000.000000000000000 ) ;
#1367 = VERTEX_POINT ( 'NONE', #661 ) ;
#1368 = CARTESIAN_POINT ( 'NONE',  ( -14.49999999999999822, -1.982871000000000000E-32, 4.224496999999999667E-15 ) ) ;
#1369 = VECTOR ( 'NONE', #321, 1000.000000000000227 ) ;
#1370 = CARTESIAN_POINT ( 'NONE',  ( -1.449999999999999956, -5.500000000000000000, -18.00000000000000000 ) ) ;
#1371 = LINE ( 'NONE', #3454, #3803 ) ;
#1372 = AXIS2_PLACEMENT_3D ( 'NONE', #2518, #91, #5137 ) ;
#1373 = CARTESIAN_POINT ( 'NONE',  ( -18.09999999999999787, 17.31925310616325220, -2.002173670980184728 ) ) ;
#1374 = ADVANCED_FACE ( 'NONE', ( #567 ), #2252, .T. ) ;
#1375 = VECTOR ( 'NONE', #4092, 1000.000000000000000 ) ;
#1376 = CARTESIAN_POINT ( 'NONE',  ( -11.09999999999999787, -9.000000000000000000, -4.649999999999999467 ) ) ;
#1377 = ORIENTED_EDGE ( 'NONE', *, *, #3437, .T. ) ;
#1378 = ORIENTED_EDGE ( 'NONE', *, *, #1351, .T. ) ;
#1379 = VECTOR ( 'NONE', #2685, 1000.000000000000000 ) ;
#1380 = ORIENTED_EDGE ( 'NONE', *, *, #818, .T. ) ;
#1381 = CIRCLE ( 'NONE', #4023, 7.500000000000239808 ) ;
#1382 = EDGE_CURVE ( 'NONE', #1218, #764, #5343, .T. ) ;
#1383 = EDGE_LOOP ( 'NONE', ( #1980, #471, #223, #3948 ) ) ;
#1384 = DIRECTION ( 'NONE',  ( -0.7070529271412429040, 0.7071606311305799197, 0.0000000000000000000 ) ) ;
#1385 = ORIENTED_EDGE ( 'NONE', *, *, #5181, .T. ) ;
#1386 = FACE_OUTER_BOUND ( 'NONE', #2236, .T. ) ;
#1387 = DIRECTION ( 'NONE',  ( 1.000000000000000000, 6.370720971507070463E-32, 6.370720971507070463E-32 ) ) ;
#1388 = ADVANCED_FACE ( 'NONE', ( #3927 ), #3511, .T. ) ;
#1389 = EDGE_CURVE ( 'NONE', #4913, #613, #1289, .T. ) ;
#1390 = DIRECTION ( 'NONE',  ( 0.0000000000000000000, 0.0000000000000000000, -1.000000000000000000 ) ) ;
#1391 = ORIENTED_EDGE ( 'NONE', *, *, #3973, .F. ) ;
#1392 = CARTESIAN_POINT ( 'NONE',  ( -10.95355339059327449, -9.000000000000000000, -3.240792647989767072 ) ) ;
#1393 = FACE_OUTER_BOUND ( 'NONE', #224, .T. ) ;
#1394 = CARTESIAN_POINT ( 'NONE',  ( -15.94999999999999929, 5.500000000000000000, -18.00000000000000000 ) ) ;
#1395 = DIRECTION ( 'NONE',  ( 0.7071067811865469066, -0.7071067811865481278, 0.0000000000000000000 ) ) ;
#1396 = VECTOR ( 'NONE', #3095, 1000.000000000000000 ) ;
#1397 = ORIENTED_EDGE ( 'NONE', *, *, #1533, .T. ) ;
#1398 = LINE ( 'NONE', #5233, #4542 ) ;
#1399 = LINE ( 'NONE', #1370, #3584 ) ;
#1400 = DIRECTION ( 'NONE',  ( -1.000000000000000000, 0.0000000000000000000, 0.0000000000000000000 ) ) ;
#1401 = AXIS2_PLACEMENT_3D ( 'NONE', #2204, #5411, #5024 ) ;
#1402 = DIRECTION ( 'NONE',  ( 0.0000000000000000000, 0.0000000000000000000, -1.000000000000000000 ) ) ;
#1403 = CARTESIAN_POINT ( 'NONE',  ( -17.60000000000000142, -19.28547994506944718, -0.04985683218518899285 ) ) ;
#1404 = AXIS2_PLACEMENT_3D ( 'NONE', #4438, #219, #1495 ) ;
#1405 = DIRECTION ( 'NONE',  ( 0.0000000000000000000, 0.0000000000000000000, -1.000000000000000000 ) ) ;
#1406 = ORIENTED_EDGE ( 'NONE', *, *, #137, .F. ) ;
#1407 = CARTESIAN_POINT ( 'NONE',  ( -1.949999999999999956, -5.500000000000000000, -17.69999999999995310 ) ) ;
#1408 = ORIENTED_EDGE ( 'NONE', *, *, #288, .T. ) ;
#1409 = AXIS2_PLACEMENT_3D ( 'NONE', #2051, #4587, #5317 ) ;
#1410 = VERTEX_POINT ( 'NONE', #5173 ) ;
#1411 = ORIENTED_EDGE ( 'NONE', *, *, #3789, .T. ) ;
#1412 = PLANE ( 'NONE',  #4726 ) ;
#1413 = EDGE_LOOP ( 'NONE', ( #3383, #4714, #663, #4339 ) ) ;
#1414 = DIRECTION ( 'NONE',  ( 0.0000000000000000000, 0.0000000000000000000, -1.000000000000000000 ) ) ;
#1415 = DIRECTION ( 'NONE',  ( 0.0000000000000000000, 0.0000000000000000000, 1.000000000000000000 ) ) ;
#1416 = CARTESIAN_POINT ( 'NONE',  ( -5.700000000000000178, -1.887379000000000174E-14, -2.220445999999999951E-15 ) ) ;
#1417 = EDGE_LOOP ( 'NONE', ( #2320, #3743, #4324, #2928 ) ) ;
#1418 = LINE ( 'NONE', #561, #102 ) ;
#1419 = DIRECTION ( 'NONE',  ( -0.0000000000000000000, 0.0000000000000000000, 1.000000000000000000 ) ) ;
#1420 = DIRECTION ( 'NONE',  ( 0.0000000000000000000, -0.4999999999999998890, 0.8660254037844387076 ) ) ;
#1421 = CARTESIAN_POINT ( 'NONE',  ( -15.94999999999999929, -6.000000000000000000, -18.00000000000000000 ) ) ;
#1422 = EDGE_CURVE ( 'NONE', #4499, #3192, #1398, .T. ) ;
#1423 = ADVANCED_FACE ( 'NONE', ( #3163 ), #4808, .T. ) ;
#1424 = AXIS2_PLACEMENT_3D ( 'NONE', #3631, #4381, #3108 ) ;
#1425 = VERTEX_POINT ( 'NONE', #3100 ) ;
#1426 = DIRECTION ( 'NONE',  ( 0.0000000000000000000, 0.2588190451025210725, 0.9659258262890682012 ) ) ;
#1427 = DIRECTION ( 'NONE',  ( 0.0000000000000000000, 0.0000000000000000000, 1.000000000000000000 ) ) ;
#1428 = DIRECTION ( 'NONE',  ( 0.0000000000000000000, 0.0000000000000000000, 1.000000000000000000 ) ) ;
#1429 = CARTESIAN_POINT ( 'NONE',  ( -16.44999999999999929, 5.500000000000000000, -18.00000000000000000 ) ) ;
#1430 = DIRECTION ( 'NONE',  ( -1.000000000000000000, 0.0000000000000000000, 0.0000000000000000000 ) ) ;
#1431 = EDGE_CURVE ( 'NONE', #2946, #801, #5264, .T. ) ;
#1432 = CARTESIAN_POINT ( 'NONE',  ( -18.09999999999999787, -18.61829121183989955, -2.752173670980175402 ) ) ;
#1433 = ORIENTED_EDGE ( 'NONE', *, *, #3565, .T. ) ;
#1434 = ORIENTED_EDGE ( 'NONE', *, *, #568, .F. ) ;
#1435 = VERTEX_POINT ( 'NONE', #1232 ) ;
#1436 = ORIENTED_EDGE ( 'NONE', *, *, #233, .T. ) ;
#1437 = ORIENTED_EDGE ( 'NONE', *, *, #3664, .T. ) ;
#1438 = AXIS2_PLACEMENT_3D ( 'NONE', #1135, #382, #2814 ) ;
#1439 = ORIENTED_EDGE ( 'NONE', *, *, #1847, .F. ) ;
#1440 = PLANE ( 'NONE',  #3932 ) ;
#1441 = VERTEX_POINT ( 'NONE', #2829 ) ;
#1442 = CARTESIAN_POINT ( 'NONE',  ( 0.1999999999999889921, 19.28460969082654941, 0.0000000000000000000 ) ) ;
#1443 = DIRECTION ( 'NONE',  ( -1.000000000000000000, 0.0000000000000000000, 0.0000000000000000000 ) ) ;
#1444 = ADVANCED_FACE ( 'NONE', ( #4899 ), #4924, .T. ) ;
#1445 = VECTOR ( 'NONE', #4069, 1000.000000000000114 ) ;
#1446 = ADVANCED_FACE ( 'NONE', ( #2852 ), #1617, .T. ) ;
#1447 = LINE ( 'NONE', #3035, #1379 ) ;
#1448 = ORIENTED_EDGE ( 'NONE', *, *, #2807, .T. ) ;
#1449 = CARTESIAN_POINT ( 'NONE',  ( -20.00000000000000000, 19.28460969082654941, -2.831069000000000329E-14 ) ) ;
#1450 = LINE ( 'NONE', #3890, #4046 ) ;
#1451 = PLANE ( 'NONE',  #2340 ) ;
#1452 = CARTESIAN_POINT ( 'NONE',  ( -18.10000000000000142, 7.244635028320929315, 17.44888873986703359 ) ) ;
#1453 = ORIENTED_EDGE ( 'NONE', *, *, #2157, .F. ) ;
#1454 = AXIS2_PLACEMENT_3D ( 'NONE', #4492, #3220, #4880 ) ;
#1455 = CARTESIAN_POINT ( 'NONE',  ( -14.50000000000000000, -6.500000000000000000, 0.0000000000000000000 ) ) ;
#1456 = EDGE_CURVE ( 'NONE', #2032, #1124, #4039, .T. ) ;
#1457 = EDGE_CURVE ( 'NONE', #5444, #2739, #4509, .T. ) ;
#1458 = DIRECTION ( 'NONE',  ( 0.0000000000000000000, 0.7071067811865484609, -0.7071067811865467956 ) ) ;
#1459 = DIRECTION ( 'NONE',  ( 0.0000000000000000000, 0.0000000000000000000, 1.000000000000000000 ) ) ;
#1460 = CIRCLE ( 'NONE', #3298, 1.500000000000001110 ) ;
#1461 = DIRECTION ( 'NONE',  ( 1.000000000000000000, 0.0000000000000000000, 0.0000000000000000000 ) ) ;
#1462 = DIRECTION ( 'NONE',  ( -1.000000000000000000, 0.0000000000000000000, 0.0000000000000000000 ) ) ;
#1463 = AXIS2_PLACEMENT_3D ( 'NONE', #1615, #267, #3237 ) ;
#1464 = DIRECTION ( 'NONE',  ( 1.000000000000000000, 0.0000000000000000000, 0.0000000000000000000 ) ) ;
#1465 = ORIENTED_EDGE ( 'NONE', *, *, #247, .T. ) ;
#1466 = VECTOR ( 'NONE', #3242, 1000.000000000000000 ) ;
#1467 = EDGE_CURVE ( 'NONE', #825, #3144, #372, .T. ) ;
#1468 = EDGE_CURVE ( 'NONE', #2942, #1053, #2865, .T. ) ;
#1469 = ORIENTED_EDGE ( 'NONE', *, *, #2016, .T. ) ;
#1470 = ORIENTED_EDGE ( 'NONE', *, *, #4274, .T. ) ;
#1471 = VECTOR ( 'NONE', #2445, 1000.000000000000000 ) ;
#1472 = ORIENTED_EDGE ( 'NONE', *, *, #1285, .F. ) ;
#1473 = CONICAL_SURFACE ( 'NONE', #4548, 12.00000000000000000, 0.7853981624999990530 ) ;
#1474 = EDGE_LOOP ( 'NONE', ( #3821, #4502, #1202, #4406 ) ) ;
#1475 = ORIENTED_EDGE ( 'NONE', *, *, #901, .T. ) ;
#1476 = VECTOR ( 'NONE', #2327, 1000.000000000000000 ) ;
#1477 = ORIENTED_EDGE ( 'NONE', *, *, #5056, .F. ) ;
#1478 = CARTESIAN_POINT ( 'NONE',  ( -17.60000000000000142, -7.856406460551010440, 17.73205080756889984 ) ) ;
#1479 = CARTESIAN_POINT ( 'NONE',  ( -17.85000000000000142, 17.31925310616325220, 2.002173670980144760 ) ) ;
#1480 = CIRCLE ( 'NONE', #1300, 0.5000000000000000000 ) ;
#1481 = CARTESIAN_POINT ( 'NONE',  ( -17.70026072704961351, -19.18462622212186020, -0.01675908205158496006 ) ) ;
#1482 = VERTEX_POINT ( 'NONE', #1595 ) ;
#1483 = CARTESIAN_POINT ( 'NONE',  ( -14.50000000000000000, -14.00000000000000000, 0.0000000000000000000 ) ) ;
#1484 = VECTOR ( 'NONE', #3515, 1000.000000000000114 ) ;
#1485 = DIRECTION ( 'NONE',  ( -1.000000000000000000, 0.0000000000000000000, 0.0000000000000000000 ) ) ;
#1486 = CYLINDRICAL_SURFACE ( 'NONE', #136, 0.5000000000000003331 ) ;
#1487 = FACE_OUTER_BOUND ( 'NONE', #3662, .T. ) ;
#1488 = ORIENTED_EDGE ( 'NONE', *, *, #5117, .T. ) ;
#1489 = CARTESIAN_POINT ( 'NONE',  ( -17.84999999999999787, 19.01351147682494158, -2.440338678075458567 ) ) ;
#1490 = EDGE_CURVE ( 'NONE', #1965, #1342, #4144, .T. ) ;
#1491 = ORIENTED_EDGE ( 'NONE', *, *, #2465, .F. ) ;
#1492 = LINE ( 'NONE', #4511, #4267 ) ;
#1493 = DIRECTION ( 'NONE',  ( -1.000000000000000000, 0.0000000000000000000, 0.0000000000000000000 ) ) ;
#1494 = CARTESIAN_POINT ( 'NONE',  ( -13.19999999999999929, -14.00000000000000000, 1.597575999999999949E-15 ) ) ;
#1495 = DIRECTION ( 'NONE',  ( -0.7071067811865487940, 0.0000000000000000000, -0.7071067811865462405 ) ) ;
#1496 = VECTOR ( 'NONE', #1036, 1000.000000000000000 ) ;
#1497 = CARTESIAN_POINT ( 'NONE',  ( 0.1999999999999869937, 17.31925310616325220, 2.002173670980144760 ) ) ;
#1498 = ORIENTED_EDGE ( 'NONE', *, *, #3324, .T. ) ;
#1499 = VECTOR ( 'NONE', #3442, 1000.000000000000000 ) ;
#1500 = VERTEX_POINT ( 'NONE', #3725 ) ;
#1501 = AXIS2_PLACEMENT_3D ( 'NONE', #3323, #4934, #1625 ) ;
#1502 = EDGE_CURVE ( 'NONE', #3256, #3881, #1718, .T. ) ;
#1503 = AXIS2_PLACEMENT_3D ( 'NONE', #1749, #894, #2189 ) ;
#1504 = ORIENTED_EDGE ( 'NONE', *, *, #468, .F. ) ;
#1505 = ORIENTED_EDGE ( 'NONE', *, *, #4527, .F. ) ;
#1506 = VERTEX_POINT ( 'NONE', #1176 ) ;
#1507 = CIRCLE ( 'NONE', #2733, 1.999999999999998890 ) ;
#1508 = VERTEX_POINT ( 'NONE', #4566 ) ;
#1509 = CARTESIAN_POINT ( 'NONE',  ( -17.85000000000000142, -11.66564009735195917, 15.17525904058537733 ) ) ;
#1510 = EDGE_CURVE ( 'NONE', #4224, #5079, #5418, .T. ) ;
#1511 = DIRECTION ( 'NONE',  ( -1.000000000000000000, 0.0000000000000000000, 0.0000000000000000000 ) ) ;
#1512 = ORIENTED_EDGE ( 'NONE', *, *, #649, .T. ) ;
#1513 = DIRECTION ( 'NONE',  ( 0.0000000000000000000, -0.2588190451025210725, -0.9659258262890682012 ) ) ;
#1514 = CARTESIAN_POINT ( 'NONE',  ( 2.200000000000000178, 0.0000000000000000000, 0.0000000000000000000 ) ) ;
#1515 = DIRECTION ( 'NONE',  ( 0.7071067818211400624, 0.4999999995512757200, -0.4999999995512749984 ) ) ;
#1516 = ORIENTED_EDGE ( 'NONE', *, *, #2128, .T. ) ;
#1517 = DIRECTION ( 'NONE',  ( 1.000000000000000000, 0.0000000000000000000, 0.0000000000000000000 ) ) ;
#1518 = ORIENTED_EDGE ( 'NONE', *, *, #3565, .F. ) ;
#1519 = CARTESIAN_POINT ( 'NONE',  ( -17.60000000000000142, -11.42820323027551943, -15.66987298107780013 ) ) ;
#1520 = DIRECTION ( 'NONE',  ( -1.000000000000000000, 0.0000000000000000000, 0.0000000000000000000 ) ) ;
#1521 = DIRECTION ( 'NONE',  ( 1.000000000000000000, 0.0000000000000000000, 0.0000000000000000000 ) ) ;
#1522 = DIRECTION ( 'NONE',  ( 1.000000000000000000, 0.0000000000000000000, 0.0000000000000000000 ) ) ;
#1523 = AXIS2_PLACEMENT_3D ( 'NONE', #596, #2217, #3866 ) ;
#1524 = EDGE_CURVE ( 'NONE', #3129, #1269, #4896, .T. ) ;
#1525 = CARTESIAN_POINT ( 'NONE',  ( -10.73251543078774084, -7.637335040505001338, 3.094346038590093162 ) ) ;
#1526 = VECTOR ( 'NONE', #2670, 1000.000000000000000 ) ;
#1527 = ORIENTED_EDGE ( 'NONE', *, *, #2203, .F. ) ;
#1528 = EDGE_CURVE ( 'NONE', #295, #3614, #1125, .T. ) ;
#1529 = ORIENTED_EDGE ( 'NONE', *, *, #2709, .T. ) ;
#1530 = VERTEX_POINT ( 'NONE', #4090 ) ;
#1531 = ORIENTED_EDGE ( 'NONE', *, *, #951, .T. ) ;
#1532 = EDGE_CURVE ( 'NONE', #1711, #4552, #325, .T. ) ;
#1533 = EDGE_CURVE ( 'NONE', #3229, #5287, #2004, .T. ) ;
#1534 = ORIENTED_EDGE ( 'NONE', *, *, #1570, .F. ) ;
#1535 = CARTESIAN_POINT ( 'NONE',  ( -17.60000000000000142, 10.42820323027549989, 13.93782217350891983 ) ) ;
#1536 = EDGE_CURVE ( 'NONE', #1836, #5344, #5187, .T. ) ;
#1537 = DIRECTION ( 'NONE',  ( -0.7070529271412429040, -0.7071606311305799197, 0.0000000000000000000 ) ) ;
#1538 = FACE_OUTER_BOUND ( 'NONE', #1609, .T. ) ;
#1539 = CARTESIAN_POINT ( 'NONE',  ( 0.0000000000000000000, -21.33810720160605001, 0.0000000000000000000 ) ) ;
#1540 =( NAMED_UNIT ( * ) SI_UNIT ( $, .STERADIAN. ) SOLID_ANGLE_UNIT ( ) );
#1541 = CIRCLE ( 'NONE', #1977, 6.500000000000000000 ) ;
#1542 = EDGE_LOOP ( 'NONE', ( #1140, #3587, #2402, #1356 ) ) ;
#1543 = DIRECTION ( 'NONE',  ( 0.0000000000000000000, -1.000000000000000000, 0.0000000000000000000 ) ) ;
#1544 = AXIS2_PLACEMENT_3D ( 'NONE', #2285, #1428, #1011 ) ;
#1545 = EDGE_LOOP ( 'NONE', ( #3386, #132, #4851, #4911 ) ) ;
#1546 = CARTESIAN_POINT ( 'NONE',  ( 0.2000000000000000944, 19.05130391373210230, -3.002173670980185172 ) ) ;
#1547 = CARTESIAN_POINT ( 'NONE',  ( -18.09999999999999787, 7.606406460551010440, -17.29903810567665090 ) ) ;
#1548 = CARTESIAN_POINT ( 'NONE',  ( 0.2000000000000000944, 7.856406460551010440, -17.73205080756889984 ) ) ;
#1549 = CARTESIAN_POINT ( 'NONE',  ( 11.25499999999999901, 0.0000000000000000000, 0.0000000000000000000 ) ) ;
#1550 = CYLINDRICAL_SURFACE ( 'NONE', #2540, 0.5000000000000004441 ) ;
#1551 = FACE_OUTER_BOUND ( 'NONE', #4918, .T. ) ;
#1552 = CARTESIAN_POINT ( 'NONE',  ( 2.199999999999988187, -6.856406460551029092, -16.00000000000000000 ) ) ;
#1553 = AXIS2_PLACEMENT_3D ( 'NONE', #5010, #5115, #1238 ) ;
#1554 = VERTEX_POINT ( 'NONE', #3316 ) ;
#1555 = ORIENTED_EDGE ( 'NONE', *, *, #1630, .T. ) ;
#1556 = EDGE_CURVE ( 'NONE', #2382, #3142, #2346, .T. ) ;
#1557 = ORIENTED_EDGE ( 'NONE', *, *, #2999, .F. ) ;
#1558 = CIRCLE ( 'NONE', #1463, 2.000000000000001332 ) ;
#1559 = ORIENTED_EDGE ( 'NONE', *, *, #5092, .F. ) ;
#1560 = CARTESIAN_POINT ( 'NONE',  ( -16.30355339059327591, 5.853553390593273065, 18.00000000000000000 ) ) ;
#1561 = CIRCLE ( 'NONE', #2948, 1.500000000000000666 ) ;
#1562 = EDGE_CURVE ( 'NONE', #555, #2209, #3650, .T. ) ;
#1563 = AXIS2_PLACEMENT_3D ( 'NONE', #5420, #4250, #4617 ) ;
#1564 = CARTESIAN_POINT ( 'NONE',  ( -11.09999999999999964, -9.000000000000000000, 3.594346038583060121 ) ) ;
#1565 = ORIENTED_EDGE ( 'NONE', *, *, #2156, .F. ) ;
#1566 = DIRECTION ( 'NONE',  ( 0.0000000000000000000, -0.01745240643728000404, 0.9998476951563912696 ) ) ;
#1567 = LINE ( 'NONE', #4452, #2155 ) ;
#1568 = VECTOR ( 'NONE', #2238, 1000.000000000000000 ) ;
#1569 = EDGE_CURVE ( 'NONE', #1740, #2616, #3739, .T. ) ;
#1570 = EDGE_CURVE ( 'NONE', #595, #3914, #1561, .T. ) ;
#1571 = ORIENTED_EDGE ( 'NONE', *, *, #1823, .T. ) ;
#1572 = CARTESIAN_POINT ( 'NONE',  ( -20.00000000000000000, -20.78460969082649967, 3.608224999999999975E-15 ) ) ;
#1573 = ORIENTED_EDGE ( 'NONE', *, *, #5238, .F. ) ;
#1574 = VECTOR ( 'NONE', #2714, 1000.000000000000000 ) ;
#1575 = CARTESIAN_POINT ( 'NONE',  ( -11.09999999999999964, -9.000000000000000000, 3.594346038583060121 ) ) ;
#1576 = CARTESIAN_POINT ( 'NONE',  ( -18.10000000000000142, 6.856406460551009552, 16.00000000000000000 ) ) ;
#1577 = CARTESIAN_POINT ( 'NONE',  ( 2.199999999999988187, -19.28460969082654941, 0.0000000000000000000 ) ) ;
#1578 = LINE ( 'NONE', #2369, #1360 ) ;
#1579 = DIRECTION ( 'NONE',  ( 1.000000000000000000, 0.0000000000000000000, 0.0000000000000000000 ) ) ;
#1580 = DIRECTION ( 'NONE',  ( 0.0000000000000000000, -0.7071067811865474617, -0.7071067811865474617 ) ) ;
#1581 = CARTESIAN_POINT ( 'NONE',  ( 2.200000000000000178, -1.887379000000000174E-14, 0.0000000000000000000 ) ) ;
#1582 = VECTOR ( 'NONE', #1969, 1000.000000000000000 ) ;
#1583 = EDGE_LOOP ( 'NONE', ( #2513, #2715, #3554, #284 ) ) ;
#1584 = EDGE_LOOP ( 'NONE', ( #1137, #310, #3023, #3285 ) ) ;
#1585 = EDGE_LOOP ( 'NONE', ( #3807, #4601, #1220, #1910, #1177, #2900 ) ) ;
#1586 = VERTEX_POINT ( 'NONE', #63 ) ;
#1587 = PLANE ( 'NONE',  #4916 ) ;
#1588 = AXIS2_PLACEMENT_3D ( 'NONE', #4959, #5380, #1676 ) ;
#1589 = AXIS2_PLACEMENT_3D ( 'NONE', #3682, #2058, #3730 ) ;
#1590 = DIRECTION ( 'NONE',  ( -1.000000000000000000, 0.0000000000000000000, 0.0000000000000000000 ) ) ;
#1591 = EDGE_LOOP ( 'NONE', ( #827, #3317, #4065, #2261 ) ) ;
#1592 = CARTESIAN_POINT ( 'NONE',  ( -1.596446609406726447, -5.853553390593273953, -18.00000000000000000 ) ) ;
#1593 = LINE ( 'NONE', #3263, #1284 ) ;
#1594 = COORDINATED_UNIVERSAL_TIME_OFFSET ( 5, 0, .BEHIND. ) ;
#1595 = CARTESIAN_POINT ( 'NONE',  ( 16.19999999999999929, -12.50000000000000000, 0.0000000000000000000 ) ) ;
#1596 = ORIENTED_EDGE ( 'NONE', *, *, #4527, .T. ) ;
#1597 = DIRECTION ( 'NONE',  ( -1.000000000000000000, 0.0000000000000000000, 0.0000000000000000000 ) ) ;
#1598 = CYLINDRICAL_SURFACE ( 'NONE', #385, 0.4999999999999994449 ) ;
#1599 = FACE_OUTER_BOUND ( 'NONE', #3524, .T. ) ;
#1600 = ADVANCED_FACE ( 'NONE', ( #834 ), #5109, .T. ) ;
#1601 = DIRECTION ( 'NONE',  ( 0.0000000000000000000, 0.0000000000000000000, -1.000000000000000000 ) ) ;
#1602 = EDGE_CURVE ( 'NONE', #5044, #2444, #3823, .T. ) ;
#1603 = PLANE ( 'NONE',  #3602 ) ;
#1604 = CARTESIAN_POINT ( 'NONE',  ( -15.94999999999999929, 5.500000000000000000, 18.00000000000000000 ) ) ;
#1605 = DIRECTION ( 'NONE',  ( -1.000000000000000000, 0.0000000000000000000, 0.0000000000000000000 ) ) ;
#1606 = EDGE_CURVE ( 'NONE', #3495, #2739, #2255, .T. ) ;
#1607 = ORIENTED_EDGE ( 'NONE', *, *, #2672, .F. ) ;
#1608 = AXIS2_PLACEMENT_3D ( 'NONE', #4795, #2759, #4440 ) ;
#1609 = EDGE_LOOP ( 'NONE', ( #4484, #4712, #3028, #534 ) ) ;
#1610 = ORIENTED_EDGE ( 'NONE', *, *, #4152, .T. ) ;
#1611 = DIRECTION ( 'NONE',  ( 0.0000000000000000000, 0.4999999999999998890, -0.8660254037844387076 ) ) ;
#1612 = DIRECTION ( 'NONE',  ( 0.0000000000000000000, 1.000000000000000000, 0.0000000000000000000 ) ) ;
#1613 = ADVANCED_FACE ( 'NONE', ( #3805 ), #4195, .T. ) ;
#1614 = DIRECTION ( 'NONE',  ( 0.0000000000000000000, 1.000000000000000000, 0.0000000000000000000 ) ) ;
#1615 = CARTESIAN_POINT ( 'NONE',  ( 0.1999999999999869937, 10.42820323027549989, 13.93782217350891983 ) ) ;
#1616 = EDGE_CURVE ( 'NONE', #4333, #2843, #4223, .T. ) ;
#1617 = PLANE ( 'NONE',  #1907 ) ;
#1618 = ORIENTED_EDGE ( 'NONE', *, *, #3460, .F. ) ;
#1619 = ADVANCED_FACE ( 'NONE', ( #450 ), #2980, .T. ) ;
#1620 = DIRECTION ( 'NONE',  ( -1.000000000000000000, 0.0000000000000000000, 0.0000000000000000000 ) ) ;
#1621 = CIRCLE ( 'NONE', #1438, 9.000000000000000000 ) ;
#1622 = CARTESIAN_POINT ( 'NONE',  ( 2.199999999999984635, -12.62500000000000000, 5.074530999999999864E-15 ) ) ;
#1623 = DIRECTION ( 'NONE',  ( -1.000000000000000000, 0.0000000000000000000, 0.0000000000000000000 ) ) ;
#1624 = DIRECTION ( 'NONE',  ( 0.7071067811865473507, -0.7071067811865477948, 0.0000000000000000000 ) ) ;
#1625 = DIRECTION ( 'NONE',  ( 0.0000000000000000000, 0.7071067811865480168, -0.7071067811865470176 ) ) ;
#1626 = EDGE_CURVE ( 'NONE', #2915, #3613, #3364, .T. ) ;
#1627 = CARTESIAN_POINT ( 'NONE',  ( -20.00000000000000000, 17.31925310616325220, 2.002173670980144760 ) ) ;
#1628 = EDGE_CURVE ( 'NONE', #3155, #3164, #2943, .T. ) ;
#1629 = LINE ( 'NONE', #3200, #4518 ) ;
#1630 = EDGE_CURVE ( 'NONE', #2095, #3109, #299, .T. ) ;
#1631 = EDGE_CURVE ( 'NONE', #3976, #3129, #927, .T. ) ;
#1632 = ORIENTED_EDGE ( 'NONE', *, *, #3908, .F. ) ;
#1633 = ORIENTED_EDGE ( 'NONE', *, *, #305, .F. ) ;
#1634 = ORIENTED_EDGE ( 'NONE', *, *, #2366, .F. ) ;
#1635 = CARTESIAN_POINT ( 'NONE',  ( -10.09999999999999964, -9.500000000000000000, 3.094346038583060121 ) ) ;
#1636 = AXIS2_PLACEMENT_3D ( 'NONE', #4673, #3349, #508 ) ;
#1637 = CIRCLE ( 'NONE', #3469, 1.999999999999999334 ) ;
#1638 = AXIS2_PLACEMENT_3D ( 'NONE', #4980, #1643, #686 ) ;
#1639 = DIRECTION ( 'NONE',  ( 0.0000000000000000000, -0.4999999999999998890, 0.8660254037844387076 ) ) ;
#1640 = LINE ( 'NONE', #2798, #5180 ) ;
#1641 = CARTESIAN_POINT ( 'NONE',  ( -18.09999999999999787, -18.78453352680459787, 4.884980999999999771E-15 ) ) ;
#1642 = PERSON_AND_ORGANIZATION ( #3078, #4218 ) ;
#1643 = DIRECTION ( 'NONE',  ( 1.000000000000000000, 0.0000000000000000000, 0.0000000000000000000 ) ) ;
#1644 = ORIENTED_EDGE ( 'NONE', *, *, #4423, .F. ) ;
#1645 = FACE_OUTER_BOUND ( 'NONE', #3854, .T. ) ;
#1646 = CARTESIAN_POINT ( 'NONE',  ( 0.2000000000000000944, -19.97227995895820030, -1.052631578947363922 ) ) ;
#1647 = VECTOR ( 'NONE', #4190, 1000.000000000000000 ) ;
#1648 = DIRECTION ( 'NONE',  ( 0.0000000000000000000, 0.9681476403781076323, -0.2503800040544421623 ) ) ;
#1649 = CARTESIAN_POINT ( 'NONE',  ( 2.200000000000000178, -19.54191084772651266, 0.4832484158931547036 ) ) ;
#1650 = FACE_OUTER_BOUND ( 'NONE', #2263, .T. ) ;
#1651 = AXIS2_PLACEMENT_3D ( 'NONE', #3525, #4716, #5219 ) ;
#1652 = LINE ( 'NONE', #2886, #4868 ) ;
#1653 = CARTESIAN_POINT ( 'NONE',  ( -18.10000000000000142, 0.0000000000000000000, 0.0000000000000000000 ) ) ;
#1654 = VERTEX_POINT ( 'NONE', #398 ) ;
#1655 = ORIENTED_EDGE ( 'NONE', *, *, #972, .F. ) ;
#1656 = VERTEX_POINT ( 'NONE', #2134 ) ;
#1657 = PLANE ( 'NONE',  #1936 ) ;
#1658 = EDGE_CURVE ( 'NONE', #50, #5409, #4360, .T. ) ;
#1659 = EDGE_CURVE ( 'NONE', #23, #3280, #1114, .T. ) ;
#1660 = CIRCLE ( 'NONE', #4850, 1.500000000000001998 ) ;
#1661 = VERTEX_POINT ( 'NONE', #811 ) ;
#1662 = TOROIDAL_SURFACE ( 'NONE', #1744, 0.5000000000000000000, 0.5000000000000000000 ) ;
#1663 = CARTESIAN_POINT ( 'NONE',  ( 0.2000000000000000944, 11.84241679264859748, -15.35203573588203163 ) ) ;
#1664 = ORIENTED_EDGE ( 'NONE', *, *, #3227, .T. ) ;
#1665 = DIRECTION ( 'NONE',  ( 1.000000000000000000, 7.795032097003239588E-31, 2.015932025086744976E-31 ) ) ;
#1666 = CARTESIAN_POINT ( 'NONE',  ( -18.10000000000000142, 18.61829121183989955, 2.752173670980144760 ) ) ;
#1667 = EDGE_CURVE ( 'NONE', #4134, #4445, #4248, .T. ) ;
#1668 = AXIS2_PLACEMENT_3D ( 'NONE', #3576, #4047, #606 ) ;
#1669 = VECTOR ( 'NONE', #1207, 1000.000000000000000 ) ;
#1670 = CARTESIAN_POINT ( 'NONE',  ( -14.49999999999999822, -1.982872153524389804E-32, -8.569990930166108356 ) ) ;
#1671 = ORIENTED_EDGE ( 'NONE', *, *, #4455, .T. ) ;
#1672 = FACE_OUTER_BOUND ( 'NONE', #1583, .T. ) ;
#1673 = FACE_OUTER_BOUND ( 'NONE', #3279, .T. ) ;
#1674 = PLANE ( 'NONE',  #4129 ) ;
#1675 = DIRECTION ( 'NONE',  ( 0.0000000000000000000, -0.9681476403781076323, 0.2503800040544421623 ) ) ;
#1676 = DIRECTION ( 'NONE',  ( 0.7071067811865473507, 0.7071067811865477948, 0.0000000000000000000 ) ) ;
#1677 = DIRECTION ( 'NONE',  ( 1.000000000000000000, 0.0000000000000000000, 0.0000000000000000000 ) ) ;
#1678 = CARTESIAN_POINT ( 'NONE',  ( 2.200000000000000178, 20.00000000000000000, 0.0000000000000000000 ) ) ;
#1679 = EDGE_CURVE ( 'NONE', #4442, #3021, #3835, .T. ) ;
#1680 = EDGE_LOOP ( 'NONE', ( #2428, #1861, #1019, #175 ) ) ;
#1681 = EDGE_CURVE ( 'NONE', #3599, #2430, #5069, .T. ) ;
#1682 = VERTEX_POINT ( 'NONE', #4167 ) ;
#1683 = VERTEX_POINT ( 'NONE', #1670 ) ;
#1684 = AXIS2_PLACEMENT_3D ( 'NONE', #3275, #4075, #3297 ) ;
#1685 = EDGE_LOOP ( 'NONE', ( #4372, #421, #1465, #341, #3464, #4212, #1516, #1448, #5218, #4236, #4886, #4884 ) ) ;
#1686 = ADVANCED_FACE ( 'NONE', ( #3344 ), #582, .T. ) ;
#1687 = ADVANCED_FACE ( 'NONE', ( #944 ), #3033, .T. ) ;
#1688 = AXIS2_PLACEMENT_3D ( 'NONE', #1479, #4394, #2652 ) ;
#1689 = DIRECTION ( 'NONE',  ( 1.000000000000000000, 0.0000000000000000000, 0.0000000000000000000 ) ) ;
#1690 = ORIENTED_EDGE ( 'NONE', *, *, #3171, .T. ) ;
#1691 = DIRECTION ( 'NONE',  ( -9.813079416882858589E-17, -9.813079416882858589E-17, -1.000000000000000000 ) ) ;
#1692 = DIRECTION ( 'NONE',  ( -1.000000000000000000, 0.0000000000000000000, 0.0000000000000000000 ) ) ;
#1693 = CARTESIAN_POINT ( 'NONE',  ( 5.310000000000000497, 0.0000000000000000000, 0.0000000000000000000 ) ) ;
#1694 = EDGE_CURVE ( 'NONE', #4838, #135, #3903, .T. ) ;
#1695 = ORIENTED_EDGE ( 'NONE', *, *, #4797, .T. ) ;
#1696 = DIRECTION ( 'NONE',  ( 0.0000000000000000000, -0.2588190451025211836, 0.9659258262890682012 ) ) ;
#1697 = DIRECTION ( 'NONE',  ( 0.0000000000000000000, 0.0000000000000000000, -1.000000000000000000 ) ) ;
#1698 = PLANE ( 'NONE',  #5285 ) ;
#1699 = DIRECTION ( 'NONE',  ( 1.000000000000000000, 0.0000000000000000000, 0.0000000000000000000 ) ) ;
#1700 = CARTESIAN_POINT ( 'NONE',  ( -17.60000000000000142, 6.856406460551009552, 16.00000000000000000 ) ) ;
#1701 = DIRECTION ( 'NONE',  ( 1.000000000000000000, 0.0000000000000000000, 0.0000000000000000000 ) ) ;
#1702 = CIRCLE ( 'NONE', #4784, 0.5000000000000000000 ) ;
#1703 = DIRECTION ( 'NONE',  ( 0.0000000000000000000, 0.0000000000000000000, 1.000000000000000000 ) ) ;
#1704 = AXIS2_PLACEMENT_3D ( 'NONE', #3542, #1078, #5235 ) ;
#1705 = CARTESIAN_POINT ( 'NONE',  ( -1.449999999999999956, -5.500000000000000000, 18.00000000000000000 ) ) ;
#1706 = VERTEX_POINT ( 'NONE', #1732 ) ;
#1707 = VECTOR ( 'NONE', #4226, 1000.000000000000000 ) ;
#1708 = ORIENTED_EDGE ( 'NONE', *, *, #3872, .F. ) ;
#1709 = ORIENTED_EDGE ( 'NONE', *, *, #1717, .T. ) ;
#1710 = AXIS2_PLACEMENT_3D ( 'NONE', #331, #3731, #1624 ) ;
#1711 = VERTEX_POINT ( 'NONE', #1705 ) ;
#1712 = EDGE_LOOP ( 'NONE', ( #1954, #2207, #227, #1024 ) ) ;
#1713 = LINE ( 'NONE', #3284, #329 ) ;
#1714 = ORIENTED_EDGE ( 'NONE', *, *, #3208, .T. ) ;
#1715 = LINE ( 'NONE', #3831, #1742 ) ;
#1716 = DIRECTION ( 'NONE',  ( 0.0000000000000000000, -0.2588190451025211836, -0.9659258262890682012 ) ) ;
#1717 = EDGE_CURVE ( 'NONE', #4471, #5440, #104, .T. ) ;
#1718 = CIRCLE ( 'NONE', #3032, 9.000000000000000000 ) ;
#1719 = CARTESIAN_POINT ( 'NONE',  ( -10.09999999999999964, -9.000000000000000000, -4.649999999999999467 ) ) ;
#1720 = EDGE_LOOP ( 'NONE', ( #552, #5188, #2292, #4061 ) ) ;
#1721 = FACE_OUTER_BOUND ( 'NONE', #384, .T. ) ;
#1722 = DIRECTION ( 'NONE',  ( 0.0000000000000000000, -0.7254762501100113781, 0.6882472016116857327 ) ) ;
#1723 = CARTESIAN_POINT ( 'NONE',  ( -14.50000000000000000, 6.500000000000000000, 0.0000000000000000000 ) ) ;
#1724 = AXIS2_PLACEMENT_3D ( 'NONE', #1539, #2410, #4115 ) ;
#1725 = LINE ( 'NONE', #1315, #1277 ) ;
#1726 = DIRECTION ( 'NONE',  ( -9.813079416882858589E-17, -9.813079416882858589E-17, -1.000000000000000000 ) ) ;
#1727 = AXIS2_PLACEMENT_3D ( 'NONE', #427, #5007, #2111 ) ;
#1728 = ADVANCED_FACE ( 'NONE', ( #3849 ), #3433, .F. ) ;
#1729 = EDGE_CURVE ( 'NONE', #1146, #3307, #2994, .T. ) ;
#1730 = CARTESIAN_POINT ( 'NONE',  ( -17.60000000000000142, -17.31925310616325220, 2.002173670980184728 ) ) ;
#1731 = CARTESIAN_POINT ( 'NONE',  ( -13.70000000000000107, -7.115300415302229453, -4.649999999999999467 ) ) ;
#1732 = CARTESIAN_POINT ( 'NONE',  ( -17.60000000000000142, 6.856406460551009552, 18.00000000000000000 ) ) ;
#1733 = ORIENTED_EDGE ( 'NONE', *, *, #3833, .F. ) ;
#1734 = VERTEX_POINT ( 'NONE', #2556 ) ;
#1735 = VECTOR ( 'NONE', #4540, 1000.000000000000000 ) ;
#1736 = ORIENTED_EDGE ( 'NONE', *, *, #4554, .F. ) ;
#1737 = ORIENTED_EDGE ( 'NONE', *, *, #60, .T. ) ;
#1738 = ORIENTED_EDGE ( 'NONE', *, *, #1253, .T. ) ;
#1739 = CARTESIAN_POINT ( 'NONE',  ( -18.10000000000000142, -11.17820323027549989, 15.23686027918559915 ) ) ;
#1740 = VERTEX_POINT ( 'NONE', #2119 ) ;
#1741 = LINE ( 'NONE', #5053, #523 ) ;
#1742 = VECTOR ( 'NONE', #448, 1000.000000000000000 ) ;
#1743 = LINE ( 'NONE', #1666, #3222 ) ;
#1744 = AXIS2_PLACEMENT_3D ( 'NONE', #1813, #4320, #4704 ) ;
#1745 = CARTESIAN_POINT ( 'NONE',  ( -11.09999999982528962, -7.512240612390286287, 3.467122360627083122 ) ) ;
#1746 = ORIENTED_EDGE ( 'NONE', *, *, #5236, .T. ) ;
#1747 = LINE ( 'NONE', #3887, #2609 ) ;
#1748 = CARTESIAN_POINT ( 'NONE',  ( -10.09999999999999964, -10.00000000000000000, -4.649999999999999467 ) ) ;
#1749 = CARTESIAN_POINT ( 'NONE',  ( 2.200000000000000178, -1.887379000000000174E-14, 0.0000000000000000000 ) ) ;
#1750 = DIRECTION ( 'NONE',  ( 1.000000000000000000, 0.0000000000000000000, 0.0000000000000000000 ) ) ;
#1751 = CARTESIAN_POINT ( 'NONE',  ( -18.10000000000000142, 18.81902464889785165, 1.975995061324219870 ) ) ;
#1752 = VECTOR ( 'NONE', #636, 1000.000000000000000 ) ;
#1753 = VERTEX_POINT ( 'NONE', #4234 ) ;
#1754 = FACE_OUTER_BOUND ( 'NONE', #51, .T. ) ;
#1755 = EDGE_CURVE ( 'NONE', #1273, #3864, #3480, .T. ) ;
#1756 = VECTOR ( 'NONE', #3313, 1000.000000000000000 ) ;
#1757 = EDGE_CURVE ( 'NONE', #2430, #1435, #2259, .T. ) ;
#1758 = CARTESIAN_POINT ( 'NONE',  ( -10.59999999999999964, -9.250000000000000000, -3.594346038583040137 ) ) ;
#1759 = CARTESIAN_POINT ( 'NONE',  ( -14.49999999999999822, -14.00000000000000000, 5.013199000000000468E-15 ) ) ;
#1760 = LINE ( 'NONE', #3457, #3746 ) ;
#1761 = ORIENTED_EDGE ( 'NONE', *, *, #693, .T. ) ;
#1762 = EDGE_CURVE ( 'NONE', #3614, #822, #5097, .T. ) ;
#1763 = ORIENTED_EDGE ( 'NONE', *, *, #1067, .T. ) ;
#1764 = ORIENTED_EDGE ( 'NONE', *, *, #658, .T. ) ;
#1765 = ORIENTED_EDGE ( 'NONE', *, *, #3396, .F. ) ;
#1766 = LINE ( 'NONE', #4745, #771 ) ;
#1767 = VERTEX_POINT ( 'NONE', #4680 ) ;
#1768 = LINE ( 'NONE', #3498, #1499 ) ;
#1769 = LINE ( 'NONE', #3058, #1911 ) ;
#1770 = DIRECTION ( 'NONE',  ( -1.000000000000000000, 0.0000000000000000000, 0.0000000000000000000 ) ) ;
#1771 = EDGE_CURVE ( 'NONE', #802, #3148, #1760, .T. ) ;
#1772 = DIRECTION ( 'NONE',  ( 0.0000000000000000000, 0.0000000000000000000, -1.000000000000000000 ) ) ;
#1773 = DIRECTION ( 'NONE',  ( 0.0000000000000000000, 1.000000000000000000, 0.0000000000000000000 ) ) ;
#1774 = CARTESIAN_POINT ( 'NONE',  ( -17.84999999999999787, 7.309339789480419292, -17.69037019600586902 ) ) ;
#1775 = DIRECTION ( 'NONE',  ( 0.0000000000000000000, 0.0000000000000000000, 1.000000000000000000 ) ) ;
#1776 = DIRECTION ( 'NONE',  ( -0.9961946980917472105, 0.08715574274763800144, 1.636498000000000025E-33 ) ) ;
#1777 = ADVANCED_FACE ( 'NONE', ( #81 ), #5149, .T. ) ;
#1778 = ORIENTED_EDGE ( 'NONE', *, *, #2294, .F. ) ;
#1779 = DIRECTION ( 'NONE',  ( -1.000000000000000000, 0.0000000000000000000, 0.0000000000000000000 ) ) ;
#1780 = EDGE_CURVE ( 'NONE', #2349, #5250, #849, .T. ) ;
#1781 = CARTESIAN_POINT ( 'NONE',  ( 17.19999999999999929, 11.50000000000000000, 6.150641999999999730E-15 ) ) ;
#1782 = DIRECTION ( 'NONE',  ( 0.0000000000000000000, 0.9681476403781078544, 0.2503800040544409411 ) ) ;
#1783 = DIRECTION ( 'NONE',  ( 1.000000000000000000, 0.0000000000000000000, 0.0000000000000000000 ) ) ;
#1784 = ADVANCED_FACE ( 'NONE', ( #2614 ), #519, .T. ) ;
#1785 = VECTOR ( 'NONE', #1185, 1000.000000000000114 ) ;
#1786 = CARTESIAN_POINT ( 'NONE',  ( -1.949999999999999956, 5.500000000000000000, 18.00000000000000000 ) ) ;
#1787 = VERTEX_POINT ( 'NONE', #131 ) ;
#1788 = AXIS2_PLACEMENT_3D ( 'NONE', #4703, #5453, #2501 ) ;
#1789 = ORIENTED_EDGE ( 'NONE', *, *, #2401, .F. ) ;
#1790 = ADVANCED_FACE ( 'NONE', ( #2205 ), #3877, .F. ) ;
#1791 = EDGE_CURVE ( 'NONE', #4942, #4224, #2870, .T. ) ;
#1792 = CIRCLE ( 'NONE', #823, 1.500000000000001110 ) ;
#1793 = ORIENTED_EDGE ( 'NONE', *, *, #4216, .T. ) ;
#1794 = EDGE_LOOP ( 'NONE', ( #5156, #1020, #853, #2558 ) ) ;
#1795 = CARTESIAN_POINT ( 'NONE',  ( 0.2000000000000000944, -12.16025403784439973, -14.93782217350891983 ) ) ;
#1796 = VERTEX_POINT ( 'NONE', #4210 ) ;
#1797 = PLANE ( 'NONE',  #3591 ) ;
#1798 = LINE ( 'NONE', #4774, #2979 ) ;
#1799 = DIRECTION ( 'NONE',  ( 0.0000000000000000000, 1.000000000000000000, 0.0000000000000000000 ) ) ;
#1800 = ORIENTED_EDGE ( 'NONE', *, *, #1468, .F. ) ;
#1801 = PLANE ( 'NONE',  #4765 ) ;
#1802 = DIRECTION ( 'NONE',  ( -1.586033000000000010E-16, 1.000000000000000000, -1.586033000000000010E-16 ) ) ;
#1803 = DIRECTION ( 'NONE',  ( 0.0000000000000000000, 0.7846018098373321870, 0.6199999999999862288 ) ) ;
#1804 = DIRECTION ( 'NONE',  ( 0.0000000000000000000, 1.000000000000000000, 0.0000000000000000000 ) ) ;
#1805 = AXIS2_PLACEMENT_3D ( 'NONE', #1368, #1701, #4432 ) ;
#1806 = ORIENTED_EDGE ( 'NONE', *, *, #2482, .F. ) ;
#1807 = DIRECTION ( 'NONE',  ( 0.0000000000000000000, -0.9681476403781076323, 0.2503800040544421623 ) ) ;
#1808 = CONICAL_SURFACE ( 'NONE', #5249, 1.750000000000001110, 0.7853981624999977207 ) ;
#1809 = FACE_OUTER_BOUND ( 'NONE', #172, .T. ) ;
#1810 = LINE ( 'NONE', #3484, #215 ) ;
#1811 = CONICAL_SURFACE ( 'NONE', #2597, 8.000000000000119016, 0.08726646249997989380 ) ;
#1812 = DIRECTION ( 'NONE',  ( 0.0000000000000000000, 0.0000000000000000000, 1.000000000000000000 ) ) ;
#1813 = CARTESIAN_POINT ( 'NONE',  ( -10.09999999999999964, -9.000000000000000000, -3.594346038583040137 ) ) ;
#1814 = CIRCLE ( 'NONE', #2435, 0.5000000000000001110 ) ;
#1815 = CARTESIAN_POINT ( 'NONE',  ( -5.700000000000000178, -10.00000000000000000, -3.094346038583040137 ) ) ;
#1816 = ORIENTED_EDGE ( 'NONE', *, *, #1216, .T. ) ;
#1817 = VERTEX_POINT ( 'NONE', #438 ) ;
#1818 = ORIENTED_EDGE ( 'NONE', *, *, #412, .T. ) ;
#1819 = VECTOR ( 'NONE', #3358, 1000.000000000000000 ) ;
#1820 = VERTEX_POINT ( 'NONE', #19 ) ;
#1821 = CIRCLE ( 'NONE', #2268, 2.000000000000000000 ) ;
#1822 = VERTEX_POINT ( 'NONE', #3374 ) ;
#1823 = EDGE_CURVE ( 'NONE', #3526, #2819, #1297, .T. ) ;
#1824 = EDGE_CURVE ( 'NONE', #750, #3991, #875, .T. ) ;
#1825 = PLANE ( 'NONE',  #3669 ) ;
#1826 = ORIENTED_EDGE ( 'NONE', *, *, #4555, .T. ) ;
#1827 = CARTESIAN_POINT ( 'NONE',  ( -1.550000000000165024, -13.75000000000000000, 2.825518000000000093E-14 ) ) ;
#1828 = CARTESIAN_POINT ( 'NONE',  ( 0.1999999999999859945, -19.31894849647600054, 1.967268858105619911 ) ) ;
#1829 = DIRECTION ( 'NONE',  ( -1.000000000000000000, 0.0000000000000000000, 0.0000000000000000000 ) ) ;
#1830 = ORIENTED_EDGE ( 'NONE', *, *, #1679, .T. ) ;
#1831 = CARTESIAN_POINT ( 'NONE',  ( -17.84999999999999787, -7.903372436404019652, -17.41625985417260125 ) ) ;
#1832 = FACE_OUTER_BOUND ( 'NONE', #1250, .T. ) ;
#1833 = DIRECTION ( 'NONE',  ( 0.0000000000000000000, 0.0000000000000000000, 1.000000000000000000 ) ) ;
#1834 = DIRECTION ( 'NONE',  ( 0.0000000000000000000, 0.8660254037844387076, 0.4999999999999998890 ) ) ;
#1835 = CONICAL_SURFACE ( 'NONE', #4206, 1.749999999999998446, 0.7853981624999990530 ) ;
#1836 = VERTEX_POINT ( 'NONE', #1100 ) ;
#1837 = CARTESIAN_POINT ( 'NONE',  ( -5.700000000000000178, -6.262500682650030015, 4.649999999999999467 ) ) ;
#1838 = DIRECTION ( 'NONE',  ( 0.0000000000000000000, -0.7071067811865484609, 0.7071067811865467956 ) ) ;
#1839 = DIRECTION ( 'NONE',  ( 0.0000000000000000000, 0.0000000000000000000, 1.000000000000000000 ) ) ;
#1840 = VECTOR ( 'NONE', #1430, 1000.000000000000000 ) ;
#1841 = CARTESIAN_POINT ( 'NONE',  ( -16.30355339059327235, -5.853553390593273953, 18.00000000000000000 ) ) ;
#1842 = DIRECTION ( 'NONE',  ( 0.0000000000000000000, -0.7254762501100113781, 0.6882472016116857327 ) ) ;
#1843 = CC_DESIGN_SECURITY_CLASSIFICATION ( #3688, ( #269 ) ) ;
#1844 = VECTOR ( 'NONE', #4539, 1000.000000000000114 ) ;
#1845 = DIRECTION ( 'NONE',  ( 1.000000000000000000, 0.0000000000000000000, 0.0000000000000000000 ) ) ;
#1846 = VERTEX_POINT ( 'NONE', #1519 ) ;
#1847 = EDGE_CURVE ( 'NONE', #2351, #134, #2517, .T. ) ;
#1848 = ORIENTED_EDGE ( 'NONE', *, *, #3610, .F. ) ;
#1849 = VERTEX_POINT ( 'NONE', #4461 ) ;
#1850 = EDGE_CURVE ( 'NONE', #613, #5250, #5320, .T. ) ;
#1851 = ORIENTED_EDGE ( 'NONE', *, *, #1628, .T. ) ;
#1852 = ORIENTED_EDGE ( 'NONE', *, *, #4018, .T. ) ;
#1853 = ORIENTED_EDGE ( 'NONE', *, *, #1771, .F. ) ;
#1854 = CARTESIAN_POINT ( 'NONE',  ( -17.60000000000000142, -11.84241679233129929, 15.35203573556471746 ) ) ;
#1855 = ORIENTED_EDGE ( 'NONE', *, *, #2598, .T. ) ;
#1856 = CARTESIAN_POINT ( 'NONE',  ( 2.199999999999988187, 19.28460969082654941, -8.049117000000000666E-15 ) ) ;
#1857 = CARTESIAN_POINT ( 'NONE',  ( -15.94999999999999929, 5.500000000000000000, 17.69999999999994955 ) ) ;
#1858 = EDGE_CURVE ( 'NONE', #1706, #1425, #717, .T. ) ;
#1859 = EDGE_CURVE ( 'NONE', #98, #3438, #4434, .T. ) ;
#1860 = CARTESIAN_POINT ( 'NONE',  ( -10.09999999999999964, -10.00000000000000000, 3.594346038583049907 ) ) ;
#1861 = ORIENTED_EDGE ( 'NONE', *, *, #691, .F. ) ;
#1862 = CARTESIAN_POINT ( 'NONE',  ( -17.60000000000000142, 19.28460969082654941, 0.0000000000000000000 ) ) ;
#1863 = DIRECTION ( 'NONE',  ( 2.508281850568425428E-15, -1.494315728371013998E-22, -1.000000000000000000 ) ) ;
#1864 = DIRECTION ( 'NONE',  ( 0.0000000000000000000, -0.9681476403781076323, 0.2503800040544420513 ) ) ;
#1865 = CARTESIAN_POINT ( 'NONE',  ( -14.50000000000000000, -14.00000000000000000, 4.649999999999999467 ) ) ;
#1866 = EDGE_CURVE ( 'NONE', #4838, #150, #273, .T. ) ;
#1867 = ADVANCED_FACE ( 'NONE', ( #1955 ), #4121, .F. ) ;
#1868 = AXIS2_PLACEMENT_3D ( 'NONE', #1004, #4308, #2277 ) ;
#1869 = EDGE_LOOP ( 'NONE', ( #414, #386, #3093, #2738, #931, #3791, #1088 ) ) ;
#1870 = DIRECTION ( 'NONE',  ( -1.000000000000000000, 0.0000000000000000000, 0.0000000000000000000 ) ) ;
#1871 = DIRECTION ( 'NONE',  ( -1.000000000000000000, 0.0000000000000000000, 0.0000000000000000000 ) ) ;
#1872 = DIRECTION ( 'NONE',  ( 0.0000000000000000000, 0.0000000000000000000, 1.000000000000000000 ) ) ;
#1873 = CARTESIAN_POINT ( 'NONE',  ( -7.984973848619359771, 1.416519999999999753E-31, -8.000000000000131450 ) ) ;
#1874 = DIRECTION ( 'NONE',  ( 0.0000000000000000000, -1.000000000000000000, 0.0000000000000000000 ) ) ;
#1875 = LINE ( 'NONE', #4021, #5212 ) ;
#1876 = ORIENTED_EDGE ( 'NONE', *, *, #4415, .F. ) ;
#1877 = EDGE_LOOP ( 'NONE', ( #3888, #2337, #807, #314 ) ) ;
#1878 = ORIENTED_EDGE ( 'NONE', *, *, #5426, .F. ) ;
#1879 = ORIENTED_EDGE ( 'NONE', *, *, #2122, .F. ) ;
#1880 = EDGE_LOOP ( 'NONE', ( #963, #3439, #3022, #4269, #5303, #3693 ) ) ;
#1881 = ORIENTED_EDGE ( 'NONE', *, *, #977, .T. ) ;
#1882 = ORIENTED_EDGE ( 'NONE', *, *, #1997, .F. ) ;
#1883 = DIRECTION ( 'NONE',  ( 1.000000000000000000, 3.306217055473599971E-31, -3.306217055473594716E-31 ) ) ;
#1884 = DIRECTION ( 'NONE',  ( -1.000000000000000000, 0.0000000000000000000, 0.0000000000000000000 ) ) ;
#1885 = EDGE_CURVE ( 'NONE', #4751, #2196, #4370, .T. ) ;
#1886 = CIRCLE ( 'NONE', #559, 1.500000000000001110 ) ;
#1887 = FACE_OUTER_BOUND ( 'NONE', #5192, .T. ) ;
#1888 = CIRCLE ( 'NONE', #3371, 11.50000000000000000 ) ;
#1889 = ORIENTED_EDGE ( 'NONE', *, *, #4242, .F. ) ;
#1890 = DIRECTION ( 'NONE',  ( 0.0000000000000000000, -0.7254762501100113781, 0.6882472016116857327 ) ) ;
#1891 = CARTESIAN_POINT ( 'NONE',  ( -16.44999999999999929, 5.500000000000000000, 18.00000000000000000 ) ) ;
#1892 = ADVANCED_FACE ( 'NONE', ( #2033 ), #4878, .T. ) ;
#1893 = CARTESIAN_POINT ( 'NONE',  ( 2.199999999999988187, 17.31925310616325220, -2.002173670980184728 ) ) ;
#1894 = CARTESIAN_POINT ( 'NONE',  ( 17.19999999999999929, 0.0000000000000000000, 0.0000000000000000000 ) ) ;
#1895 = ORIENTED_EDGE ( 'NONE', *, *, #3250, .T. ) ;
#1896 = DIRECTION ( 'NONE',  ( -1.000000000000000000, 0.0000000000000000000, 0.0000000000000000000 ) ) ;
#1897 = ORIENTED_EDGE ( 'NONE', *, *, #467, .F. ) ;
#1898 = PLANE ( 'NONE',  #5434 ) ;
#1899 = DIRECTION ( 'NONE',  ( 1.000000000000000000, 0.0000000000000000000, 0.0000000000000000000 ) ) ;
#1900 = EDGE_CURVE ( 'NONE', #5052, #4078, #1156, .T. ) ;
#1901 = CARTESIAN_POINT ( 'NONE',  ( -10.59999999999999964, -9.000000000000000000, -3.094346038583040137 ) ) ;
#1902 = EDGE_CURVE ( 'NONE', #1822, #1734, #3625, .T. ) ;
#1903 = DIRECTION ( 'NONE',  ( 1.000000000000000000, 0.0000000000000000000, 0.0000000000000000000 ) ) ;
#1904 = VECTOR ( 'NONE', #4586, 1000.000000000000114 ) ;
#1905 = CARTESIAN_POINT ( 'NONE',  ( -18.10000000000000142, -18.43908891458579902, 1.500000000000000000 ) ) ;
#1906 = VERTEX_POINT ( 'NONE', #3702 ) ;
#1907 = AXIS2_PLACEMENT_3D ( 'NONE', #1572, #3623, #1153 ) ;
#1908 = EDGE_LOOP ( 'NONE', ( #3071, #990, #4708, #3355 ) ) ;
#1909 = AXIS2_PLACEMENT_3D ( 'NONE', #2491, #2929, #4225 ) ;
#1910 = ORIENTED_EDGE ( 'NONE', *, *, #5335, .F. ) ;
#1911 = VECTOR ( 'NONE', #1443, 1000.000000000000000 ) ;
#1912 = ORIENTED_EDGE ( 'NONE', *, *, #2203, .T. ) ;
#1913 = ORIENTED_EDGE ( 'NONE', *, *, #5272, .F. ) ;
#1914 = VECTOR ( 'NONE', #5051, 1000.000000000000000 ) ;
#1915 = ORIENTED_EDGE ( 'NONE', *, *, #5405, .T. ) ;
#1916 = CARTESIAN_POINT ( 'NONE',  ( -18.10000000000000142, -6.856406460551009552, 16.00000000000000000 ) ) ;
#1917 = AXIS2_PLACEMENT_3D ( 'NONE', #620, #188, #3133 ) ;
#1918 = CARTESIAN_POINT ( 'NONE',  ( -18.09999999999999787, 18.61829121183989955, -2.752173670980185172 ) ) ;
#1919 = VERTEX_POINT ( 'NONE', #2392 ) ;
#1920 = VECTOR ( 'NONE', #3197, 1000.000000000000000 ) ;
#1921 = DIRECTION ( 'NONE',  ( -0.7071067811865484609, -0.7071067811865467956, -1.734723475976807094E-15 ) ) ;
#1922 = CARTESIAN_POINT ( 'NONE',  ( -1.596446609406725781, -5.853553390593273953, 17.69999999999994955 ) ) ;
#1923 = DIRECTION ( 'NONE',  ( 0.0000000000000000000, 0.0000000000000000000, -1.000000000000000000 ) ) ;
#1924 = ORIENTED_EDGE ( 'NONE', *, *, #1961, .F. ) ;
#1925 = EDGE_CURVE ( 'NONE', #3129, #2942, #3217, .T. ) ;
#1926 = CARTESIAN_POINT ( 'NONE',  ( -1.949999999999999956, -6.000000000000000000, 17.69999999999999929 ) ) ;
#1927 = ORIENTED_EDGE ( 'NONE', *, *, #1997, .T. ) ;
#1928 = DIRECTION ( 'NONE',  ( 0.0000000000000000000, -1.000000000000000000, 0.0000000000000000000 ) ) ;
#1929 = CARTESIAN_POINT ( 'NONE',  ( -17.60000000000000142, -10.42820323027549989, 13.93782217350891983 ) ) ;
#1930 = CARTESIAN_POINT ( 'NONE',  ( 17.19999999999999929, -9.000000000000000000, 5.236227000000000036E-15 ) ) ;
#1931 = DIRECTION ( 'NONE',  ( 0.0000000000000000000, 0.4999999999999998335, 0.8660254037844388186 ) ) ;
#1932 = AXIS2_PLACEMENT_3D ( 'NONE', #3998, #1883, #3555 ) ;
#1933 = EDGE_CURVE ( 'NONE', #732, #4299, #5347, .T. ) ;
#1934 = CARTESIAN_POINT ( 'NONE',  ( -20.00000000000000000, 17.31925310616325220, 2.002173670980144760 ) ) ;
#1935 = ADVANCED_FACE ( 'NONE', ( #2804 ), #4926, .T. ) ;
#1936 = AXIS2_PLACEMENT_3D ( 'NONE', #2919, #4604, #826 ) ;
#1937 = ORIENTED_EDGE ( 'NONE', *, *, #2560, .F. ) ;
#1938 = VECTOR ( 'NONE', #16, 1000.000000000000000 ) ;
#1939 = AXIS2_PLACEMENT_3D ( 'NONE', #3425, #4647, #2551 ) ;
#1940 = EDGE_CURVE ( 'NONE', #5438, #4134, #1492, .T. ) ;
#1941 = ORIENTED_EDGE ( 'NONE', *, *, #3872, .T. ) ;
#1942 = ORIENTED_EDGE ( 'NONE', *, *, #4371, .T. ) ;
#1943 = ORIENTED_EDGE ( 'NONE', *, *, #5065, .F. ) ;
#1944 = APPROVAL_PERSON_ORGANIZATION ( #4116, #565, #5395 ) ;
#1945 = AXIS2_PLACEMENT_3D ( 'NONE', #29, #89, #3005 ) ;
#1946 = ORIENTED_EDGE ( 'NONE', *, *, #3398, .F. ) ;
#1947 = DIRECTION ( 'NONE',  ( -1.000000000000000000, 0.0000000000000000000, 0.0000000000000000000 ) ) ;
#1948 = LINE ( 'NONE', #5338, #2085 ) ;
#1949 = DIRECTION ( 'NONE',  ( 0.7071067811865480168, 0.3535533905932720100, 0.6123724356957950254 ) ) ;
#1950 = CARTESIAN_POINT ( 'NONE',  ( -11.09999999999999787, -7.450867094969380489, -3.594346038583040137 ) ) ;
#1951 = EDGE_CURVE ( 'NONE', #2335, #3599, #738, .T. ) ;
#1952 = ORIENTED_EDGE ( 'NONE', *, *, #879, .T. ) ;
#1953 = DIRECTION ( 'NONE',  ( -0.6546536707079740891, 0.7559289460184571707, 0.0000000000000000000 ) ) ;
#1954 = ORIENTED_EDGE ( 'NONE', *, *, #2828, .F. ) ;
#1955 = FACE_OUTER_BOUND ( 'NONE', #1383, .T. ) ;
#1956 = DIRECTION ( 'NONE',  ( -0.7071067811865490160, -1.510822000000001035E-16, -0.7071067811865461294 ) ) ;
#1957 = DIRECTION ( 'NONE',  ( 0.0000000000000000000, -1.000000000000000000, 0.0000000000000000000 ) ) ;
#1958 = CARTESIAN_POINT ( 'NONE',  ( -18.09999999999999787, 18.77147456716484442, -2.377743677174199544 ) ) ;
#1959 = CARTESIAN_POINT ( 'NONE',  ( 2.199999999999988187, -18.97366596101030112, -1.000000000000000000 ) ) ;
#1960 = AXIS2_PLACEMENT_3D ( 'NONE', #1497, #161, #3174 ) ;
#1961 = EDGE_CURVE ( 'NONE', #3243, #52, #2416, .T. ) ;
#1962 = CARTESIAN_POINT ( 'NONE',  ( -20.00000000000000000, -10.42820323027549989, 13.93782217350891983 ) ) ;
#1963 = DIRECTION ( 'NONE',  ( 0.7071067811865472397, -0.6123724356957931381, 0.3535533905932766174 ) ) ;
#1964 = ADVANCED_FACE ( 'NONE', ( #3680 ), #3269, .T. ) ;
#1965 = VERTEX_POINT ( 'NONE', #2881 ) ;
#1966 = VERTEX_POINT ( 'NONE', #5036 ) ;
#1967 = ORIENTED_EDGE ( 'NONE', *, *, #2775, .F. ) ;
#1968 = ORIENTED_EDGE ( 'NONE', *, *, #5382, .F. ) ;
#1969 = DIRECTION ( 'NONE',  ( 1.000000000000000000, 0.0000000000000000000, 0.0000000000000000000 ) ) ;
#1970 = EDGE_CURVE ( 'NONE', #499, #981, #3925, .T. ) ;
#1971 = VECTOR ( 'NONE', #515, 1000.000000000000000 ) ;
#1972 = CARTESIAN_POINT ( 'NONE',  ( -15.94999999999999929, -5.500000000000000000, 18.00000000000000000 ) ) ;
#1973 = ORIENTED_EDGE ( 'NONE', *, *, #3034, .F. ) ;
#1974 = DIRECTION ( 'NONE',  ( 0.0000000000000000000, 0.2588190451025211836, 0.9659258262890682012 ) ) ;
#1975 = DIRECTION ( 'NONE',  ( 0.7071067811865473507, 0.7071067811865477948, 0.0000000000000000000 ) ) ;
#1976 = DATE_AND_TIME ( #4064, #2978 ) ;
#1977 = AXIS2_PLACEMENT_3D ( 'NONE', #696, #4577, #4546 ) ;
#1978 = ORIENTED_EDGE ( 'NONE', *, *, #1382, .T. ) ;
#1979 = CARTESIAN_POINT ( 'NONE',  ( 17.19999999999999929, 0.0000000000000000000, 0.0000000000000000000 ) ) ;
#1980 = ORIENTED_EDGE ( 'NONE', *, *, #413, .T. ) ;
#1981 = DIRECTION ( 'NONE',  ( 0.0000000000000000000, 0.9681476403781079654, 0.2503800040544412742 ) ) ;
#1982 = LINE ( 'NONE', #2781, #4346 ) ;
#1983 = CARTESIAN_POINT ( 'NONE',  ( 0.2000000000000000944, 17.31925310616325220, -2.002173670980184728 ) ) ;
#1984 = DIRECTION ( 'NONE',  ( 0.0000000000000000000, 0.0000000000000000000, -1.000000000000000000 ) ) ;
#1985 = LINE ( 'NONE', #770, #3252 ) ;
#1986 = DIRECTION ( 'NONE',  ( 1.000000000000000000, 0.0000000000000000000, 0.0000000000000000000 ) ) ;
#1987 = LINE ( 'NONE', #798, #2930 ) ;
#1988 = VECTOR ( 'NONE', #4340, 1000.000000000000000 ) ;
#1989 = ORIENTED_EDGE ( 'NONE', *, *, #511, .F. ) ;
#1990 = ORIENTED_EDGE ( 'NONE', *, *, #137, .T. ) ;
#1991 = ORIENTED_EDGE ( 'NONE', *, *, #2182, .T. ) ;
#1992 = VECTOR ( 'NONE', #4311, 1000.000000000000114 ) ;
#1993 = ORIENTED_EDGE ( 'NONE', *, *, #2763, .T. ) ;
#1994 = CARTESIAN_POINT ( 'NONE',  ( -17.60000000000000142, -19.31894849647605028, -1.967268858105609919 ) ) ;
#1995 = AXIS2_PLACEMENT_3D ( 'NONE', #5059, #1234, #2055 ) ;
#1996 = ADVANCED_FACE ( 'NONE', ( #1721 ), #4198, .T. ) ;
#1997 = EDGE_CURVE ( 'NONE', #213, #555, #3547, .T. ) ;
#1998 = CARTESIAN_POINT ( 'NONE',  ( -15.94999999999999929, 6.000000000000000888, 17.69999999999996732 ) ) ;
#1999 = VERTEX_POINT ( 'NONE', #4169 ) ;
#2000 = LINE ( 'NONE', #3262, #698 ) ;
#2001 = DIRECTION ( 'NONE',  ( -1.000000000000000000, -2.478589000000000183E-32, 0.0000000000000000000 ) ) ;
#2002 = PERSON_AND_ORGANIZATION ( #3078, #4218 ) ;
#2003 = VECTOR ( 'NONE', #2746, 1000.000000000000114 ) ;
#2004 = LINE ( 'NONE', #3266, #2511 ) ;
#2005 = ORIENTED_EDGE ( 'NONE', *, *, #5313, .T. ) ;
#2006 = AXIS2_PLACEMENT_3D ( 'NONE', #3913, #588, #526 ) ;
#2007 = DIRECTION ( 'NONE',  ( -0.0000000000000000000, 0.8660254037844387076, 0.4999999999999998890 ) ) ;
#2008 = CARTESIAN_POINT ( 'NONE',  ( -15.94999999999999929, 5.500000000000000000, 17.69999999999994955 ) ) ;
#2009 = DIRECTION ( 'NONE',  ( 0.0000000000000000000, 0.0000000000000000000, -1.000000000000000000 ) ) ;
#2010 = DIRECTION ( 'NONE',  ( 0.0000000000000000000, 0.0000000000000000000, -1.000000000000000000 ) ) ;
#2011 = CARTESIAN_POINT ( 'NONE',  ( -18.10000000000000142, 18.78453352680459787, -4.440891999999999311E-16 ) ) ;
#2012 = DIRECTION ( 'NONE',  ( -0.0000000000000000000, 1.000000000000000000, 0.0000000000000000000 ) ) ;
#2013 = LINE ( 'NONE', #3687, #5407 ) ;
#2014 = VECTOR ( 'NONE', #1947, 1000.000000000000000 ) ;
#2015 = ORIENTED_EDGE ( 'NONE', *, *, #880, .T. ) ;
#2016 = EDGE_CURVE ( 'NONE', #5110, #2430, #1312, .T. ) ;
#2017 = ORIENTED_EDGE ( 'NONE', *, *, #2664, .T. ) ;
#2018 = ORIENTED_EDGE ( 'NONE', *, *, #3141, .F. ) ;
#2019 = ORIENTED_EDGE ( 'NONE', *, *, #4965, .F. ) ;
#2020 = CARTESIAN_POINT ( 'NONE',  ( 2.199999999999988187, 9.642304845413258718, -16.70096189432335265 ) ) ;
#2021 = VECTOR ( 'NONE', #1776, 1000.000000000000114 ) ;
#2022 = ADVANCED_FACE ( 'NONE', ( #837 ), #5398, .F. ) ;
#2023 = VECTOR ( 'NONE', #3596, 1000.000000000000000 ) ;
#2024 = CIRCLE ( 'NONE', #351, 1.499999999999999334 ) ;
#2025 = LINE ( 'NONE', #4137, #1647 ) ;
#2026 = EDGE_LOOP ( 'NONE', ( #4885, #1097, #3110, #1082 ) ) ;
#2027 = CARTESIAN_POINT ( 'NONE',  ( -13.70000000000000107, -7.115300415302240111, 4.649999999999999467 ) ) ;
#2028 = DIRECTION ( 'NONE',  ( 1.000000000000000000, 0.0000000000000000000, 0.0000000000000000000 ) ) ;
#2029 = ADVANCED_FACE ( 'NONE', ( #1672 ), #863, .F. ) ;
#2030 = ADVANCED_FACE ( 'NONE', ( #4670 ), #374, .F. ) ;
#2031 = DIRECTION ( 'NONE',  ( -1.000000000000000000, 0.0000000000000000000, 0.0000000000000000000 ) ) ;
#2032 = VERTEX_POINT ( 'NONE', #2571 ) ;
#2033 = FACE_OUTER_BOUND ( 'NONE', #4387, .T. ) ;
#2034 = DIRECTION ( 'NONE',  ( -1.000000000000000000, 0.0000000000000000000, 0.0000000000000000000 ) ) ;
#2035 = DIRECTION ( 'NONE',  ( 1.000000000000000000, 0.0000000000000000000, 0.0000000000000000000 ) ) ;
#2036 = FACE_OUTER_BOUND ( 'NONE', #4012, .T. ) ;
#2037 = CARTESIAN_POINT ( 'NONE',  ( -17.60000000000000142, 10.42820323027549989, 13.93782217350891983 ) ) ;
#2038 = EDGE_CURVE ( 'NONE', #1482, #2601, #2907, .T. ) ;
#2039 = ADVANCED_FACE ( 'NONE', ( #4982 ), #3728, .F. ) ;
#2040 = CARTESIAN_POINT ( 'NONE',  ( 17.19999999999999929, 11.50000000000000000, -1.408343999999999994E-15 ) ) ;
#2041 = CARTESIAN_POINT ( 'NONE',  ( -10.09999999999999964, -9.853553390593274841, -3.240792647989766184 ) ) ;
#2042 = EDGE_LOOP ( 'NONE', ( #2318, #652, #2485, #389, #2296, #1050 ) ) ;
#2043 = VECTOR ( 'NONE', #4334, 1000.000000000000000 ) ;
#2044 = ORIENTED_EDGE ( 'NONE', *, *, #3907, .T. ) ;
#2045 = ORIENTED_EDGE ( 'NONE', *, *, #1694, .T. ) ;
#2046 = FACE_OUTER_BOUND ( 'NONE', #4135, .T. ) ;
#2047 = VECTOR ( 'NONE', #4331, 1000.000000000000000 ) ;
#2048 = CARTESIAN_POINT ( 'NONE',  ( -1.550000000000159694, -13.75000000000000000, 1.646221000000000171E-15 ) ) ;
#2049 = DIRECTION ( 'NONE',  ( 1.000000000000000000, 0.0000000000000000000, 0.0000000000000000000 ) ) ;
#2050 = FACE_OUTER_BOUND ( 'NONE', #4157, .T. ) ;
#2051 = CARTESIAN_POINT ( 'NONE',  ( 0.0000000000000000000, 0.0000000000000000000, 0.0000000000000000000 ) ) ;
#2052 = VECTOR ( 'NONE', #4130, 1000.000000000000114 ) ;
#2053 = DIRECTION ( 'NONE',  ( 1.000000000000000000, 0.0000000000000000000, 0.0000000000000000000 ) ) ;
#2054 = ORIENTED_EDGE ( 'NONE', *, *, #3740, .F. ) ;
#2055 = DIRECTION ( 'NONE',  ( 0.0000000000000000000, 1.000000000000000000, 0.0000000000000000000 ) ) ;
#2056 = VECTOR ( 'NONE', #2201, 1000.000000000000114 ) ;
#2057 = DIRECTION ( 'NONE',  ( -1.000000000000000000, 0.0000000000000000000, 0.0000000000000000000 ) ) ;
#2058 = DIRECTION ( 'NONE',  ( 0.0000000000000000000, 0.0000000000000000000, -1.000000000000000000 ) ) ;
#2059 = LINE ( 'NONE', #692, #1735 ) ;
#2060 = FACE_OUTER_BOUND ( 'NONE', #5387, .T. ) ;
#2061 = CIRCLE ( 'NONE', #3207, 8.272529474832650109 ) ;
#2062 = DIRECTION ( 'NONE',  ( 1.000000000000000000, 0.0000000000000000000, 0.0000000000000000000 ) ) ;
#2063 = ADVANCED_FACE ( 'NONE', ( #1645 ), #479, .T. ) ;
#2064 = ADVANCED_FACE ( 'NONE', ( #2549 ), #3319, .T. ) ;
#2065 = CARTESIAN_POINT ( 'NONE',  ( -10.09999999999999964, -10.00000000000000000, -4.649999999999999467 ) ) ;
#2066 = EDGE_LOOP ( 'NONE', ( #4813, #4040, #4739, #1853, #2686, #614, #916, #3205, #553, #451, #1017, #1534, #1518, #3081, #2299, #3341, #5432, #1347, #5265, #2971, #3570, #1876 ) ) ;
#2067 = EDGE_CURVE ( 'NONE', #2713, #4913, #5075, .T. ) ;
#2068 = ORIENTED_EDGE ( 'NONE', *, *, #3161, .T. ) ;
#2069 = ORIENTED_EDGE ( 'NONE', *, *, #443, .F. ) ;
#2070 = FACE_OUTER_BOUND ( 'NONE', #2867, .T. ) ;
#2071 = ORIENTED_EDGE ( 'NONE', *, *, #3233, .T. ) ;
#2072 = CIRCLE ( 'NONE', #2864, 1.999999999999999334 ) ;
#2073 = APPLICATION_CONTEXT ( 'configuration controlled 3d designs of mechanical parts and assemblies' ) ;
#2074 = AXIS2_PLACEMENT_3D ( 'NONE', #4758, #5205, #1426 ) ;
#2075 = CARTESIAN_POINT ( 'NONE',  ( -17.85000000000000142, 10.42820323027549989, 13.93782217350891983 ) ) ;
#2076 = ORIENTED_EDGE ( 'NONE', *, *, #3328, .F. ) ;
#2077 = CARTESIAN_POINT ( 'NONE',  ( -11.09999999999999787, -8.500000000000000000, 1.849665999999999871E-15 ) ) ;
#2078 = DIRECTION ( 'NONE',  ( -1.000000000000000000, 0.0000000000000000000, 0.0000000000000000000 ) ) ;
#2079 = DATE_AND_TIME ( #396, #1319 ) ;
#2080 = DIRECTION ( 'NONE',  ( -0.7071067811865484609, -0.7071067811865467956, 0.0000000000000000000 ) ) ;
#2081 = ORIENTED_EDGE ( 'NONE', *, *, #2400, .T. ) ;
#2082 = EDGE_CURVE ( 'NONE', #4584, #1822, #324, .T. ) ;
#2083 = DIRECTION ( 'NONE',  ( 0.7071067811865469066, -0.7071067811865481278, 0.0000000000000000000 ) ) ;
#2084 = CARTESIAN_POINT ( 'NONE',  ( 0.2000000000000000944, -18.97366596101030112, -1.000000000000000000 ) ) ;
#2085 = VECTOR ( 'NONE', #5314, 1000.000000000000000 ) ;
#2086 = CARTESIAN_POINT ( 'NONE',  ( -1.949999999999999956, 6.000000000000000000, 18.00000000000000000 ) ) ;
#2087 = CARTESIAN_POINT ( 'NONE',  ( -14.50000000000000000, -1.887379000000000174E-14, -2.220445999999999951E-15 ) ) ;
#2088 = CARTESIAN_POINT ( 'NONE',  ( -17.60000000000000142, 19.05130391373215204, 3.002173670980149645 ) ) ;
#2089 = ADVANCED_FACE ( 'NONE', ( #4645 ), #453, .T. ) ;
#2090 = AXIS2_PLACEMENT_3D ( 'NONE', #4822, #514, #603 ) ;
#2091 = DIRECTION ( 'NONE',  ( 0.7071067811865474617, -0.7071067811865474617, -3.154094999999998007E-17 ) ) ;
#2092 = CARTESIAN_POINT ( 'NONE',  ( -1.596446609406725781, 5.853553390593273953, -18.00000000000000000 ) ) ;
#2093 = EDGE_CURVE ( 'NONE', #2196, #4736, #3423, .T. ) ;
#2094 = EDGE_CURVE ( 'NONE', #155, #3994, #92, .T. ) ;
#2095 = VERTEX_POINT ( 'NONE', #2275 ) ;
#2096 = ORIENTED_EDGE ( 'NONE', *, *, #2366, .T. ) ;
#2097 = EDGE_LOOP ( 'NONE', ( #4772, #5309, #1397, #5242 ) ) ;
#2098 = DIRECTION ( 'NONE',  ( 0.0000000000000000000, 0.7071067811865481278, -0.7071067811865469066 ) ) ;
#2099 = AXIS2_PLACEMENT_3D ( 'NONE', #4948, #2409, #3697 ) ;
#2100 = EDGE_CURVE ( 'NONE', #5391, #445, #1814, .T. ) ;
#2101 = ORIENTED_EDGE ( 'NONE', *, *, #4965, .T. ) ;
#2102 = VECTOR ( 'NONE', #3745, 1000.000000000000000 ) ;
#2103 = CARTESIAN_POINT ( 'NONE',  ( -1.050000000000159694, -7.705679723424789351, -4.649999999999999467 ) ) ;
#2104 = ORIENTED_EDGE ( 'NONE', *, *, #3537, .F. ) ;
#2105 = CARTESIAN_POINT ( 'NONE',  ( -18.10000000000000142, -18.61829121183989955, 2.752173670980185172 ) ) ;
#2106 = CYLINDRICAL_SURFACE ( 'NONE', #2167, 9.000000000000000000 ) ;
#2107 = CONICAL_SURFACE ( 'NONE', #4296, 8.000000000000119016, 0.08726646249997989380 ) ;
#2108 = CIRCLE ( 'NONE', #4932, 1.999999999999999334 ) ;
#2109 = CARTESIAN_POINT ( 'NONE',  ( -8.072983937643069652, -7.386225699098112329, 3.094346038583061897 ) ) ;
#2110 = VERTEX_POINT ( 'NONE', #3121 ) ;
#2111 = DIRECTION ( 'NONE',  ( -0.7071067811865487940, 0.0000000000000000000, -0.7071067811865462405 ) ) ;
#2112 = DIRECTION ( 'NONE',  ( -1.000000000000000000, 0.0000000000000000000, 0.0000000000000000000 ) ) ;
#2113 = DIRECTION ( 'NONE',  ( 0.7071067811865460184, 0.6123724356957950254, 0.3535533905932759513 ) ) ;
#2114 = LOCAL_TIME ( 13, 34, 54.00000000000000000, #3621 ) ;
#2115 = CARTESIAN_POINT ( 'NONE',  ( -17.60000000000000142, 7.374044550756050143, -17.93185165257813551 ) ) ;
#2116 = CARTESIAN_POINT ( 'NONE',  ( -1.449999999999999956, 5.500000000000000000, -18.00000000000000000 ) ) ;
#2117 = LINE ( 'NONE', #3786, #3738 ) ;
#2118 = CARTESIAN_POINT ( 'NONE',  ( -1.596446609406725781, -5.853553390593273953, 18.00000000000000000 ) ) ;
#2119 = CARTESIAN_POINT ( 'NONE',  ( 17.19999999999999929, 9.000000000000000000, -1.454230999999999984E-15 ) ) ;
#2120 = EDGE_LOOP ( 'NONE', ( #3719, #1280, #440, #631 ) ) ;
#2121 = ORIENTED_EDGE ( 'NONE', *, *, #4620, .T. ) ;
#2122 = EDGE_CURVE ( 'NONE', #4552, #4508, #1747, .T. ) ;
#2123 = ORIENTED_EDGE ( 'NONE', *, *, #400, .T. ) ;
#2124 = VECTOR ( 'NONE', #4882, 1000.000000000000000 ) ;
#2125 = EDGE_LOOP ( 'NONE', ( #1952, #1512, #645, #877 ) ) ;
#2126 = ORIENTED_EDGE ( 'NONE', *, *, #5274, .T. ) ;
#2127 = EDGE_CURVE ( 'NONE', #1506, #2095, #3390, .T. ) ;
#2128 = EDGE_CURVE ( 'NONE', #3438, #3112, #1447, .T. ) ;
#2129 = DIRECTION ( 'NONE',  ( 0.0000000000000000000, 0.7071067811865474617, 0.7071067811865474617 ) ) ;
#2130 = EDGE_LOOP ( 'NONE', ( #2186, #3954, #5359, #3216, #5077, #993, #4441, #1227, #835, #1488, #2101, #1244, #3305, #1243 ) ) ;
#2131 = LINE ( 'NONE', #3342, #1756 ) ;
#2132 = CARTESIAN_POINT ( 'NONE',  ( 5.310000000000000497, -12.50000000000000000, 5.080107000000000173E-15 ) ) ;
#2133 = VECTOR ( 'NONE', #623, 1000.000000000000000 ) ;
#2134 = CARTESIAN_POINT ( 'NONE',  ( -11.09999999999999964, -6.841947377170860989, 4.649999999999999467 ) ) ;
#2135 = ORIENTED_EDGE ( 'NONE', *, *, #4032, .T. ) ;
#2136 = CARTESIAN_POINT ( 'NONE',  ( -17.85000000000000142, -5.177293966170210204, 17.75000000000000000 ) ) ;
#2137 = DIRECTION ( 'NONE',  ( 0.0000000000000000000, 1.000000000000000000, 0.0000000000000000000 ) ) ;
#2138 = CARTESIAN_POINT ( 'NONE',  ( -17.60000000000000142, 12.16025403784439973, 14.93782217350891983 ) ) ;
#2139 = CARTESIAN_POINT ( 'NONE',  ( -10.95355339059327449, -7.597380394880326904, -3.240792647989767072 ) ) ;
#2140 = DIRECTION ( 'NONE',  ( 0.0000000000000000000, 1.000000000000000000, 0.0000000000000000000 ) ) ;
#2141 = DIRECTION ( 'NONE',  ( 1.000000000000000000, -3.247679495279590287E-32, -1.212050488308306094E-31 ) ) ;
#2142 = AXIS2_PLACEMENT_3D ( 'NONE', #307, #1605, #3278 ) ;
#2143 = DIRECTION ( 'NONE',  ( 0.0000000000000000000, -1.000000000000000000, 0.0000000000000000000 ) ) ;
#2144 = DIRECTION ( 'NONE',  ( 1.000000000000000000, 0.0000000000000000000, 0.0000000000000000000 ) ) ;
#2145 = VERTEX_POINT ( 'NONE', #4277 ) ;
#2146 = CIRCLE ( 'NONE', #2414, 1.999999999999998890 ) ;
#2147 = VERTEX_POINT ( 'NONE', #4724 ) ;
#2148 = ORIENTED_EDGE ( 'NONE', *, *, #4705, .F. ) ;
#2149 = ORIENTED_EDGE ( 'NONE', *, *, #1287, .T. ) ;
#2150 = ORIENTED_EDGE ( 'NONE', *, *, #1681, .T. ) ;
#2151 = CARTESIAN_POINT ( 'NONE',  ( -15.94999999999999929, 5.500000000000000000, 18.00000000000000000 ) ) ;
#2152 = ORIENTED_EDGE ( 'NONE', *, *, #4386, .T. ) ;
#2153 = CARTESIAN_POINT ( 'NONE',  ( -10.80710678118655466, -9.707106781186537248, 3.594346038583049907 ) ) ;
#2154 = CYLINDRICAL_SURFACE ( 'NONE', #3306, 9.000000000000000000 ) ;
#2155 = VECTOR ( 'NONE', #2877, 1000.000000000000000 ) ;
#2156 = EDGE_CURVE ( 'NONE', #4631, #1711, #53, .T. ) ;
#2157 = EDGE_CURVE ( 'NONE', #4940, #2382, #4812, .T. ) ;
#2158 = DIRECTION ( 'NONE',  ( 0.0000000000000000000, 0.0000000000000000000, -1.000000000000000000 ) ) ;
#2159 = VERTEX_POINT ( 'NONE', #1860 ) ;
#2160 = CARTESIAN_POINT ( 'NONE',  ( -8.289640249932100247, -12.09846817216561909, -4.649999999999999467 ) ) ;
#2161 = PLANE ( 'NONE',  #3813 ) ;
#2162 = CARTESIAN_POINT ( 'NONE',  ( -10.09999999999999964, -9.000000000000000000, 4.649999999999999467 ) ) ;
#2163 = DIRECTION ( 'NONE',  ( 0.0000000000000000000, -0.9681476403781078544, -0.2503800040544411076 ) ) ;
#2164 = CARTESIAN_POINT ( 'NONE',  ( 16.19999999999999929, 12.50000000000000000, 0.0000000000000000000 ) ) ;
#2165 = ADVANCED_FACE ( 'NONE', ( #3865 ), #2718, .F. ) ;
#2166 = EDGE_LOOP ( 'NONE', ( #3261, #2045, #3204, #73 ) ) ;
#2167 = AXIS2_PLACEMENT_3D ( 'NONE', #3778, #1692, #1415 ) ;
#2168 = DIRECTION ( 'NONE',  ( 0.0000000000000000000, 0.4999999999999998335, 0.8660254037844388186 ) ) ;
#2169 = CIRCLE ( 'NONE', #411, 1.999999999999998890 ) ;
#2170 = DIRECTION ( 'NONE',  ( 0.0000000000000000000, 0.9681476403781079654, 0.2503800040544412742 ) ) ;
#2171 = CARTESIAN_POINT ( 'NONE',  ( 0.1999999999999869937, -17.31925310616325220, 2.002173670980184728 ) ) ;
#2172 = VERTEX_POINT ( 'NONE', #5138 ) ;
#2173 = CIRCLE ( 'NONE', #3586, 1.000000000000000666 ) ;
#2174 = ORIENTED_EDGE ( 'NONE', *, *, #5312, .F. ) ;
#2175 = ADVANCED_FACE ( 'NONE', ( #3530 ), #116, .T. ) ;
#2176 = EDGE_LOOP ( 'NONE', ( #2677, #1644, #3878, #270, #4055, #2262 ) ) ;
#2177 = ORIENTED_EDGE ( 'NONE', *, *, #3796, .T. ) ;
#2178 = DIRECTION ( 'NONE',  ( -0.7071067811865484609, -0.7071067811865467956, 0.0000000000000000000 ) ) ;
#2179 = EDGE_LOOP ( 'NONE', ( #1816, #1033, #727, #3336 ) ) ;
#2180 = CARTESIAN_POINT ( 'NONE',  ( -15.94999999999999929, 6.000000000000000000, 18.00000000000000000 ) ) ;
#2181 = AXIS2_PLACEMENT_3D ( 'NONE', #1827, #4330, #2212 ) ;
#2182 = EDGE_CURVE ( 'NONE', #5074, #1820, #3009, .T. ) ;
#2183 = LINE ( 'NONE', #2302, #4776 ) ;
#2184 = VECTOR ( 'NONE', #4082, 1000.000000000000000 ) ;
#2185 = CARTESIAN_POINT ( 'NONE',  ( 0.1999999999999869937, -17.31925310616325220, 2.002173670980184728 ) ) ;
#2186 = ORIENTED_EDGE ( 'NONE', *, *, #1287, .F. ) ;
#2187 = DIRECTION ( 'NONE',  ( 0.0000000000000000000, 0.0000000000000000000, -1.000000000000000000 ) ) ;
#2188 = CARTESIAN_POINT ( 'NONE',  ( -17.60000000000000142, -7.856406460551029092, -17.73205080756889984 ) ) ;
#2189 = DIRECTION ( 'NONE',  ( 0.0000000000000000000, 0.4999999999999998335, 0.8660254037844388186 ) ) ;
#2190 = ADVANCED_FACE ( 'NONE', ( #3837 ), #3748, .T. ) ;
#2191 = CARTESIAN_POINT ( 'NONE',  ( -20.00000000000000000, -17.31925310616325220, 2.002173670980184728 ) ) ;
#2192 = EDGE_CURVE ( 'NONE', #1084, #824, #1001, .T. ) ;
#2193 = CARTESIAN_POINT ( 'NONE',  ( -7.984973848619359771, 1.416519999999999753E-31, -1.209606000000000116E-14 ) ) ;
#2194 = CIRCLE ( 'NONE', #5095, 2.000000000000001332 ) ;
#2195 = VECTOR ( 'NONE', #14, 1000.000000000000000 ) ;
#2196 = VERTEX_POINT ( 'NONE', #1361 ) ;
#2197 = DIRECTION ( 'NONE',  ( 0.0000000000000000000, -1.000000000000000000, 0.0000000000000000000 ) ) ;
#2198 = VECTOR ( 'NONE', #1834, 1000.000000000000000 ) ;
#2199 = AXIS2_PLACEMENT_3D ( 'NONE', #4610, #5080, #4690 ) ;
#2200 = CARTESIAN_POINT ( 'NONE',  ( -1.550000000000159694, -9.000000000000000000, 5.236227000000000036E-15 ) ) ;
#2201 = DIRECTION ( 'NONE',  ( -0.7071067811865474617, -0.7071067811865474617, -3.154094999999998007E-17 ) ) ;
#2202 = EDGE_CURVE ( 'NONE', #2617, #167, #2602, .T. ) ;
#2203 = EDGE_CURVE ( 'NONE', #3084, #2233, #3062, .T. ) ;
#2204 = CARTESIAN_POINT ( 'NONE',  ( 4.504999999999999893, 0.0000000000000000000, 0.0000000000000000000 ) ) ;
#2205 = FACE_OUTER_BOUND ( 'NONE', #4417, .T. ) ;
#2206 = EDGE_LOOP ( 'NONE', ( #4757, #462, #2711, #3879 ) ) ;
#2207 = ORIENTED_EDGE ( 'NONE', *, *, #2333, .T. ) ;
#2208 = EDGE_LOOP ( 'NONE', ( #2997, #3353, #415, #1331 ) ) ;
#2209 = VERTEX_POINT ( 'NONE', #3092 ) ;
#2210 = CARTESIAN_POINT ( 'NONE',  ( 17.19999999999999929, -9.000000000000000000, 5.236227000000000036E-15 ) ) ;
#2211 = ORIENTED_EDGE ( 'NONE', *, *, #4685, .T. ) ;
#2212 = DIRECTION ( 'NONE',  ( 0.0000000000000000000, 1.000000000000000000, 0.0000000000000000000 ) ) ;
#2213 = LINE ( 'NONE', #3528, #491 ) ;
#2214 = AXIS2_PLACEMENT_3D ( 'NONE', #278, #1049, #4763 ) ;
#2215 = CARTESIAN_POINT ( 'NONE',  ( -15.94999999999999929, -5.500000000000000000, -18.00000000000000000 ) ) ;
#2216 = VERTEX_POINT ( 'NONE', #5224 ) ;
#2217 = DIRECTION ( 'NONE',  ( -1.000000000000000000, 0.0000000000000000000, 0.0000000000000000000 ) ) ;
#2218 = CARTESIAN_POINT ( 'NONE',  ( -10.09999999999999964, -9.000000000000000000, -2.324999999999999734 ) ) ;
#2219 = DIRECTION ( 'NONE',  ( 0.0000000000000000000, 1.000000000000000000, 0.0000000000000000000 ) ) ;
#2220 = CARTESIAN_POINT ( 'NONE',  ( -1.550000000000175016, -14.00000000000000000, 4.649999999999999467 ) ) ;
#2221 = ORIENTED_EDGE ( 'NONE', *, *, #1900, .T. ) ;
#2222 = DIRECTION ( 'NONE',  ( -1.000000000000000000, 0.0000000000000000000, 0.0000000000000000000 ) ) ;
#2223 = DIRECTION ( 'NONE',  ( 0.0000000000000000000, -0.7254762501100113781, 0.6882472016116857327 ) ) ;
#2224 = CARTESIAN_POINT ( 'NONE',  ( -1.050000000000179901, -5.884513573780040474, 4.649999999999999467 ) ) ;
#2225 = CARTESIAN_POINT ( 'NONE',  ( 0.1999999999999859945, 19.28460969082654941, 0.0000000000000000000 ) ) ;
#2226 = DIRECTION ( 'NONE',  ( 0.0000000000000000000, 0.9681476403781076323, -0.2503800040544420513 ) ) ;
#2227 = EDGE_CURVE ( 'NONE', #2350, #1410, #2264, .T. ) ;
#2228 = CARTESIAN_POINT ( 'NONE',  ( -17.60000000000000142, 19.28460969082654941, 6.497880000000000581E-15 ) ) ;
#2229 = ADVANCED_FACE ( 'NONE', ( #180 ), #4450, .T. ) ;
#2230 = EDGE_LOOP ( 'NONE', ( #1851, #4785, #256, #2536 ) ) ;
#2231 = ORIENTED_EDGE ( 'NONE', *, *, #4317, .T. ) ;
#2232 = AXIS2_PLACEMENT_3D ( 'NONE', #2840, #279, #4517 ) ;
#2233 = VERTEX_POINT ( 'NONE', #1998 ) ;
#2234 = EDGE_CURVE ( 'NONE', #1053, #3976, #1948, .T. ) ;
#2235 = AXIS2_PLACEMENT_3D ( 'NONE', #1205, #328, #4042 ) ;
#2236 = EDGE_LOOP ( 'NONE', ( #5332, #4238, #2972, #245 ) ) ;
#2237 = VERTEX_POINT ( 'NONE', #4844 ) ;
#2238 = DIRECTION ( 'NONE',  ( 1.000000000000000000, 0.0000000000000000000, 0.0000000000000000000 ) ) ;
#2239 = ORIENTED_EDGE ( 'NONE', *, *, #2258, .F. ) ;
#2240 = DIRECTION ( 'NONE',  ( -0.0000000000000000000, 1.000000000000000000, 0.0000000000000000000 ) ) ;
#2241 = DIRECTION ( 'NONE',  ( 0.7071067811865491270, -0.3535533905932731202, -0.6123724356957931381 ) ) ;
#2242 = CARTESIAN_POINT ( 'NONE',  ( -18.10000000000000142, 6.500000000000000000, 0.0000000000000000000 ) ) ;
#2243 = VERTEX_POINT ( 'NONE', #3186 ) ;
#2244 = CARTESIAN_POINT ( 'NONE',  ( -18.10000000000000142, 18.78453352680459787, 0.0000000000000000000 ) ) ;
#2245 = LINE ( 'NONE', #1891, #84 ) ;
#2246 = CARTESIAN_POINT ( 'NONE',  ( -5.700000000000000178, -10.00000000000000000, -4.649999999999999467 ) ) ;
#2247 = CARTESIAN_POINT ( 'NONE',  ( 16.19999999999999929, -12.50000000000000000, 5.080107000000000173E-15 ) ) ;
#2248 = AXIS2_PLACEMENT_3D ( 'NONE', #3841, #3397, #3811 ) ;
#2249 = CIRCLE ( 'NONE', #4089, 12.62500000000000000 ) ;
#2250 = EDGE_CURVE ( 'NONE', #5182, #2590, #3617, .T. ) ;
#2251 = ORIENTED_EDGE ( 'NONE', *, *, #3902, .F. ) ;
#2252 = PLANE ( 'NONE',  #4711 ) ;
#2253 = CARTESIAN_POINT ( 'NONE',  ( -1.050000000000177902, 0.0000000000000000000, 0.0000000000000000000 ) ) ;
#2254 = CARTESIAN_POINT ( 'NONE',  ( 3.700000000000000178, -12.62500000000000000, 5.074530999999999864E-15 ) ) ;
#2255 = CIRCLE ( 'NONE', #4987, 12.50000000000000000 ) ;
#2256 = PLANE ( 'NONE',  #502 ) ;
#2257 = DIRECTION ( 'NONE',  ( 0.0000000000000000000, 0.0000000000000000000, 1.000000000000000000 ) ) ;
#2258 = EDGE_CURVE ( 'NONE', #4196, #3086, #2169, .T. ) ;
#2259 = CIRCLE ( 'NONE', #488, 1.999999999999999334 ) ;
#2260 = CARTESIAN_POINT ( 'NONE',  ( -1.949999999999999956, 5.500000000000000000, -18.00000000000000000 ) ) ;
#2261 = ORIENTED_EDGE ( 'NONE', *, *, #3895, .F. ) ;
#2262 = ORIENTED_EDGE ( 'NONE', *, *, #3670, .F. ) ;
#2263 = EDGE_LOOP ( 'NONE', ( #829, #1268, #1993, #3583 ) ) ;
#2264 = CIRCLE ( 'NONE', #2874, 1.500000000000000888 ) ;
#2265 = EDGE_CURVE ( 'NONE', #737, #824, #1068, .T. ) ;
#2266 = ADVANCED_FACE ( 'NONE', ( #4003 ), #3671, .F. ) ;
#2267 = EDGE_LOOP ( 'NONE', ( #193, #3490, #490, #1189 ) ) ;
#2268 = AXIS2_PLACEMENT_3D ( 'NONE', #3928, #157, #1838 ) ;
#2269 = ORIENTED_EDGE ( 'NONE', *, *, #1630, .F. ) ;
#2270 = CARTESIAN_POINT ( 'NONE',  ( -17.85000000000000142, -19.09672705094355294, 3.560882894655120090 ) ) ;
#2271 = ORIENTED_EDGE ( 'NONE', *, *, #4605, .T. ) ;
#2272 = DIRECTION ( 'NONE',  ( 0.0000000000000000000, -1.000000000000000000, 0.0000000000000000000 ) ) ;
#2273 = CARTESIAN_POINT ( 'NONE',  ( -18.09999999999999787, 6.856406460551009552, -16.00000000000000000 ) ) ;
#2274 = EDGE_CURVE ( 'NONE', #5052, #5287, #731, .T. ) ;
#2275 = CARTESIAN_POINT ( 'NONE',  ( -5.700000000000000178, -7.160058476974730191, 3.094346038583060121 ) ) ;
#2276 = ORIENTED_EDGE ( 'NONE', *, *, #1536, .T. ) ;
#2277 = DIRECTION ( 'NONE',  ( 0.0000000000000000000, 0.7071067811865475727, 0.7071067811865475727 ) ) ;
#2278 = DIRECTION ( 'NONE',  ( 0.0000000000000000000, 0.7071067811865475727, 0.7071067811865475727 ) ) ;
#2279 = FACE_OUTER_BOUND ( 'NONE', #2206, .T. ) ;
#2280 = CARTESIAN_POINT ( 'NONE',  ( -2.269947697238725137, -5.884513573780229656, -4.649999999999999467 ) ) ;
#2281 = AXIS2_PLACEMENT_3D ( 'NONE', #1373, #3077, #2226 ) ;
#2282 = ORIENTED_EDGE ( 'NONE', *, *, #3797, .T. ) ;
#2283 = CARTESIAN_POINT ( 'NONE',  ( -5.700000000000000178, -10.00000000000000000, 3.594346038583060121 ) ) ;
#2284 = CARTESIAN_POINT ( 'NONE',  ( -1.550000000000175016, -14.00000000000000000, 4.649999999999999467 ) ) ;
#2285 = CARTESIAN_POINT ( 'NONE',  ( -20.00000000000000000, -10.39230484541326049, 18.00000000000000000 ) ) ;
#2286 = CIRCLE ( 'NONE', #4842, 6.500000000000000000 ) ;
#2287 = CARTESIAN_POINT ( 'NONE',  ( -12.37453946833653973, -6.976770277222839489, 4.650000000000011013 ) ) ;
#2288 = CARTESIAN_POINT ( 'NONE',  ( -1.550000000000164579, -14.00000000000000000, 5.013199000000000468E-15 ) ) ;
#2289 = CIRCLE ( 'NONE', #5291, 1.999999999999999334 ) ;
#2290 = AXIS2_PLACEMENT_3D ( 'NONE', #4570, #330, #793 ) ;
#2291 = CARTESIAN_POINT ( 'NONE',  ( -18.09999999999999787, 6.500000000000000000, 5.927614000000000161E-15 ) ) ;
#2292 = ORIENTED_EDGE ( 'NONE', *, *, #1885, .T. ) ;
#2293 = VERTEX_POINT ( 'NONE', #2408 ) ;
#2294 = EDGE_CURVE ( 'NONE', #4954, #4751, #1145, .T. ) ;
#2295 = EDGE_LOOP ( 'NONE', ( #2801, #5127, #2403, #3597 ) ) ;
#2296 = ORIENTED_EDGE ( 'NONE', *, *, #5405, .F. ) ;
#2297 = EDGE_CURVE ( 'NONE', #165, #3526, #4892, .T. ) ;
#2298 = EDGE_LOOP ( 'NONE', ( #3968, #1138, #196, #2821, #5021, #1571, #2844, #229, #4581, #1074, #4217, #2954, #243, #2892, #524, #1708, #21, #4686, #4946, #2767, #608, #2379, #3365, #3800 ) ) ;
#2299 = ORIENTED_EDGE ( 'NONE', *, *, #377, .F. ) ;
#2300 = ORIENTED_EDGE ( 'NONE', *, *, #3302, .T. ) ;
#2301 = CARTESIAN_POINT ( 'NONE',  ( -16.44999999999999929, 5.500000000000000000, 17.69999999999994955 ) ) ;
#2302 = CARTESIAN_POINT ( 'NONE',  ( 5.515026151380640229, 4.762614999999999917E-31, -7.500000000000165201 ) ) ;
#2303 = EDGE_CURVE ( 'NONE', #3354, #3531, #4467, .T. ) ;
#2304 = DIRECTION ( 'NONE',  ( -0.7071067811865457964, -0.7071067811865492381, 0.0000000000000000000 ) ) ;
#2305 = ORIENTED_EDGE ( 'NONE', *, *, #4077, .T. ) ;
#2306 = DIRECTION ( 'NONE',  ( 1.000000000000000000, 3.123122829824004598E-32, 1.165565307918146053E-31 ) ) ;
#2307 = LINE ( 'NONE', #238, #960 ) ;
#2308 = CARTESIAN_POINT ( 'NONE',  ( 2.199999999999988187, -10.42820323027551943, -13.93782217350891983 ) ) ;
#2309 = DIRECTION ( 'NONE',  ( 0.0000000000000000000, 0.9681476403781076323, -0.2503800040544421623 ) ) ;
#2310 = CIRCLE ( 'NONE', #3191, 0.5000000000000001110 ) ;
#2311 = ORIENTED_EDGE ( 'NONE', *, *, #3161, .F. ) ;
#2312 = CARTESIAN_POINT ( 'NONE',  ( 0.1999999999999889921, -19.05130391373210230, 3.002173670980185172 ) ) ;
#2313 = CARTESIAN_POINT ( 'NONE',  ( -5.700000000000000178, -9.500000000000000000, -3.094346038583040137 ) ) ;
#2314 = CARTESIAN_POINT ( 'NONE',  ( -18.10000000000000142, 6.856406460551009552, 17.50000000000000000 ) ) ;
#2315 = FACE_OUTER_BOUND ( 'NONE', #2230, .T. ) ;
#2316 = CARTESIAN_POINT ( 'NONE',  ( -10.86291720293097285, -7.627421870355449052, 3.150156460327418362 ) ) ;
#2317 = VERTEX_POINT ( 'NONE', #4529 ) ;
#2318 = ORIENTED_EDGE ( 'NONE', *, *, #532, .F. ) ;
#2319 = ORIENTED_EDGE ( 'NONE', *, *, #510, .T. ) ;
#2320 = ORIENTED_EDGE ( 'NONE', *, *, #4032, .F. ) ;
#2321 = VECTOR ( 'NONE', #4909, 1000.000000000000000 ) ;
#2322 = EDGE_LOOP ( 'NONE', ( #5356, #4037, #1978, #5152 ) ) ;
#2323 = ORIENTED_EDGE ( 'NONE', *, *, #3049, .F. ) ;
#2324 = CARTESIAN_POINT ( 'NONE',  ( -18.10000000000000142, -17.31925310616325220, 2.002173670980184728 ) ) ;
#2325 = DIRECTION ( 'NONE',  ( 0.0000000000000000000, -0.01745240643728400085, -0.9998476951563911586 ) ) ;
#2326 = VECTOR ( 'NONE', #1899, 1000.000000000000000 ) ;
#2327 = DIRECTION ( 'NONE',  ( 1.000000000000000000, 0.0000000000000000000, 0.0000000000000000000 ) ) ;
#2328 = ORIENTED_EDGE ( 'NONE', *, *, #280, .F. ) ;
#2329 = DIRECTION ( 'NONE',  ( 0.0000000000000000000, -1.000000000000000000, 0.0000000000000000000 ) ) ;
#2330 = LINE ( 'NONE', #5258, #1046 ) ;
#2331 = DIRECTION ( 'NONE',  ( 0.0000000000000000000, -1.000000000000000000, 0.0000000000000000000 ) ) ;
#2332 = DIRECTION ( 'NONE',  ( -1.000000000000000000, 0.0000000000000000000, 0.0000000000000000000 ) ) ;
#2333 = EDGE_CURVE ( 'NONE', #674, #611, #2708, .T. ) ;
#2334 = ADVANCED_FACE ( 'NONE', ( #265 ), #3643, .T. ) ;
#2335 = VERTEX_POINT ( 'NONE', #4917 ) ;
#2336 = DIRECTION ( 'NONE',  ( -0.7071067811865484609, -0.7071067811865467956, 0.0000000000000000000 ) ) ;
#2337 = ORIENTED_EDGE ( 'NONE', *, *, #5002, .T. ) ;
#2338 = DIRECTION ( 'NONE',  ( 0.0000000000000000000, 0.0000000000000000000, 1.000000000000000000 ) ) ;
#2339 = DIRECTION ( 'NONE',  ( 1.000000000000000000, 3.324909441350534569E-32, 8.598800479241670414E-33 ) ) ;
#2340 = AXIS2_PLACEMENT_3D ( 'NONE', #5142, #1420, #3038 ) ;
#2341 = PLANE ( 'NONE',  #2878 ) ;
#2342 = DIRECTION ( 'NONE',  ( -1.000000000000000000, 0.0000000000000000000, 0.0000000000000000000 ) ) ;
#2343 = VECTOR ( 'NONE', #1161, 1000.000000000000000 ) ;
#2344 = CIRCLE ( 'NONE', #4362, 1.999999999999998890 ) ;
#2345 = FACE_OUTER_BOUND ( 'NONE', #1680, .T. ) ;
#2346 = CIRCLE ( 'NONE', #2786, 2.000000000000000000 ) ;
#2347 = VERTEX_POINT ( 'NONE', #1918 ) ;
#2348 = VECTOR ( 'NONE', #4901, 1000.000000000000000 ) ;
#2349 = VERTEX_POINT ( 'NONE', #2796 ) ;
#2350 = VERTEX_POINT ( 'NONE', #4085 ) ;
#2351 = VERTEX_POINT ( 'NONE', #4478 ) ;
#2352 = VECTOR ( 'NONE', #4694, 1000.000000000000114 ) ;
#2353 = ORIENTED_EDGE ( 'NONE', *, *, #5274, .F. ) ;
#2354 = CARTESIAN_POINT ( 'NONE',  ( -17.60000000000000142, -19.28922079535404777, 0.2641700014559200116 ) ) ;
#2355 = EDGE_CURVE ( 'NONE', #1508, #477, #2792, .T. ) ;
#2356 = VECTOR ( 'NONE', #2619, 1000.000000000000000 ) ;
#2357 = EDGE_CURVE ( 'NONE', #4913, #1820, #204, .T. ) ;
#2358 = DIRECTION ( 'NONE',  ( 0.0000000000000000000, 0.2588190451025204064, -0.9659258262890684232 ) ) ;
#2359 = CARTESIAN_POINT ( 'NONE',  ( 0.1999999999999859945, -19.31894849647600054, 1.967268858105619911 ) ) ;
#2360 = CYLINDRICAL_SURFACE ( 'NONE', #3918, 7.500000000000119016 ) ;
#2361 = EDGE_CURVE ( 'NONE', #1822, #3155, #4059, .T. ) ;
#2362 = CARTESIAN_POINT ( 'NONE',  ( -16.44999999999999929, -6.000000000000000000, -18.00000000000000000 ) ) ;
#2363 = ORIENTED_EDGE ( 'NONE', *, *, #1951, .T. ) ;
#2364 = CARTESIAN_POINT ( 'NONE',  ( 0.2000000000000000944, -10.42820323027551943, -13.93782217350891983 ) ) ;
#2365 = ORIENTED_EDGE ( 'NONE', *, *, #4832, .T. ) ;
#2366 = EDGE_CURVE ( 'NONE', #4746, #4802, #5454, .T. ) ;
#2367 = CARTESIAN_POINT ( 'NONE',  ( -17.60000000000000142, 19.28460969082654941, 6.661337999999999854E-15 ) ) ;
#2368 = DIRECTION ( 'NONE',  ( 1.000000000000000000, 0.0000000000000000000, 0.0000000000000000000 ) ) ;
#2369 = CARTESIAN_POINT ( 'NONE',  ( -15.94999999999999929, -6.000000000000000000, 18.00000000000000000 ) ) ;
#2370 = DIRECTION ( 'NONE',  ( -1.000000000000000000, 0.0000000000000000000, 0.0000000000000000000 ) ) ;
#2371 = CIRCLE ( 'NONE', #4737, 0.5000000000000006661 ) ;
#2372 = LINE ( 'NONE', #3933, #2478 ) ;
#2373 = ADVANCED_FACE ( 'NONE', ( #1887 ), #420, .F. ) ;
#2374 = EDGE_CURVE ( 'NONE', #167, #3256, #1713, .T. ) ;
#2375 = FACE_OUTER_BOUND ( 'NONE', #5243, .T. ) ;
#2376 = AXIS2_PLACEMENT_3D ( 'NONE', #4411, #191, #1874 ) ;
#2377 = CIRCLE ( 'NONE', #3604, 12.50000000000000000 ) ;
#2378 = EDGE_LOOP ( 'NONE', ( #3428, #1632, #4636, #364 ) ) ;
#2379 = ORIENTED_EDGE ( 'NONE', *, *, #3571, .F. ) ;
#2380 = ORIENTED_EDGE ( 'NONE', *, *, #5027, .F. ) ;
#2381 =( GEOMETRIC_REPRESENTATION_CONTEXT ( 3 ) GLOBAL_UNCERTAINTY_ASSIGNED_CONTEXT ( ( #5015 ) ) GLOBAL_UNIT_ASSIGNED_CONTEXT ( ( #3315, #2464, #1540 ) ) REPRESENTATION_CONTEXT ( 'NONE', 'WORKASPACE' ) );
#2382 = VERTEX_POINT ( 'NONE', #1196 ) ;
#2383 = CARTESIAN_POINT ( 'NONE',  ( -1.050000000000159694, 9.000000000000000000, 6.039127999999999551E-15 ) ) ;
#2384 = DIRECTION ( 'NONE',  ( -1.000000000000000000, 0.0000000000000000000, 0.0000000000000000000 ) ) ;
#2385 = EDGE_LOOP ( 'NONE', ( #1968, #4057, #577, #2662 ) ) ;
#2386 = CARTESIAN_POINT ( 'NONE',  ( -17.60000000000000142, -19.28922079535404777, 0.2641700014559200116 ) ) ;
#2387 = CARTESIAN_POINT ( 'NONE',  ( -16.44999999999999929, -5.500000000000000000, 18.00000000000000000 ) ) ;
#2388 = COORDINATED_UNIVERSAL_TIME_OFFSET ( 5, 0, .BEHIND. ) ;
#2389 = ORIENTED_EDGE ( 'NONE', *, *, #4074, .F. ) ;
#2390 = DIRECTION ( 'NONE',  ( -1.000000000000000000, 0.0000000000000000000, 0.0000000000000000000 ) ) ;
#2391 = VERTEX_POINT ( 'NONE', #1663 ) ;
#2392 = CARTESIAN_POINT ( 'NONE',  ( 16.19999999999999929, 12.50000000000000000, 1.530808000000000084E-15 ) ) ;
#2393 = CARTESIAN_POINT ( 'NONE',  ( -18.09999999999999787, -11.48886340237263681, -14.99848234560603721 ) ) ;
#2394 = DIRECTION ( 'NONE',  ( 0.0000000000000000000, 0.0000000000000000000, 1.000000000000000000 ) ) ;
#2395 = CARTESIAN_POINT ( 'NONE',  ( -15.94999999999999929, -5.500000000000000000, -18.00000000000000000 ) ) ;
#2396 = LINE ( 'NONE', #2011, #5452 ) ;
#2397 = CIRCLE ( 'NONE', #4679, 0.5000000000000000000 ) ;
#2398 = CARTESIAN_POINT ( 'NONE',  ( 2.199999999999988187, -12.62500000000000000, 5.074530999999999864E-15 ) ) ;
#2399 = DIRECTION ( 'NONE',  ( -1.000000000000000000, 0.0000000000000000000, 0.0000000000000000000 ) ) ;
#2400 = EDGE_CURVE ( 'NONE', #337, #499, #4973, .T. ) ;
#2401 = EDGE_CURVE ( 'NONE', #5204, #1767, #4583, .T. ) ;
#2402 = ORIENTED_EDGE ( 'NONE', *, *, #2401, .T. ) ;
#2403 = ORIENTED_EDGE ( 'NONE', *, *, #62, .F. ) ;
#2404 = VERTEX_POINT ( 'NONE', #390 ) ;
#2405 = ORIENTED_EDGE ( 'NONE', *, *, #1253, .F. ) ;
#2406 = LINE ( 'NONE', #678, #1308 ) ;
#2407 = CIRCLE ( 'NONE', #739, 0.5000000000000000000 ) ;
#2408 = CARTESIAN_POINT ( 'NONE',  ( 17.19999999999999929, -11.50000000000000000, 5.124712999999999857E-15 ) ) ;
#2409 = DIRECTION ( 'NONE',  ( -0.0000000000000000000, 0.0000000000000000000, 1.000000000000000000 ) ) ;
#2410 = DIRECTION ( 'NONE',  ( 0.0000000000000000000, 0.0000000000000000000, 1.000000000000000000 ) ) ;
#2411 = APPROVAL_STATUS ( 'not_yet_approved' ) ;
#2412 = VECTOR ( 'NONE', #1157, 1000.000000000000000 ) ;
#2413 = DIRECTION ( 'NONE',  ( 0.7071067811865474617, 0.0000000000000000000, -0.7071067811865474617 ) ) ;
#2414 = AXIS2_PLACEMENT_3D ( 'NONE', #66, #5008, #2908 ) ;
#2415 = ORIENTED_EDGE ( 'NONE', *, *, #3677, .F. ) ;
#2416 = LINE ( 'NONE', #4013, #1375 ) ;
#2417 = CARTESIAN_POINT ( 'NONE',  ( -18.09999999999999787, 10.42820323027549989, -13.93782217350893937 ) ) ;
#2418 = CARTESIAN_POINT ( 'NONE',  ( 3.700000000000000178, 12.62500000000000000, 0.0000000000000000000 ) ) ;
#2419 = CARTESIAN_POINT ( 'NONE',  ( -1.449999999999999956, -6.000000000000000000, 18.00000000000000000 ) ) ;
#2420 = DIRECTION ( 'NONE',  ( -1.000000000000000000, 0.0000000000000000000, 0.0000000000000000000 ) ) ;
#2421 = ADVANCED_FACE ( 'NONE', ( #2875 ), #345, .F. ) ;
#2422 = AXIS2_PLACEMENT_3D ( 'NONE', #2395, #2010, #358 ) ;
#2423 = DIRECTION ( 'NONE',  ( 1.000000000000000000, 8.842992552705229408E-32, 8.842992552705229408E-32 ) ) ;
#2424 = DIRECTION ( 'NONE',  ( 1.000000000000000000, 0.0000000000000000000, 0.0000000000000000000 ) ) ;
#2425 = AXIS2_PLACEMENT_3D ( 'NONE', #3710, #5403, #2062 ) ;
#2426 = ADVANCED_FACE ( 'NONE', ( #3385 ), #4608, .T. ) ;
#2427 = AXIS2_PLACEMENT_3D ( 'NONE', #4459, #3894, #2336 ) ;
#2428 = ORIENTED_EDGE ( 'NONE', *, *, #1679, .F. ) ;
#2429 = ORIENTED_EDGE ( 'NONE', *, *, #697, .F. ) ;
#2430 = VERTEX_POINT ( 'NONE', #1226 ) ;
#2431 = EDGE_CURVE ( 'NONE', #2607, #1124, #4220, .T. ) ;
#2432 = EDGE_CURVE ( 'NONE', #2601, #2147, #3312, .T. ) ;
#2433 = ORIENTED_EDGE ( 'NONE', *, *, #1133, .F. ) ;
#2434 = CARTESIAN_POINT ( 'NONE',  ( -10.09999999999999964, -9.500000000000000000, -3.094346038583040137 ) ) ;
#2435 = AXIS2_PLACEMENT_3D ( 'NONE', #2215, #2187, #3445 ) ;
#2436 = EDGE_CURVE ( 'NONE', #2616, #2725, #2025, .T. ) ;
#2437 = EDGE_CURVE ( 'NONE', #5409, #601, #5389, .T. ) ;
#2438 = DIRECTION ( 'NONE',  ( -1.000000000000000000, 0.0000000000000000000, 0.0000000000000000000 ) ) ;
#2439 = PLANE ( 'NONE',  #1222 ) ;
#2440 = DIRECTION ( 'NONE',  ( -1.000000000000000000, 0.0000000000000000000, 0.0000000000000000000 ) ) ;
#2441 = CALENDAR_DATE ( 2020, 17, 12 ) ;
#2442 = VECTOR ( 'NONE', #4243, 1000.000000000000000 ) ;
#2443 = CARTESIAN_POINT ( 'NONE',  ( -1.050000000000159694, 0.0000000000000000000, 0.0000000000000000000 ) ) ;
#2444 = VERTEX_POINT ( 'NONE', #4561 ) ;
#2445 = DIRECTION ( 'NONE',  ( 0.0000000000000000000, 0.0000000000000000000, 1.000000000000000000 ) ) ;
#2446 = DIRECTION ( 'NONE',  ( 1.000000000000000000, 7.287284186298009598E-32, 2.719651069527359554E-31 ) ) ;
#2447 = CARTESIAN_POINT ( 'NONE',  ( -18.09999999999999787, 18.81902464889785165, -1.975995061324260282 ) ) ;
#2448 = DIRECTION ( 'NONE',  ( 0.0000000000000000000, 1.000000000000000000, 0.0000000000000000000 ) ) ;
#2449 = DIRECTION ( 'NONE',  ( 0.0000000000000000000, -1.000000000000000000, 0.0000000000000000000 ) ) ;
#2450 = CARTESIAN_POINT ( 'NONE',  ( 0.2000000000000000944, 10.42820323027549989, -13.93782217350893937 ) ) ;
#2451 = DIRECTION ( 'NONE',  ( 0.0000000000000000000, 0.7071067811865480168, 0.7071067811865471286 ) ) ;
#2452 = CIRCLE ( 'NONE', #3153, 1.000000000000000000 ) ;
#2453 = CIRCLE ( 'NONE', #76, 2.000000000000000000 ) ;
#2454 = ORIENTED_EDGE ( 'NONE', *, *, #1108, .T. ) ;
#2455 = EDGE_CURVE ( 'NONE', #2968, #1787, #4189, .T. ) ;
#2456 = ORIENTED_EDGE ( 'NONE', *, *, #3571, .T. ) ;
#2457 = ORIENTED_EDGE ( 'NONE', *, *, #2920, .T. ) ;
#2458 = LINE ( 'NONE', #232, #3160 ) ;
#2459 = CIRCLE ( 'NONE', #1231, 0.5000000000000000000 ) ;
#2460 = AXIS2_PLACEMENT_3D ( 'NONE', #2749, #5200, #4781 ) ;
#2461 = DIRECTION ( 'NONE',  ( 0.0000000000000000000, 0.0000000000000000000, -1.000000000000000000 ) ) ;
#2462 = PLANE ( 'NONE',  #72 ) ;
#2463 = CARTESIAN_POINT ( 'NONE',  ( -17.85000000000000142, -17.31925310616325220, 2.002173670980184728 ) ) ;
#2464 =( NAMED_UNIT ( * ) PLANE_ANGLE_UNIT ( ) SI_UNIT ( $, .RADIAN. ) );
#2465 = EDGE_CURVE ( 'NONE', #3881, #4028, #367, .T. ) ;
#2466 = ADVANCED_FACE ( 'NONE', ( #805 ), #4907, .T. ) ;
#2467 = CARTESIAN_POINT ( 'NONE',  ( 2.200000000000000178, -18.43908891458579902, 1.500000000000000000 ) ) ;
#2468 = EDGE_LOOP ( 'NONE', ( #4974, #3408, #3255, #729 ) ) ;
#2469 = DIRECTION ( 'NONE',  ( 0.0000000000000000000, -0.9998476951563912696, -0.01745240643728200591 ) ) ;
#2470 = FACE_OUTER_BOUND ( 'NONE', #4967, .T. ) ;
#2471 = CYLINDRICAL_SURFACE ( 'NONE', #1589, 0.5000000000000012212 ) ;
#2472 = CARTESIAN_POINT ( 'NONE',  ( 2.200000000000000178, -18.43908891458579902, 1.500000000000000000 ) ) ;
#2473 = CARTESIAN_POINT ( 'NONE',  ( -18.10000000000000142, 18.81902464889785165, 1.975995061324219870 ) ) ;
#2474 = EDGE_CURVE ( 'NONE', #2172, #1298, #5, .T. ) ;
#2475 = DIRECTION ( 'NONE',  ( -1.000000000000000000, 0.0000000000000000000, 0.0000000000000000000 ) ) ;
#2476 = CYLINDRICAL_SURFACE ( 'NONE', #657, 12.62500000000000000 ) ;
#2477 = EDGE_LOOP ( 'NONE', ( #4887, #5073, #1695, #2177 ) ) ;
#2478 = VECTOR ( 'NONE', #607, 1000.000000000000000 ) ;
#2479 = ORIENTED_EDGE ( 'NONE', *, *, #5336, .T. ) ;
#2480 = ORIENTED_EDGE ( 'NONE', *, *, #138, .T. ) ;
#2481 = CARTESIAN_POINT ( 'NONE',  ( -11.10000000000002807, -9.000000000000035527, 3.094346038583046798 ) ) ;
#2482 = EDGE_CURVE ( 'NONE', #3798, #1706, #4162, .T. ) ;
#2483 = ORIENTED_EDGE ( 'NONE', *, *, #3178, .T. ) ;
#2484 = CARTESIAN_POINT ( 'NONE',  ( -18.10000000000000142, -6.500000000000000000, 0.0000000000000000000 ) ) ;
#2485 = ORIENTED_EDGE ( 'NONE', *, *, #1824, .F. ) ;
#2486 = PLANE ( 'NONE',  #2638 ) ;
#2487 = FACE_OUTER_BOUND ( 'NONE', #1794, .T. ) ;
#2488 = PERSON_AND_ORGANIZATION ( #3078, #4218 ) ;
#2489 = DIRECTION ( 'NONE',  ( -1.000000000000000000, 0.0000000000000000000, 0.0000000000000000000 ) ) ;
#2490 = VERTEX_POINT ( 'NONE', #1272 ) ;
#2491 = CARTESIAN_POINT ( 'NONE',  ( 2.199999999999984635, 0.0000000000000000000, 0.0000000000000000000 ) ) ;
#2492 = CIRCLE ( 'NONE', #2142, 7.500000000000239808 ) ;
#2493 = DIRECTION ( 'NONE',  ( 1.000000000000000000, 0.0000000000000000000, 0.0000000000000000000 ) ) ;
#2494 = CARTESIAN_POINT ( 'NONE',  ( -14.49999999999999822, -14.00000000000000000, 5.013199000000000468E-15 ) ) ;
#2495 = ADVANCED_FACE ( 'NONE', ( #2949 ), #4637, .F. ) ;
#2496 = CARTESIAN_POINT ( 'NONE',  ( -5.700000000000000178, -9.500000000000000000, -3.094346038583040137 ) ) ;
#2497 = EDGE_CURVE ( 'NONE', #732, #2706, #498, .T. ) ;
#2498 = CYLINDRICAL_SURFACE ( 'NONE', #3509, 0.5000000000000004441 ) ;
#2499 = CIRCLE ( 'NONE', #5328, 1.999999999999999334 ) ;
#2500 = LINE ( 'NONE', #2398, #3000 ) ;
#2501 = DIRECTION ( 'NONE',  ( -1.000000000000000000, 0.0000000000000000000, 0.0000000000000000000 ) ) ;
#2502 = EDGE_CURVE ( 'NONE', #2404, #2335, #1766, .T. ) ;
#2503 = VERTEX_POINT ( 'NONE', #1854 ) ;
#2504 = AXIS2_PLACEMENT_3D ( 'NONE', #2419, #4096, #2448 ) ;
#2505 = ORIENTED_EDGE ( 'NONE', *, *, #2265, .F. ) ;
#2506 = VERTEX_POINT ( 'NONE', #1739 ) ;
#2507 = LINE ( 'NONE', #1246, #2970 ) ;
#2508 = AXIS2_PLACEMENT_3D ( 'NONE', #3784, #3012, #4648 ) ;
#2509 = AXIS2_PLACEMENT_3D ( 'NONE', #1134, #2423, #1580 ) ;
#2510 = ORIENTED_EDGE ( 'NONE', *, *, #3939, .F. ) ;
#2511 = VECTOR ( 'NONE', #2879, 1000.000000000000000 ) ;
#2512 = CARTESIAN_POINT ( 'NONE',  ( 17.19999999999999929, -11.50000000000000000, 0.0000000000000000000 ) ) ;
#2513 = ORIENTED_EDGE ( 'NONE', *, *, #1510, .F. ) ;
#2514 = CARTESIAN_POINT ( 'NONE',  ( -18.09999999999999787, -18.78453352680459787, 4.669760000000000371E-15 ) ) ;
#2515 = FACE_OUTER_BOUND ( 'NONE', #2267, .T. ) ;
#2516 = COORDINATED_UNIVERSAL_TIME_OFFSET ( 5, 0, .BEHIND. ) ;
#2517 = CIRCLE ( 'NONE', #3309, 1.499999999999998890 ) ;
#2518 = CARTESIAN_POINT ( 'NONE',  ( 2.199999999999988187, -6.856406460551029092, -16.00000000000000000 ) ) ;
#2519 = ORIENTED_EDGE ( 'NONE', *, *, #1528, .F. ) ;
#2520 = ADVANCED_FACE ( 'NONE', ( #5159 ), #1412, .T. ) ;
#2521 = CARTESIAN_POINT ( 'NONE',  ( 2.199999999999988187, 26.83036543713684807, 6.834463000000000473E-15 ) ) ;
#2522 = DIRECTION ( 'NONE',  ( 0.7070529271412500094, 0.7071606311305729253, 3.154335000000000403E-17 ) ) ;
#2523 = AXIS2_PLACEMENT_3D ( 'NONE', #2075, #2899, #2129 ) ;
#2524 = LINE ( 'NONE', #4696, #3689 ) ;
#2525 = FACE_OUTER_BOUND ( 'NONE', #3467, .T. ) ;
#2526 = DIRECTION ( 'NONE',  ( 0.0000000000000000000, 0.0000000000000000000, -1.000000000000000000 ) ) ;
#2527 = AXIS2_PLACEMENT_3D ( 'NONE', #2666, #1871, #633 ) ;
#2528 = ADVANCED_FACE ( 'NONE', ( #3440 ), #968, .F. ) ;
#2529 = PLANE ( 'NONE',  #2784 ) ;
#2530 = DIRECTION ( 'NONE',  ( 1.000000000000000000, 0.0000000000000000000, 0.0000000000000000000 ) ) ;
#2531 = ADVANCED_FACE ( 'NONE', ( #4328 ), #1440, .F. ) ;
#2532 = DIRECTION ( 'NONE',  ( 0.0000000000000000000, 0.0000000000000000000, -1.000000000000000000 ) ) ;
#2533 = EDGE_CURVE ( 'NONE', #4693, #3053, #4821, .T. ) ;
#2534 = EDGE_LOOP ( 'NONE', ( #5246, #1881, #2239, #5025 ) ) ;
#2535 = ORIENTED_EDGE ( 'NONE', *, *, #2872, .F. ) ;
#2536 = ORIENTED_EDGE ( 'NONE', *, *, #2361, .T. ) ;
#2537 = VECTOR ( 'NONE', #3876, 1000.000000000000114 ) ;
#2538 = ORIENTED_EDGE ( 'NONE', *, *, #2926, .T. ) ;
#2539 = ORIENTED_EDGE ( 'NONE', *, *, #2560, .T. ) ;
#2540 = AXIS2_PLACEMENT_3D ( 'NONE', #572, #4019, #5239 ) ;
#2541 = DIRECTION ( 'NONE',  ( 0.0000000000000000000, 0.0000000000000000000, -1.000000000000000000 ) ) ;
#2542 = ORIENTED_EDGE ( 'NONE', *, *, #1902, .F. ) ;
#2543 = CARTESIAN_POINT ( 'NONE',  ( -18.10000000000000142, -18.78524022359544787, 0.04048663203419099882 ) ) ;
#2544 = CARTESIAN_POINT ( 'NONE',  ( -10.09999999999999964, -10.00000000000000000, 4.649999999999999467 ) ) ;
#2545 = VECTOR ( 'NONE', #4849, 1000.000000000000000 ) ;
#2546 = CIRCLE ( 'NONE', #4397, 1.000000000000000666 ) ;
#2547 = DIRECTION ( 'NONE',  ( 1.000000000000000000, 0.0000000000000000000, 0.0000000000000000000 ) ) ;
#2548 = EDGE_LOOP ( 'NONE', ( #4607, #5130, #4168, #3488 ) ) ;
#2549 = FACE_OUTER_BOUND ( 'NONE', #3588, .T. ) ;
#2550 = CARTESIAN_POINT ( 'NONE',  ( -17.60000000000000142, 11.42820323027549989, -15.66987298107780013 ) ) ;
#2551 = DIRECTION ( 'NONE',  ( 0.0000000000000000000, 0.2588190451025201289, -0.9659258262890685343 ) ) ;
#2552 = LINE ( 'NONE', #456, #4176 ) ;
#2553 = CARTESIAN_POINT ( 'NONE',  ( -18.10000000000000142, -7.606406460551020210, 17.29903810567665090 ) ) ;
#2554 = DIRECTION ( 'NONE',  ( 0.0000000000000000000, 0.01745240643728300511, 0.9998476951563911586 ) ) ;
#2555 = DIRECTION ( 'NONE',  ( 1.000000000000000000, 7.758122359659499356E-32, 2.006386834396684799E-32 ) ) ;
#2556 = CARTESIAN_POINT ( 'NONE',  ( -11.09999999999999964, -9.000000000000000000, 4.649999999999999467 ) ) ;
#2557 = EDGE_LOOP ( 'NONE', ( #2251, #3713, #3679, #171 ) ) ;
#2558 = ORIENTED_EDGE ( 'NONE', *, *, #644, .T. ) ;
#2559 = EDGE_LOOP ( 'NONE', ( #3162, #5385, #2675, #3048 ) ) ;
#2560 = EDGE_CURVE ( 'NONE', #825, #5440, #1480, .T. ) ;
#2561 = EDGE_CURVE ( 'NONE', #4521, #155, #3754, .T. ) ;
#2562 = AXIS2_PLACEMENT_3D ( 'NONE', #1449, #1034, #918 ) ;
#2563 = VERTEX_POINT ( 'NONE', #3003 ) ;
#2564 = ORIENTED_EDGE ( 'NONE', *, *, #2982, .T. ) ;
#2565 = DIRECTION ( 'NONE',  ( 0.0000000000000000000, 0.0000000000000000000, -1.000000000000000000 ) ) ;
#2566 = ORIENTED_EDGE ( 'NONE', *, *, #2192, .F. ) ;
#2567 = DIRECTION ( 'NONE',  ( 0.0000000000000000000, -0.9681476403781078544, -0.2503800040544411076 ) ) ;
#2568 = DIRECTION ( 'NONE',  ( 0.0000000000000000000, 0.0000000000000000000, -1.000000000000000000 ) ) ;
#2569 = EDGE_CURVE ( 'NONE', #1425, #4445, #1211, .T. ) ;
#2570 = ORIENTED_EDGE ( 'NONE', *, *, #1457, .F. ) ;
#2571 = CARTESIAN_POINT ( 'NONE',  ( -17.60000000000000142, -19.05130391373210230, -3.002173670980174958 ) ) ;
#2572 = CARTESIAN_POINT ( 'NONE',  ( -1.449999999999999956, -5.500000000000000888, -17.69999999999997087 ) ) ;
#2573 = DIRECTION ( 'NONE',  ( -0.7071067811865430208, 0.7069990853988288304, 0.01234071493982700010 ) ) ;
#2574 = FACE_OUTER_BOUND ( 'NONE', #2322, .T. ) ;
#2575 = CARTESIAN_POINT ( 'NONE',  ( -2.269947697238719808, 7.500000000000220268, -9.388352999999999723E-33 ) ) ;
#2576 = CLOSED_SHELL ( 'NONE', ( #108, #3461, #1162, #1047, #2588, #3059, #2426, #1964, #4049, #474, #3792, #1210, #5404, #862, #5026, #1686, #5459, #624, #810, #3582, #3633, #3559, #4083, #2741, #5293, #3491, #4207, #4208, #318, #4788, #2936, #3557, #3965, #1374, #1935, #780, #874, #846, #4549, #4466, #583, #392, #2528, #1867, #2334, #1996, #1777, #1446, #910, #3184, #179, #4865, #3456, #1122, #2165, #1054, #3422, #2495, #1728, #2993, #4947, #943, #3380, #4177, #4988, #2809, #3707, #4833, #2064, #5048, #3642, #2520, #3403, #1444, #2935, #5164, #4559, #2089, #1423, #1225, #2466, #4385, #407, #1687, #3502, #2871 ) ) ;
#2577 = ORIENTED_EDGE ( 'NONE', *, *, #5272, .T. ) ;
#2578 = DIRECTION ( 'NONE',  ( 0.4472135954999583718, 0.8944271909999156334, 0.0000000000000000000 ) ) ;
#2579 = PLANE ( 'NONE',  #4341 ) ;
#2580 = ADVANCED_FACE ( 'NONE', ( #174 ), #1825, .F. ) ;
#2581 = VECTOR ( 'NONE', #127, 1000.000000000000000 ) ;
#2582 = DIRECTION ( 'NONE',  ( 0.0000000000000000000, 0.0000000000000000000, 1.000000000000000000 ) ) ;
#2583 = ORIENTED_EDGE ( 'NONE', *, *, #4723, .T. ) ;
#2584 = EDGE_CURVE ( 'NONE', #2617, #3937, #1381, .T. ) ;
#2585 = VECTOR ( 'NONE', #3347, 1000.000000000000000 ) ;
#2586 = ORIENTED_EDGE ( 'NONE', *, *, #2916, .T. ) ;
#2587 = ORIENTED_EDGE ( 'NONE', *, *, #951, .F. ) ;
#2588 = ADVANCED_FACE ( 'NONE', ( #4356 ), #4688, .T. ) ;
#2589 = EDGE_CURVE ( 'NONE', #504, #981, #2591, .T. ) ;
#2590 = VERTEX_POINT ( 'NONE', #470 ) ;
#2591 = LINE ( 'NONE', #3829, #2442 ) ;
#2592 = ORIENTED_EDGE ( 'NONE', *, *, #2695, .F. ) ;
#2593 = CARTESIAN_POINT ( 'NONE',  ( 0.2000000000000000944, 6.856406460551009552, -16.00000000000000000 ) ) ;
#2594 = CONICAL_SURFACE ( 'NONE', #2509, 1.750000000000001332, 0.7853981625000003852 ) ;
#2595 = PLANE ( 'NONE',  #97 ) ;
#2596 = AXIS2_PLACEMENT_3D ( 'NONE', #887, #1333, #5414 ) ;
#2597 = AXIS2_PLACEMENT_3D ( 'NONE', #4786, #4407, #632 ) ;
#2598 = EDGE_CURVE ( 'NONE', #1554, #726, #5168, .T. ) ;
#2599 = CARTESIAN_POINT ( 'NONE',  ( 0.2000000000000000944, 6.856406460551009552, -16.00000000000000000 ) ) ;
#2600 = EDGE_CURVE ( 'NONE', #2237, #4501, #937, .T. ) ;
#2601 = VERTEX_POINT ( 'NONE', #4298 ) ;
#2602 = LINE ( 'NONE', #5165, #767 ) ;
#2603 = DIRECTION ( 'NONE',  ( 0.0000000000000000000, -0.8660254037844383745, 0.5000000000000003331 ) ) ;
#2604 = DIRECTION ( 'NONE',  ( 0.0000000000000000000, -1.000000000000000000, 0.0000000000000000000 ) ) ;
#2605 = DIRECTION ( 'NONE',  ( 1.000000000000000000, 7.287284186298009598E-32, 2.719651069527359554E-31 ) ) ;
#2606 = CARTESIAN_POINT ( 'NONE',  ( -1.949999999999999956, 5.500000000000000000, 18.00000000000000000 ) ) ;
#2607 = VERTEX_POINT ( 'NONE', #1795 ) ;
#2608 = DIRECTION ( 'NONE',  ( -0.9969995923835638374, -0.07740680065089598771, -3.452779999999999973E-18 ) ) ;
#2609 = VECTOR ( 'NONE', #4364, 1000.000000000000000 ) ;
#2610 = CARTESIAN_POINT ( 'NONE',  ( -16.30355339059327235, 5.853553390593274841, -18.00000000000000000 ) ) ;
#2611 = LINE ( 'NONE', #4286, #1971 ) ;
#2612 = CARTESIAN_POINT ( 'NONE',  ( -10.10000000000002274, -10.00000000000002487, 3.094346038583046798 ) ) ;
#2613 = CIRCLE ( 'NONE', #1127, 1.999999999999999334 ) ;
#2614 = FACE_OUTER_BOUND ( 'NONE', #2534, .T. ) ;
#2615 = ORIENTED_EDGE ( 'NONE', *, *, #4152, .F. ) ;
#2616 = VERTEX_POINT ( 'NONE', #2210 ) ;
#2617 = VERTEX_POINT ( 'NONE', #3466 ) ;
#2618 = ORIENTED_EDGE ( 'NONE', *, *, #3630, .F. ) ;
#2619 = DIRECTION ( 'NONE',  ( -1.000000000000000000, 0.0000000000000000000, 0.0000000000000000000 ) ) ;
#2620 = EDGE_LOOP ( 'NONE', ( #4351, #1188, #4163, #856 ) ) ;
#2621 = CARTESIAN_POINT ( 'NONE',  ( 0.1999999999999849953, 9.999999999999976907, 17.32050807568877460 ) ) ;
#2622 = VECTOR ( 'NONE', #4428, 1000.000000000000000 ) ;
#2623 = DIRECTION ( 'NONE',  ( 0.0000000000000000000, 0.2588190451025197958, -0.9659258262890685343 ) ) ;
#2624 = CIRCLE ( 'NONE', #432, 20.00000000000000711 ) ;
#2625 = CARTESIAN_POINT ( 'NONE',  ( -17.85000000000000142, 19.09673853900575224, 3.561541045296789942 ) ) ;
#2626 = CARTESIAN_POINT ( 'NONE',  ( 2.199999999999988187, 10.42820323027549989, -13.93782217350893937 ) ) ;
#2627 = LINE ( 'NONE', #3889, #4592 ) ;
#2628 = DIRECTION ( 'NONE',  ( 0.0000000000000000000, -0.7071067811865484609, -0.7071067811865467956 ) ) ;
#2629 = FACE_OUTER_BOUND ( 'NONE', #2385, .T. ) ;
#2630 = CARTESIAN_POINT ( 'NONE',  ( 0.2000000000000000944, 12.16025403784439973, -14.93782217350893937 ) ) ;
#2631 = VECTOR ( 'NONE', #4825, 1000.000000000000000 ) ;
#2632 = EDGE_CURVE ( 'NONE', #1820, #5250, #2613, .T. ) ;
#2633 = AXIS2_PLACEMENT_3D ( 'NONE', #2162, #919, #3506 ) ;
#2634 = EDGE_CURVE ( 'NONE', #4266, #1711, #4805, .T. ) ;
#2635 = ORIENTED_EDGE ( 'NONE', *, *, #755, .F. ) ;
#2636 = CARTESIAN_POINT ( 'NONE',  ( -1.050000000000163913, 9.000000000000000000, 1.254140999999999921E-15 ) ) ;
#2637 = APPROVAL_PERSON_ORGANIZATION ( #4564, #3824, #5003 ) ;
#2638 = AXIS2_PLACEMENT_3D ( 'NONE', #2077, #472, #2976 ) ;
#2639 = APPLICATION_CONTEXT ( 'configuration controlled 3d designs of mechanical parts and assemblies' ) ;
#2640 = DIRECTION ( 'NONE',  ( -1.000000000000000000, 0.0000000000000000000, 0.0000000000000000000 ) ) ;
#2641 = PLANE ( 'NONE',  #4166 ) ;
#2642 = DIRECTION ( 'NONE',  ( 0.0000000000000000000, 0.0000000000000000000, -1.000000000000000000 ) ) ;
#2643 = DIRECTION ( 'NONE',  ( -1.000000000000000000, 0.0000000000000000000, 0.0000000000000000000 ) ) ;
#2644 = ORIENTED_EDGE ( 'NONE', *, *, #5223, .F. ) ;
#2645 = ORIENTED_EDGE ( 'NONE', *, *, #5228, .F. ) ;
#2646 = ORIENTED_EDGE ( 'NONE', *, *, #4543, .F. ) ;
#2647 = ORIENTED_EDGE ( 'NONE', *, *, #3741, .T. ) ;
#2648 = ORIENTED_EDGE ( 'NONE', *, *, #4997, .T. ) ;
#2649 = DIRECTION ( 'NONE',  ( 0.0000000000000000000, -1.000000000000000000, 0.0000000000000000000 ) ) ;
#2650 = EDGE_LOOP ( 'NONE', ( #3345, #4638, #4004, #548, #539, #2644, #3518, #701, #4132, #1555, #1139 ) ) ;
#2651 = DIRECTION ( 'NONE',  ( 0.0000000000000000000, -1.000000000000000000, 0.0000000000000000000 ) ) ;
#2652 = DIRECTION ( 'NONE',  ( 0.0000000000000000000, 0.9681476403781078544, 0.2503800040544409411 ) ) ;
#2653 = AXIS2_PLACEMENT_3D ( 'NONE', #975, #4366, #1890 ) ;
#2654 = EDGE_CURVE ( 'NONE', #4442, #3111, #4470, .T. ) ;
#2655 = ADVANCED_FACE ( 'NONE', ( #3874 ), #100, .F. ) ;
#2656 = CARTESIAN_POINT ( 'NONE',  ( -17.84999999999999787, 17.31925310616325220, -2.002173670980184728 ) ) ;
#2657 = VERTEX_POINT ( 'NONE', #2727 ) ;
#2658 = CARTESIAN_POINT ( 'NONE',  ( -14.50000000000000000, 8.569990930820720720, 0.0000000000000000000 ) ) ;
#2659 = CARTESIAN_POINT ( 'NONE',  ( -15.94999999999999929, -6.000000000000000888, -17.69999999999997087 ) ) ;
#2660 = FACE_OUTER_BOUND ( 'NONE', #642, .T. ) ;
#2661 = CARTESIAN_POINT ( 'NONE',  ( -1.949999999999999956, -5.500000000000000000, -18.00000000000000000 ) ) ;
#2662 = ORIENTED_EDGE ( 'NONE', *, *, #4519, .F. ) ;
#2663 = CARTESIAN_POINT ( 'NONE',  ( -18.09999999999999787, -7.606406460551029980, -17.29903810567665090 ) ) ;
#2664 = EDGE_CURVE ( 'NONE', #4942, #5182, #1399, .T. ) ;
#2665 = EDGE_CURVE ( 'NONE', #1301, #2490, #3897, .T. ) ;
#2666 = CARTESIAN_POINT ( 'NONE',  ( -5.700000000000000178, -5.500000000000000000, 5.392347000000000688E-15 ) ) ;
#2667 = FACE_BOUND ( 'NONE', #4862, .T. ) ;
#2668 = DIRECTION ( 'NONE',  ( 0.0000000000000000000, -1.000000000000000000, 0.0000000000000000000 ) ) ;
#2669 = CARTESIAN_POINT ( 'NONE',  ( -1.449999999999999956, -5.500000000000000000, -18.00000000000000000 ) ) ;
#2670 = DIRECTION ( 'NONE',  ( 1.000000000000000000, 0.0000000000000000000, 0.0000000000000000000 ) ) ;
#2671 = ORIENTED_EDGE ( 'NONE', *, *, #1524, .T. ) ;
#2672 = EDGE_CURVE ( 'NONE', #4471, #363, #3016, .T. ) ;
#2673 = ORIENTED_EDGE ( 'NONE', *, *, #659, .T. ) ;
#2674 = AXIS2_PLACEMENT_3D ( 'NONE', #1929, #1520, #4462 ) ;
#2675 = ORIENTED_EDGE ( 'NONE', *, *, #2274, .T. ) ;
#2676 = VECTOR ( 'NONE', #4902, 1000.000000000000000 ) ;
#2677 = ORIENTED_EDGE ( 'NONE', *, *, #4897, .F. ) ;
#2678 = ORIENTED_EDGE ( 'NONE', *, *, #1431, .F. ) ;
#2679 = CARTESIAN_POINT ( 'NONE',  ( -10.59999999999999964, -9.000000000000000000, -3.594346038583040137 ) ) ;
#2681 = ORIENTED_EDGE ( 'NONE', *, *, #3339, .T. ) ;
#2680 = ORIENTED_EDGE ( 'NONE', *, *, #3873, .F. ) ;
#2682 = FACE_OUTER_BOUND ( 'NONE', #444, .T. ) ;
#2683 = FACE_OUTER_BOUND ( 'NONE', #2097, .T. ) ;
#2684 = AXIS2_PLACEMENT_3D ( 'NONE', #3072, #4876, #1870 ) ;
#2685 = DIRECTION ( 'NONE',  ( 0.0000000000000000000, 1.000000000000000000, 0.0000000000000000000 ) ) ;
#2686 = ORIENTED_EDGE ( 'NONE', *, *, #5357, .F. ) ;
#2687 = CYLINDRICAL_SURFACE ( 'NONE', #2653, 1.000000000000000666 ) ;
#2688 = CARTESIAN_POINT ( 'NONE',  ( 17.19999999999999929, 9.000000000000000000, 0.0000000000000000000 ) ) ;
#2689 = CARTESIAN_POINT ( 'NONE',  ( -1.550000000000159694, -14.00000000000000000, -4.649999999999999467 ) ) ;
#2690 = LINE ( 'NONE', #3535, #1237 ) ;
#2691 = AXIS2_PLACEMENT_3D ( 'NONE', #2185, #1770, #3444 ) ;
#2692 = CC_DESIGN_PERSON_AND_ORGANIZATION_ASSIGNMENT ( #2488, #1120, ( #4700 ) ) ;
#2693 = VERTEX_POINT ( 'NONE', #5174 ) ;
#2694 = CARTESIAN_POINT ( 'NONE',  ( -3.931606184477688171, -6.069800273941148738, 4.650000000000024336 ) ) ;
#2695 = EDGE_CURVE ( 'NONE', #5433, #1740, #3044, .T. ) ;
#2696 = AXIS2_PLACEMENT_3D ( 'NONE', #3891, #121, #1803 ) ;
#2697 = DIRECTION ( 'NONE',  ( 0.0000000000000000000, 1.000000000000000000, 0.0000000000000000000 ) ) ;
#2698 = CARTESIAN_POINT ( 'NONE',  ( 0.0000000000000000000, 0.0000000000000000000, -17.69999999999995310 ) ) ;
#2699 = AXIS2_PLACEMENT_3D ( 'NONE', #3781, #12, #1696 ) ;
#2700 = CARTESIAN_POINT ( 'NONE',  ( -17.60000000000000142, -7.374044550756071459, -17.93185165257813551 ) ) ;
#2701 = FACE_OUTER_BOUND ( 'NONE', #4257, .T. ) ;
#2702 = EDGE_CURVE ( 'NONE', #2693, #1767, #2961, .T. ) ;
#2703 = VECTOR ( 'NONE', #2823, 1000.000000000000000 ) ;
#2704 = DIRECTION ( 'NONE',  ( 0.0000000000000000000, -0.7071067811865484609, -0.7071067811865467956 ) ) ;
#2705 = ORIENTED_EDGE ( 'NONE', *, *, #4319, .F. ) ;
#2706 = VERTEX_POINT ( 'NONE', #3573 ) ;
#2707 = EDGE_LOOP ( 'NONE', ( #1778, #373, #3546, #1498 ) ) ;
#2708 = CIRCLE ( 'NONE', #3834, 0.4999999999999994449 ) ;
#2709 = EDGE_CURVE ( 'NONE', #1367, #2490, #4732, .T. ) ;
#2710 = EDGE_CURVE ( 'NONE', #3991, #1084, #3540, .T. ) ;
#2711 = ORIENTED_EDGE ( 'NONE', *, *, #166, .T. ) ;
#2712 = ORIENTED_EDGE ( 'NONE', *, *, #312, .F. ) ;
#2713 = VERTEX_POINT ( 'NONE', #4408 ) ;
#2714 = DIRECTION ( 'NONE',  ( 0.0000000000000000000, -1.000000000000000000, 0.0000000000000000000 ) ) ;
#2715 = ORIENTED_EDGE ( 'NONE', *, *, #5426, .T. ) ;
#2716 = PLANE ( 'NONE',  #704 ) ;
#2717 = FACE_OUTER_BOUND ( 'NONE', #2752, .T. ) ;
#2718 = PLANE ( 'NONE',  #1026 ) ;
#2719 = ORIENTED_EDGE ( 'NONE', *, *, #1262, .T. ) ;
#2720 = DIRECTION ( 'NONE',  ( 1.000000000000000000, 0.0000000000000000000, 0.0000000000000000000 ) ) ;
#2721 = DIRECTION ( 'NONE',  ( 1.000000000000000000, 0.0000000000000000000, 0.0000000000000000000 ) ) ;
#2722 = DIRECTION ( 'NONE',  ( -0.7071067811865449082, 0.7071067811865501263, 0.0000000000000000000 ) ) ;
#2723 = LINE ( 'NONE', #630, #2895 ) ;
#2724 = AXIS2_PLACEMENT_3D ( 'NONE', #2324, #556, #3915 ) ;
#2725 = VERTEX_POINT ( 'NONE', #2200 ) ;
#2726 = DIRECTION ( 'NONE',  ( 0.0000000000000000000, 1.000000000000000000, 0.0000000000000000000 ) ) ;
#2727 = CARTESIAN_POINT ( 'NONE',  ( -15.94999999999999929, -6.000000000000000888, 17.69999999999996732 ) ) ;
#2728 = CARTESIAN_POINT ( 'NONE',  ( -18.09999999999999787, -6.856406460551029092, -17.50000000000000000 ) ) ;
#2729 = AXIS2_PLACEMENT_3D ( 'NONE', #4857, #2257, #2783 ) ;
#2730 = LINE ( 'NONE', #2314, #4558 ) ;
#2731 = VECTOR ( 'NONE', #2833, 1000.000000000000114 ) ;
#2732 = CARTESIAN_POINT ( 'NONE',  ( -1.550000000000165024, -9.000000000000000000, 0.0000000000000000000 ) ) ;
#2733 = AXIS2_PLACEMENT_3D ( 'NONE', #2593, #5107, #422 ) ;
#2734 = CARTESIAN_POINT ( 'NONE',  ( -10.95355339059339350, -7.597380394880365095, 3.240792647989745756 ) ) ;
#2735 = ORIENTED_EDGE ( 'NONE', *, *, #2094, .T. ) ;
#2736 = ORIENTED_EDGE ( 'NONE', *, *, #1850, .T. ) ;
#2737 = EDGE_LOOP ( 'NONE', ( #1946, #4024, #1607, #1709 ) ) ;
#2738 = ORIENTED_EDGE ( 'NONE', *, *, #3404, .T. ) ;
#2739 = VERTEX_POINT ( 'NONE', #3453 ) ;
#2740 = EDGE_CURVE ( 'NONE', #1435, #2803, #3074, .T. ) ;
#2741 = ADVANCED_FACE ( 'NONE', ( #1809 ), #1898, .T. ) ;
#2742 = VERTEX_POINT ( 'NONE', #2610 ) ;
#2743 = DIRECTION ( 'NONE',  ( 1.000000000000000000, 0.0000000000000000000, 0.0000000000000000000 ) ) ;
#2744 = CYLINDRICAL_SURFACE ( 'NONE', #4215, 0.5000000000000000000 ) ;
#2745 = ADVANCED_FACE ( 'NONE', ( #3483 ), #4759, .T. ) ;
#2746 = DIRECTION ( 'NONE',  ( -0.0000000000000000000, -0.5000000000000003331, -0.8660254037844383745 ) ) ;
#2747 = ORIENTED_EDGE ( 'NONE', *, *, #4938, .F. ) ;
#2748 = DIRECTION ( 'NONE',  ( 0.0000000000000000000, 1.000000000000000000, 0.0000000000000000000 ) ) ;
#2749 = CARTESIAN_POINT ( 'NONE',  ( -18.10000000000000142, -10.42820323027549989, 13.93782217350891983 ) ) ;
#2750 = CARTESIAN_POINT ( 'NONE',  ( -5.700000000000000178, -9.500000000000000000, 3.094346038583060121 ) ) ;
#2751 = DIRECTION ( 'NONE',  ( 0.0000000000000000000, -0.01745240643728200591, 0.9998476951563912696 ) ) ;
#2752 = EDGE_LOOP ( 'NONE', ( #144, #2319, #4244, #258 ) ) ;
#2753 = DIRECTION ( 'NONE',  ( 0.0000000000000000000, 0.0000000000000000000, 1.000000000000000000 ) ) ;
#2754 = EDGE_LOOP ( 'NONE', ( #2081, #2827, #1531, #4837 ) ) ;
#2755 = CARTESIAN_POINT ( 'NONE',  ( -14.50000000000000000, 8.569990930820720720, 0.0000000000000000000 ) ) ;
#2756 = DIRECTION ( 'NONE',  ( -0.7071067811865449082, 0.7071067811865501263, 0.0000000000000000000 ) ) ;
#2757 = DIRECTION ( 'NONE',  ( 0.0000000000000000000, 1.000000000000000000, 0.0000000000000000000 ) ) ;
#2758 = LINE ( 'NONE', #1013, #4044 ) ;
#2759 = DIRECTION ( 'NONE',  ( 1.000000000000000000, 0.0000000000000000000, 0.0000000000000000000 ) ) ;
#2760 = ORIENTED_EDGE ( 'NONE', *, *, #3677, .T. ) ;
#2761 = EDGE_CURVE ( 'NONE', #5281, #1817, #983, .T. ) ;
#2762 = ORIENTED_EDGE ( 'NONE', *, *, #1569, .T. ) ;
#2763 = EDGE_CURVE ( 'NONE', #1654, #643, #1035, .T. ) ;
#2764 = ORIENTED_EDGE ( 'NONE', *, *, #3572, .F. ) ;
#2765 = ORIENTED_EDGE ( 'NONE', *, *, #2561, .T. ) ;
#2766 = EDGE_CURVE ( 'NONE', #3531, #3696, #4194, .T. ) ;
#2767 = ORIENTED_EDGE ( 'NONE', *, *, #2770, .F. ) ;
#2768 = EDGE_LOOP ( 'NONE', ( #2762, #3714, #3410, #83 ) ) ;
#2769 = DIRECTION ( 'NONE',  ( 0.7071067811865460184, -0.3535533905932759513, -0.6123724356957950254 ) ) ;
#2770 = EDGE_CURVE ( 'NONE', #3691, #2216, #1821, .T. ) ;
#2771 = CARTESIAN_POINT ( 'NONE',  ( 2.200000000000000178, -18.43908891458579902, 1.500000000000000000 ) ) ;
#2772 = DIRECTION ( 'NONE',  ( 1.000000000000000000, 0.0000000000000000000, 0.0000000000000000000 ) ) ;
#2773 = FACE_OUTER_BOUND ( 'NONE', #4579, .T. ) ;
#2774 = DIRECTION ( 'NONE',  ( 0.0000000000000000000, 1.000000000000000000, 0.0000000000000000000 ) ) ;
#2775 = EDGE_CURVE ( 'NONE', #527, #1367, #5355, .T. ) ;
#2776 = ADVANCED_FACE ( 'NONE', ( #1010 ), #3076, .F. ) ;
#2777 = ORIENTED_EDGE ( 'NONE', *, *, #1149, .T. ) ;
#2778 = CARTESIAN_POINT ( 'NONE',  ( -10.59999999999999964, -9.000000000000000000, 3.094346038583060121 ) ) ;
#2779 = EDGE_LOOP ( 'NONE', ( #228, #4830, #1559, #56 ) ) ;
#2780 = CARTESIAN_POINT ( 'NONE',  ( 0.1999999999999849953, -6.856406460551009552, 18.00000000000000000 ) ) ;
#2781 = CARTESIAN_POINT ( 'NONE',  ( -14.50000000000000000, -6.500000000000000000, 0.0000000000000000000 ) ) ;
#2782 = CARTESIAN_POINT ( 'NONE',  ( -10.09999999999999964, -9.500000000000000000, 3.594346038583049907 ) ) ;
#2783 = DIRECTION ( 'NONE',  ( -0.7071067811865449082, -0.7071067811865501263, 0.0000000000000000000 ) ) ;
#2784 = AXIS2_PLACEMENT_3D ( 'NONE', #74, #1318, #2578 ) ;
#2785 = PLANE ( 'NONE',  #452 ) ;
#2786 = AXIS2_PLACEMENT_3D ( 'NONE', #2364, #2390, #4066 ) ;
#2787 = CARTESIAN_POINT ( 'NONE',  ( -1.550000000000159694, -14.00000000000000000, 4.996003999999999998E-15 ) ) ;
#2788 = VECTOR ( 'NONE', #5445, 1000.000000000000000 ) ;
#2789 = ORIENTED_EDGE ( 'NONE', *, *, #3536, .F. ) ;
#2790 = EDGE_LOOP ( 'NONE', ( #2149, #3510, #441, #2211, #2096 ) ) ;
#2791 = VERTEX_POINT ( 'NONE', #5176 ) ;
#2792 = CIRCLE ( 'NONE', #4272, 1.500000000000001998 ) ;
#2793 = ORIENTED_EDGE ( 'NONE', *, *, #1317, .T. ) ;
#2794 = LINE ( 'NONE', #2869, #859 ) ;
#2795 = VECTOR ( 'NONE', #216, 1000.000000000000000 ) ;
#2796 = CARTESIAN_POINT ( 'NONE',  ( -18.10000000000000142, -6.856406460551009552, 17.50000000000000000 ) ) ;
#2797 = ORIENTED_EDGE ( 'NONE', *, *, #4273, .F. ) ;
#2798 = CARTESIAN_POINT ( 'NONE',  ( -1.050000000000166134, 7.500000000000099476, 5.178892000000000014E-30 ) ) ;
#2799 = CARTESIAN_POINT ( 'NONE',  ( -16.44999999999999929, 5.500000000000000000, -17.69999999999999929 ) ) ;
#2800 = PERSON_AND_ORGANIZATION_ROLE ( 'creator' ) ;
#2801 = ORIENTED_EDGE ( 'NONE', *, *, #281, .T. ) ;
#2802 = DIRECTION ( 'NONE',  ( 0.7071067818211388412, 0.6845837610867366863, -0.1770453985815221565 ) ) ;
#2803 = VERTEX_POINT ( 'NONE', #3168 ) ;
#2804 = FACE_OUTER_BOUND ( 'NONE', #2378, .T. ) ;
#2805 = CARTESIAN_POINT ( 'NONE',  ( 0.2000000000000000944, 19.25554838691946458, -2.502933679089069496 ) ) ;
#2806 = DIRECTION ( 'NONE',  ( -1.000000000000000000, 0.0000000000000000000, 0.0000000000000000000 ) ) ;
#2807 = EDGE_CURVE ( 'NONE', #3112, #2968, #55, .T. ) ;
#2808 = CYLINDRICAL_SURFACE ( 'NONE', #3733, 12.50000000000000000 ) ;
#2809 = ADVANCED_FACE ( 'NONE', ( #4792 ), #2341, .F. ) ;
#2810 = CARTESIAN_POINT ( 'NONE',  ( -1.596446609406726225, -5.853553390593273953, -17.69999999999995310 ) ) ;
#2811 = AXIS2_PLACEMENT_3D ( 'NONE', #3416, #3801, #4585 ) ;
#2812 = FACE_OUTER_BOUND ( 'NONE', #2906, .T. ) ;
#2813 = AXIS2_PLACEMENT_3D ( 'NONE', #1535, #3206, #4915 ) ;
#2814 = DIRECTION ( 'NONE',  ( 0.0000000000000000000, 0.0000000000000000000, 1.000000000000000000 ) ) ;
#2815 = AXIS2_PLACEMENT_3D ( 'NONE', #4072, #5449, #3273 ) ;
#2816 = CIRCLE ( 'NONE', #788, 2.000000000000000000 ) ;
#2817 = ORIENTED_EDGE ( 'NONE', *, *, #650, .T. ) ;
#2818 = ORIENTED_EDGE ( 'NONE', *, *, #2598, .F. ) ;
#2819 = VERTEX_POINT ( 'NONE', #2225 ) ;
#2820 = CC_DESIGN_APPROVAL ( #565, ( #3688 ) ) ;
#2821 = ORIENTED_EDGE ( 'NONE', *, *, #3501, .F. ) ;
#2822 = LINE ( 'NONE', #3641, #5094 ) ;
#2823 = DIRECTION ( 'NONE',  ( 0.0000000000000000000, 1.000000000000000000, 0.0000000000000000000 ) ) ;
#2824 = EDGE_CURVE ( 'NONE', #1023, #98, #250, .T. ) ;
#2825 = CARTESIAN_POINT ( 'NONE',  ( -17.84999999999999787, -16.35808822000420193, -7.166960088258799821 ) ) ;
#2826 = CARTESIAN_POINT ( 'NONE',  ( -18.09999999999999787, 7.606406460551010440, -17.29903810567665090 ) ) ;
#2827 = ORIENTED_EDGE ( 'NONE', *, *, #1970, .T. ) ;
#2828 = EDGE_CURVE ( 'NONE', #674, #1500, #986, .T. ) ;
#2829 = CARTESIAN_POINT ( 'NONE',  ( -14.49999999999999822, -6.500000000000000000, 5.060838000000000372E-16 ) ) ;
#2830 = VERTEX_POINT ( 'NONE', #635 ) ;
#2831 = CARTESIAN_POINT ( 'NONE',  ( -20.00000000000000000, 10.39230484541326049, 18.00000000000000000 ) ) ;
#2832 = LINE ( 'NONE', #4538, #2412 ) ;
#2833 = DIRECTION ( 'NONE',  ( 0.7071067811865479058, 0.3535533905932739529, -0.6123724356957939152 ) ) ;
#2834 = CARTESIAN_POINT ( 'NONE',  ( 0.1999999999999869937, 19.25554838691946458, 2.502933679089026864 ) ) ;
#2835 = DIRECTION ( 'NONE',  ( 1.000000000000000000, 0.0000000000000000000, 0.0000000000000000000 ) ) ;
#2836 = AXIS2_PLACEMENT_3D ( 'NONE', #1934, #3960, #3545 ) ;
#2837 = EDGE_CURVE ( 'NONE', #3937, #1683, #666, .T. ) ;
#2838 = DIRECTION ( 'NONE',  ( 0.0000000000000000000, 0.0000000000000000000, 1.000000000000000000 ) ) ;
#2839 = EDGE_CURVE ( 'NONE', #445, #4779, #128, .T. ) ;
#2840 = CARTESIAN_POINT ( 'NONE',  ( 0.2000000000000000944, 10.42820323027549989, -13.93782217350893937 ) ) ;
#2841 = EDGE_CURVE ( 'NONE', #2616, #2293, #1044, .T. ) ;
#2842 = EDGE_CURVE ( 'NONE', #4196, #3744, #545, .T. ) ;
#2843 = VERTEX_POINT ( 'NONE', #2700 ) ;
#2844 = ORIENTED_EDGE ( 'NONE', *, *, #3705, .F. ) ;
#2845 = VERTEX_POINT ( 'NONE', #3899 ) ;
#2846 = ORIENTED_EDGE ( 'NONE', *, *, #1528, .T. ) ;
#2847 = DIRECTION ( 'NONE',  ( -1.000000000000000000, 0.0000000000000000000, 0.0000000000000000000 ) ) ;
#2848 = DIRECTION ( 'NONE',  ( 0.0000000000000000000, 0.0000000000000000000, 1.000000000000000000 ) ) ;
#2849 = ORIENTED_EDGE ( 'NONE', *, *, #5203, .T. ) ;
#2850 = CARTESIAN_POINT ( 'NONE',  ( -10.59999999999999964, -7.624823114154723136, -3.094346038583040137 ) ) ;
#2851 = CARTESIAN_POINT ( 'NONE',  ( 0.2000000000000000944, -17.31925310616325220, -2.002173670980174958 ) ) ;
#2852 = FACE_OUTER_BOUND ( 'NONE', #3855, .T. ) ;
#2853 = AXIS2_PLACEMENT_3D ( 'NONE', #4695, #2137, #1697 ) ;
#2854 = ORIENTED_EDGE ( 'NONE', *, *, #1780, .F. ) ;
#2855 = DIRECTION ( 'NONE',  ( 1.000000000000000000, 0.0000000000000000000, 0.0000000000000000000 ) ) ;
#2856 = DIRECTION ( 'NONE',  ( 0.0000000000000000000, 0.7071067811865481278, -0.7071067811865469066 ) ) ;
#2857 = CARTESIAN_POINT ( 'NONE',  ( -18.09999999999999787, -18.81902464889785165, -1.975995061324250290 ) ) ;
#2858 = DIRECTION ( 'NONE',  ( 0.7071067811865467956, -0.3535533905932729537, 0.6123724356957959136 ) ) ;
#2859 = DIRECTION ( 'NONE',  ( 1.000000000000000000, 0.0000000000000000000, 0.0000000000000000000 ) ) ;
#2860 = CARTESIAN_POINT ( 'NONE',  ( -1.449999999999999956, 6.000000000000000000, 18.00000000000000000 ) ) ;
#2861 = VECTOR ( 'NONE', #5401, 1000.000000000000000 ) ;
#2862 = CARTESIAN_POINT ( 'NONE',  ( 2.200000000000000178, -12.62500000000000000, 0.0000000000000000000 ) ) ;
#2863 = EDGE_CURVE ( 'NONE', #5250, #1706, #3603, .T. ) ;
#2864 = AXIS2_PLACEMENT_3D ( 'NONE', #2925, #4691, #1716 ) ;
#2865 = CIRCLE ( 'NONE', #4629, 1.500000000000001110 ) ;
#2866 = ORIENTED_EDGE ( 'NONE', *, *, #4997, .F. ) ;
#2867 = EDGE_LOOP ( 'NONE', ( #3983, #1436, #1746, #3122, #195 ) ) ;
#2868 = VERTEX_POINT ( 'NONE', #4318 ) ;
#2869 = CARTESIAN_POINT ( 'NONE',  ( 0.1999999999999859945, 7.856406460551010440, 17.73205080756889984 ) ) ;
#2870 = CIRCLE ( 'NONE', #3828, 0.5000000000000002220 ) ;
#2871 = ADVANCED_FACE ( 'NONE', ( #5237 ), #2256, .T. ) ;
#2872 = EDGE_CURVE ( 'NONE', #3798, #2349, #2730, .T. ) ;
#2873 = CIRCLE ( 'NONE', #5259, 1.500000000000000666 ) ;
#2874 = AXIS2_PLACEMENT_3D ( 'NONE', #4778, #594, #3947 ) ;
#2875 = FACE_OUTER_BOUND ( 'NONE', #2891, .T. ) ;
#2876 = CYLINDRICAL_SURFACE ( 'NONE', #795, 1.999999999999999334 ) ;
#2877 = DIRECTION ( 'NONE',  ( 0.0000000000000000000, 0.0000000000000000000, 1.000000000000000000 ) ) ;
#2878 = AXIS2_PLACEMENT_3D ( 'NONE', #4761, #1812, #1521 ) ;
#2879 = DIRECTION ( 'NONE',  ( 1.000000000000000000, 0.0000000000000000000, 0.0000000000000000000 ) ) ;
#2880 = ORIENTED_EDGE ( 'NONE', *, *, #5362, .F. ) ;
#2881 = CARTESIAN_POINT ( 'NONE',  ( -17.60000000000000142, 11.42820323027549989, 15.66987298107780013 ) ) ;
#2882 = PLANE ( 'NONE',  #24 ) ;
#2883 = DIRECTION ( 'NONE',  ( 0.0000000000000000000, -0.2588190451025211836, 0.9659258262890682012 ) ) ;
#2884 = CARTESIAN_POINT ( 'NONE',  ( -16.30355339059327235, 5.853553390593274841, -17.69999999999995310 ) ) ;
#2885 = CARTESIAN_POINT ( 'NONE',  ( 0.1999999999999869937, 17.31925310616325220, 2.002173670980144760 ) ) ;
#2886 = CARTESIAN_POINT ( 'NONE',  ( 16.19999999999999929, 12.50000000000000000, 6.195248000000000203E-15 ) ) ;
#2887 = LINE ( 'NONE', #1164, #2052 ) ;
#2888 = CIRCLE ( 'NONE', #359, 1.500000000000001110 ) ;
#2889 = CIRCLE ( 'NONE', #4292, 1.000000000000000666 ) ;
#2890 = ORIENTED_EDGE ( 'NONE', *, *, #344, .F. ) ;
#2891 = EDGE_LOOP ( 'NONE', ( #2454, #4079, #1990, #2849 ) ) ;
#2892 = ORIENTED_EDGE ( 'NONE', *, *, #3051, .F. ) ;
#2893 = CARTESIAN_POINT ( 'NONE',  ( -18.10000000000000142, 11.48886340237261727, 14.99848234560603721 ) ) ;
#2894 = AXIS2_PLACEMENT_3D ( 'NONE', #3350, #4494, #796 ) ;
#2895 = VECTOR ( 'NONE', #1515, 1000.000000000000000 ) ;
#2896 = ADVANCED_FACE ( 'NONE', ( #4410 ), #3136, .F. ) ;
#2897 = CIRCLE ( 'NONE', #2099, 0.5000000000000000000 ) ;
#2898 = EDGE_CURVE ( 'NONE', #4939, #2317, #2173, .T. ) ;
#2899 = DIRECTION ( 'NONE',  ( 1.000000000000000000, 6.370720971507070463E-32, 6.370720971507070463E-32 ) ) ;
#2900 = ORIENTED_EDGE ( 'NONE', *, *, #4620, .F. ) ;
#2901 = DIRECTION ( 'NONE',  ( 1.000000000000000000, -7.577921390457980649E-32, -2.828118772515819635E-31 ) ) ;
#2902 = CARTESIAN_POINT ( 'NONE',  ( -16.44999999999999929, 6.000000000000000000, 18.00000000000000000 ) ) ;
#2903 = APPLICATION_PROTOCOL_DEFINITION ( 'international standard', 'config_control_design', 1994, #2073 ) ;
#2904 = DIRECTION ( 'NONE',  ( 0.0000000000000000000, 0.0000000000000000000, 1.000000000000000000 ) ) ;
#2905 = EDGE_CURVE ( 'NONE', #4091, #4779, #774, .T. ) ;
#2906 = EDGE_LOOP ( 'NONE', ( #1076, #1830, #3910, #4081 ) ) ;
#2907 = LINE ( 'NONE', #3292, #2788 ) ;
#2908 = DIRECTION ( 'NONE',  ( 0.0000000000000000000, 0.9681476403781078544, 0.2503800040544411076 ) ) ;
#2909 = FACE_OUTER_BOUND ( 'NONE', #4191, .T. ) ;
#2910 = LINE ( 'NONE', #866, #3119 ) ;
#2911 = FACE_OUTER_BOUND ( 'NONE', #3203, .T. ) ;
#2912 = DIRECTION ( 'NONE',  ( 0.0000000000000000000, 0.0000000000000000000, -1.000000000000000000 ) ) ;
#2913 = LINE ( 'NONE', #5017, #383 ) ;
#2914 = CIRCLE ( 'NONE', #3274, 11.50000000000000000 ) ;
#2915 = VERTEX_POINT ( 'NONE', #1901 ) ;
#2916 = EDGE_CURVE ( 'NONE', #4239, #1656, #4678, .T. ) ;
#2917 = ORIENTED_EDGE ( 'NONE', *, *, #1467, .T. ) ;
#2918 = VERTEX_POINT ( 'NONE', #5423 ) ;
#2919 = CARTESIAN_POINT ( 'NONE',  ( 17.19999999999999929, 11.50000000000000000, 0.0000000000000000000 ) ) ;
#2920 = EDGE_CURVE ( 'NONE', #4940, #3663, #1131, .T. ) ;
#2921 = ORIENTED_EDGE ( 'NONE', *, *, #2898, .F. ) ;
#2922 = DIRECTION ( 'NONE',  ( 0.9969995923835636153, 0.07740680065089798612, 0.0000000000000000000 ) ) ;
#2923 = ORIENTED_EDGE ( 'NONE', *, *, #1616, .F. ) ;
#2924 = DIRECTION ( 'NONE',  ( 0.0000000000000000000, -0.9681476403781079654, -0.2503800040544412742 ) ) ;
#2925 = CARTESIAN_POINT ( 'NONE',  ( -17.60000000000000142, -6.856406460551029092, -16.00000000000000000 ) ) ;
#2926 = EDGE_CURVE ( 'NONE', #640, #4433, #2059, .T. ) ;
#2927 = DIRECTION ( 'NONE',  ( 0.7071067818211401734, -0.1830127017279749024, -0.6830127012792499563 ) ) ;
#2928 = ORIENTED_EDGE ( 'NONE', *, *, #2926, .F. ) ;
#2929 = DIRECTION ( 'NONE',  ( 1.000000000000000000, 0.0000000000000000000, 0.0000000000000000000 ) ) ;
#2930 = VECTOR ( 'NONE', #3632, 1000.000000000000114 ) ;
#2931 = CARTESIAN_POINT ( 'NONE',  ( -13.20000000000015916, -14.00000000000000000, -9.663051999999999941E-16 ) ) ;
#2932 = DIRECTION ( 'NONE',  ( 0.0000000000000000000, 0.0000000000000000000, -1.000000000000000000 ) ) ;
#2933 = LINE ( 'NONE', #4621, #225 ) ;
#2934 = CARTESIAN_POINT ( 'NONE',  ( -17.60000000000000142, -6.856406460551009552, 18.00000000000000000 ) ) ;
#2935 = ADVANCED_FACE ( 'NONE', ( #4985 ), #252, .T. ) ;
#2936 = ADVANCED_FACE ( 'NONE', ( #2036 ), #2808, .T. ) ;
#2937 = CYLINDRICAL_SURFACE ( 'NONE', #3820, 20.00000000000000711 ) ;
#2938 = DIRECTION ( 'NONE',  ( 0.0000000000000000000, 0.0000000000000000000, 1.000000000000000000 ) ) ;
#2939 = AXIS2_PLACEMENT_3D ( 'NONE', #742, #1601, #3272 ) ;
#2940 = DIRECTION ( 'NONE',  ( 0.0000000000000000000, -1.000000000000000000, 0.0000000000000000000 ) ) ;
#2941 = ORIENTED_EDGE ( 'NONE', *, *, #4233, .T. ) ;
#2942 = VERTEX_POINT ( 'NONE', #1649 ) ;
#2943 = B_SPLINE_CURVE_WITH_KNOTS ( 'NONE', 3,
 ( #4615, #1745, #5057, #3756 ),
 .UNSPECIFIED., .F., .F.,
 ( 4, 4 ),
 ( 9.984535680644914772E-14, 0.0004181357295659828021 ),
 .UNSPECIFIED. ) ;
#2944 = ORIENTED_EDGE ( 'NONE', *, *, #1556, .F. ) ;
#2945 = AXIS2_PLACEMENT_3D ( 'NONE', #5119, #1677, #4624 ) ;
#2946 = VERTEX_POINT ( 'NONE', #1958 ) ;
#2947 = AXIS2_PLACEMENT_3D ( 'NONE', #1394, #4336, #2722 ) ;
#2948 = AXIS2_PLACEMENT_3D ( 'NONE', #2953, #5032, #4692 ) ;
#2949 = FACE_OUTER_BOUND ( 'NONE', #311, .T. ) ;
#2950 = ORIENTED_EDGE ( 'NONE', *, *, #5437, .F. ) ;
#2951 = PLANE ( 'NONE',  #2181 ) ;
#2952 = FACE_BOUND ( 'NONE', #4295, .T. ) ;
#2953 = CARTESIAN_POINT ( 'NONE',  ( -18.09999999999999787, 6.856406460551009552, -16.00000000000000000 ) ) ;
#2954 = ORIENTED_EDGE ( 'NONE', *, *, #879, .F. ) ;
#2955 = DIRECTION ( 'NONE',  ( 0.0000000000000000000, 0.0000000000000000000, -1.000000000000000000 ) ) ;
#2956 = CARTESIAN_POINT ( 'NONE',  ( -1.949999999999999956, 6.000000000000000000, -18.00000000000000000 ) ) ;
#2957 = AXIS2_PLACEMENT_3D ( 'NONE', #3209, #1091, #3234 ) ;
#2958 = FACE_OUTER_BOUND ( 'NONE', #2557, .T. ) ;
#2959 = CYLINDRICAL_SURFACE ( 'NONE', #2508, 0.5000000000000001110 ) ;
#2960 = DIRECTION ( 'NONE',  ( -1.000000000000000000, 0.0000000000000000000, 0.0000000000000000000 ) ) ;
#2961 = CIRCLE ( 'NONE', #2090, 12.50000000000000000 ) ;
#2962 = LINE ( 'NONE', #1343, #397 ) ;
#2963 = EDGE_CURVE ( 'NONE', #3884, #2868, #1208, .T. ) ;
#2964 = EDGE_CURVE ( 'NONE', #611, #2657, #1578, .T. ) ;
#2965 = CYLINDRICAL_SURFACE ( 'NONE', #4338, 0.4999999999999997780 ) ;
#2966 = CARTESIAN_POINT ( 'NONE',  ( 0.1999999999999849953, 20.00000000000000000, 0.0000000000000000000 ) ) ;
#2967 = VERTEX_POINT ( 'NONE', #276 ) ;
#2968 = VERTEX_POINT ( 'NONE', #2884 ) ;
#2969 = ORIENTED_EDGE ( 'NONE', *, *, #5065, .T. ) ;
#2970 = VECTOR ( 'NONE', #4734, 1000.000000000000000 ) ;
#2971 = ORIENTED_EDGE ( 'NONE', *, *, #3388, .F. ) ;
#2972 = ORIENTED_EDGE ( 'NONE', *, *, #2709, .F. ) ;
#2973 = VECTOR ( 'NONE', #949, 1000.000000000000000 ) ;
#2974 = CARTESIAN_POINT ( 'NONE',  ( 5.515026151380640229, 4.762614999999999917E-31, -4.591441000000000449E-14 ) ) ;
#2975 = ORIENTED_EDGE ( 'NONE', *, *, #584, .F. ) ;
#2976 = DIRECTION ( 'NONE',  ( 0.0000000000000000000, 1.000000000000000000, 0.0000000000000000000 ) ) ;
#2977 = B_SPLINE_CURVE_WITH_KNOTS ( 'NONE', 3,
 ( #3674, #4063, #4563, #4034 ),
 .UNSPECIFIED., .F., .F.,
 ( 4, 4 ),
 ( 3.680439780576997661E-14, 0.0003935164577729494888 ),
 .UNSPECIFIED. ) ;
#2978 = LOCAL_TIME ( 13, 34, 54.00000000000000000, #2388 ) ;
#2979 = VECTOR ( 'NONE', #2241, 1000.000000000000000 ) ;
#2980 = CYLINDRICAL_SURFACE ( 'NONE', #1372, 1.999999999999999334 ) ;
#2981 = ORIENTED_EDGE ( 'NONE', *, *, #4952, .T. ) ;
#2982 = EDGE_CURVE ( 'NONE', #1849, #4631, #394, .T. ) ;
#2983 = DIRECTION ( 'NONE',  ( 0.0000000000000000000, -1.000000000000000000, 0.0000000000000000000 ) ) ;
#2984 = LINE ( 'NONE', #428, #1707 ) ;
#2985 = LINE ( 'NONE', #4672, #5016 ) ;
#2986 = CARTESIAN_POINT ( 'NONE',  ( -10.09999999999999964, -10.00000000000000000, -3.594346038583040137 ) ) ;
#2987 = LINE ( 'NONE', #4674, #522 ) ;
#2988 = ADVANCED_FACE ( 'NONE', ( #4071 ), #3462, .T. ) ;
#2989 = ORIENTED_EDGE ( 'NONE', *, *, #2863, .F. ) ;
#2990 = FACE_OUTER_BOUND ( 'NONE', #897, .T. ) ;
#2991 = DIRECTION ( 'NONE',  ( 1.000000000000000000, 0.0000000000000000000, 0.0000000000000000000 ) ) ;
#2992 = EDGE_CURVE ( 'NONE', #155, #2159, #1106, .T. ) ;
#2993 = ADVANCED_FACE ( 'NONE', ( #4905 ), #4124, .F. ) ;
#2994 = LINE ( 'NONE', #3818, #1022 ) ;
#2995 = ORIENTED_EDGE ( 'NONE', *, *, #2839, .F. ) ;
#2996 = VERTEX_POINT ( 'NONE', #720 ) ;
#2997 = ORIENTED_EDGE ( 'NONE', *, *, #68, .F. ) ;
#2998 = EDGE_CURVE ( 'NONE', #445, #98, #4531, .T. ) ;
#2999 = EDGE_CURVE ( 'NONE', #3243, #2942, #36, .T. ) ;
#3000 = VECTOR ( 'NONE', #820, 1000.000000000000000 ) ;
#3001 = VERTEX_POINT ( 'NONE', #1102 ) ;
#3002 = ORIENTED_EDGE ( 'NONE', *, *, #4654, .F. ) ;
#3003 = CARTESIAN_POINT ( 'NONE',  ( -18.09999999999999787, 11.48886340237261727, -14.99848234560605498 ) ) ;
#3004 = ORIENTED_EDGE ( 'NONE', *, *, #1532, .T. ) ;
#3005 = DIRECTION ( 'NONE',  ( 1.000000000000000000, 0.0000000000000000000, 0.0000000000000000000 ) ) ;
#3006 = DIRECTION ( 'NONE',  ( 0.0000000000000000000, 0.0000000000000000000, 1.000000000000000000 ) ) ;
#3007 = CARTESIAN_POINT ( 'NONE',  ( -20.00000000000000000, 19.25554838691946458, 2.502933679089026420 ) ) ;
#3008 = EDGE_LOOP ( 'NONE', ( #4473, #1690, #5160, #1190 ) ) ;
#3009 = LINE ( 'NONE', #65, #2352 ) ;
#3010 = LINE ( 'NONE', #1646, #221 ) ;
#3011 = DIRECTION ( 'NONE',  ( 0.7071067818211388412, -0.4999999995512762752, -0.4999999995512762752 ) ) ;
#3012 = DIRECTION ( 'NONE',  ( 0.0000000000000000000, 0.0000000000000000000, 1.000000000000000000 ) ) ;
#3013 = CARTESIAN_POINT ( 'NONE',  ( -5.700000000000000178, 1.982871000000000000E-31, -1.782006000000000187E-14 ) ) ;
#3014 = ORIENTED_EDGE ( 'NONE', *, *, #2502, .F. ) ;
#3015 = CARTESIAN_POINT ( 'NONE',  ( 5.310000000000000497, -12.50000000000000000, 5.080107000000000173E-15 ) ) ;
#3016 = LINE ( 'NONE', #4375, #4380 ) ;
#3017 = DIRECTION ( 'NONE',  ( 0.0000000000000000000, 1.000000000000000000, 0.0000000000000000000 ) ) ;
#3018 = CARTESIAN_POINT ( 'NONE',  ( 0.1999999999999859945, -11.42820323027549989, 15.66987298107780013 ) ) ;
#3019 = AXIS2_PLACEMENT_3D ( 'NONE', #2417, #766, #2856 ) ;
#3020 = CARTESIAN_POINT ( 'NONE',  ( -17.60000000000000142, -6.856406460551029092, -18.00000000000000000 ) ) ;
#3021 = VERTEX_POINT ( 'NONE', #2834 ) ;
#3022 = ORIENTED_EDGE ( 'NONE', *, *, #2436, .F. ) ;
#3023 = ORIENTED_EDGE ( 'NONE', *, *, #4302, .T. ) ;
#3024 = ORIENTED_EDGE ( 'NONE', *, *, #1626, .F. ) ;
#3025 = ADVANCED_FACE ( 'NONE', ( #303 ), #4571, .T. ) ;
#3026 = EDGE_CURVE ( 'NONE', #4665, #2915, #3909, .T. ) ;
#3027 = DIRECTION ( 'NONE',  ( 0.0000000000000000000, 0.0000000000000000000, 1.000000000000000000 ) ) ;
#3028 = ORIENTED_EDGE ( 'NONE', *, *, #2157, .T. ) ;
#3029 = FACE_OUTER_BOUND ( 'NONE', #3228, .T. ) ;
#3030 = CIRCLE ( 'NONE', #4979, 2.000000000000000000 ) ;
#3031 = CARTESIAN_POINT ( 'NONE',  ( -17.60000000000000142, -19.28922079535404777, 0.2641700014559200116 ) ) ;
#3032 = AXIS2_PLACEMENT_3D ( 'NONE', #2443, #271, #3678 ) ;
#3033 = PLANE ( 'NONE',  #316 ) ;
#3034 = EDGE_CURVE ( 'NONE', #1028, #495, #4958, .T. ) ;
#3035 = CARTESIAN_POINT ( 'NONE',  ( -16.44999999999999929, -5.500000000000000000, -17.69999999999995310 ) ) ;
#3036 = DIRECTION ( 'NONE',  ( 0.0000000000000000000, 0.2588190451025210725, 0.9659258262890682012 ) ) ;
#3037 = LINE ( 'NONE', #4200, #3413 ) ;
#3038 = DIRECTION ( 'NONE',  ( -1.000000000000000000, 0.0000000000000000000, 0.0000000000000000000 ) ) ;
#3039 = LINE ( 'NONE', #2164, #3856 ) ;
#3040 = VECTOR ( 'NONE', #4955, 1000.000000000000000 ) ;
#3041 = EDGE_LOOP ( 'NONE', ( #713, #799, #3411, #2269, #140 ) ) ;
#3042 = DIRECTION ( 'NONE',  ( -0.0000000000000000000, -0.5000000000000003331, -0.8660254037844384856 ) ) ;
#3043 = VECTOR ( 'NONE', #3775, 1000.000000000000000 ) ;
#3044 = LINE ( 'NONE', #1781, #3839 ) ;
#3045 = LINE ( 'NONE', #2313, #117 ) ;
#3046 = LINE ( 'NONE', #3486, #2537 ) ;
#3047 = DIRECTION ( 'NONE',  ( 0.0000000000000000000, -1.000000000000000000, 0.0000000000000000000 ) ) ;
#3048 = ORIENTED_EDGE ( 'NONE', *, *, #1533, .F. ) ;
#3049 = EDGE_CURVE ( 'NONE', #2657, #790, #3295, .T. ) ;
#3050 = EDGE_LOOP ( 'NONE', ( #610, #1738, #2519, #3281 ) ) ;
#3051 = EDGE_CURVE ( 'NONE', #4445, #4669, #922, .T. ) ;
#3052 = ORIENTED_EDGE ( 'NONE', *, *, #4395, .F. ) ;
#3053 = VERTEX_POINT ( 'NONE', #2986 ) ;
#3054 = CARTESIAN_POINT ( 'NONE',  ( -17.60000000000000142, -6.856406460551009552, 16.00000000000000000 ) ) ;
#3055 = ORIENTED_EDGE ( 'NONE', *, *, #3363, .F. ) ;
#3056 = FACE_OUTER_BOUND ( 'NONE', #2166, .T. ) ;
#3057 = VECTOR ( 'NONE', #1949, 1000.000000000000000 ) ;
#3058 = CARTESIAN_POINT ( 'NONE',  ( -5.700000000000000178, -10.00000000000000000, 3.594346038583060121 ) ) ;
#3059 = ADVANCED_FACE ( 'NONE', ( #2525 ), #4201, .T. ) ;
#3060 = ADVANCED_FACE ( 'NONE', ( #2574 ), #4001, .T. ) ;
#3061 = VECTOR ( 'NONE', #2769, 1000.000000000000114 ) ;
#3062 = LINE ( 'NONE', #149, #3311 ) ;
#3063 = ORIENTED_EDGE ( 'NONE', *, *, #1014, .T. ) ;
#3064 = DIRECTION ( 'NONE',  ( 1.000000000000000000, 0.0000000000000000000, 0.0000000000000000000 ) ) ;
#3065 = CARTESIAN_POINT ( 'NONE',  ( -1.050000000000159694, -5.884513573780080442, -4.649999999999999467 ) ) ;
#3066 = FACE_OUTER_BOUND ( 'NONE', #2066, .T. ) ;
#3067 = FACE_OUTER_BOUND ( 'NONE', #3492, .T. ) ;
#3068 = CONICAL_SURFACE ( 'NONE', #1668, 1.750000000000000666, 0.7853981625000003852 ) ;
#3069 = AXIS2_PLACEMENT_3D ( 'NONE', #2218, #1863, #1921 ) ;
#3070 = ADVANCED_FACE ( 'NONE', ( #3868 ), #3322, .T. ) ;
#3071 = ORIENTED_EDGE ( 'NONE', *, *, #2067, .T. ) ;
#3072 = CARTESIAN_POINT ( 'NONE',  ( -1.949999999999999956, 5.500000000000000000, -17.69999999999995310 ) ) ;
#3073 = LOCAL_TIME ( 13, 34, 54.00000000000000000, #1594 ) ;
#3074 = LINE ( 'NONE', #2312, #688 ) ;
#3075 = FACE_OUTER_BOUND ( 'NONE', #1685, .T. ) ;
#3076 = PLANE ( 'NONE',  #3394 ) ;
#3077 = DIRECTION ( 'NONE',  ( 1.000000000000000000, 1.053476305245729900E-30, -2.724474789419134932E-31 ) ) ;
#3078 = PERSON ( 'UNSPECIFIED', 'UNSPECIFIED', 'UNSPECIFIED', ('UNSPECIFIED'), ('UNSPECIFIED'), ('UNSPECIFIED') ) ;
#3079 = CARTESIAN_POINT ( 'NONE',  ( -17.60000000000000142, -12.16025403784439973, 14.93782217350891983 ) ) ;
#3080 = ORIENTED_EDGE ( 'NONE', *, *, #934, .T. ) ;
#3081 = ORIENTED_EDGE ( 'NONE', *, *, #781, .F. ) ;
#3082 = ORIENTED_EDGE ( 'NONE', *, *, #5335, .T. ) ;
#3083 = ORIENTED_EDGE ( 'NONE', *, *, #4111, .F. ) ;
#3084 = VERTEX_POINT ( 'NONE', #4596 ) ;
#3085 = DIRECTION ( 'NONE',  ( -1.000000000000000000, 0.0000000000000000000, 0.0000000000000000000 ) ) ;
#3086 = VERTEX_POINT ( 'NONE', #2115 ) ;
#3087 = FACE_OUTER_BOUND ( 'NONE', #2790, .T. ) ;
#3088 = CC_DESIGN_PERSON_AND_ORGANIZATION_ASSIGNMENT ( #348, #3238, ( #269 ) ) ;
#3089 = DIRECTION ( 'NONE',  ( -1.000000000000000000, -2.478589000000000183E-32, 0.0000000000000000000 ) ) ;
#3090 = VECTOR ( 'NONE', #2522, 1000.000000000000114 ) ;
#3091 = ADVANCED_FACE ( 'NONE', ( #816 ), #4978, .T. ) ;
#3092 = CARTESIAN_POINT ( 'NONE',  ( -14.49999999999999822, -14.00000000000000000, -4.649999999999999467 ) ) ;
#3093 = ORIENTED_EDGE ( 'NONE', *, *, #1562, .F. ) ;
#3094 = CARTESIAN_POINT ( 'NONE',  ( -17.60000000000000142, 19.25554838691946458, -2.502933679089069496 ) ) ;
#3095 = DIRECTION ( 'NONE',  ( 0.0000000000000000000, 1.000000000000000000, 0.0000000000000000000 ) ) ;
#3096 = EDGE_CURVE ( 'NONE', #135, #4182, #2910, .T. ) ;
#3097 = CARTESIAN_POINT ( 'NONE',  ( -17.60000000000000142, 12.16025403784439973, -14.93782217350893937 ) ) ;
#3098 = DIRECTION ( 'NONE',  ( 0.7071067811865469066, -0.7071067811865481278, 0.0000000000000000000 ) ) ;
#3099 = VERTEX_POINT ( 'NONE', #2496 ) ;
#3100 = CARTESIAN_POINT ( 'NONE',  ( 0.1999999999999840239, 6.856406460551009552, 18.00000000000000000 ) ) ;
#3101 = DIRECTION ( 'NONE',  ( -1.254140850568427873E-15, -1.254140850568427873E-15, 1.000000000000000000 ) ) ;
#3102 = FACE_OUTER_BOUND ( 'NONE', #3406, .T. ) ;
#3103 = EDGE_CURVE ( 'NONE', #1796, #3726, #2552, .T. ) ;
#3104 = CARTESIAN_POINT ( 'NONE',  ( 0.2000000000000000944, -18.97366596101030112, -1.000000000000000000 ) ) ;
#3105 = EDGE_CURVE ( 'NONE', #750, #2830, #3912, .T. ) ;
#3106 = CARTESIAN_POINT ( 'NONE',  ( 0.2000000000000000944, -19.28547994506944718, -0.04985683218518899285 ) ) ;
#3107 = CIRCLE ( 'NONE', #2232, 2.000000000000000000 ) ;
#3108 = DIRECTION ( 'NONE',  ( 0.0000000000000000000, -0.7071067811865480168, 0.7071067811865471286 ) ) ;
#3109 = VERTEX_POINT ( 'NONE', #5039 ) ;
#3110 = ORIENTED_EDGE ( 'NONE', *, *, #3973, .T. ) ;
#3111 = VERTEX_POINT ( 'NONE', #5088 ) ;
#3112 = VERTEX_POINT ( 'NONE', #3369 ) ;
#3113 = ORIENTED_EDGE ( 'NONE', *, *, #460, .F. ) ;
#3114 = ORIENTED_EDGE ( 'NONE', *, *, #5369, .F. ) ;
#3115 = DIRECTION ( 'NONE',  ( -1.000000000000000000, 0.0000000000000000000, 0.0000000000000000000 ) ) ;
#3116 = ORIENTED_EDGE ( 'NONE', *, *, #909, .T. ) ;
#3117 = DIRECTION ( 'NONE',  ( -1.000000000000000000, 0.0000000000000000000, 0.0000000000000000000 ) ) ;
#3118 = DIRECTION ( 'NONE',  ( 0.0000000000000000000, 0.7071067811865474617, 0.7071067811865474617 ) ) ;
#3119 = VECTOR ( 'NONE', #15, 1000.000000000000000 ) ;
#3120 = CIRCLE ( 'NONE', #4801, 0.5000000000000012212 ) ;
#3121 = CARTESIAN_POINT ( 'NONE',  ( -11.09999999999999787, -7.450867094795622592, -3.594346038583040137 ) ) ;
#3122 = ORIENTED_EDGE ( 'NONE', *, *, #644, .F. ) ;
#3123 = CARTESIAN_POINT ( 'NONE',  ( -15.94999999999999929, 5.500000000000000000, -18.00000000000000000 ) ) ;
#3124 = CARTESIAN_POINT ( 'NONE',  ( -17.60000000000000142, 19.05130391373215204, 3.002173670980149645 ) ) ;
#3125 = LINE ( 'NONE', #4728, #671 ) ;
#3126 = CARTESIAN_POINT ( 'NONE',  ( -11.09999999999999787, -9.000000000000000000, -3.594346038583040137 ) ) ;
#3127 = AXIS2_PLACEMENT_3D ( 'NONE', #4612, #5054, #4222 ) ;
#3128 = VECTOR ( 'NONE', #2413, 1000.000000000000114 ) ;
#3129 = VERTEX_POINT ( 'NONE', #4228 ) ;
#3130 = ADVANCED_FACE ( 'NONE', ( #895 ), #2959, .F. ) ;
#3131 = FACE_OUTER_BOUND ( 'NONE', #621, .T. ) ;
#3132 = AXIS2_PLACEMENT_3D ( 'NONE', #4976, #785, #239 ) ;
#3133 = DIRECTION ( 'NONE',  ( 0.0000000000000000000, 0.9681476403781078544, 0.2503800040544411076 ) ) ;
#3134 = CARTESIAN_POINT ( 'NONE',  ( -5.700000000000000178, -14.00000000000000000, 0.0000000000000000000 ) ) ;
#3135 = VECTOR ( 'NONE', #3758, 1000.000000000000000 ) ;
#3136 = PLANE ( 'NONE',  #4109 ) ;
#3137 = DIRECTION ( 'NONE',  ( -1.000000000000000000, 0.0000000000000000000, 0.0000000000000000000 ) ) ;
#3138 = VECTOR ( 'NONE', #1799, 1000.000000000000000 ) ;
#3139 = EDGE_CURVE ( 'NONE', #4954, #4736, #4355, .T. ) ;
#3140 = DIRECTION ( 'NONE',  ( 1.000000000000000000, 0.0000000000000000000, 0.0000000000000000000 ) ) ;
#3141 = EDGE_CURVE ( 'NONE', #5391, #4499, #2933, .T. ) ;
#3142 = VERTEX_POINT ( 'NONE', #5062 ) ;
#3143 = ORIENTED_EDGE ( 'NONE', *, *, #2465, .T. ) ;
#3144 = VERTEX_POINT ( 'NONE', #2139 ) ;
#3145 = VECTOR ( 'NONE', #4342, 1000.000000000000000 ) ;
#3146 = ADVANCED_FACE ( 'NONE', ( #1286 ), #840, .T. ) ;
#3147 = ORIENTED_EDGE ( 'NONE', *, *, #2497, .T. ) ;
#3148 = VERTEX_POINT ( 'NONE', #40 ) ;
#3149 = ORIENTED_EDGE ( 'NONE', *, *, #281, .F. ) ;
#3150 = ORIENTED_EDGE ( 'NONE', *, *, #4789, .T. ) ;
#3151 = CARTESIAN_POINT ( 'NONE',  ( -11.09999999999999787, -10.00000000000000000, -4.649999999999999467 ) ) ;
#3152 = CARTESIAN_POINT ( 'NONE',  ( -5.700000000000000178, -10.00000000000000000, -3.594346038583040137 ) ) ;
#3153 = AXIS2_PLACEMENT_3D ( 'NONE', #3777, #1691, #3360 ) ;
#3154 = DIRECTION ( 'NONE',  ( 0.0000000000000000000, -1.000000000000000000, 0.0000000000000000000 ) ) ;
#3155 = VERTEX_POINT ( 'NONE', #69 ) ;
#3156 = FACE_OUTER_BOUND ( 'NONE', #3995, .T. ) ;
#3157 = LINE ( 'NONE', #2688, #2622 ) ;
#3158 = CARTESIAN_POINT ( 'NONE',  ( -18.09999999999999787, -18.61829121183989955, -2.752173670980175402 ) ) ;
#3159 = DIRECTION ( 'NONE',  ( 0.0000000000000000000, 0.0000000000000000000, -1.000000000000000000 ) ) ;
#3160 = VECTOR ( 'NONE', #3232, 1000.000000000000114 ) ;
#3161 = EDGE_CURVE ( 'NONE', #4710, #3243, #1725, .T. ) ;
#3162 = ORIENTED_EDGE ( 'NONE', *, *, #4, .F. ) ;
#3163 = FACE_OUTER_BOUND ( 'NONE', #3008, .T. ) ;
#3164 = VERTEX_POINT ( 'NONE', #3426 ) ;
#3165 = DIRECTION ( 'NONE',  ( 1.000000000000000000, 0.0000000000000000000, 0.0000000000000000000 ) ) ;
#3166 = FACE_OUTER_BOUND ( 'NONE', #3180, .T. ) ;
#3167 = VECTOR ( 'NONE', #4698, 1000.000000000000000 ) ;
#3168 = CARTESIAN_POINT ( 'NONE',  ( -17.60000000000000142, -19.05130391373210230, 3.002173670980185172 ) ) ;
#3169 = AXIS2_PLACEMENT_3D ( 'NONE', #3271, #1623, #1648 ) ;
#3170 = CARTESIAN_POINT ( 'NONE',  ( -17.60000000000000142, -6.856406460551029092, -16.00000000000000000 ) ) ;
#3171 = EDGE_CURVE ( 'NONE', #5438, #3798, #1460, .T. ) ;
#3172 = EDGE_CURVE ( 'NONE', #2791, #3099, #5229, .T. ) ;
#3173 = CIRCLE ( 'NONE', #2199, 20.00000000000000000 ) ;
#3174 = DIRECTION ( 'NONE',  ( 0.0000000000000000000, 0.9681476403781078544, 0.2503800040544411076 ) ) ;
#3175 = EDGE_LOOP ( 'NONE', ( #3176, #1633, #3665, #3966 ) ) ;
#3176 = ORIENTED_EDGE ( 'NONE', *, *, #1467, .F. ) ;
#3177 = ADVANCED_FACE ( 'NONE', ( #1072 ), #4006, .T. ) ;
#3178 = EDGE_CURVE ( 'NONE', #1966, #58, #4816, .T. ) ;
#3179 = EDGE_LOOP ( 'NONE', ( #365, #4510, #3609, #3845 ) ) ;
#3180 = EDGE_LOOP ( 'NONE', ( #850, #1328, #3692, #4524 ) ) ;
#3181 = VERTEX_POINT ( 'NONE', #563 ) ;
#3182 = VERTEX_POINT ( 'NONE', #2750 ) ;
#3183 = FACE_OUTER_BOUND ( 'NONE', #3549, .T. ) ;
#3184 = ADVANCED_FACE ( 'NONE', ( #2629 ), #1451, .T. ) ;
#3185 = ADVANCED_FACE ( 'NONE', ( #3448 ), #629, .T. ) ;
#3186 = CARTESIAN_POINT ( 'NONE',  ( -16.44999999999999929, 5.500000000000000888, 17.69999999999996732 ) ) ;
#3187 = ORIENTED_EDGE ( 'NONE', *, *, #4415, .T. ) ;
#3188 = FACE_OUTER_BOUND ( 'NONE', #4283, .T. ) ;
#3189 = DIRECTION ( 'NONE',  ( 0.0000000000000000000, 1.000000000000000000, 0.0000000000000000000 ) ) ;
#3190 = FACE_OUTER_BOUND ( 'NONE', #5419, .T. ) ;
#3191 = AXIS2_PLACEMENT_3D ( 'NONE', #3123, #4725, #4780 ) ;
#3192 = VERTEX_POINT ( 'NONE', #655 ) ;
#3193 = LINE ( 'NONE', #1926, #3916 ) ;
#3194 = ORIENTED_EDGE ( 'NONE', *, *, #3339, .F. ) ;
#3195 = DIRECTION ( 'NONE',  ( -1.000000000000000000, 0.0000000000000000000, 0.0000000000000000000 ) ) ;
#3196 = DIRECTION ( 'NONE',  ( 0.0000000000000000000, 0.2588190451025209060, 0.9659258262890682012 ) ) ;
#3197 = DIRECTION ( 'NONE',  ( 1.000000000000000000, 0.0000000000000000000, 0.0000000000000000000 ) ) ;
#3198 = CARTESIAN_POINT ( 'NONE',  ( -18.10000000000000142, -11.72724133595216145, 14.68782217350891983 ) ) ;
#3199 = CYLINDRICAL_SURFACE ( 'NONE', #1336, 2.000000000000000000 ) ;
#3200 = CARTESIAN_POINT ( 'NONE',  ( -20.00000000000000000, -11.84241679264859748, 15.35203573588201387 ) ) ;
#3201 =( BOUNDED_CURVE ( )  B_SPLINE_CURVE ( 2, ( #2850, #760, #784 ),
 .UNSPECIFIED., .F., .T. ) 
 B_SPLINE_CURVE_WITH_KNOTS ( ( 3, 3 ),
 ( 0.04867574617879100174, 0.5424214045090770542 ),
 .UNSPECIFIED. ) 
 CURVE ( )  GEOMETRIC_REPRESENTATION_ITEM ( )  RATIONAL_B_SPLINE_CURVE ( ( 1.000082939309753893, 1.000462119848360087, 1.000000000000000000 ) ) 
 REPRESENTATION_ITEM ( '' )  );
#3202 = ORIENTED_EDGE ( 'NONE', *, *, #2584, .T. ) ;
#3203 = EDGE_LOOP ( 'NONE', ( #2505, #3648, #1233, #5248, #1504, #1107, #1086, #4431, #702, #3963, #106, #4235, #1099, #804, #3450, #1112, #3593 ) ) ;
#3204 = ORIENTED_EDGE ( 'NONE', *, *, #4656, .T. ) ;
#3205 = ORIENTED_EDGE ( 'NONE', *, *, #412, .F. ) ;
#3206 = DIRECTION ( 'NONE',  ( -1.000000000000000000, 0.0000000000000000000, 0.0000000000000000000 ) ) ;
#3207 = AXIS2_PLACEMENT_3D ( 'NONE', #301, #2368, #3653 ) ;
#3208 = EDGE_CURVE ( 'NONE', #3109, #1354, #3125, .T. ) ;
#3209 = CARTESIAN_POINT ( 'NONE',  ( 2.199999999999988187, -10.42820323027551943, -13.93782217350891983 ) ) ;
#3210 = DIRECTION ( 'NONE',  ( -0.0000000000000000000, -0.5000000000000003331, -0.8660254037844384856 ) ) ;
#3211 = FACE_OUTER_BOUND ( 'NONE', #1168, .T. ) ;
#3212 = B_SPLINE_CURVE_WITH_KNOTS ( 'NONE', 3,
 ( #2734, #2316, #1525, #1104 ),
 .UNSPECIFIED., .F., .F.,
 ( 4, 4 ),
 ( 0.0004181357295659828021, 0.0008109923925335011091 ),
 .UNSPECIFIED. ) ;
#3213 = ORIENTED_EDGE ( 'NONE', *, *, #2100, .T. ) ;
#3214 = DIRECTION ( 'NONE',  ( 0.0000000000000000000, -0.7352146220938089449, -0.6778343894045636420 ) ) ;
#3215 = ADVANCED_FACE ( 'NONE', ( #2660 ), #1486, .T. ) ;
#3216 = ORIENTED_EDGE ( 'NONE', *, *, #2400, .F. ) ;
#3217 = LINE ( 'NONE', #327, #2348 ) ;
#3218 = LINE ( 'NONE', #274, #1445 ) ;
#3219 = DIRECTION ( 'NONE',  ( -1.000000000000000000, 0.0000000000000000000, 0.0000000000000000000 ) ) ;
#3220 = DIRECTION ( 'NONE',  ( -1.000000000000000000, 0.0000000000000000000, 0.0000000000000000000 ) ) ;
#3221 = LINE ( 'NONE', #160, #705 ) ;
#3222 = VECTOR ( 'NONE', #5108, 1000.000000000000000 ) ;
#3223 = DIRECTION ( 'NONE',  ( 1.000000000000000000, 1.565536298960375030E-18, 1.237102236241402041E-18 ) ) ;
#3224 = LINE ( 'NONE', #3253, #4247 ) ;
#3225 = AXIS2_PLACEMENT_3D ( 'NONE', #2831, #2007, #664 ) ;
#3226 = ORIENTED_EDGE ( 'NONE', *, *, #5117, .F. ) ;
#3227 = EDGE_CURVE ( 'NONE', #3794, #3701, #4368, .T. ) ;
#3228 = EDGE_LOOP ( 'NONE', ( #3475, #5144, #198, #1664 ) ) ;
#3229 = VERTEX_POINT ( 'NONE', #3097 ) ;
#3230 = VECTOR ( 'NONE', #5439, 1000.000000000000114 ) ;
#3231 = ORIENTED_EDGE ( 'NONE', *, *, #3825, .T. ) ;
#3232 = DIRECTION ( 'NONE',  ( 0.0000000000000000000, 0.01745240643728300511, 0.9998476951563911586 ) ) ;
#3233 = EDGE_CURVE ( 'NONE', #2209, #1966, #948, .T. ) ;
#3234 = DIRECTION ( 'NONE',  ( 0.0000000000000000000, -0.7071067811865475727, -0.7071067811865475727 ) ) ;
#3235 = EDGE_LOOP ( 'NONE', ( #4866, #2123, #967, #4764 ) ) ;
#3236 = DIRECTION ( 'NONE',  ( 1.000000000000000000, 0.0000000000000000000, 0.0000000000000000000 ) ) ;
#3237 = DIRECTION ( 'NONE',  ( 0.0000000000000000000, 0.7071067811865480168, 0.7071067811865471286 ) ) ;
#3238 = PERSON_AND_ORGANIZATION_ROLE ( 'creator' ) ;
#3239 = EDGE_CURVE ( 'NONE', #992, #2032, #208, .T. ) ;
#3240 = EDGE_CURVE ( 'NONE', #3182, #2095, #4782, .T. ) ;
#3241 = ORIENTED_EDGE ( 'NONE', *, *, #714, .F. ) ;
#3242 = DIRECTION ( 'NONE',  ( 1.000000000000000000, 0.0000000000000000000, 0.0000000000000000000 ) ) ;
#3243 = VERTEX_POINT ( 'NONE', #4848 ) ;
#3244 = CARTESIAN_POINT ( 'NONE',  ( -14.50000000000000000, -14.00000000000000000, 0.0000000000000000000 ) ) ;
#3245 = DIRECTION ( 'NONE',  ( 0.0000000000000000000, -1.000000000000000000, 0.0000000000000000000 ) ) ;
#3246 = DIRECTION ( 'NONE',  ( 0.0000000000000000000, -0.9998476951563912696, 0.01745240643728400431 ) ) ;
#3247 = CARTESIAN_POINT ( 'NONE',  ( -17.85000000000000142, -10.42820323027549989, 13.93782217350891983 ) ) ;
#3248 = DIRECTION ( 'NONE',  ( 0.0000000000000000000, 0.0000000000000000000, 1.000000000000000000 ) ) ;
#3249 = AXIS2_PLACEMENT_3D ( 'NONE', #4943, #2847, #315 ) ;
#3250 = EDGE_CURVE ( 'NONE', #4161, #167, #5070, .T. ) ;
#3251 = CARTESIAN_POINT ( 'NONE',  ( 16.19999999999999929, -12.50000000000000000, 5.080107000000000173E-15 ) ) ;
#3252 = VECTOR ( 'NONE', #2449, 1000.000000000000000 ) ;
#3253 = CARTESIAN_POINT ( 'NONE',  ( -1.550000000000165024, -14.00000000000000000, 0.0000000000000000000 ) ) ;
#3254 = CIRCLE ( 'NONE', #871, 1.999999999999999334 ) ;
#3255 = ORIENTED_EDGE ( 'NONE', *, *, #2437, .T. ) ;
#3256 = VERTEX_POINT ( 'NONE', #5170 ) ;
#3257 = ORIENTED_EDGE ( 'NONE', *, *, #1859, .F. ) ;
#3258 = EDGE_LOOP ( 'NONE', ( #2405, #4898, #1385, #4185 ) ) ;
#3259 = CARTESIAN_POINT ( 'NONE',  ( 0.1999999999999840239, 7.856406460551010440, 17.73205080756889984 ) ) ;
#3260 = DIRECTION ( 'NONE',  ( -1.000000000000000000, 0.0000000000000000000, 0.0000000000000000000 ) ) ;
#3261 = ORIENTED_EDGE ( 'NONE', *, *, #1866, .F. ) ;
#3262 = CARTESIAN_POINT ( 'NONE',  ( 0.2000000000000000944, 11.42820323027549989, -15.66987298107780013 ) ) ;
#3263 = CARTESIAN_POINT ( 'NONE',  ( -1.949999999999999956, -6.000000000000000000, -17.69999999999995310 ) ) ;
#3264 = ADVANCED_FACE ( 'NONE', ( #2279 ), #184, .F. ) ;
#3265 = SECURITY_CLASSIFICATION_LEVEL ( 'unclassified' ) ;
#3266 = CARTESIAN_POINT ( 'NONE',  ( -17.60000000000000142, 12.16025403784439973, -14.93782217350893937 ) ) ;
#3267 = ORIENTED_EDGE ( 'NONE', *, *, #5185, .T. ) ;
#3268 = ADVANCED_FACE ( 'NONE', ( #3066 ), #4754, .T. ) ;
#3269 = CYLINDRICAL_SURFACE ( 'NONE', #4634, 1.999999999999999334 ) ;
#3270 = DIRECTION ( 'NONE',  ( -0.7071067811865457964, -0.7071067811865492381, 0.0000000000000000000 ) ) ;
#3271 = CARTESIAN_POINT ( 'NONE',  ( -17.60000000000000142, 17.31925310616325220, -2.002173670980184728 ) ) ;
#3272 = DIRECTION ( 'NONE',  ( -0.7071067811865475727, -0.7071067811865475727, 0.0000000000000000000 ) ) ;
#3273 = DIRECTION ( 'NONE',  ( 0.0000000000000000000, 0.0000000000000000000, -1.000000000000000000 ) ) ;
#3274 = AXIS2_PLACEMENT_3D ( 'NONE', #4427, #653, #2329 ) ;
#3275 = CARTESIAN_POINT ( 'NONE',  ( -15.94999999999999929, -5.500000000000000000, 18.00000000000000000 ) ) ;
#3276 = EDGE_CURVE ( 'NONE', #4382, #4981, #3472, .T. ) ;
#3277 = ADVANCED_FACE ( 'NONE', ( #4480 ), #2360, .F. ) ;
#3278 = DIRECTION ( 'NONE',  ( 0.0000000000000000000, 0.0000000000000000000, -1.000000000000000000 ) ) ;
#3279 = EDGE_LOOP ( 'NONE', ( #638, #3553, #2817, #1634, #4354, #675 ) ) ;
#3280 = VERTEX_POINT ( 'NONE', #4949 ) ;
#3281 = ORIENTED_EDGE ( 'NONE', *, *, #781, .T. ) ;
#3282 = DIRECTION ( 'NONE',  ( 1.000000000000000000, -7.180972250171280052E-32, 2.679975720160114671E-31 ) ) ;
#3283 = AXIS2_PLACEMENT_3D ( 'NONE', #1581, #362, #4883 ) ;
#3284 = CARTESIAN_POINT ( 'NONE',  ( -1.050000000000159694, 7.500000000000150102, 6.107836000000000193E-15 ) ) ;
#3285 = ORIENTED_EDGE ( 'NONE', *, *, #2842, .F. ) ;
#3286 = CARTESIAN_POINT ( 'NONE',  ( 2.199999999999988187, -9.642304845413269376, -16.70096189432335265 ) ) ;
#3287 = CARTESIAN_POINT ( 'NONE',  ( -18.09999999999999787, 11.72724133595216145, -14.68782217350893937 ) ) ;
#3288 = COORDINATED_UNIVERSAL_TIME_OFFSET ( 5, 0, .BEHIND. ) ;
#3289 = CONICAL_SURFACE ( 'NONE', #1704, 1.750000000000001110, 0.7853981625000003852 ) ;
#3290 = CARTESIAN_POINT ( 'NONE',  ( -1.596446609406726225, -5.853553390593273953, -18.00000000000000000 ) ) ;
#3291 = ORIENTED_EDGE ( 'NONE', *, *, #549, .T. ) ;
#3292 = CARTESIAN_POINT ( 'NONE',  ( 16.19999999999999929, -12.50000000000000000, 0.0000000000000000000 ) ) ;
#3293 = CARTESIAN_POINT ( 'NONE',  ( -17.84999999999999787, -5.192165421733940356, -17.75000000000000000 ) ) ;
#3294 = LINE ( 'NONE', #1158, #2731 ) ;
#3295 = LINE ( 'NONE', #769, #2861 ) ;
#3296 = DIRECTION ( 'NONE',  ( 0.0000000000000000000, -1.000000000000000000, 0.0000000000000000000 ) ) ;
#3297 = DIRECTION ( 'NONE',  ( -0.7071067811865457964, -0.7071067811865492381, 0.0000000000000000000 ) ) ;
#3298 = AXIS2_PLACEMENT_3D ( 'NONE', #920, #2605, #3534 ) ;
#3299 = DIRECTION ( 'NONE',  ( 0.0000000000000000000, 0.0000000000000000000, 1.000000000000000000 ) ) ;
#3300 = CIRCLE ( 'NONE', #4008, 20.00000000000000711 ) ;
#3301 = EDGE_CURVE ( 'NONE', #3192, #4091, #1593, .T. ) ;
#3302 = EDGE_CURVE ( 'NONE', #5220, #52, #323, .T. ) ;
#3303 = VECTOR ( 'NONE', #2927, 1000.000000000000114 ) ;
#3304 = ORIENTED_EDGE ( 'NONE', *, *, #5381, .F. ) ;
#3305 = ORIENTED_EDGE ( 'NONE', *, *, #4933, .T. ) ;
#3306 = AXIS2_PLACEMENT_3D ( 'NONE', #831, #5081, #3006 ) ;
#3307 = VERTEX_POINT ( 'NONE', #1094 ) ;
#3308 = CARTESIAN_POINT ( 'NONE',  ( -10.09999999999999964, -10.00000000000000000, 3.594346038583049907 ) ) ;
#3309 = AXIS2_PLACEMENT_3D ( 'NONE', #4041, #3652, #1981 ) ;
#3310 = EDGE_CURVE ( 'NONE', #1661, #3181, #1558, .T. ) ;
#3311 = VECTOR ( 'NONE', #1829, 1000.000000000000000 ) ;
#3312 = LINE ( 'NONE', #2512, #5262 ) ;
#3313 = DIRECTION ( 'NONE',  ( 0.0000000000000000000, 0.8660254037844387076, -0.4999999999999998890 ) ) ;
#3314 = PLANE ( 'NONE',  #4454 ) ;
#3315 =( LENGTH_UNIT ( ) NAMED_UNIT ( * ) SI_UNIT ( .MILLI., .METRE. ) );
#3316 = CARTESIAN_POINT ( 'NONE',  ( -16.30355339059327591, 5.853553390593272177, 18.00000000000000000 ) ) ;
#3317 = ORIENTED_EDGE ( 'NONE', *, *, #2664, .F. ) ;
#3318 = AXIS2_PLACEMENT_3D ( 'NONE', #3247, #5323, #5351 ) ;
#3319 = CYLINDRICAL_SURFACE ( 'NONE', #1727, 0.4999999999999997780 ) ;
#3320 = LINE ( 'NONE', #4671, #4794 ) ;
#3321 = CARTESIAN_POINT ( 'NONE',  ( 16.19999999999999929, 0.0000000000000000000, 0.0000000000000000000 ) ) ;
#3322 = PLANE ( 'NONE',  #1553 ) ;
#3323 = CARTESIAN_POINT ( 'NONE',  ( -17.84999999999999787, 10.42820323027549989, -13.93782217350893937 ) ) ;
#3324 = EDGE_CURVE ( 'NONE', #1124, #4751, #2344, .T. ) ;
#3325 = CARTESIAN_POINT ( 'NONE',  ( -1.596446609406726225, 5.853553390593273953, 18.00000000000000000 ) ) ;
#3326 = DIRECTION ( 'NONE',  ( -1.000000000000000000, 0.0000000000000000000, 0.0000000000000000000 ) ) ;
#3327 = AXIS2_PLACEMENT_3D ( 'NONE', #628, #5413, #4530 ) ;
#3328 = EDGE_CURVE ( 'NONE', #3112, #1023, #4894, .T. ) ;
#3329 = AXIS2_PLACEMENT_3D ( 'NONE', #4448, #1171, #4888 ) ;
#3330 = ORIENTED_EDGE ( 'NONE', *, *, #754, .T. ) ;
#3331 = ORIENTED_EDGE ( 'NONE', *, *, #2963, .T. ) ;
#3332 = ADVANCED_FACE ( 'NONE', ( #2773 ), #734, .F. ) ;
#3333 = ORIENTED_EDGE ( 'NONE', *, *, #476, .T. ) ;
#3334 = DIRECTION ( 'NONE',  ( 0.7071067818211398404, 0.4999999995512755535, 0.4999999995512755535 ) ) ;
#3335 = VECTOR ( 'NONE', #5169, 1000.000000000000000 ) ;
#3336 = ORIENTED_EDGE ( 'NONE', *, *, #1606, .F. ) ;
#3337 = VECTOR ( 'NONE', #2774, 1000.000000000000000 ) ;
#3338 = EDGE_CURVE ( 'NONE', #3914, #4196, #4920, .T. ) ;
#3339 = EDGE_CURVE ( 'NONE', #3780, #726, #3620, .T. ) ;
#3340 = CARTESIAN_POINT ( 'NONE',  ( -17.91089637158009751, -18.97366596101030112, 4.718447999999999556E-15 ) ) ;
#3341 = ORIENTED_EDGE ( 'NONE', *, *, #4371, .F. ) ;
#3342 = CARTESIAN_POINT ( 'NONE',  ( -17.60000000000000142, 7.856406460551010440, 17.73205080756889984 ) ) ;
#3343 = CYLINDRICAL_SURFACE ( 'NONE', #230, 2.000000000000001332 ) ;
#3344 = FACE_OUTER_BOUND ( 'NONE', #932, .T. ) ;
#3345 = ORIENTED_EDGE ( 'NONE', *, *, #1628, .F. ) ;
#3346 = DIRECTION ( 'NONE',  ( 0.0000000000000000000, 0.0000000000000000000, 1.000000000000000000 ) ) ;
#3347 = DIRECTION ( 'NONE',  ( 0.0000000000000000000, 0.4999999999999998890, -0.8660254037844387076 ) ) ;
#3348 = DIRECTION ( 'NONE',  ( 0.0000000000000000000, 1.000000000000000000, 0.0000000000000000000 ) ) ;
#3349 = DIRECTION ( 'NONE',  ( 1.000000000000000000, 3.340728005646674698E-31, 8.639710068104119630E-32 ) ) ;
#3350 = CARTESIAN_POINT ( 'NONE',  ( 2.199999999999988187, -17.31925310616325220, -2.002173670980174958 ) ) ;
#3351 = DIRECTION ( 'NONE',  ( 0.7071067811865469066, 0.7071067811865481278, 0.0000000000000000000 ) ) ;
#3352 = CARTESIAN_POINT ( 'NONE',  ( -1.050000000000163913, -1.887379000000000174E-14, -9.663051999999999941E-16 ) ) ;
#3353 = ORIENTED_EDGE ( 'NONE', *, *, #3825, .F. ) ;
#3354 = VERTEX_POINT ( 'NONE', #5393 ) ;
#3355 = ORIENTED_EDGE ( 'NONE', *, *, #4519, .T. ) ;
#3356 = EDGE_CURVE ( 'NONE', #3613, #3144, #2977, .T. ) ;
#3357 = ORIENTED_EDGE ( 'NONE', *, *, #942, .T. ) ;
#3358 = DIRECTION ( 'NONE',  ( 1.000000000000000000, 0.0000000000000000000, 0.0000000000000000000 ) ) ;
#3359 = ORIENTED_EDGE ( 'NONE', *, *, #800, .T. ) ;
#3360 = DIRECTION ( 'NONE',  ( -0.7071067811865467956, -0.7071067811865484609, 0.0000000000000000000 ) ) ;
#3361 = DIRECTION ( 'NONE',  ( 0.0000000000000000000, -1.000000000000000000, 0.0000000000000000000 ) ) ;
#3362 = CIRCLE ( 'NONE', #994, 6.500000000000000000 ) ;
#3363 = EDGE_CURVE ( 'NONE', #1170, #3229, #292, .T. ) ;
#3364 = LINE ( 'NONE', #4668, #4098 ) ;
#3365 = ORIENTED_EDGE ( 'NONE', *, *, #1757, .F. ) ;
#3366 = CARTESIAN_POINT ( 'NONE',  ( -10.59999999999999964, -9.000000000000000000, 3.594346038583060121 ) ) ;
#3367 = CYLINDRICAL_SURFACE ( 'NONE', #4256, 1.999999999999998890 ) ;
#3368 = LINE ( 'NONE', #1774, #618 ) ;
#3369 = CARTESIAN_POINT ( 'NONE',  ( -16.44999999999999929, 5.500000000000000888, -17.69999999999997087 ) ) ;
#3370 = DIRECTION ( 'NONE',  ( 0.0000000000000000000, 0.0000000000000000000, 1.000000000000000000 ) ) ;
#3371 = AXIS2_PLACEMENT_3D ( 'NONE', #4252, #402, #1258 ) ;
#3372 = FACE_OUTER_BOUND ( 'NONE', #5306, .T. ) ;
#3373 = DIRECTION ( 'NONE',  ( 0.0000000000000000000, 0.0000000000000000000, -1.000000000000000000 ) ) ;
#3374 = CARTESIAN_POINT ( 'NONE',  ( -11.09999999999999964, -9.000000000000000000, 3.594346038583060121 ) ) ;
#3375 = ORIENTED_EDGE ( 'NONE', *, *, #460, .T. ) ;
#3376 = CIRCLE ( 'NONE', #3567, 1.500000000000001110 ) ;
#3377 = ORIENTED_EDGE ( 'NONE', *, *, #3741, .F. ) ;
#3378 = ORIENTED_EDGE ( 'NONE', *, *, #4242, .T. ) ;
#3379 = VECTOR ( 'NONE', #2144, 1000.000000000000000 ) ;
#3380 = ADVANCED_FACE ( 'NONE', ( #682 ), #3646, .F. ) ;
#3381 = EDGE_LOOP ( 'NONE', ( #3331, #4261, #2510, #5186 ) ) ;
#3382 = VECTOR ( 'NONE', #4532, 1000.000000000000000 ) ;
#3383 = ORIENTED_EDGE ( 'NONE', *, *, #178, .F. ) ;
#3384 = AXIS2_PLACEMENT_3D ( 'NONE', #3366, #1281, #2955 ) ;
#3385 = FACE_OUTER_BOUND ( 'NONE', #3624, .T. ) ;
#3386 = ORIENTED_EDGE ( 'NONE', *, *, #1048, .T. ) ;
#3387 = FACE_OUTER_BOUND ( 'NONE', #2737, .T. ) ;
#3388 = EDGE_CURVE ( 'NONE', #992, #1508, #4873, .T. ) ;
#3389 = DIRECTION ( 'NONE',  ( 0.0000000000000000000, 0.7071067811865480168, 0.7071067811865471286 ) ) ;
#3390 = CIRCLE ( 'NONE', #4720, 7.800090691792759934 ) ;
#3391 = DIRECTION ( 'NONE',  ( -0.7071067811865484609, -0.7071067811865467956, 0.0000000000000000000 ) ) ;
#3392 = ORIENTED_EDGE ( 'NONE', *, *, #2763, .F. ) ;
#3393 = DIRECTION ( 'NONE',  ( 0.0000000000000000000, -1.000000000000000000, 0.0000000000000000000 ) ) ;
#3394 = AXIS2_PLACEMENT_3D ( 'NONE', #1494, #2668, #1402 ) ;
#3395 = CARTESIAN_POINT ( 'NONE',  ( -5.700000000000000178, -9.853553390593274841, 3.240792647989786168 ) ) ;
#3396 = EDGE_CURVE ( 'NONE', #2233, #4313, #1567, .T. ) ;
#3397 = DIRECTION ( 'NONE',  ( 0.0000000000000000000, 0.8660254037844387076, -0.4999999999999998890 ) ) ;
#3398 = EDGE_CURVE ( 'NONE', #2110, #5440, #1119, .T. ) ;
#3399 = DIRECTION ( 'NONE',  ( -0.4472135954999603702, 0.8944271909999146342, 0.0000000000000000000 ) ) ;
#3400 = CARTESIAN_POINT ( 'NONE',  ( 3.700000000000000178, 0.0000000000000000000, 0.0000000000000000000 ) ) ;
#3401 = DESIGN_CONTEXT ( 'detailed design', #2639, 'design' ) ;
#3402 = DIRECTION ( 'NONE',  ( -1.000000000000000000, 0.0000000000000000000, 0.0000000000000000000 ) ) ;
#3403 = ADVANCED_FACE ( 'NONE', ( #5316 ), #1808, .T. ) ;
#3404 = EDGE_CURVE ( 'NONE', #555, #1683, #4263, .T. ) ;
#3405 = DIRECTION ( 'NONE',  ( -1.000000000000000000, 0.0000000000000000000, 0.0000000000000000000 ) ) ;
#3406 = EDGE_LOOP ( 'NONE', ( #3150, #5006, #3519, #1913 ) ) ;
#3407 = CIRCLE ( 'NONE', #3327, 1.999999999999999334 ) ;
#3408 = ORIENTED_EDGE ( 'NONE', *, *, #1658, .T. ) ;
#3409 = ORIENTED_EDGE ( 'NONE', *, *, #2964, .F. ) ;
#3410 = ORIENTED_EDGE ( 'NONE', *, *, #847, .F. ) ;
#3411 = ORIENTED_EDGE ( 'NONE', *, *, #3208, .F. ) ;
#3412 = VECTOR ( 'NONE', #4202, 1000.000000000000000 ) ;
#3413 = VECTOR ( 'NONE', #2113, 1000.000000000000114 ) ;
#3414 = CARTESIAN_POINT ( 'NONE',  ( -20.00000000000000000, 0.0000000000000000000, 0.0000000000000000000 ) ) ;
#3415 = ORIENTED_EDGE ( 'NONE', *, *, #4456, .F. ) ;
#3416 = CARTESIAN_POINT ( 'NONE',  ( -18.09999999999999787, -17.31925310616325220, -2.002173670980174958 ) ) ;
#3417 = CARTESIAN_POINT ( 'NONE',  ( 2.199999999999988187, -10.39230484541326049, -18.00000000000000000 ) ) ;
#3418 = VECTOR ( 'NONE', #5089, 1000.000000000000114 ) ;
#3419 = VECTOR ( 'NONE', #5340, 1000.000000000000000 ) ;
#3420 = DIRECTION ( 'NONE',  ( 1.000000000000000000, 0.0000000000000000000, 0.0000000000000000000 ) ) ;
#3421 = VERTEX_POINT ( 'NONE', #1922 ) ;
#3422 = ADVANCED_FACE ( 'NONE', ( #3211 ), #3314, .F. ) ;
#3423 = LINE ( 'NONE', #533, #1116 ) ;
#3424 = CARTESIAN_POINT ( 'NONE',  ( -17.60000000000000142, 6.856406460551009552, -18.00000000000000000 ) ) ;
#3425 = CARTESIAN_POINT ( 'NONE',  ( -17.84999999999999787, 6.856406460551009552, -16.00000000000000000 ) ) ;
#3426 = CARTESIAN_POINT ( 'NONE',  ( -10.95355339059339350, -7.597380394880365095, 3.240792647989745756 ) ) ;
#3427 = LINE ( 'NONE', #2553, #1151 ) ;
#3428 = ORIENTED_EDGE ( 'NONE', *, *, #3982, .F. ) ;
#3429 = DIRECTION ( 'NONE',  ( 0.0000000000000000000, -0.9681476403781076323, 0.2503800040544421623 ) ) ;
#3430 = DIRECTION ( 'NONE',  ( 1.000000000000000000, 0.0000000000000000000, 0.0000000000000000000 ) ) ;
#3431 = CARTESIAN_POINT ( 'NONE',  ( -10.59999999999999964, -9.000000000000000000, 3.094346038583049907 ) ) ;
#3432 = EDGE_CURVE ( 'NONE', #1846, #2382, #4140, .T. ) ;
#3433 = CYLINDRICAL_SURFACE ( 'NONE', #5254, 0.5000000000000002220 ) ;
#3434 = ORIENTED_EDGE ( 'NONE', *, *, #4960, .F. ) ;
#3435 = ORIENTED_EDGE ( 'NONE', *, *, #1108, .F. ) ;
#3436 = AXIS2_PLACEMENT_3D ( 'NONE', #1627, #1986, #3686 ) ;
#3437 = EDGE_CURVE ( 'NONE', #2830, #4239, #3717, .T. ) ;
#3438 = VERTEX_POINT ( 'NONE', #1229 ) ;
#3439 = ORIENTED_EDGE ( 'NONE', *, *, #1187, .F. ) ;
#3440 = FACE_OUTER_BOUND ( 'NONE', #2295, .T. ) ;
#3441 = ORIENTED_EDGE ( 'NONE', *, *, #3797, .F. ) ;
#3442 = DIRECTION ( 'NONE',  ( -1.000000000000000000, 0.0000000000000000000, 0.0000000000000000000 ) ) ;
#3443 = DIRECTION ( 'NONE',  ( 1.000000000000000000, 0.0000000000000000000, 0.0000000000000000000 ) ) ;
#3444 = DIRECTION ( 'NONE',  ( 0.0000000000000000000, -0.9681476403781076323, 0.2503800040544421623 ) ) ;
#3445 = DIRECTION ( 'NONE',  ( -0.7071067811865449082, -0.7071067811865501263, 0.0000000000000000000 ) ) ;
#3446 = LINE ( 'NONE', #3532, #806 ) ;
#3447 = CARTESIAN_POINT ( 'NONE',  ( -18.09999999999999787, 7.606406460551010440, -17.29903810567665090 ) ) ;
#3448 = FACE_OUTER_BOUND ( 'NONE', #759, .T. ) ;
#3449 = LINE ( 'NONE', #5040, #3412 ) ;
#3450 = ORIENTED_EDGE ( 'NONE', *, *, #1824, .T. ) ;
#3451 = CYLINDRICAL_SURFACE ( 'NONE', #4002, 0.5000000000000002220 ) ;
#3452 = AXIS2_PLACEMENT_3D ( 'NONE', #899, #45, #410 ) ;
#3453 = CARTESIAN_POINT ( 'NONE',  ( 5.310000000000000497, 12.50000000000000000, 0.0000000000000000000 ) ) ;
#3454 = CARTESIAN_POINT ( 'NONE',  ( -17.60000000000000142, -19.05130391373210230, 3.002173670980185172 ) ) ;
#3455 = CARTESIAN_POINT ( 'NONE',  ( 0.2000000000000000944, -19.25554838691946458, -2.502933679089057062 ) ) ;
#3456 = ADVANCED_FACE ( 'NONE', ( #3832 ), #3722, .T. ) ;
#3457 = CARTESIAN_POINT ( 'NONE',  ( -18.09999999999999787, 18.78453352680459787, 6.345551999999999578E-15 ) ) ;
#3458 = ORIENTED_EDGE ( 'NONE', *, *, #754, .F. ) ;
#3459 = ORIENTED_EDGE ( 'NONE', *, *, #1389, .T. ) ;
#3460 = EDGE_CURVE ( 'NONE', #2843, #3663, #2072, .T. ) ;
#3461 = ADVANCED_FACE ( 'NONE', ( #2050 ), #4667, .T. ) ;
#3462 = CONICAL_SURFACE ( 'NONE', #1454, 12.56250000000000000, 0.07748431091347772470 ) ;
#3463 = ORIENTED_EDGE ( 'NONE', *, *, #1351, .F. ) ;
#3464 = ORIENTED_EDGE ( 'NONE', *, *, #2905, .T. ) ;
#3465 = AXIS2_PLACEMENT_3D ( 'NONE', #95, #404, #4254 ) ;
#3466 = CARTESIAN_POINT ( 'NONE',  ( -2.269947697238714923, 7.500000000000239808, 5.972220000000000634E-15 ) ) ;
#3467 = EDGE_LOOP ( 'NONE', ( #1326, #1469, #586, #3757 ) ) ;
#3468 = DIRECTION ( 'NONE',  ( 0.0000000000000000000, 0.9998476951563912696, 0.01745240643728300511 ) ) ;
#3469 = AXIS2_PLACEMENT_3D ( 'NONE', #1730, #4314, #3429 ) ;
#3470 = DIRECTION ( 'NONE',  ( 0.0000000000000000000, 1.000000000000000000, 0.0000000000000000000 ) ) ;
#3471 = ADVANCED_FACE ( 'NONE', ( #1276, #2952 ), #8, .T. ) ;
#3472 = CIRCLE ( 'NONE', #581, 1.499999999999999334 ) ;
#3473 = AXIS2_PLACEMENT_3D ( 'NONE', #2599, #889, #1334 ) ;
#3474 = CARTESIAN_POINT ( 'NONE',  ( -16.44999999999999929, -6.000000000000000000, 18.00000000000000000 ) ) ;
#3475 = ORIENTED_EDGE ( 'NONE', *, *, #658, .F. ) ;
#3476 = LINE ( 'NONE', #4278, #2043 ) ;
#3477 = CARTESIAN_POINT ( 'NONE',  ( -17.84999999999999787, -6.856406460551029092, -16.00000000000000000 ) ) ;
#3478 = DIRECTION ( 'NONE',  ( 1.000000000000000000, 0.0000000000000000000, 0.0000000000000000000 ) ) ;
#3479 = CARTESIAN_POINT ( 'NONE',  ( -1.949999999999999956, -5.500000000000000000, -18.00000000000000000 ) ) ;
#3480 = CIRCLE ( 'NONE', #234, 0.5000000000000002220 ) ;
#3481 = ORIENTED_EDGE ( 'NONE', *, *, #1850, .F. ) ;
#3482 = DIRECTION ( 'NONE',  ( 0.0000000000000000000, -0.2588190451025211836, 0.9659258262890682012 ) ) ;
#3483 = FACE_OUTER_BOUND ( 'NONE', #399, .T. ) ;
#3484 = CARTESIAN_POINT ( 'NONE',  ( -18.09999999999999787, -6.500000000000000000, 5.217719000000000091E-15 ) ) ;
#3485 = DIRECTION ( 'NONE',  ( 0.0000000000000000000, -1.000000000000000000, 0.0000000000000000000 ) ) ;
#3486 = CARTESIAN_POINT ( 'NONE',  ( 5.309999999999999609, 12.50000000000000000, 0.0000000000000000000 ) ) ;
#3487 = DIRECTION ( 'NONE',  ( 1.000000000000000000, 0.0000000000000000000, 0.0000000000000000000 ) ) ;
#3488 = ORIENTED_EDGE ( 'NONE', *, *, #3773, .T. ) ;
#3489 = CC_DESIGN_DATE_AND_TIME_ASSIGNMENT ( #1175, #4533, ( #3688 ) ) ;
#3490 = ORIENTED_EDGE ( 'NONE', *, *, #1270, .T. ) ;
#3491 = ADVANCED_FACE ( 'NONE', ( #5442 ), #3343, .T. ) ;
#3492 = EDGE_LOOP ( 'NONE', ( #3257, #4158, #2076, #5103 ) ) ;
#3493 = ORIENTED_EDGE ( 'NONE', *, *, #4588, .F. ) ;
#3494 = EDGE_CURVE ( 'NONE', #4444, #3001, #4246, .T. ) ;
#3495 = VERTEX_POINT ( 'NONE', #2132 ) ;
#3496 = DIRECTION ( 'NONE',  ( 0.0000000000000000000, 0.2588190451025211836, 0.9659258262890682012 ) ) ;
#3497 = ORIENTED_EDGE ( 'NONE', *, *, #5228, .T. ) ;
#3498 = CARTESIAN_POINT ( 'NONE',  ( 0.2000000000000000944, -12.16025403784439973, -14.93782217350891983 ) ) ;
#3499 = AXIS2_PLACEMENT_3D ( 'NONE', #5361, #4475, #1089 ) ;
#3500 = DIRECTION ( 'NONE',  ( 0.0000000000000000000, 0.4999999999999998890, 0.8660254037844387076 ) ) ;
#3501 = EDGE_CURVE ( 'NONE', #4501, #3976, #3300, .T. ) ;
#3502 = ADVANCED_FACE ( 'NONE', ( #473 ), #2154, .F. ) ;
#3503 = DIRECTION ( 'NONE',  ( 0.0000000000000000000, 0.7071067811865484609, -0.7071067811865467956 ) ) ;
#3504 = ORIENTED_EDGE ( 'NONE', *, *, #4016, .T. ) ;
#3505 = PLANE ( 'NONE',  #11 ) ;
#3506 = DIRECTION ( 'NONE',  ( -0.7071067811865484609, -0.7071067811865467956, -1.734723475976807094E-15 ) ) ;
#3507 = CARTESIAN_POINT ( 'NONE',  ( -18.10000000000000142, -17.31925310616325220, 2.002173670980184728 ) ) ;
#3508 = PLANE ( 'NONE',  #5377 ) ;
#3509 = AXIS2_PLACEMENT_3D ( 'NONE', #332, #3248, #1160 ) ;
#3510 = ORIENTED_EDGE ( 'NONE', *, *, #3494, .T. ) ;
#3511 = CYLINDRICAL_SURFACE ( 'NONE', #2427, 1.000000000000000000 ) ;
#3512 = AXIS2_PLACEMENT_3D ( 'NONE', #1288, #3842, #1804 ) ;
#3513 = DIRECTION ( 'NONE',  ( -1.000000000000000000, 0.0000000000000000000, 0.0000000000000000000 ) ) ;
#3514 = DIRECTION ( 'NONE',  ( 0.0000000000000000000, -1.000000000000000000, 0.0000000000000000000 ) ) ;
#3515 = DIRECTION ( 'NONE',  ( -0.9961946981004381474, -2.469157220570067600E-32, -0.08715574264830110163 ) ) ;
#3516 = CYLINDRICAL_SURFACE ( 'NONE', #2729, 0.5000000000000001110 ) ;
#3517 = CYLINDRICAL_SURFACE ( 'NONE', #2836, 1.999999999999998890 ) ;
#3518 = ORIENTED_EDGE ( 'NONE', *, *, #1602, .F. ) ;
#3519 = ORIENTED_EDGE ( 'NONE', *, *, #530, .T. ) ;
#3520 = ORIENTED_EDGE ( 'NONE', *, *, #1791, .F. ) ;
#3521 = MANIFOLD_SOLID_BREP ( 'Surface-Fill2', #2576 ) ;
#3522 = EDGE_LOOP ( 'NONE', ( #1915, #1377, #2586, #626, #3504, #4219, #1529, #4426, #579, #6, #4925, #5346, #3615, #752 ) ) ;
#3523 = ORIENTED_EDGE ( 'NONE', *, *, #3239, .F. ) ;
#3524 = EDGE_LOOP ( 'NONE', ( #387, #5247, #5244, #4682 ) ) ;
#3525 = CARTESIAN_POINT ( 'NONE',  ( 2.200000000000000178, -18.43908891458579902, 1.500000000000000000 ) ) ;
#3526 = VERTEX_POINT ( 'NONE', #4193 ) ;
#3527 = DIRECTION ( 'NONE',  ( 0.0000000000000000000, 1.000000000000000000, 0.0000000000000000000 ) ) ;
#3528 = CARTESIAN_POINT ( 'NONE',  ( 0.1999999999999859945, -19.05130391373210230, 3.002173670980185172 ) ) ;
#3529 = AXIS2_PLACEMENT_3D ( 'NONE', #4050, #695, #2704 ) ;
#3530 = FACE_OUTER_BOUND ( 'NONE', #3893, .T. ) ;
#3531 = VERTEX_POINT ( 'NONE', #858 ) ;
#3532 = CARTESIAN_POINT ( 'NONE',  ( 2.200000000000000178, -12.62500000000000000, 0.0000000000000000000 ) ) ;
#3533 = LINE ( 'NONE', #3124, #1496 ) ;
#3534 = DIRECTION ( 'NONE',  ( 0.0000000000000000000, 0.2588190451025209060, 0.9659258262890682012 ) ) ;
#3535 = CARTESIAN_POINT ( 'NONE',  ( -18.09999999999999787, 6.856406460551009552, -17.50000000000000000 ) ) ;
#3536 = EDGE_CURVE ( 'NONE', #134, #3884, #1743, .T. ) ;
#3537 = EDGE_CURVE ( 'NONE', #1367, #2159, #809, .T. ) ;
#3538 = ORIENTED_EDGE ( 'NONE', *, *, #2824, .T. ) ;
#3539 = CARTESIAN_POINT ( 'NONE',  ( 0.1999999999999840239, 11.42820323027549989, 15.66987298107780013 ) ) ;
#3540 = LINE ( 'NONE', #1042, #2795 ) ;
#3541 = CLOSED_SHELL ( 'NONE', ( #3332, #5370, #4962, #3130, #4966, #3060, #1193, #494, #5111, #317, #2745, #5091, #2229, #1619, #1784, #2175, #3177, #3025, #4053, #5196, #2421, #1613, #350, #5124, #2896, #2029, #3720, #1090, #5431, #3264, #2531, #2580, #4589, #3091, #4293, #1115, #725, #4084, #542, #3981, #1600, #4481, #1155, #2190, #3974, #708, #3804, #4650, #4628, #3185, #4183, #32, #3471, #641, #4684, #3676, #3146, #1892, #4497, #2039, #3215, #4756, #254, #1324, #1790, #2022, #2655, #2266, #255, #3268, #2030, #3277, #2776, #2063, #3962, #1388, #4310, #4487, #2373, #3070, #5099, #4520, #77, #235, #43, #2988 ) ) ;
#3542 = CARTESIAN_POINT ( 'NONE',  ( -17.84999999999999787, 17.31925310616325220, -2.002173670980184728 ) ) ;
#3543 = DIRECTION ( 'NONE',  ( 0.0000000000000000000, 1.000000000000000000, 0.0000000000000000000 ) ) ;
#3544 = DIRECTION ( 'NONE',  ( 0.0000000000000000000, -0.5000000000000003331, -0.8660254037844383745 ) ) ;
#3545 = DIRECTION ( 'NONE',  ( 0.0000000000000000000, 0.9681476403781078544, 0.2503800040544411076 ) ) ;
#3546 = ORIENTED_EDGE ( 'NONE', *, *, #1456, .T. ) ;
#3547 =( BOUNDED_CURVE ( )  B_SPLINE_CURVE ( 2, ( #1257, #4593, #5085 ),
 .UNSPECIFIED., .F., .F. ) 
 B_SPLINE_CURVE_WITH_KNOTS ( ( 3, 3 ),
 ( 0.0000000000000000000, 0.08043423745193799268 ),
 .UNSPECIFIED. ) 
 CURVE ( )  GEOMETRIC_REPRESENTATION_ITEM ( )  RATIONAL_B_SPLINE_CURVE ( ( 1.000000000000000000, 1.000011954592516128, 1.000000000000000000 ) ) 
 REPRESENTATION_ITEM ( '' )  );
#3548 = ORIENTED_EDGE ( 'NONE', *, *, #1490, .F. ) ;
#3549 = EDGE_LOOP ( 'NONE', ( #2866, #2646, #5365, #26 ) ) ;
#3550 = CIRCLE ( 'NONE', #4528, 1.000000000000000666 ) ;
#3551 = ORIENTED_EDGE ( 'NONE', *, *, #5394, .T. ) ;
#3552 = ORIENTED_EDGE ( 'NONE', *, *, #2361, .F. ) ;
#3553 = ORIENTED_EDGE ( 'NONE', *, *, #3670, .T. ) ;
#3554 = ORIENTED_EDGE ( 'NONE', *, *, #1422, .T. ) ;
#3555 = DIRECTION ( 'NONE',  ( 0.0000000000000000000, 0.7071067811865480168, -0.7071067811865470176 ) ) ;
#3556 = DIRECTION ( 'NONE',  ( 0.0000000000000000000, -0.7254762501100113781, 0.6882472016116857327 ) ) ;
#3557 = ADVANCED_FACE ( 'NONE', ( #2487 ), #1473, .T. ) ;
#3558 = AXIS2_PLACEMENT_3D ( 'NONE', #1241, #3223, #4908 ) ;
#3559 = ADVANCED_FACE ( 'NONE', ( #2515 ), #2106, .F. ) ;
#3560 = CARTESIAN_POINT ( 'NONE',  ( 0.2000000000000000944, 19.05130391373210230, -3.002173670980185172 ) ) ;
#3561 = ORIENTED_EDGE ( 'NONE', *, *, #4133, .T. ) ;
#3562 = FACE_OUTER_BOUND ( 'NONE', #1310, .T. ) ;
#3563 = DIRECTION ( 'NONE',  ( -0.7071067811865487940, 0.0000000000000000000, 0.7071067811865462405 ) ) ;
#3564 = DIRECTION ( 'NONE',  ( 1.000000000000000000, 0.0000000000000000000, 0.0000000000000000000 ) ) ;
#3565 = EDGE_CURVE ( 'NONE', #2918, #595, #2873, .T. ) ;
#3566 = DIRECTION ( 'NONE',  ( -1.000000000000000000, 0.0000000000000000000, 0.0000000000000000000 ) ) ;
#3567 = AXIS2_PLACEMENT_3D ( 'NONE', #1098, #156, #244 ) ;
#3568 = ORIENTED_EDGE ( 'NONE', *, *, #2770, .T. ) ;
#3569 = CARTESIAN_POINT ( 'NONE',  ( 0.1999999999999869937, -6.856406460551009552, 16.00000000000000000 ) ) ;
#3570 = ORIENTED_EDGE ( 'NONE', *, *, #4347, .F. ) ;
#3571 = EDGE_CURVE ( 'NONE', #1435, #1152, #2213, .T. ) ;
#3572 = EDGE_CURVE ( 'NONE', #4536, #2243, #3577, .T. ) ;
#3573 = CARTESIAN_POINT ( 'NONE',  ( -1.550000000000165024, -14.00000000000000000, 0.0000000000000000000 ) ) ;
#3574 = DIRECTION ( 'NONE',  ( 0.0000000000000000000, 0.4999999999999998890, 0.8660254037844387076 ) ) ;
#3575 = AXIS2_PLACEMENT_3D ( 'NONE', #1815, #5178, #2940 ) ;
#3576 = CARTESIAN_POINT ( 'NONE',  ( -17.84999999999999787, -17.31925310616325220, -2.002173670980174958 ) ) ;
#3577 = CIRCLE ( 'NONE', #1203, 0.5000000000000004441 ) ;
#3578 = VECTOR ( 'NONE', #1639, 1000.000000000000000 ) ;
#3579 = CARTESIAN_POINT ( 'NONE',  ( -8.289640249932110905, -12.09846817216561909, 4.649999999999999467 ) ) ;
#3580 = ORIENTED_EDGE ( 'NONE', *, *, #3103, .T. ) ;
#3581 = EDGE_CURVE ( 'NONE', #1301, #2159, #1769, .T. ) ;
#3582 = ADVANCED_FACE ( 'NONE', ( #4301 ), #197, .T. ) ;
#3583 = ORIENTED_EDGE ( 'NONE', *, *, #3806, .F. ) ;
#3584 = VECTOR ( 'NONE', #2697, 1000.000000000000000 ) ;
#3585 = ORIENTED_EDGE ( 'NONE', *, *, #3276, .F. ) ;
#3586 = AXIS2_PLACEMENT_3D ( 'NONE', #3104, #1012, #5299 ) ;
#3587 = ORIENTED_EDGE ( 'NONE', *, *, #1219, .T. ) ;
#3588 = EDGE_LOOP ( 'NONE', ( #1217, #3080, #1714, #4010 ) ) ;
#3589 = ORIENTED_EDGE ( 'NONE', *, *, #1885, .F. ) ;
#3590 = DIRECTION ( 'NONE',  ( -0.7071067811865480168, -0.7069990853988238344, 0.01234071493982698449 ) ) ;
#3591 = AXIS2_PLACEMENT_3D ( 'NONE', #3151, #3527, #5161 ) ;
#3592 = DIRECTION ( 'NONE',  ( 1.000000000000000000, 0.0000000000000000000, 0.0000000000000000000 ) ) ;
#3593 = ORIENTED_EDGE ( 'NONE', *, *, #2192, .T. ) ;
#3594 = LINE ( 'NONE', #4847, #264 ) ;
#3595 = DIRECTION ( 'NONE',  ( 0.0000000000000000000, 0.0000000000000000000, -1.000000000000000000 ) ) ;
#3596 = DIRECTION ( 'NONE',  ( -1.000000000000000000, 0.0000000000000000000, 0.0000000000000000000 ) ) ;
#3597 = ORIENTED_EDGE ( 'NONE', *, *, #2474, .F. ) ;
#3598 = CARTESIAN_POINT ( 'NONE',  ( -11.09999999999999964, -9.000000000000000000, 4.649999999999999467 ) ) ;
#3599 = VERTEX_POINT ( 'NONE', #1828 ) ;
#3600 = CARTESIAN_POINT ( 'NONE',  ( 5.515026151380641117, -1.887379000000000174E-14, -2.220445999999999951E-15 ) ) ;
#3601 = LINE ( 'NONE', #1547, #2676 ) ;
#3602 = AXIS2_PLACEMENT_3D ( 'NONE', #3708, #4515, #1579 ) ;
#3603 = LINE ( 'NONE', #3958, #3844 ) ;
#3604 = AXIS2_PLACEMENT_3D ( 'NONE', #3321, #2035, #5400 ) ;
#3605 = CARTESIAN_POINT ( 'NONE',  ( -7.984973848619370429, -1.887379000000000174E-14, -2.220445999999999951E-15 ) ) ;
#3606 = AXIS2_PLACEMENT_3D ( 'NONE', #2661, #154, #3098 ) ;
#3607 = AXIS2_PLACEMENT_3D ( 'NONE', #5030, #1665, #2924 ) ;
#3608 = CARTESIAN_POINT ( 'NONE',  ( 2.199999999999985079, 12.62500000000000000, 6.200823999999999724E-15 ) ) ;
#3609 = ORIENTED_EDGE ( 'NONE', *, *, #3908, .T. ) ;
#3610 = EDGE_CURVE ( 'NONE', #4161, #3937, #2183, .T. ) ;
#3611 = EDGE_CURVE ( 'NONE', #1025, #643, #4748, .T. ) ;
#3612 = ORIENTED_EDGE ( 'NONE', *, *, #2634, .F. ) ;
#3613 = VERTEX_POINT ( 'NONE', #4809 ) ;
#3614 = VERTEX_POINT ( 'NONE', #4271 ) ;
#3615 = ORIENTED_EDGE ( 'NONE', *, *, #2761, .F. ) ;
#3616 = CARTESIAN_POINT ( 'NONE',  ( -18.10000000000000142, -18.43908891458579902, 0.0000000000000000000 ) ) ;
#3617 = LINE ( 'NONE', #4944, #1296 ) ;
#3618 = CIRCLE ( 'NONE', #1523, 2.000000000000000000 ) ;
#3619 = LINE ( 'NONE', #2386, #950 ) ;
#3620 = LINE ( 'NONE', #2387, #1021 ) ;
#3621 = COORDINATED_UNIVERSAL_TIME_OFFSET ( 5, 0, .BEHIND. ) ;
#3622 = ORIENTED_EDGE ( 'NONE', *, *, #2234, .F. ) ;
#3623 = DIRECTION ( 'NONE',  ( 0.0000000000000000000, -0.8660254037844387076, 0.4999999999999998890 ) ) ;
#3624 = EDGE_LOOP ( 'NONE', ( #1434, #4472, #3568, #466 ) ) ;
#3625 = LINE ( 'NONE', #1575, #48 ) ;
#3626 = CARTESIAN_POINT ( 'NONE',  ( -15.94999999999999929, -5.500000000000000000, 18.00000000000000000 ) ) ;
#3627 = DIRECTION ( 'NONE',  ( -1.000000000000000000, 0.0000000000000000000, 0.0000000000000000000 ) ) ;
#3628 = DIRECTION ( 'NONE',  ( 0.0000000000000000000, 0.0000000000000000000, -1.000000000000000000 ) ) ;
#3629 = CARTESIAN_POINT ( 'NONE',  ( 0.2000000000000000944, -7.856406460551029092, -17.73205080756889984 ) ) ;
#3630 = EDGE_CURVE ( 'NONE', #1846, #1218, #4951, .T. ) ;
#3631 = CARTESIAN_POINT ( 'NONE',  ( -5.700000000000000178, -9.500000000000000000, -3.594346038583040137 ) ) ;
#3632 = DIRECTION ( 'NONE',  ( 0.9961946980917472105, -0.08715574274763800144, -3.887637000000001218E-18 ) ) ;
#3633 = ADVANCED_FACE ( 'NONE', ( #2717 ), #5305, .T. ) ;
#3634 = ORIENTED_EDGE ( 'NONE', *, *, #5382, .T. ) ;
#3635 = ORIENTED_EDGE ( 'NONE', *, *, #3806, .T. ) ;
#3636 = AXIS2_PLACEMENT_3D ( 'NONE', #5354, #3737, #5327 ) ;
#3637 = ORIENTED_EDGE ( 'NONE', *, *, #3460, .T. ) ;
#3638 = EDGE_CURVE ( 'NONE', #1787, #3776, #4841, .T. ) ;
#3639 = EDGE_CURVE ( 'NONE', #3053, #23, #3861, .T. ) ;
#3640 = ORIENTED_EDGE ( 'NONE', *, *, #5238, .T. ) ;
#3641 = CARTESIAN_POINT ( 'NONE',  ( 0.1999999999999889921, 19.31894849647605028, 1.967268858105579943 ) ) ;
#3642 = ADVANCED_FACE ( 'NONE', ( #529 ), #2595, .F. ) ;
#3643 = CYLINDRICAL_SURFACE ( 'NONE', #333, 1.500000000000001110 ) ;
#3644 = EDGE_LOOP ( 'NONE', ( #3187, #2673, #4486, #1733 ) ) ;
#3645 = CARTESIAN_POINT ( 'NONE',  ( -20.00000000000000000, 6.856406460551009552, 16.00000000000000000 ) ) ;
#3646 = PLANE ( 'NONE',  #1724 ) ;
#3647 = APPROVAL_DATE_TIME ( #1976, #4073 ) ;
#3648 = ORIENTED_EDGE ( 'NONE', *, *, #4555, .F. ) ;
#3649 = CIRCLE ( 'NONE', #5151, 0.5000000000000000000 ) ;
#3650 = LINE ( 'NONE', #296, #757 ) ;
#3651 = ORIENTED_EDGE ( 'NONE', *, *, #3233, .F. ) ;
#3652 = DIRECTION ( 'NONE',  ( 1.000000000000000000, 7.758122359659499356E-32, 2.006386834396684799E-32 ) ) ;
#3653 = DIRECTION ( 'NONE',  ( 0.0000000000000000000, 0.0000000000000000000, -1.000000000000000000 ) ) ;
#3654 = CARTESIAN_POINT ( 'NONE',  ( -18.10000000000000142, 6.856406460551009552, 17.50000000000000000 ) ) ;
#3655 = DIRECTION ( 'NONE',  ( -1.000000000000000000, 0.0000000000000000000, 0.0000000000000000000 ) ) ;
#3656 = FACE_OUTER_BOUND ( 'NONE', #4923, .T. ) ;
#3657 = AXIS2_PLACEMENT_3D ( 'NONE', #1263, #3763, #3042 ) ;
#3658 = CARTESIAN_POINT ( 'NONE',  ( -15.94999999999999929, -5.500000000000000000, 18.00000000000000000 ) ) ;
#3659 = VECTOR ( 'NONE', #736, 1000.000000000000000 ) ;
#3660 = CARTESIAN_POINT ( 'NONE',  ( 0.2000000000000000944, 7.374044550756050143, -17.93185165257813551 ) ) ;
#3661 = AXIS2_PLACEMENT_3D ( 'NONE', #902, #3487, #4735 ) ;
#3662 = EDGE_LOOP ( 'NONE', ( #2305, #2271, #4796, #1736 ) ) ;
#3663 = VERTEX_POINT ( 'NONE', #3917 ) ;
#3664 = EDGE_CURVE ( 'NONE', #1269, #4687, #3886, .T. ) ;
#3665 = ORIENTED_EDGE ( 'NONE', *, *, #1626, .T. ) ;
#3666 = AXIS2_PLACEMENT_3D ( 'NONE', #4870, #3260, #3154 ) ;
#3667 = ORIENTED_EDGE ( 'NONE', *, *, #4077, .F. ) ;
#3668 = DIRECTION ( 'NONE',  ( -1.000000000000000000, 0.0000000000000000000, 0.0000000000000000000 ) ) ;
#3669 = AXIS2_PLACEMENT_3D ( 'NONE', #5191, #911, #1330 ) ;
#3670 = EDGE_CURVE ( 'NONE', #521, #615, #2546, .T. ) ;
#3671 = CYLINDRICAL_SURFACE ( 'NONE', #3666, 9.000000000000000000 ) ;
#3672 = ORIENTED_EDGE ( 'NONE', *, *, #3338, .F. ) ;
#3673 = DIRECTION ( 'NONE',  ( 0.0000000000000000000, -0.8660254037844384856, 0.5000000000000003331 ) ) ;
#3674 = CARTESIAN_POINT ( 'NONE',  ( -10.59999999999999964, -7.624823114154723136, -3.094346038583040137 ) ) ;
#3675 = PERSON_AND_ORGANIZATION_ROLE ( 'design_supplier' ) ;
#3676 = ADVANCED_FACE ( 'NONE', ( #2683 ), #4361, .T. ) ;
#3677 = EDGE_CURVE ( 'NONE', #1325, #3663, #1798, .T. ) ;
#3678 = DIRECTION ( 'NONE',  ( 0.0000000000000000000, -1.000000000000000000, 0.0000000000000000000 ) ) ;
#3679 = ORIENTED_EDGE ( 'NONE', *, *, #3338, .T. ) ;
#3680 = FACE_OUTER_BOUND ( 'NONE', #1908, .T. ) ;
#3681 = CARTESIAN_POINT ( 'NONE',  ( -16.30355339059327235, -5.853553390593274841, -18.00000000000000000 ) ) ;
#3682 = CARTESIAN_POINT ( 'NONE',  ( -15.94999999999999929, 5.500000000000000000, 18.00000000000000000 ) ) ;
#3683 = DIRECTION ( 'NONE',  ( -1.000000000000000000, 0.0000000000000000000, 0.0000000000000000000 ) ) ;
#3684 = LINE ( 'NONE', #5352, #4491 ) ;
#3685 = CIRCLE ( 'NONE', #3249, 0.5000000000000003331 ) ;
#3686 = DIRECTION ( 'NONE',  ( 0.0000000000000000000, 0.9681476403781078544, 0.2503800040544411076 ) ) ;
#3687 = CARTESIAN_POINT ( 'NONE',  ( -18.10000000000000142, -11.72724133595216145, 14.68782217350891983 ) ) ;
#3688 = SECURITY_CLASSIFICATION ( '', '', #3265 ) ;
#3689 = VECTOR ( 'NONE', #2932, 1000.000000000000000 ) ;
#3690 = ORIENTED_EDGE ( 'NONE', *, *, #170, .F. ) ;
#3691 = VERTEX_POINT ( 'NONE', #1000 ) ;
#3692 = ORIENTED_EDGE ( 'NONE', *, *, #3939, .T. ) ;
#3693 = ORIENTED_EDGE ( 'NONE', *, *, #1502, .T. ) ;
#3694 = PLANE ( 'NONE',  #5450 ) ;
#3695 = DIRECTION ( 'NONE',  ( 1.000000000000000000, 0.0000000000000000000, 0.0000000000000000000 ) ) ;
#3696 = VERTEX_POINT ( 'NONE', #592 ) ;
#3697 = DIRECTION ( 'NONE',  ( 1.000000000000000000, 0.0000000000000000000, 0.0000000000000000000 ) ) ;
#3698 = DIRECTION ( 'NONE',  ( 0.7071067811865470176, 0.3535533905932720100, -0.6123724356957961357 ) ) ;
#3699 = APPROVAL_STATUS ( 'not_yet_approved' ) ;
#3700 = DIRECTION ( 'NONE',  ( 0.9969995923835638374, -0.07740680065089598771, -3.452779999999999973E-18 ) ) ;
#3701 = VERTEX_POINT ( 'NONE', #3152 ) ;
#3702 = CARTESIAN_POINT ( 'NONE',  ( -18.09999999999999787, -11.17820323027551765, -15.23686027918559915 ) ) ;
#3703 = CARTESIAN_POINT ( 'NONE',  ( -10.80710678118655466, -9.707106781186537248, 4.649999999999997691 ) ) ;
#3704 = CARTESIAN_POINT ( 'NONE',  ( -10.09999999999999964, -9.000000000000000000, -3.594346038583040137 ) ) ;
#3705 = EDGE_CURVE ( 'NONE', #5166, #2819, #146, .T. ) ;
#3706 = DIRECTION ( 'NONE',  ( 0.0000000000000000000, -0.7352146220938089449, -0.6778343894045636420 ) ) ;
#3707 = ADVANCED_FACE ( 'NONE', ( #4421 ), #2744, .T. ) ;
#3708 = CARTESIAN_POINT ( 'NONE',  ( 0.0000000000000000000, -21.33810720160605001, 0.0000000000000000000 ) ) ;
#3709 = VECTOR ( 'NONE', #306, 1000.000000000000000 ) ;
#3710 = CARTESIAN_POINT ( 'NONE',  ( -1.949999999999999956, 5.500000000000000000, 17.69999999999994955 ) ) ;
#3711 = CARTESIAN_POINT ( 'NONE',  ( 2.950000000000000178, 0.0000000000000000000, 0.0000000000000000000 ) ) ;
#3712 = EDGE_LOOP ( 'NONE', ( #2678, #5232, #4742, #2647 ) ) ;
#3713 = ORIENTED_EDGE ( 'NONE', *, *, #1570, .T. ) ;
#3714 = ORIENTED_EDGE ( 'NONE', *, *, #2841, .T. ) ;
#3715 = CARTESIAN_POINT ( 'NONE',  ( -11.09999999999999964, -10.00000000000000000, 3.094346038583040137 ) ) ;
#3716 = CIRCLE ( 'NONE', #300, 1.499999999999998890 ) ;
#3717 =( BOUNDED_CURVE ( )  B_SPLINE_CURVE ( 2, ( #30, #61, #4164 ),
 .UNSPECIFIED., .F., .T. ) 
 B_SPLINE_CURVE_WITH_KNOTS ( ( 3, 3 ),
 ( 0.0000000000000000000, 0.08043423745193799268 ),
 .UNSPECIFIED. ) 
 CURVE ( )  GEOMETRIC_REPRESENTATION_ITEM ( )  RATIONAL_B_SPLINE_CURVE ( ( 1.000000000000000000, 1.000011954668192038, 1.000000000000000000 ) ) 
 REPRESENTATION_ITEM ( '' )  );
#3718 = DIRECTION ( 'NONE',  ( -1.000000000000000000, -2.478589000000000183E-32, 0.0000000000000000000 ) ) ;
#3719 = ORIENTED_EDGE ( 'NONE', *, *, #697, .T. ) ;
#3720 = ADVANCED_FACE ( 'NONE', ( #5422 ), #5009, .F. ) ;
#3721 = DIRECTION ( 'NONE',  ( -0.0000000000000000000, 0.0000000000000000000, 1.000000000000000000 ) ) ;
#3722 = CYLINDRICAL_SURFACE ( 'NONE', #3127, 1.000000000000000000 ) ;
#3723 = CALENDAR_DATE ( 2020, 17, 12 ) ;
#3724 = EDGE_CURVE ( 'NONE', #3307, #1482, #2377, .T. ) ;
#3725 = CARTESIAN_POINT ( 'NONE',  ( -16.30355339059327235, -5.853553390593273953, 17.69999999999994955 ) ) ;
#3726 = VERTEX_POINT ( 'NONE', #4148 ) ;
#3727 = EDGE_CURVE ( 'NONE', #2946, #1092, #2024, .T. ) ;
#3728 = PLANE ( 'NONE',  #1563 ) ;
#3729 = CARTESIAN_POINT ( 'NONE',  ( 2.199999999999988187, 6.856406460551009552, -16.00000000000000000 ) ) ;
#3730 = DIRECTION ( 'NONE',  ( -0.7071067811865501263, 0.7071067811865450192, 0.0000000000000000000 ) ) ;
#3731 = DIRECTION ( 'NONE',  ( 0.0000000000000000000, 0.0000000000000000000, 1.000000000000000000 ) ) ;
#3732 = DIRECTION ( 'NONE',  ( -1.000000000000000000, 0.0000000000000000000, 0.0000000000000000000 ) ) ;
#3733 = AXIS2_PLACEMENT_3D ( 'NONE', #1549, #4149, #4931 ) ;
#3734 = EDGE_CURVE ( 'NONE', #801, #469, #1236, .T. ) ;
#3735 = CARTESIAN_POINT ( 'NONE',  ( -18.10000000000000142, 6.500000000000000000, 0.0000000000000000000 ) ) ;
#3736 = VECTOR ( 'NONE', #3979, 1000.000000000000000 ) ;
#3737 = DIRECTION ( 'NONE',  ( -1.000000000000000000, 0.0000000000000000000, 0.0000000000000000000 ) ) ;
#3738 = VECTOR ( 'NONE', #485, 1000.000000000000000 ) ;
#3739 = CIRCLE ( 'NONE', #5252, 9.000000000000000000 ) ;
#3740 = EDGE_CURVE ( 'NONE', #469, #5052, #2108, .T. ) ;
#3741 = EDGE_CURVE ( 'NONE', #150, #801, #5190, .T. ) ;
#3742 = ORIENTED_EDGE ( 'NONE', *, *, #1066, .F. ) ;
#3743 = ORIENTED_EDGE ( 'NONE', *, *, #3638, .F. ) ;
#3744 = VERTEX_POINT ( 'NONE', #1548 ) ;
#3745 = DIRECTION ( 'NONE',  ( 8.434090000000000394E-17, -1.000000000000000000, -8.434090000000000394E-17 ) ) ;
#3746 = VECTOR ( 'NONE', #3047, 1000.000000000000000 ) ;
#3747 = VERTEX_POINT ( 'NONE', #376 ) ;
#3748 = CONICAL_SURFACE ( 'NONE', #684, 1.750000000000001110, 0.7853981625000003852 ) ;
#3749 = CARTESIAN_POINT ( 'NONE',  ( -18.10000000000000142, 6.856406460551009552, 17.50000000000000000 ) ) ;
#3750 = ORIENTED_EDGE ( 'NONE', *, *, #2632, .F. ) ;
#3751 = CARTESIAN_POINT ( 'NONE',  ( -18.10000000000000142, -18.78524022359544787, 0.04048663203419099882 ) ) ;
#3752 = DIRECTION ( 'NONE',  ( 0.0000000000000000000, 0.4999999999999998335, 0.8660254037844388186 ) ) ;
#3753 = SHAPE_DEFINITION_REPRESENTATION ( #3814, #843 ) ;
#3754 = CIRCLE ( 'NONE', #2006, 0.4999999999999878431 ) ;
#3755 =( BOUNDED_CURVE ( )  B_SPLINE_CURVE ( 3, ( #2543, #4270, #4245, #5441 ),
 .UNSPECIFIED., .F., .T. ) 
 B_SPLINE_CURVE_WITH_KNOTS ( ( 4, 4 ),
 ( 4.962708712812950118, 5.332403616701547833 ),
 .UNSPECIFIED. ) 
 CURVE ( )  GEOMETRIC_REPRESENTATION_ITEM ( )  RATIONAL_B_SPLINE_CURVE ( ( 1.000000000000000000, 0.9886428665861700660, 0.9886428665861700660, 1.000000000000000000 ) ) 
 REPRESENTATION_ITEM ( '' )  );
#3756 = CARTESIAN_POINT ( 'NONE',  ( -10.95355339059339350, -7.597380394880365095, 3.240792647989745756 ) ) ;
#3757 = ORIENTED_EDGE ( 'NONE', *, *, #2740, .T. ) ;
#3758 = DIRECTION ( 'NONE',  ( 1.000000000000000000, 0.0000000000000000000, 0.0000000000000000000 ) ) ;
#3759 = DIRECTION ( 'NONE',  ( 0.0000000000000000000, -0.2588190451025210725, 0.9659258262890682012 ) ) ;
#3760 = DIRECTION ( 'NONE',  ( -1.000000000000000000, 0.0000000000000000000, 0.0000000000000000000 ) ) ;
#3761 = DIRECTION ( 'NONE',  ( 1.000000000000000000, 0.0000000000000000000, 0.0000000000000000000 ) ) ;
#3762 = CARTESIAN_POINT ( 'NONE',  ( 0.2000000000000000944, 19.05130391373210230, -3.002173670980185172 ) ) ;
#3763 = DIRECTION ( 'NONE',  ( -0.7071067811865480168, 0.6123724356957940262, -0.3535533905932737864 ) ) ;
#3764 = LINE ( 'NONE', #1344, #2056 ) ;
#3765 = CIRCLE ( 'NONE', #2811, 1.499999999999998890 ) ;
#3766 = AXIS2_PLACEMENT_3D ( 'NONE', #1916, #3282, #261 ) ;
#3767 = ORIENTED_EDGE ( 'NONE', *, *, #2632, .T. ) ;
#3768 = ORIENTED_EDGE ( 'NONE', *, *, #5301, .F. ) ;
#3769 = EDGE_LOOP ( 'NONE', ( #340, #439, #4803, #2221 ) ) ;
#3770 = CIRCLE ( 'NONE', #2815, 8.272529474832650109 ) ;
#3771 = EDGE_CURVE ( 'NONE', #822, #1682, #3254, .T. ) ;
#3772 = CIRCLE ( 'NONE', #2633, 1.000000000000000000 ) ;
#3773 = EDGE_CURVE ( 'NONE', #495, #1820, #706, .T. ) ;
#3774 = EDGE_LOOP ( 'NONE', ( #4567, #2380, #4969, #4993 ) ) ;
#3775 = DIRECTION ( 'NONE',  ( 0.0000000000000000000, 1.000000000000000000, 0.0000000000000000000 ) ) ;
#3776 = VERTEX_POINT ( 'NONE', #815 ) ;
#3777 = CARTESIAN_POINT ( 'NONE',  ( -10.09999999999999964, -9.000000000000000000, 3.594346038583049907 ) ) ;
#3778 = CARTESIAN_POINT ( 'NONE',  ( 17.19999999999999929, 0.0000000000000000000, 0.0000000000000000000 ) ) ;
#3779 = CARTESIAN_POINT ( 'NONE',  ( -10.59999999999999964, -7.624823114154716031, 3.094346038583060121 ) ) ;
#3780 = VERTEX_POINT ( 'NONE', #1180 ) ;
#3781 = CARTESIAN_POINT ( 'NONE',  ( 0.1999999999999869937, -6.856406460551009552, 16.00000000000000000 ) ) ;
#3782 = CARTESIAN_POINT ( 'NONE',  ( 0.1999999999999840239, -6.856406460551009552, 18.00000000000000000 ) ) ;
#3783 = CARTESIAN_POINT ( 'NONE',  ( -1.949999999999999956, 6.000000000000000000, 18.00000000000000000 ) ) ;
#3784 = CARTESIAN_POINT ( 'NONE',  ( -15.94999999999999929, 5.500000000000000000, -18.00000000000000000 ) ) ;
#3785 = DIRECTION ( 'NONE',  ( -0.7071067811865467956, -0.7071067811865484609, 0.0000000000000000000 ) ) ;
#3786 = CARTESIAN_POINT ( 'NONE',  ( -17.60000000000000142, 6.856406460551009552, -18.00000000000000000 ) ) ;
#3787 = DIRECTION ( 'NONE',  ( 2.508281850568425428E-15, -1.494315728371013998E-22, -1.000000000000000000 ) ) ;
#3788 = CONICAL_SURFACE ( 'NONE', #194, 1.749999999999998446, 0.7853981624999990530 ) ;
#3789 = EDGE_CURVE ( 'NONE', #477, #1906, #435, .T. ) ;
#3790 = DIRECTION ( 'NONE',  ( 1.000000000000000000, 0.0000000000000000000, 0.0000000000000000000 ) ) ;
#3791 = ORIENTED_EDGE ( 'NONE', *, *, #3103, .F. ) ;
#3792 = ADVANCED_FACE ( 'NONE', ( #2909 ), #2471, .F. ) ;
#3793 = ORIENTED_EDGE ( 'NONE', *, *, #2431, .F. ) ;
#3794 = VERTEX_POINT ( 'NONE', #4595 ) ;
#3795 = ORIENTED_EDGE ( 'NONE', *, *, #5336, .F. ) ;
#3796 = EDGE_CURVE ( 'NONE', #3182, #3994, #2459, .T. ) ;
#3797 = EDGE_CURVE ( 'NONE', #5440, #4693, #1057, .T. ) ;
#3798 = VERTEX_POINT ( 'NONE', #3654 ) ;
#3799 = DIRECTION ( 'NONE',  ( -0.7071067811865501263, 0.7071067811865450192, 0.0000000000000000000 ) ) ;
#3800 = ORIENTED_EDGE ( 'NONE', *, *, #1681, .F. ) ;
#3801 = DIRECTION ( 'NONE',  ( 1.000000000000000000, 7.795032097003239588E-31, 2.015932025086744976E-31 ) ) ;
#3802 = DIRECTION ( 'NONE',  ( 0.0000000000000000000, 0.0000000000000000000, 1.000000000000000000 ) ) ;
#3803 = VECTOR ( 'NONE', #3574, 1000.000000000000000 ) ;
#3804 = ADVANCED_FACE ( 'NONE', ( #1599 ), #5350, .T. ) ;
#3805 = FACE_OUTER_BOUND ( 'NONE', #1474, .T. ) ;
#3806 = EDGE_CURVE ( 'NONE', #550, #643, #3294, .T. ) ;
#3807 = ORIENTED_EDGE ( 'NONE', *, *, #868, .F. ) ;
#3808 = DIRECTION ( 'NONE',  ( -0.7071067811865490160, -5.611021000000000532E-33, 0.7071067811865461294 ) ) ;
#3809 = CARTESIAN_POINT ( 'NONE',  ( -17.85000000000000142, -6.856406460551009552, 16.00000000000000000 ) ) ;
#3810 = DIRECTION ( 'NONE',  ( 1.000000000000000000, 0.0000000000000000000, 0.0000000000000000000 ) ) ;
#3811 = DIRECTION ( 'NONE',  ( 1.000000000000000000, 0.0000000000000000000, 0.0000000000000000000 ) ) ;
#3812 = DIRECTION ( 'NONE',  ( -0.7071067811865449082, -0.3535533905932748411, 0.6123724356957969128 ) ) ;
#3813 = AXIS2_PLACEMENT_3D ( 'NONE', #2931, #3393, #4147 ) ;
#3814 = PRODUCT_DEFINITION_SHAPE ( 'NONE', 'NONE',  #1144 ) ;
#3815 = FACE_OUTER_BOUND ( 'NONE', #995, .T. ) ;
#3816 = FACE_OUTER_BOUND ( 'NONE', #112, .T. ) ;
#3817 = AXIS2_PLACEMENT_3D ( 'NONE', #2087, #3761, #482 ) ;
#3818 = CARTESIAN_POINT ( 'NONE',  ( 17.19999999999999929, 11.50000000000000000, 0.0000000000000000000 ) ) ;
#3819 = ORIENTED_EDGE ( 'NONE', *, *, #800, .F. ) ;
#3820 = AXIS2_PLACEMENT_3D ( 'NONE', #5451, #4731, #2168 ) ;
#3821 = ORIENTED_EDGE ( 'NONE', *, *, #2533, .F. ) ;
#3822 = ORIENTED_EDGE ( 'NONE', *, *, #3388, .T. ) ;
#3823 = CIRCLE ( 'NONE', #4264, 7.500000000000239808 ) ;
#3824 = APPROVAL ( #2411, 'UNSPECIFIED' ) ;
#3825 = EDGE_CURVE ( 'NONE', #2967, #2503, #2816, .T. ) ;
#3826 = VERTEX_POINT ( 'NONE', #2418 ) ;
#3827 = ORIENTED_EDGE ( 'NONE', *, *, #4723, .F. ) ;
#3828 = AXIS2_PLACEMENT_3D ( 'NONE', #4630, #2532, #5071 ) ;
#3829 = CARTESIAN_POINT ( 'NONE',  ( 2.199999999999988187, 20.00000000000000000, 6.529790000000000739E-15 ) ) ;
#3830 = ORIENTED_EDGE ( 'NONE', *, *, #4018, .F. ) ;
#3831 = CARTESIAN_POINT ( 'NONE',  ( -5.700000000000000178, -10.00000000000000000, -4.649999999999999467 ) ) ;
#3832 = FACE_OUTER_BOUND ( 'NONE', #1109, .T. ) ;
#3833 = EDGE_CURVE ( 'NONE', #3001, #4736, #4094, .T. ) ;
#3834 = AXIS2_PLACEMENT_3D ( 'NONE', #1972, #236, #2304 ) ;
#3835 = LINE ( 'NONE', #3007, #139 ) ;
#3836 = ORIENTED_EDGE ( 'NONE', *, *, #4622, .T. ) ;
#3837 = FACE_OUTER_BOUND ( 'NONE', #3712, .T. ) ;
#3838 = CARTESIAN_POINT ( 'NONE',  ( -16.30355339059327235, -5.853553390593273953, 18.00000000000000000 ) ) ;
#3839 = VECTOR ( 'NONE', #5146, 1000.000000000000000 ) ;
#3840 = FACE_OUTER_BOUND ( 'NONE', #2120, .T. ) ;
#3841 = CARTESIAN_POINT ( 'NONE',  ( 2.199999999999988187, 10.39230484541326049, -18.00000000000000000 ) ) ;
#3842 = DIRECTION ( 'NONE',  ( 1.000000000000000000, 0.0000000000000000000, 0.0000000000000000000 ) ) ;
#3843 = EDGE_CURVE ( 'NONE', #1092, #150, #768, .T. ) ;
#3844 = VECTOR ( 'NONE', #3543, 1000.000000000000000 ) ;
#3845 = ORIENTED_EDGE ( 'NONE', *, *, #4721, .F. ) ;
#3846 = LINE ( 'NONE', #2636, #1366 ) ;
#3847 = CARTESIAN_POINT ( 'NONE',  ( -18.10000000000000142, 17.31925310616325220, 2.002173670980144760 ) ) ;
#3848 = LINE ( 'NONE', #694, #956 ) ;
#3849 = FACE_OUTER_BOUND ( 'NONE', #2026, .T. ) ;
#3850 = ORIENTED_EDGE ( 'NONE', *, *, #4110, .F. ) ;
#3851 = CONICAL_SURFACE ( 'NONE', #3862, 1.749999999999998446, 0.7853981624999990530 ) ;
#3852 = ORIENTED_EDGE ( 'NONE', *, *, #138, .F. ) ;
#3853 = AXIS2_PLACEMENT_3D ( 'NONE', #4186, #418, #2098 ) ;
#3854 = EDGE_LOOP ( 'NONE', ( #1059, #2071, #1329, #878, #3143, #5198, #272, #3052, #2975, #5104, #4602, #4818, #162, #1927 ) ) ;
#3855 = EDGE_LOOP ( 'NONE', ( #2712, #1271, #2456, #1655 ) ) ;
#3856 = VECTOR ( 'NONE', #896, 1000.000000000000000 ) ;
#3857 = VECTOR ( 'NONE', #3011, 999.9999999999998863 ) ;
#3858 = DIRECTION ( 'NONE',  ( -0.7071067811865501263, 0.7071067811865450192, 0.0000000000000000000 ) ) ;
#3859 = ORIENTED_EDGE ( 'NONE', *, *, #2274, .F. ) ;
#3860 = FACE_OUTER_BOUND ( 'NONE', #3381, .T. ) ;
#3861 = LINE ( 'NONE', #5135, #2047 ) ;
#3862 = AXIS2_PLACEMENT_3D ( 'NONE', #3477, #976, #1513 ) ;
#3863 = DIRECTION ( 'NONE',  ( -0.0000000000000000000, -0.8660254037844387076, -0.4999999999999998890 ) ) ;
#3864 = VERTEX_POINT ( 'NONE', #2086 ) ;
#3865 = FACE_OUTER_BOUND ( 'NONE', #4681, .T. ) ;
#3866 = DIRECTION ( 'NONE',  ( 0.0000000000000000000, -0.7071067811865475727, -0.7071067811865475727 ) ) ;
#3867 = DIRECTION ( 'NONE',  ( 0.0000000000000000000, 0.4999999999999998890, -0.8660254037844387076 ) ) ;
#3868 = FACE_OUTER_BOUND ( 'NONE', #908, .T. ) ;
#3869 = LINE ( 'NONE', #4729, #263 ) ;
#3870 = ORIENTED_EDGE ( 'NONE', *, *, #1039, .F. ) ;
#3871 = CARTESIAN_POINT ( 'NONE',  ( 0.1999999999999849953, -19.28922079535404777, 0.2641700014559200116 ) ) ;
#3872 = EDGE_CURVE ( 'NONE', #613, #1425, #429, .T. ) ;
#3873 = EDGE_CURVE ( 'NONE', #477, #1218, #4619, .T. ) ;
#3874 = FACE_OUTER_BOUND ( 'NONE', #1585, .T. ) ;
#3875 = CARTESIAN_POINT ( 'NONE',  ( 17.19999999999999929, 11.50000000000000000, 0.0000000000000000000 ) ) ;
#3876 = DIRECTION ( 'NONE',  ( -0.9969995923835636153, 0.07740680065089798612, 0.0000000000000000000 ) ) ;
#3877 = PLANE ( 'NONE',  #3575 ) ;
#3878 = ORIENTED_EDGE ( 'NONE', *, *, #2589, .T. ) ;
#3879 = ORIENTED_EDGE ( 'NONE', *, *, #2455, .F. ) ;
#3880 = VECTOR ( 'NONE', #2603, 1000.000000000000114 ) ;
#3881 = VERTEX_POINT ( 'NONE', #481 ) ;
#3882 = ORIENTED_EDGE ( 'NONE', *, *, #659, .F. ) ;
#3883 = CARTESIAN_POINT ( 'NONE',  ( 0.1999999999999869937, 6.856406460551009552, 16.00000000000000000 ) ) ;
#3884 = VERTEX_POINT ( 'NONE', #4227 ) ;
#3885 = DIRECTION ( 'NONE',  ( -1.000000000000000000, 0.0000000000000000000, 0.0000000000000000000 ) ) ;
#3886 = LINE ( 'NONE', #3031, #4405 ) ;
#3887 = CARTESIAN_POINT ( 'NONE',  ( -1.449999999999999956, -5.500000000000000000, 17.69999999999994955 ) ) ;
#3888 = ORIENTED_EDGE ( 'NONE', *, *, #617, .F. ) ;
#3889 = CARTESIAN_POINT ( 'NONE',  ( 2.199999999999988187, 11.84241679264859748, -15.35203573588203163 ) ) ;
#3890 = CARTESIAN_POINT ( 'NONE',  ( -18.09999999999999787, -11.17820323027551765, -15.23686027918559915 ) ) ;
#3891 = CARTESIAN_POINT ( 'NONE',  ( -1.050000000000159694, 0.0000000000000000000, -2.830908000000000285E-14 ) ) ;
#3892 = FACE_OUTER_BOUND ( 'NONE', #5318, .T. ) ;
#3893 = EDGE_LOOP ( 'NONE', ( #3392, #525, #566, #4325 ) ) ;
#3894 = DIRECTION ( 'NONE',  ( 3.218267747740829862E-18, 4.460564074774084786E-17, -1.000000000000000000 ) ) ;
#3895 = EDGE_CURVE ( 'NONE', #2590, #669, #5447, .T. ) ;
#3896 = VECTOR ( 'NONE', #3787, 1000.000000000000000 ) ;
#3897 = LINE ( 'NONE', #126, #4910 ) ;
#3898 = DIRECTION ( 'NONE',  ( 0.0000000000000000000, 0.0000000000000000000, 1.000000000000000000 ) ) ;
#3899 = CARTESIAN_POINT ( 'NONE',  ( -1.550000000000159694, -7.705679723424789351, -4.649999999999999467 ) ) ;
#3900 = LINE ( 'NONE', #3018, #4840 ) ;
#3901 = VECTOR ( 'NONE', #955, 1000.000000000000000 ) ;
#3902 = EDGE_CURVE ( 'NONE', #595, #3086, #3368, .T. ) ;
#3903 = LINE ( 'NONE', #2228, #3379 ) ;
#3904 = ORIENTED_EDGE ( 'NONE', *, *, #4386, .F. ) ;
#3905 = ORIENTED_EDGE ( 'NONE', *, *, #4143, .T. ) ;
#3906 = ORIENTED_EDGE ( 'NONE', *, *, #1961, .T. ) ;
#3907 = EDGE_CURVE ( 'NONE', #669, #4942, #2524, .T. ) ;
#3908 = EDGE_CURVE ( 'NONE', #3181, #2868, #839, .T. ) ;
#3909 = CIRCLE ( 'NONE', #2939, 0.5000000000000006661 ) ;
#3910 = ORIENTED_EDGE ( 'NONE', *, *, #5129, .T. ) ;
#3911 = ORIENTED_EDGE ( 'NONE', *, *, #220, .F. ) ;
#3912 = CIRCLE ( 'NONE', #3817, 8.569990930820740260 ) ;
#3913 = CARTESIAN_POINT ( 'NONE',  ( -10.09999999999999964, -9.500000000000000000, 3.594346038583049907 ) ) ;
#3914 = VERTEX_POINT ( 'NONE', #3447 ) ;
#3915 = DIRECTION ( 'NONE',  ( 0.0000000000000000000, -0.9681476403781076323, 0.2503800040544420513 ) ) ;
#3916 = VECTOR ( 'NONE', #4011, 1000.000000000000000 ) ;
#3917 = CARTESIAN_POINT ( 'NONE',  ( -17.60000000000000142, -7.856406460551029092, -17.73205080756889984 ) ) ;
#3918 = AXIS2_PLACEMENT_3D ( 'NONE', #1198, #2001, #3595 ) ;
#3919 = DIRECTION ( 'NONE',  ( 1.000000000000000000, 0.0000000000000000000, 0.0000000000000000000 ) ) ;
#3920 = EDGE_LOOP ( 'NONE', ( #1008, #1989, #4389, #282 ) ) ;
#3921 = DIRECTION ( 'NONE',  ( 1.000000000000000000, 0.0000000000000000000, 0.0000000000000000000 ) ) ;
#3922 = CARTESIAN_POINT ( 'NONE',  ( -5.700000000000000178, -10.00000000000000000, 4.649999999999999467 ) ) ;
#3923 = CARTESIAN_POINT ( 'NONE',  ( -18.09999999999999787, 0.007974001945388999382, -7.440623109853779837 ) ) ;
#3924 = CARTESIAN_POINT ( 'NONE',  ( -18.09999999999999787, 18.81902464889785165, -1.975995061324260282 ) ) ;
#3925 = CIRCLE ( 'NONE', #1909, 12.62500000000000000 ) ;
#3926 = ORIENTED_EDGE ( 'NONE', *, *, #873, .T. ) ;
#3927 = FACE_OUTER_BOUND ( 'NONE', #231, .T. ) ;
#3928 = CARTESIAN_POINT ( 'NONE',  ( 0.1999999999999869937, -10.42820323027549989, 13.93782217350891983 ) ) ;
#3929 = CARTESIAN_POINT ( 'NONE',  ( -10.09999999999999964, -9.500000000000000000, -3.594346038583040137 ) ) ;
#3930 = CARTESIAN_POINT ( 'NONE',  ( -1.050000000000177902, 1.593444046444690176, 5.392453963017509899 ) ) ;
#3931 = CARTESIAN_POINT ( 'NONE',  ( -14.49999999999999822, -6.500000000000000000, 5.347741000000000215E-15 ) ) ;
#3932 = AXIS2_PLACEMENT_3D ( 'NONE', #4664, #996, #884 ) ;
#3933 = CARTESIAN_POINT ( 'NONE',  ( -17.60000000000000142, 19.31894849647605028, -1.967268858105619911 ) ) ;
#3934 = ORIENTED_EDGE ( 'NONE', *, *, #4713, .F. ) ;
#3935 = ORIENTED_EDGE ( 'NONE', *, *, #4317, .F. ) ;
#3936 = ORIENTED_EDGE ( 'NONE', *, *, #1858, .F. ) ;
#3937 = VERTEX_POINT ( 'NONE', #67 ) ;
#3938 = ORIENTED_EDGE ( 'NONE', *, *, #2156, .T. ) ;
#3939 = EDGE_CURVE ( 'NONE', #134, #5050, #3037, .T. ) ;
#3940 = EDGE_CURVE ( 'NONE', #4799, #1441, #5061, .T. ) ;
#3941 = DIRECTION ( 'NONE',  ( 1.000000000000000000, 0.0000000000000000000, 0.0000000000000000000 ) ) ;
#3942 = ORIENTED_EDGE ( 'NONE', *, *, #4274, .F. ) ;
#3943 = LINE ( 'NONE', #4718, #609 ) ;
#3944 = CIRCLE ( 'NONE', #2724, 1.499999999999999334 ) ;
#3945 = CARTESIAN_POINT ( 'NONE',  ( 0.1999999999999859945, 19.28460969082654941, -2.775558000000000096E-17 ) ) ;
#3946 = AXIS2_PLACEMENT_3D ( 'NONE', #817, #1182, #2859 ) ;
#3947 = DIRECTION ( 'NONE',  ( 0.0000000000000000000, -0.7071067811865481278, 0.7071067811865469066 ) ) ;
#3948 = ORIENTED_EDGE ( 'NONE', *, *, #147, .T. ) ;
#3949 = CARTESIAN_POINT ( 'NONE',  ( -17.60000000000000142, -12.16025403784439973, -14.93782217350891983 ) ) ;
#3950 = CARTESIAN_POINT ( 'NONE',  ( -10.09999999999999964, -9.000000000000000000, 3.094346038583060121 ) ) ;
#3951 = DIRECTION ( 'NONE',  ( 1.000000000000000000, -6.270577961039909430E-32, 1.621681989924234821E-32 ) ) ;
#3952 = CARTESIAN_POINT ( 'NONE',  ( -11.09999999999999787, -7.450867094795622592, -3.594346038583040137 ) ) ;
#3953 = AXIS2_PLACEMENT_3D ( 'NONE', #4904, #2806, #2883 ) ;
#3954 = ORIENTED_EDGE ( 'NONE', *, *, #650, .F. ) ;
#3955 = CARTESIAN_POINT ( 'NONE',  ( -2.269947697238719808, -5.884513573780210116, 4.649999999999999467 ) ) ;
#3956 = DIRECTION ( 'NONE',  ( -1.000000000000000000, 0.0000000000000000000, 0.0000000000000000000 ) ) ;
#3957 = LINE ( 'NONE', #4855, #4443 ) ;
#3958 = CARTESIAN_POINT ( 'NONE',  ( -17.60000000000000142, -6.856406460551009552, 18.00000000000000000 ) ) ;
#3959 = CARTESIAN_POINT ( 'NONE',  ( -17.60000000000000142, -12.16025403784439973, -14.93782217350891983 ) ) ;
#3960 = DIRECTION ( 'NONE',  ( 1.000000000000000000, 0.0000000000000000000, 0.0000000000000000000 ) ) ;
#3961 = ORIENTED_EDGE ( 'NONE', *, *, #2250, .T. ) ;
#3962 = ADVANCED_FACE ( 'NONE', ( #865 ), #1674, .T. ) ;
#3963 = ORIENTED_EDGE ( 'NONE', *, *, #5236, .F. ) ;
#3964 = ORIENTED_EDGE ( 'NONE', *, *, #4547, .F. ) ;
#3965 = ADVANCED_FACE ( 'NONE', ( #5038 ), #39, .T. ) ;
#3966 = ORIENTED_EDGE ( 'NONE', *, *, #3356, .T. ) ;
#3967 = ORIENTED_EDGE ( 'NONE', *, *, #2265, .T. ) ;
#3968 = ORIENTED_EDGE ( 'NONE', *, *, #4203, .F. ) ;
#3969 = EDGE_LOOP ( 'NONE', ( #5435, #3768, #169, #5101 ) ) ;
#3970 = CARTESIAN_POINT ( 'NONE',  ( -18.10000000000000142, -11.17820323027549989, 15.23686027918559915 ) ) ;
#3971 = DIRECTION ( 'NONE',  ( 1.000000000000000000, 2.067778918819795097E-31, -7.717054697031348560E-31 ) ) ;
#3972 = AXIS2_PLACEMENT_3D ( 'NONE', #4858, #5210, #1081 ) ;
#3973 = EDGE_CURVE ( 'NONE', #3864, #3084, #1259, .T. ) ;
#3974 = ADVANCED_FACE ( 'NONE', ( #3840 ), #1698, .T. ) ;
#3975 = DIRECTION ( 'NONE',  ( 0.0000000000000000000, -0.7071067811865475727, -0.7071067811865475727 ) ) ;
#3976 = VERTEX_POINT ( 'NONE', #507 ) ;
#3977 = DIRECTION ( 'NONE',  ( 0.0000000000000000000, -0.8660254037844384856, 0.5000000000000003331 ) ) ;
#3978 = CARTESIAN_POINT ( 'NONE',  ( -17.60000000000000142, 19.05130391373210230, -3.002173670980185172 ) ) ;
#3979 = DIRECTION ( 'NONE',  ( 0.0000000000000000000, 0.0000000000000000000, 1.000000000000000000 ) ) ;
#3980 = DIRECTION ( 'NONE',  ( -1.000000000000000000, 0.0000000000000000000, 0.0000000000000000000 ) ) ;
#3981 = ADVANCED_FACE ( 'NONE', ( #2958 ), #4297, .T. ) ;
#3982 = EDGE_CURVE ( 'NONE', #2868, #5050, #1339, .T. ) ;
#3983 = ORIENTED_EDGE ( 'NONE', *, *, #5455, .T. ) ;
#3984 = CARTESIAN_POINT ( 'NONE',  ( 0.1999999999999849953, -1.887379000000000174E-14, 0.0000000000000000000 ) ) ;
#3985 = CARTESIAN_POINT ( 'NONE',  ( -10.09999999999999964, -10.00000000000000000, 4.649999999999999467 ) ) ;
#3986 = DIRECTION ( 'NONE',  ( 0.0000000000000000000, 0.0000000000000000000, -1.000000000000000000 ) ) ;
#3987 = DIRECTION ( 'NONE',  ( 0.0000000000000000000, 0.0000000000000000000, -1.000000000000000000 ) ) ;
#3988 = CYLINDRICAL_SURFACE ( 'NONE', #1404, 0.4999999999999997780 ) ;
#3989 = VECTOR ( 'NONE', #1321, 1000.000000000000227 ) ;
#3990 = DIRECTION ( 'NONE',  ( 1.000000000000000000, 0.0000000000000000000, 0.0000000000000000000 ) ) ;
#3991 = VERTEX_POINT ( 'NONE', #1723 ) ;
#3992 = ORIENTED_EDGE ( 'NONE', *, *, #1717, .F. ) ;
#3993 = CIRCLE ( 'NONE', #3019, 1.500000000000000888 ) ;
#3994 = VERTEX_POINT ( 'NONE', #3395 ) ;
#3995 = EDGE_LOOP ( 'NONE', ( #4026, #3934, #4551, #1826 ) ) ;
#3996 = VERTEX_POINT ( 'NONE', #5087 ) ;
#3997 = ORIENTED_EDGE ( 'NONE', *, *, #103, .F. ) ;
#3998 = CARTESIAN_POINT ( 'NONE',  ( -17.84999999999999787, 10.42820323027549989, -13.93782217350893937 ) ) ;
#3999 = DIRECTION ( 'NONE',  ( 0.0000000000000000000, -0.7071067811865484609, -0.7071067811865467956 ) ) ;
#4000 = EDGE_CURVE ( 'NONE', #4710, #2172, #2985, .T. ) ;
#4001 = CONICAL_SURFACE ( 'NONE', #4890, 1.750000000000001332, 0.7853981625000003852 ) ;
#4002 = AXIS2_PLACEMENT_3D ( 'NONE', #44, #4701, #3351 ) ;
#4003 = FACE_OUTER_BOUND ( 'NONE', #1880, .T. ) ;
#4004 = ORIENTED_EDGE ( 'NONE', *, *, #2916, .F. ) ;
#4005 = DIRECTION ( 'NONE',  ( 1.000000000000000000, 0.0000000000000000000, 0.0000000000000000000 ) ) ;
#4006 = CYLINDRICAL_SURFACE ( 'NONE', #5416, 1.999999999999999334 ) ;
#4007 = CARTESIAN_POINT ( 'NONE',  ( -11.00156043038371045, -7.581468402709346854, -3.288799687780082692 ) ) ;
#4008 = AXIS2_PLACEMENT_3D ( 'NONE', #1252, #5001, #3752 ) ;
#4009 = AXIS2_PLACEMENT_3D ( 'NONE', #214, #1896, #4852 ) ;
#4010 = ORIENTED_EDGE ( 'NONE', *, *, #619, .T. ) ;
#4011 = DIRECTION ( 'NONE',  ( 0.0000000000000000000, 0.0000000000000000000, 1.000000000000000000 ) ) ;
#4012 = EDGE_LOOP ( 'NONE', ( #4289, #5339, #35, #1060 ) ) ;
#4013 = CARTESIAN_POINT ( 'NONE',  ( 2.200000000000000178, -18.43908891458579902, 0.0000000000000000000 ) ) ;
#4014 = DIRECTION ( 'NONE',  ( -1.000000000000000000, 0.0000000000000000000, 0.0000000000000000000 ) ) ;
#4015 = VECTOR ( 'NONE', #4655, 1000.000000000000000 ) ;
#4016 = EDGE_CURVE ( 'NONE', #1734, #527, #3772, .T. ) ;
#4017 = DIRECTION ( 'NONE',  ( 0.0000000000000000000, -1.000000000000000000, 0.0000000000000000000 ) ) ;
#4018 = EDGE_CURVE ( 'NONE', #4091, #5391, #3594, .T. ) ;
#4019 = DIRECTION ( 'NONE',  ( 0.0000000000000000000, 0.0000000000000000000, -1.000000000000000000 ) ) ;
#4020 = AXIS2_PLACEMENT_3D ( 'NONE', #783, #1304, #2438 ) ;
#4021 = CARTESIAN_POINT ( 'NONE',  ( 5.310000000000000497, 12.50000000000000000, 6.195248000000000203E-15 ) ) ;
#4022 = ORIENTED_EDGE ( 'NONE', *, *, #2374, .F. ) ;
#4023 = AXIS2_PLACEMENT_3D ( 'NONE', #87, #3085, #2565 ) ;
#4024 = ORIENTED_EDGE ( 'NONE', *, *, #443, .T. ) ;
#4025 = VECTOR ( 'NONE', #3987, 1000.000000000000000 ) ;
#4026 = ORIENTED_EDGE ( 'NONE', *, *, #33, .F. ) ;
#4027 = ORIENTED_EDGE ( 'NONE', *, *, #4379, .F. ) ;
#4028 = VERTEX_POINT ( 'NONE', #3065 ) ;
#4029 = CARTESIAN_POINT ( 'NONE',  ( -18.09999999999999787, -11.17820323027551765, -15.23686027918559915 ) ) ;
#4030 = AXIS2_PLACEMENT_3D ( 'NONE', #2825, #4505, #4086 ) ;
#4031 = CARTESIAN_POINT ( 'NONE',  ( 2.199999999999988187, -19.25554838691946458, -2.502933679089057062 ) ) ;
#4032 = EDGE_CURVE ( 'NONE', #3776, #640, #5288, .T. ) ;
#4033 = LINE ( 'NONE', #346, #3419 ) ;
#4034 = CARTESIAN_POINT ( 'NONE',  ( -10.95355339059327449, -7.597380394880326904, -3.240792647989767072 ) ) ;
#4035 = CARTESIAN_POINT ( 'NONE',  ( -11.09999999998272813, -7.481502414145470681, -3.530840830196159796 ) ) ;
#4036 = CIRCLE ( 'NONE', #2281, 1.499999999999999334 ) ;
#4037 = ORIENTED_EDGE ( 'NONE', *, *, #3873, .T. ) ;
#4038 = EDGE_CURVE ( 'NONE', #3881, #2845, #2307, .T. ) ;
#4039 = LINE ( 'NONE', #4535, #1466 ) ;
#4040 = ORIENTED_EDGE ( 'NONE', *, *, #442, .F. ) ;
#4041 = CARTESIAN_POINT ( 'NONE',  ( -18.10000000000000142, 17.31925310616325220, 2.002173670980144760 ) ) ;
#4042 = DIRECTION ( 'NONE',  ( 0.0000000000000000000, 0.2588190451025201289, -0.9659258262890685343 ) ) ;
#4043 = CARTESIAN_POINT ( 'NONE',  ( 0.2000000000000000944, -6.856406460551029092, -16.00000000000000000 ) ) ;
#4044 = VECTOR ( 'NONE', #1522, 1000.000000000000000 ) ;
#4045 = CARTESIAN_POINT ( 'NONE',  ( -18.10000000000000142, 11.72724133595216145, 14.68782217350891983 ) ) ;
#4046 = VECTOR ( 'NONE', #1071, 1000.000000000000114 ) ;
#4047 = DIRECTION ( 'NONE',  ( 1.000000000000000000, 3.340728005646674698E-31, 8.639710068104119630E-32 ) ) ;
#4048 = AXIS2_PLACEMENT_3D ( 'NONE', #3479, #5290, #1395 ) ;
#4049 = ADVANCED_FACE ( 'NONE', ( #1393 ), #536, .T. ) ;
#4050 = CARTESIAN_POINT ( 'NONE',  ( -8.400000000000000355, -9.500000000000000000, 3.594346038583060121 ) ) ;
#4051 = EDGE_CURVE ( 'NONE', #1906, #1325, #1450, .T. ) ;
#4052 = CARTESIAN_POINT ( 'NONE',  ( -16.44999999999999929, -5.500000000000000000, -18.00000000000000000 ) ) ;
#4053 = ADVANCED_FACE ( 'NONE', ( #4753 ), #4335, .T. ) ;
#4054 = ORIENTED_EDGE ( 'NONE', *, *, #3796, .F. ) ;
#4055 = ORIENTED_EDGE ( 'NONE', *, *, #1016, .T. ) ;
#4056 = ORIENTED_EDGE ( 'NONE', *, *, #1254, .F. ) ;
#4057 = ORIENTED_EDGE ( 'NONE', *, *, #722, .F. ) ;
#4058 = CARTESIAN_POINT ( 'NONE',  ( -18.09999999999999787, -18.77147456716484442, -2.377743677174187997 ) ) ;
#4059 = LINE ( 'NONE', #1564, #2703 ) ;
#4060 = CIRCLE ( 'NONE', #1684, 0.4999999999999994449 ) ;
#4061 = ORIENTED_EDGE ( 'NONE', *, *, #2093, .T. ) ;
#4062 = PLANE ( 'NONE',  #4578 ) ;
#4063 = CARTESIAN_POINT ( 'NONE',  ( -10.73246570706989189, -7.637330345748905458, -3.094346038718761349 ) ) ;
#4064 = CALENDAR_DATE ( 2020, 17, 12 ) ;
#4065 = ORIENTED_EDGE ( 'NONE', *, *, #3907, .F. ) ;
#4066 = DIRECTION ( 'NONE',  ( 0.0000000000000000000, -0.7071067811865475727, -0.7071067811865475727 ) ) ;
#4067 = ORIENTED_EDGE ( 'NONE', *, *, #3171, .F. ) ;
#4068 = DIRECTION ( 'NONE',  ( 1.000000000000000000, 0.0000000000000000000, 0.0000000000000000000 ) ) ;
#4069 = DIRECTION ( 'NONE',  ( 0.7071067818211389522, 0.6845837610867367973, 0.1770453985815214626 ) ) ;
#4070 = DIRECTION ( 'NONE',  ( -0.7071067811865484609, -0.7071067811865467956, 0.0000000000000000000 ) ) ;
#4071 = FACE_OUTER_BOUND ( 'NONE', #2179, .T. ) ;
#4072 = CARTESIAN_POINT ( 'NONE',  ( -11.09999999999999964, -1.887379000000000174E-14, -2.220445999999999951E-15 ) ) ;
#4073 = APPROVAL ( #322, 'UNSPECIFIED' ) ;
#4074 = EDGE_CURVE ( 'NONE', #1767, #1482, #2330, .T. ) ;
#4075 = DIRECTION ( 'NONE',  ( 0.0000000000000000000, 0.0000000000000000000, 1.000000000000000000 ) ) ;
#4076 = CARTESIAN_POINT ( 'NONE',  ( -20.00000000000000000, 10.42820323027549989, 13.93782217350891983 ) ) ;
#4077 = EDGE_CURVE ( 'NONE', #2506, #2350, #1062, .T. ) ;
#4078 = VERTEX_POINT ( 'NONE', #3978 ) ;
#4079 = ORIENTED_EDGE ( 'NONE', *, *, #3610, .T. ) ;
#4080 = ORIENTED_EDGE ( 'NONE', *, *, #4016, .F. ) ;
#4081 = ORIENTED_EDGE ( 'NONE', *, *, #4713, .T. ) ;
#4082 = DIRECTION ( 'NONE',  ( 0.0000000000000000000, 0.0000000000000000000, -1.000000000000000000 ) ) ;
#4083 = ADVANCED_FACE ( 'NONE', ( #1832 ), #4815, .T. ) ;
#4084 = ADVANCED_FACE ( 'NONE', ( #3188 ), #3851, .T. ) ;
#4085 = CARTESIAN_POINT ( 'NONE',  ( -18.10000000000000142, -11.48886340237261905, 14.99848234560603721 ) ) ;
#4086 = DIRECTION ( 'NONE',  ( 0.0000000000000000000, 0.4999999999999998890, -0.8660254037844387076 ) ) ;
#4087 = DIRECTION ( 'NONE',  ( 0.0000000000000000000, -1.000000000000000000, 0.0000000000000000000 ) ) ;
#4088 = DATE_TIME_ROLE ( 'creation_date' ) ;
#4089 = AXIS2_PLACEMENT_3D ( 'NONE', #3400, #5090, #869 ) ;
#4090 = CARTESIAN_POINT ( 'NONE',  ( -18.09999999999999787, -6.500000000000000000, 5.060838000000000372E-16 ) ) ;
#4091 = VERTEX_POINT ( 'NONE', #2659 ) ;
#4092 = DIRECTION ( 'NONE',  ( 0.0000000000000000000, 1.000000000000000000, 0.0000000000000000000 ) ) ;
#4093 = DIRECTION ( 'NONE',  ( 0.0000000000000000000, 0.0000000000000000000, -1.000000000000000000 ) ) ;
#4094 = LINE ( 'NONE', #2857, #1844 ) ;
#4095 = AXIS2_PLACEMENT_3D ( 'NONE', #2308, #4429, #1364 ) ;
#4096 = DIRECTION ( 'NONE',  ( 1.000000000000000000, 0.0000000000000000000, 0.0000000000000000000 ) ) ;
#4097 = DIRECTION ( 'NONE',  ( 0.0000000000000000000, 0.9681476403781078544, 0.2503800040544411076 ) ) ;
#4098 = VECTOR ( 'NONE', #5443, 1000.000000000000000 ) ;
#4099 = AXIS2_PLACEMENT_3D ( 'NONE', #1174, #761, #1975 ) ;
#4100 = PLANE ( 'NONE',  #4534 ) ;
#4101 = AXIS2_PLACEMENT_3D ( 'NONE', #2136, #3808, #1032 ) ;
#4102 = FACE_OUTER_BOUND ( 'NONE', #2754, .T. ) ;
#4103 = AXIS2_PLACEMENT_3D ( 'NONE', #2048, #3695, #758 ) ;
#4104 = ORIENTED_EDGE ( 'NONE', *, *, #5394, .F. ) ;
#4105 = EDGE_LOOP ( 'NONE', ( #2577, #5358, #3055, #1818 ) ) ;
#4106 = ORIENTED_EDGE ( 'NONE', *, *, #2992, .F. ) ;
#4107 = ORIENTED_EDGE ( 'NONE', *, *, #5064, .T. ) ;
#4108 = CARTESIAN_POINT ( 'NONE',  ( -10.80710678118654755, -9.707106781186546129, -3.594346038583040137 ) ) ;
#4109 = AXIS2_PLACEMENT_3D ( 'NONE', #190, #159, #5208 ) ;
#4110 = EDGE_CURVE ( 'NONE', #726, #2243, #2245, .T. ) ;
#4111 = EDGE_CURVE ( 'NONE', #2490, #1506, #947, .T. ) ;
#4112 = CARTESIAN_POINT ( 'NONE',  ( 0.2000000000000000944, 6.856406460551009552, -18.00000000000000000 ) ) ;
#4113 = ORIENTED_EDGE ( 'NONE', *, *, #5312, .T. ) ;
#4114 = CARTESIAN_POINT ( 'NONE',  ( -1.050000000000159694, 2.987767362847078864E-31, -7.500000000000148326 ) ) ;
#4115 = DIRECTION ( 'NONE',  ( 1.000000000000000000, 0.0000000000000000000, 0.0000000000000000000 ) ) ;
#4116 = PERSON_AND_ORGANIZATION ( #3078, #4218 ) ;
#4117 = AXIS2_PLACEMENT_3D ( 'NONE', #4872, #2772, #733 ) ;
#4118 = CARTESIAN_POINT ( 'NONE',  ( -3.931606184563627870, -6.069800273950646918, -4.650000000000002132 ) ) ;
#4119 = EDGE_CURVE ( 'NONE', #3747, #3696, #3157, .T. ) ;
#4120 = ORIENTED_EDGE ( 'NONE', *, *, #467, .T. ) ;
#4121 = CYLINDRICAL_SURFACE ( 'NONE', #4545, 7.500000000000119016 ) ;
#4122 = CARTESIAN_POINT ( 'NONE',  ( -17.60000000000000142, -7.856406460551010440, 17.73205080756889984 ) ) ;
#4123 = CARTESIAN_POINT ( 'NONE',  ( 2.199999999999988187, 19.25554838691946458, -2.502933679089069052 ) ) ;
#4124 = PLANE ( 'NONE',  #2504 ) ;
#4125 = CARTESIAN_POINT ( 'NONE',  ( -17.60000000000000142, -19.25554838648503519, 2.502933678976717147 ) ) ;
#4126 = AXIS2_PLACEMENT_3D ( 'NONE', #517, #4159, #958 ) ;
#4127 = DIRECTION ( 'NONE',  ( 0.0000000000000000000, 0.7071067811865484609, -0.7071067811865467956 ) ) ;
#4128 = AXIS2_PLACEMENT_3D ( 'NONE', #3170, #1080, #405 ) ;
#4129 = AXIS2_PLACEMENT_3D ( 'NONE', #4171, #3810, #3348 ) ;
#4130 = DIRECTION ( 'NONE',  ( -0.0000000000000000000, -0.5000000000000003331, -0.8660254037844383745 ) ) ;
#4131 = CIRCLE ( 'NONE', #1945, 0.5000000000000000000 ) ;
#4132 = ORIENTED_EDGE ( 'NONE', *, *, #2127, .T. ) ;
#4133 = EDGE_CURVE ( 'NONE', #3994, #1301, #343, .T. ) ;
#4134 = VERTEX_POINT ( 'NONE', #4309 ) ;
#4135 = EDGE_LOOP ( 'NONE', ( #2765, #5213, #3640, #4240, #936, #1069, #3905 ) ) ;
#4136 = CARTESIAN_POINT ( 'NONE',  ( -17.85000000000000142, 11.66564009735195917, 15.17525904058537911 ) ) ;
#4137 = CARTESIAN_POINT ( 'NONE',  ( 17.19999999999999929, -9.000000000000000000, 5.236227000000000036E-15 ) ) ;
#4138 = EDGE_LOOP ( 'NONE', ( #1391, #3434, #1765, #1527 ) ) ;
#4139 = CARTESIAN_POINT ( 'NONE',  ( -17.60000000000000142, 7.856406460551010440, -17.73205080756889984 ) ) ;
#4140 = LINE ( 'NONE', #423, #4895 ) ;
#4141 = PERSON_AND_ORGANIZATION ( #3078, #4218 ) ;
#4142 = EDGE_CURVE ( 'NONE', #3884, #4863, #1660, .T. ) ;
#4143 = EDGE_CURVE ( 'NONE', #1354, #4521, #2371, .T. ) ;
#4144 = LINE ( 'NONE', #5005, #487 ) ;
#4145 = ORIENTED_EDGE ( 'NONE', *, *, #2634, .T. ) ;
#4146 = DIRECTION ( 'NONE',  ( 0.0000000000000000000, 0.0000000000000000000, 1.000000000000000000 ) ) ;
#4147 = DIRECTION ( 'NONE',  ( 0.0000000000000000000, 0.0000000000000000000, -1.000000000000000000 ) ) ;
#4148 = CARTESIAN_POINT ( 'NONE',  ( -14.49999999999999822, 8.569990930820740260, 6.019947999999999898E-15 ) ) ;
#4149 = DIRECTION ( 'NONE',  ( 1.000000000000000000, 0.0000000000000000000, 0.0000000000000000000 ) ) ;
#4150 = CARTESIAN_POINT ( 'NONE',  ( -2.269947697238719808, -5.884513573780210116, 4.649999999999999467 ) ) ;
#4151 = EDGE_CURVE ( 'NONE', #5050, #4717, #3533, .T. ) ;
#4152 = EDGE_CURVE ( 'NONE', #1682, #4940, #3407, .T. ) ;
#4153 = VECTOR ( 'NONE', #5226, 1000.000000000000000 ) ;
#4154 = CARTESIAN_POINT ( 'NONE',  ( 0.2000000000000000944, -19.05130391373210230, -3.002173670980174958 ) ) ;
#4155 = FACE_OUTER_BOUND ( 'NONE', #2125, .T. ) ;
#4156 = ORIENTED_EDGE ( 'NONE', *, *, #1123, .T. ) ;
#4157 = EDGE_LOOP ( 'NONE', ( #4104, #4307, #4556, #4120 ) ) ;
#4158 = ORIENTED_EDGE ( 'NONE', *, *, #2824, .F. ) ;
#4159 = DIRECTION ( 'NONE',  ( -1.000000000000000000, 0.0000000000000000000, 0.0000000000000000000 ) ) ;
#4160 = VECTOR ( 'NONE', #1703, 1000.000000000000000 ) ;
#4161 = VERTEX_POINT ( 'NONE', #4114 ) ;
#4162 = LINE ( 'NONE', #3749, #3230 ) ;
#4163 = ORIENTED_EDGE ( 'NONE', *, *, #1468, .T. ) ;
#4164 = CARTESIAN_POINT ( 'NONE',  ( -13.70000000000000107, -7.115300415302240111, 4.649999999999999467 ) ) ;
#4165 = CARTESIAN_POINT ( 'NONE',  ( -17.85000000000000142, -10.42820323027549989, 13.93782217350891983 ) ) ;
#4166 = AXIS2_PLACEMENT_3D ( 'NONE', #3134, #1493, #3898 ) ;
#4167 = CARTESIAN_POINT ( 'NONE',  ( 0.2000000000000000944, -7.374044550756071459, -17.93185165257813551 ) ) ;
#4168 = ORIENTED_EDGE ( 'NONE', *, *, #3034, .T. ) ;
#4169 = CARTESIAN_POINT ( 'NONE',  ( 0.2000000000000000944, -19.97227995895820030, -1.052631578947363922 ) ) ;
#4170 = LINE ( 'NONE', #1748, #5240 ) ;
#4171 = CARTESIAN_POINT ( 'NONE',  ( -14.49999999999999822, -12.80000000000000071, -7.304254000000000380E-15 ) ) ;
#4172 = DIRECTION ( 'NONE',  ( 1.000000000000000000, 8.842992552705229408E-32, 8.842992552705229408E-32 ) ) ;
#4173 = CARTESIAN_POINT ( 'NONE',  ( -5.700000000000000178, -9.853553390593274841, -3.240792647989766184 ) ) ;
#4174 = AXIS2_PLACEMENT_3D ( 'NONE', #2782, #3683, #3628 ) ;
#4175 = CARTESIAN_POINT ( 'NONE',  ( -1.050000000000175904, -5.884513573780050244, 4.649999999999999467 ) ) ;
#4176 = VECTOR ( 'NONE', #1340, 1000.000000000000000 ) ;
#4177 = ADVANCED_FACE ( 'NONE', ( #5315 ), #4062, .F. ) ;
#4178 = FACE_OUTER_BOUND ( 'NONE', #3175, .T. ) ;
#4179 = VECTOR ( 'NONE', #1779, 1000.000000000000000 ) ;
#4180 = AXIS2_PLACEMENT_3D ( 'NONE', #3923, #153, #1833 ) ;
#4181 = VECTOR ( 'NONE', #475, 1000.000000000000000 ) ;
#4182 = VERTEX_POINT ( 'NONE', #4975 ) ;
#4183 = ADVANCED_FACE ( 'NONE', ( #1538 ), #2462, .T. ) ;
#4184 = ORIENTED_EDGE ( 'NONE', *, *, #4952, .F. ) ;
#4185 = ORIENTED_EDGE ( 'NONE', *, *, #1762, .F. ) ;
#4186 = CARTESIAN_POINT ( 'NONE',  ( -18.09999999999999787, 10.42820323027549989, -13.93782217350893937 ) ) ;
#4187 = VECTOR ( 'NONE', #973, 1000.000000000000000 ) ;
#4188 = ORIENTED_EDGE ( 'NONE', *, *, #819, .T. ) ;
#4189 = CIRCLE ( 'NONE', #4020, 0.5000000000000004441 ) ;
#4190 = DIRECTION ( 'NONE',  ( -1.000000000000000000, 0.0000000000000000000, 0.0000000000000000000 ) ) ;
#4191 = EDGE_LOOP ( 'NONE', ( #4156, #2583, #3113, #685 ) ) ;
#4192 = DIRECTION ( 'NONE',  ( 0.0000000000000000000, -1.000000000000000000, 0.0000000000000000000 ) ) ;
#4193 = CARTESIAN_POINT ( 'NONE',  ( 0.1999999999999849953, 20.00000000000000000, 0.0000000000000000000 ) ) ;
#4194 = CIRCLE ( 'NONE', #4994, 9.000000000000000000 ) ;
#4195 = CYLINDRICAL_SURFACE ( 'NONE', #4363, 1.000000000000000000 ) ;
#4196 = VERTEX_POINT ( 'NONE', #4139 ) ;
#4197 = EDGE_CURVE ( 'NONE', #3613, #2791, #3201, .T. ) ;
#4198 = PLANE ( 'NONE',  #4990 ) ;
#4199 = LINE ( 'NONE', #1235, #4972 ) ;
#4200 = CARTESIAN_POINT ( 'NONE',  ( -18.10000000000000142, 18.61829121183989955, 2.752173670980144760 ) ) ;
#4201 = CYLINDRICAL_SURFACE ( 'NONE', #4449, 1.999999999999999334 ) ;
#4202 = DIRECTION ( 'NONE',  ( 0.0000000000000000000, -0.8660254037844387076, 0.4999999999999998890 ) ) ;
#4203 = EDGE_CURVE ( 'NONE', #1269, #3599, #291, .T. ) ;
#4204 = CARTESIAN_POINT ( 'NONE',  ( 0.1999999999999840239, -12.16025403784439973, 14.93782217350891983 ) ) ;
#4205 = LINE ( 'NONE', #486, #210 ) ;
#4206 = AXIS2_PLACEMENT_3D ( 'NONE', #5134, #4420, #1029 ) ;
#4207 = ADVANCED_FACE ( 'NONE', ( #1118 ), #2439, .T. ) ;
#4208 = ADVANCED_FACE ( 'NONE', ( #5366 ), #2876, .T. ) ;
#4209 = AXIS2_PLACEMENT_3D ( 'NONE', #2193, #5143, #2526 ) ;
#4210 = CARTESIAN_POINT ( 'NONE',  ( -14.49999999999999822, 6.500000000000000000, 5.927614000000000161E-15 ) ) ;
#4211 = ORIENTED_EDGE ( 'NONE', *, *, #4554, .T. ) ;
#4212 = ORIENTED_EDGE ( 'NONE', *, *, #987, .T. ) ;
#4213 = ORIENTED_EDGE ( 'NONE', *, *, #288, .F. ) ;
#4214 = CIRCLE ( 'NONE', #612, 0.5000000000000002220 ) ;
#4215 = AXIS2_PLACEMENT_3D ( 'NONE', #648, #1065, #3999 ) ;
#4216 = EDGE_CURVE ( 'NONE', #728, #3084, #2897, .T. ) ;
#4217 = ORIENTED_EDGE ( 'NONE', *, *, #3310, .F. ) ;
#4218 = ORGANIZATION ( 'UNSPECIFIED', 'UNSPECIFIED', '' ) ;
#4219 = ORIENTED_EDGE ( 'NONE', *, *, #2775, .T. ) ;
#4220 = LINE ( 'NONE', #5078, #3578 ) ;
#4221 = ORIENTED_EDGE ( 'NONE', *, *, #3572, .T. ) ;
#4222 = DIRECTION ( 'NONE',  ( -0.7071067811865484609, -0.7071067811865467956, -1.734723475976807094E-15 ) ) ;
#4223 = LINE ( 'NONE', #425, #3303 ) ;
#4224 = VERTEX_POINT ( 'NONE', #1592 ) ;
#4225 = DIRECTION ( 'NONE',  ( 0.0000000000000000000, 1.000000000000000000, 0.0000000000000000000 ) ) ;
#4226 = DIRECTION ( 'NONE',  ( -1.000000000000000000, 0.0000000000000000000, 0.0000000000000000000 ) ) ;
#4227 = CARTESIAN_POINT ( 'NONE',  ( -18.10000000000000142, 11.72724133595216145, 14.68782217350891983 ) ) ;
#4228 = CARTESIAN_POINT ( 'NONE',  ( 0.1999999999999849953, -19.54191084772651266, 0.4832484158931547036 ) ) ;
#4229 = CARTESIAN_POINT ( 'NONE',  ( 0.2000000000000000944, 6.856406460551009552, -18.00000000000000000 ) ) ;
#4230 = FACE_OUTER_BOUND ( 'NONE', #4105, .T. ) ;
#4231 = CARTESIAN_POINT ( 'NONE',  ( -1.050000000000163913, 7.500000000000099476, 1.254140999999999921E-15 ) ) ;
#4232 = CIRCLE ( 'NONE', #2214, 2.000000000000001332 ) ;
#4233 = EDGE_CURVE ( 'NONE', #1500, #2657, #4304, .T. ) ;
#4234 = CARTESIAN_POINT ( 'NONE',  ( 0.2000000000000000944, 19.31894849647605028, -1.967268858105619911 ) ) ;
#4235 = ORIENTED_EDGE ( 'NONE', *, *, #1254, .T. ) ;
#4236 = ORIENTED_EDGE ( 'NONE', *, *, #3638, .T. ) ;
#4237 = EDGE_CURVE ( 'NONE', #4693, #3280, #4033, .T. ) ;
#4238 = ORIENTED_EDGE ( 'NONE', *, *, #2665, .T. ) ;
#4239 = VERTEX_POINT ( 'NONE', #2027 ) ;
#4240 = ORIENTED_EDGE ( 'NONE', *, *, #4456, .T. ) ;
#4241 = EDGE_CURVE ( 'NONE', #186, #2444, #1640, .T. ) ;
#4242 = EDGE_CURVE ( 'NONE', #54, #3053, #5102, .T. ) ;
#4243 = DIRECTION ( 'NONE',  ( 0.0000000000000000000, -1.000000000000000000, 0.0000000000000000000 ) ) ;
#4244 = ORIENTED_EDGE ( 'NONE', *, *, #2654, .T. ) ;
#4245 = CARTESIAN_POINT ( 'NONE',  ( -17.75130490903465130, -19.13605369949745594, 0.1588058078162079001 ) ) ;
#4246 = LINE ( 'NONE', #1641, #1904 ) ;
#4247 = VECTOR ( 'NONE', #3299, 1000.000000000000000 ) ;
#4248 = LINE ( 'NONE', #503, #4181 ) ;
#4249 = ORIENTED_EDGE ( 'NONE', *, *, #3172, .F. ) ;
#4250 = DIRECTION ( 'NONE',  ( 0.0000000000000000000, 0.0000000000000000000, -1.000000000000000000 ) ) ;
#4251 = AXIS2_PLACEMENT_3D ( 'NONE', #665, #2339, #1782 ) ;
#4252 = CARTESIAN_POINT ( 'NONE',  ( 17.19999999999999929, 0.0000000000000000000, 0.0000000000000000000 ) ) ;
#4253 = DIRECTION ( 'NONE',  ( 0.0000000000000000000, 1.000000000000000000, 0.0000000000000000000 ) ) ;
#4254 = DIRECTION ( 'NONE',  ( 0.0000000000000000000, 0.2588190451025211836, 0.9659258262890682012 ) ) ;
#4255 = CARTESIAN_POINT ( 'NONE',  ( -10.09999999999999964, -9.000000000000000000, 3.594346038583049907 ) ) ;
#4256 = AXIS2_PLACEMENT_3D ( 'NONE', #3729, #2057, #4646 ) ;
#4257 = EDGE_LOOP ( 'NONE', ( #3213, #447, #5216, #1852 ) ) ;
#4258 = CARTESIAN_POINT ( 'NONE',  ( -17.84999999999999787, -6.856406460551029092, -16.00000000000000000 ) ) ;
#4259 = FACE_OUTER_BOUND ( 'NONE', #2768, .T. ) ;
#4260 = DIRECTION ( 'NONE',  ( 0.0000000000000000000, 0.0000000000000000000, 1.000000000000000000 ) ) ;
#4261 = ORIENTED_EDGE ( 'NONE', *, *, #3982, .T. ) ;
#4262 = ORIENTED_EDGE ( 'NONE', *, *, #5181, .F. ) ;
#4263 = CIRCLE ( 'NONE', #3132, 8.569990930820740260 ) ;
#4264 = AXIS2_PLACEMENT_3D ( 'NONE', #1255, #2489, #2158 ) ;
#4265 = EDGE_LOOP ( 'NONE', ( #2981, #5172, #497, #4291 ) ) ;
#4266 = VERTEX_POINT ( 'NONE', #709 ) ;
#4267 = VECTOR ( 'NONE', #1077, 1000.000000000000114 ) ;
#4268 = DIRECTION ( 'NONE',  ( 0.0000000000000000000, 0.0000000000000000000, 1.000000000000000000 ) ) ;
#4269 = ORIENTED_EDGE ( 'NONE', *, *, #1569, .F. ) ;
#4270 = CARTESIAN_POINT ( 'NONE',  ( -17.91988617563720254, -18.96613033323718511, 0.08338815634612693761 ) ) ;
#4271 = CARTESIAN_POINT ( 'NONE',  ( -17.60000000000000142, -6.856406460551029092, -18.00000000000000000 ) ) ;
#4272 = AXIS2_PLACEMENT_3D ( 'NONE', #5286, #707, #3975 ) ;
#4273 = EDGE_CURVE ( 'NONE', #4912, #1965, #4451, .T. ) ;
#4274 = EDGE_CURVE ( 'NONE', #4687, #2335, #3619, .T. ) ;
#4275 = DIRECTION ( 'NONE',  ( 2.391195424774079784E-17, 2.391195424774079784E-17, -1.000000000000000000 ) ) ;
#4276 = ORIENTED_EDGE ( 'NONE', *, *, #3026, .F. ) ;
#4277 = CARTESIAN_POINT ( 'NONE',  ( -1.550000000000165024, -9.000000000000000000, 0.0000000000000000000 ) ) ;
#4278 = CARTESIAN_POINT ( 'NONE',  ( -17.60000000000000142, 11.42820323027549989, -15.66987298107780013 ) ) ;
#4279 = AXIS2_PLACEMENT_3D ( 'NONE', #5267, #569, #1458 ) ;
#4280 = CARTESIAN_POINT ( 'NONE',  ( -17.84999999999999787, 19.09663056605305087, -3.555355278981459755 ) ) ;
#4281 = CARTESIAN_POINT ( 'NONE',  ( -17.84999999999999787, -10.42820323027551943, -13.93782217350891983 ) ) ;
#4282 = LINE ( 'NONE', #96, #1938 ) ;
#4283 = EDGE_LOOP ( 'NONE', ( #2923, #4900, #2846, #5373 ) ) ;
#4284 = CARTESIAN_POINT ( 'NONE',  ( -17.60000000000000142, 6.856406460551009552, -16.00000000000000000 ) ) ;
#4285 = DIRECTION ( 'NONE',  ( 0.0000000000000000000, 1.000000000000000000, 0.0000000000000000000 ) ) ;
#4286 = CARTESIAN_POINT ( 'NONE',  ( -18.10000000000000142, 7.606406460551010440, 17.29903810567665090 ) ) ;
#4287 = DIRECTION ( 'NONE',  ( 0.0000000000000000000, 0.7071067811865484609, -0.7071067811865467956 ) ) ;
#4288 = DIRECTION ( 'NONE',  ( -0.7071067811865480168, 0.7071067811865470176, 0.0000000000000000000 ) ) ;
#4289 = ORIENTED_EDGE ( 'NONE', *, *, #5195, .T. ) ;
#4290 = CONICAL_SURFACE ( 'NONE', #1932, 1.750000000000000000, 0.7853981624999990530 ) ;
#4291 = ORIENTED_EDGE ( 'NONE', *, *, #4938, .T. ) ;
#4292 = AXIS2_PLACEMENT_3D ( 'NONE', #1959, #3137, #1842 ) ;
#4293 = ADVANCED_FACE ( 'NONE', ( #4919 ), #1147, .T. ) ;
#4294 = ORIENTED_EDGE ( 'NONE', *, *, #4110, .T. ) ;
#4295 = EDGE_LOOP ( 'NONE', ( #2017, #1943, #4992, #2538, #5034, #3241, #3538, #935, #4970, #369, #1878, #3520 ) ) ;
#4296 = AXIS2_PLACEMENT_3D ( 'NONE', #3605, #1462, #4881 ) ;
#4297 = CONICAL_SURFACE ( 'NONE', #1939, 1.749999999999998002, 0.7853981624999990530 ) ;
#4298 = CARTESIAN_POINT ( 'NONE',  ( 17.19999999999999929, -11.50000000000000000, 0.0000000000000000000 ) ) ;
#4299 = VERTEX_POINT ( 'NONE', #320 ) ;
#4300 = CARTESIAN_POINT ( 'NONE',  ( -1.449999999999999956, -5.500000000000000888, 17.69999999999996732 ) ) ;
#4301 = FACE_OUTER_BOUND ( 'NONE', #4829, .T. ) ;
#4302 = EDGE_CURVE ( 'NONE', #1025, #3744, #2000, .T. ) ;
#4303 = CONICAL_SURFACE ( 'NONE', #870, 1.750000000000000000, 0.7853981624999977207 ) ;
#4304 = CIRCLE ( 'NONE', #4565, 0.5000000000000004441 ) ;
#4305 = DIRECTION ( 'NONE',  ( 1.000000000000000000, -2.687390029047394900E-32, 6.950063175343440148E-33 ) ) ;
#4306 = DIRECTION ( 'NONE',  ( 1.000000000000000000, 4.514897463897239585E-31, -1.167631875727641956E-31 ) ) ;
#4307 = ORIENTED_EDGE ( 'NONE', *, *, #1667, .T. ) ;
#4308 = DIRECTION ( 'NONE',  ( 1.000000000000000000, 1.486501795720578134E-31, 1.486501795720578134E-31 ) ) ;
#4309 = CARTESIAN_POINT ( 'NONE',  ( -17.60000000000000142, 7.374044550639912821, 17.93185165214470089 ) ) ;
#4310 = ADVANCED_FACE ( 'NONE', ( #3387 ), #2486, .F. ) ;
#4311 = DIRECTION ( 'NONE',  ( 0.7071067811865467956, -0.6123724356957959136, -0.3535533905932729537 ) ) ;
#4312 = DIRECTION ( 'NONE',  ( 0.7071067811865469066, 0.7071067811865481278, 0.0000000000000000000 ) ) ;
#4313 = VERTEX_POINT ( 'NONE', #2180 ) ;
#4314 = DIRECTION ( 'NONE',  ( -1.000000000000000000, 0.0000000000000000000, 0.0000000000000000000 ) ) ;
#4315 = DIRECTION ( 'NONE',  ( 1.000000000000000000, 0.0000000000000000000, 0.0000000000000000000 ) ) ;
#4316 = LINE ( 'NONE', #2224, #2581 ) ;
#4317 = EDGE_CURVE ( 'NONE', #4416, #4687, #3755, .T. ) ;
#4318 = CARTESIAN_POINT ( 'NONE',  ( -17.60000000000000142, 12.16025403784439973, 14.93782217350891983 ) ) ;
#4319 = EDGE_CURVE ( 'NONE', #3744, #50, #1507, .T. ) ;
#4320 = DIRECTION ( 'NONE',  ( 0.0000000000000000000, 0.0000000000000000000, -1.000000000000000000 ) ) ;
#4321 = CARTESIAN_POINT ( 'NONE',  ( -1.949999999999999956, 5.500000000000000000, 18.00000000000000000 ) ) ;
#4322 = EDGE_LOOP ( 'NONE', ( #5386, #1897, #3836, #3548 ) ) ;
#4323 = CIRCLE ( 'NONE', #1960, 1.999999999999998890 ) ;
#4324 = ORIENTED_EDGE ( 'NONE', *, *, #166, .F. ) ;
#4325 = ORIENTED_EDGE ( 'NONE', *, *, #3611, .T. ) ;
#4326 = ORIENTED_EDGE ( 'NONE', *, *, #212, .F. ) ;
#4327 = ORIENTED_EDGE ( 'NONE', *, *, #5304, .T. ) ;
#4328 = FACE_OUTER_BOUND ( 'NONE', #1417, .T. ) ;
#4329 = ORIENTED_EDGE ( 'NONE', *, *, #305, .T. ) ;
#4330 = DIRECTION ( 'NONE',  ( 1.000000000000000000, 0.0000000000000000000, 0.0000000000000000000 ) ) ;
#4331 = DIRECTION ( 'NONE',  ( 0.0000000000000000000, 0.0000000000000000000, -1.000000000000000000 ) ) ;
#4332 = CARTESIAN_POINT ( 'NONE',  ( -8.400000000000000355, -9.853553390593274841, 3.240792647989786612 ) ) ;
#4333 = VERTEX_POINT ( 'NONE', #4639 ) ;
#4334 = DIRECTION ( 'NONE',  ( -0.0000000000000000000, -0.8660254037844387076, -0.4999999999999998890 ) ) ;
#4335 = CYLINDRICAL_SURFACE ( 'NONE', #5020, 0.4999999999999997780 ) ;
#4336 = DIRECTION ( 'NONE',  ( 0.0000000000000000000, 0.0000000000000000000, 1.000000000000000000 ) ) ;
#4337 = CYLINDRICAL_SURFACE ( 'NONE', #965, 0.5000000000000004441 ) ;
#4338 = AXIS2_PLACEMENT_3D ( 'NONE', #1758, #872, #4677 ) ;
#4339 = ORIENTED_EDGE ( 'NONE', *, *, #1295, .T. ) ;
#4340 = DIRECTION ( 'NONE',  ( 0.0000000000000000000, 1.000000000000000000, 0.0000000000000000000 ) ) ;
#4341 = AXIS2_PLACEMENT_3D ( 'NONE', #3875, #3430, #3017 ) ;
#4342 = DIRECTION ( 'NONE',  ( 1.000000000000000000, 0.0000000000000000000, 0.0000000000000000000 ) ) ;
#4343 = CARTESIAN_POINT ( 'NONE',  ( 2.199999999999988187, -7.374044550756071459, -17.93185165257813551 ) ) ;
#4344 = CARTESIAN_POINT ( 'NONE',  ( -17.60000000000000142, 7.856406460551010440, -17.73205080756889984 ) ) ;
#4345 = FACE_OUTER_BOUND ( 'NONE', #426, .T. ) ;
#4346 = VECTOR ( 'NONE', #3245, 1000.000000000000000 ) ;
#4347 = EDGE_CURVE ( 'NONE', #4657, #992, #3765, .T. ) ;
#4348 = DIRECTION ( 'NONE',  ( -1.000000000000000000, 0.0000000000000000000, 0.0000000000000000000 ) ) ;
#4349 = VERTEX_POINT ( 'NONE', #2153 ) ;
#4350 = ORIENTED_EDGE ( 'NONE', *, *, #2474, .T. ) ;
#4351 = ORIENTED_EDGE ( 'NONE', *, *, #1631, .T. ) ;
#4352 = AXIS2_PLACEMENT_3D ( 'NONE', #982, #1517, #2726 ) ;
#4353 = ORIENTED_EDGE ( 'NONE', *, *, #3501, .T. ) ;
#4354 = ORIENTED_EDGE ( 'NONE', *, *, #70, .T. ) ;
#4355 = CIRCLE ( 'NONE', #4625, 1.999999999999998890 ) ;
#4356 = FACE_OUTER_BOUND ( 'NONE', #2620, .T. ) ;
#4358 = ORIENTED_EDGE ( 'NONE', *, *, #4605, .F. ) ;
#4357 = ORIENTED_EDGE ( 'NONE', *, *, #617, .T. ) ;
#4359 = CARTESIAN_POINT ( 'NONE',  ( -11.09999999999999787, -9.000000000000000000, -4.649999999999999467 ) ) ;
#4360 = CIRCLE ( 'NONE', #3473, 1.999999999999998890 ) ;
#4361 = CYLINDRICAL_SURFACE ( 'NONE', #4843, 2.000000000000000000 ) ;
#4362 = AXIS2_PLACEMENT_3D ( 'NONE', #2851, #5289, #4506 ) ;
#4363 = AXIS2_PLACEMENT_3D ( 'NONE', #4590, #34, #2080 ) ;
#4364 = DIRECTION ( 'NONE',  ( 0.0000000000000000000, 1.000000000000000000, 0.0000000000000000000 ) ) ;
#4365 = ORIENTED_EDGE ( 'NONE', *, *, #2127, .F. ) ;
#4366 = DIRECTION ( 'NONE',  ( -1.000000000000000000, 0.0000000000000000000, 0.0000000000000000000 ) ) ;
#4367 = CARTESIAN_POINT ( 'NONE',  ( -18.10000000000000142, 10.42820323027549989, 13.93782217350891983 ) ) ;
#4368 = LINE ( 'NONE', #2246, #3736 ) ;
#4369 = CARTESIAN_POINT ( 'NONE',  ( -11.08801067125215489, -7.509941824141644240, -3.467343169986962792 ) ) ;
#4370 = CIRCLE ( 'NONE', #142, 1.999999999999998890 ) ;
#4371 = EDGE_CURVE ( 'NONE', #1325, #4333, #2888, .T. ) ;
#4372 = ORIENTED_EDGE ( 'NONE', *, *, #3895, .T. ) ;
#4373 = CARTESIAN_POINT ( 'NONE',  ( -1.050000000000175904, -5.884513573780050244, 4.649999999999999467 ) ) ;
#4374 = VECTOR ( 'NONE', #1537, 1000.000000000000114 ) ;
#4375 = CARTESIAN_POINT ( 'NONE',  ( -11.09999999999999787, -9.000000000000000000, -4.649999999999999467 ) ) ;
#4376 = CARTESIAN_POINT ( 'NONE',  ( -10.59999999999999964, -9.000000000000000000, -3.594346038583040137 ) ) ;
#4377 = DIRECTION ( 'NONE',  ( -1.000000000000000000, 0.0000000000000000000, 0.0000000000000000000 ) ) ;
#4378 = FACE_OUTER_BOUND ( 'NONE', #3644, .T. ) ;
#4379 = EDGE_CURVE ( 'NONE', #363, #213, #4504, .T. ) ;
#4380 = VECTOR ( 'NONE', #4285, 1000.000000000000000 ) ;
#4381 = DIRECTION ( 'NONE',  ( -1.000000000000000000, 0.0000000000000000000, 0.0000000000000000000 ) ) ;
#4382 = VERTEX_POINT ( 'NONE', #2105 ) ;
#4383 = ORIENTED_EDGE ( 'NONE', *, *, #1294, .F. ) ;
#4384 = ORIENTED_EDGE ( 'NONE', *, *, #1791, .T. ) ;
#4385 = ADVANCED_FACE ( 'NONE', ( #3860 ), #1332, .T. ) ;
#4386 = EDGE_CURVE ( 'NONE', #3421, #4552, #4131, .T. ) ;
#4387 = EDGE_LOOP ( 'NONE', ( #4446, #3377, #2015, #2479 ) ) ;
#4388 = ORIENTED_EDGE ( 'NONE', *, *, #2533, .T. ) ;
#4389 = ORIENTED_EDGE ( 'NONE', *, *, #103, .T. ) ;
#4390 = CARTESIAN_POINT ( 'NONE',  ( -1.449999999999999956, 5.500000000000000000, 18.00000000000000000 ) ) ;
#4391 = ORIENTED_EDGE ( 'NONE', *, *, #1951, .F. ) ;
#4392 = CARTESIAN_POINT ( 'NONE',  ( -10.09999999999999964, -9.500000000000000000, 3.094346038583060121 ) ) ;
#4393 = VECTOR ( 'NONE', #591, 1000.000000000000000 ) ;
#4394 = DIRECTION ( 'NONE',  ( 1.000000000000000000, 3.324909441350534569E-32, 8.598800479241670414E-33 ) ) ;
#4395 = EDGE_CURVE ( 'NONE', #3794, #1836, #1715, .T. ) ;
#4396 = EDGE_CURVE ( 'NONE', #2996, #1965, #2131, .T. ) ;
#4397 = AXIS2_PLACEMENT_3D ( 'NONE', #203, #1884, #3556 ) ;
#4398 = CARTESIAN_POINT ( 'NONE',  ( -1.949999999999999956, -5.500000000000000000, 18.00000000000000000 ) ) ;
#4399 = ORIENTED_EDGE ( 'NONE', *, *, #211, .F. ) ;
#4400 = FACE_OUTER_BOUND ( 'NONE', #1299, .T. ) ;
#4401 = DIRECTION ( 'NONE',  ( -1.000000000000000000, 0.0000000000000000000, 0.0000000000000000000 ) ) ;
#4402 = DIRECTION ( 'NONE',  ( 0.0000000000000000000, 0.9681476403781076323, -0.2503800040544421623 ) ) ;
#4403 = CARTESIAN_POINT ( 'NONE',  ( -1.949999999999999956, -5.500000000000000000, 18.00000000000000000 ) ) ;
#4404 = CIRCLE ( 'NONE', #5019, 9.000000000000000000 ) ;
#4405 = VECTOR ( 'NONE', #4719, 1000.000000000000000 ) ;
#4406 = ORIENTED_EDGE ( 'NONE', *, *, #3639, .F. ) ;
#4407 = DIRECTION ( 'NONE',  ( -1.000000000000000000, -2.478589000000000183E-32, 0.0000000000000000000 ) ) ;
#4408 = CARTESIAN_POINT ( 'NONE',  ( 0.1999999999999840239, -7.856406460551010440, 17.73205080756884655 ) ) ;
#4409 = DIRECTION ( 'NONE',  ( 0.0000000000000000000, 0.0000000000000000000, -1.000000000000000000 ) ) ;
#4410 = FACE_OUTER_BOUND ( 'NONE', #1591, .T. ) ;
#4411 = CARTESIAN_POINT ( 'NONE',  ( 0.2000000000000000944, -9.992007000000000176E-15, 6.661337999999999854E-15 ) ) ;
#4412 = DIRECTION ( 'NONE',  ( 0.7071067811865473507, 0.7071067811865477948, 0.0000000000000000000 ) ) ;
#4413 = EDGE_LOOP ( 'NONE', ( #966, #199, #2618, #82 ) ) ;
#4414 = EDGE_LOOP ( 'NONE', ( #4329, #2539, #2282, #4388, #1889, #4213, #1266 ) ) ;
#4415 = EDGE_CURVE ( 'NONE', #3001, #4657, #5277, .T. ) ;
#4416 = VERTEX_POINT ( 'NONE', #3751 ) ;
#4417 = EDGE_LOOP ( 'NONE', ( #3024, #4276, #5333, #4249, #1327 ) ) ;
#4418 = ORIENTED_EDGE ( 'NONE', *, *, #1187, .T. ) ;
#4419 = ORIENTED_EDGE ( 'NONE', *, *, #60, .F. ) ;
#4420 = DIRECTION ( 'NONE',  ( 1.000000000000000000, -3.077560325124154964E-32, 1.148561149672152111E-31 ) ) ;
#4421 = FACE_OUTER_BOUND ( 'NONE', #2477, .T. ) ;
#4422 = CIRCLE ( 'NONE', #3972, 0.5000000000000004441 ) ;
#4423 = EDGE_CURVE ( 'NONE', #504, #646, #3173, .T. ) ;
#4424 = EDGE_CURVE ( 'NONE', #2032, #4954, #4834, .T. ) ;
#4425 = CARTESIAN_POINT ( 'NONE',  ( -17.60000000000000142, 6.856406460551009552, -16.00000000000000000 ) ) ;
#4426 = ORIENTED_EDGE ( 'NONE', *, *, #4111, .T. ) ;
#4427 = CARTESIAN_POINT ( 'NONE',  ( 17.19999999999999929, 0.0000000000000000000, 0.0000000000000000000 ) ) ;
#4428 = DIRECTION ( 'NONE',  ( -1.000000000000000000, 0.0000000000000000000, 0.0000000000000000000 ) ) ;
#4429 = DIRECTION ( 'NONE',  ( -1.000000000000000000, 0.0000000000000000000, 0.0000000000000000000 ) ) ;
#4430 = FACE_OUTER_BOUND ( 'NONE', #5410, .T. ) ;
#4431 = ORIENTED_EDGE ( 'NONE', *, *, #5195, .F. ) ;
#4432 = DIRECTION ( 'NONE',  ( 0.0000000000000000000, 1.000000000000000000, 0.0000000000000000000 ) ) ;
#4433 = VERTEX_POINT ( 'NONE', #830 ) ;
#4434 = LINE ( 'NONE', #689, #1471 ) ;
#4435 = AXIS2_PLACEMENT_3D ( 'NONE', #1407, #991, #2399 ) ;
#4436 = CARTESIAN_POINT ( 'NONE',  ( -18.09999999999999787, -6.856406460551029092, -16.00000000000000000 ) ) ;
#4437 = DIRECTION ( 'NONE',  ( 0.0000000000000000000, -1.000000000000000000, 0.0000000000000000000 ) ) ;
#4438 = CARTESIAN_POINT ( 'NONE',  ( -10.59999999999999964, -7.334177048362719553, 3.594346038583060121 ) ) ;
#4439 = CIRCLE ( 'NONE', #115, 9.000000000000000000 ) ;
#4440 = DIRECTION ( 'NONE',  ( 0.0000000000000000000, 0.4999999999999998335, 0.8660254037844388186 ) ) ;
#4441 = ORIENTED_EDGE ( 'NONE', *, *, #240, .F. ) ;
#4442 = VERTEX_POINT ( 'NONE', #913 ) ;
#4443 = VECTOR ( 'NONE', #1839, 1000.000000000000000 ) ;
#4444 = VERTEX_POINT ( 'NONE', #2514 ) ;
#4445 = VERTEX_POINT ( 'NONE', #59 ) ;
#4446 = ORIENTED_EDGE ( 'NONE', *, *, #3734, .F. ) ;
#4447 = ORIENTED_EDGE ( 'NONE', *, *, #4930, .F. ) ;
#4448 = CARTESIAN_POINT ( 'NONE',  ( 2.199999999999988187, -17.31925310616325220, -2.002173670980174958 ) ) ;
#4449 = AXIS2_PLACEMENT_3D ( 'NONE', #2191, #5448, #1675 ) ;
#4450 = CYLINDRICAL_SURFACE ( 'NONE', #2957, 2.000000000000000000 ) ;
#4451 = LINE ( 'NONE', #266, #3057 ) ;
#4452 = CARTESIAN_POINT ( 'NONE',  ( -15.94999999999999929, 6.000000000000000000, 17.69999999999999929 ) ) ;
#4453 = CARTESIAN_POINT ( 'NONE',  ( -17.60000000000000142, 6.856406460551009552, 16.00000000000000000 ) ) ;
#4454 = AXIS2_PLACEMENT_3D ( 'NONE', #2902, #1307, #3802 ) ;
#4455 = EDGE_CURVE ( 'NONE', #2845, #1966, #1741, .T. ) ;
#4456 = EDGE_CURVE ( 'NONE', #4349, #1822, #2452, .T. ) ;
#4457 = VECTOR ( 'NONE', #2802, 1000.000000000000114 ) ;
#4458 = ORIENTED_EDGE ( 'NONE', *, *, #1055, .F. ) ;
#4459 = CARTESIAN_POINT ( 'NONE',  ( -10.09999999999999964, -9.000000000000000000, -2.324999999999999734 ) ) ;
#4460 = ORIENTED_EDGE ( 'NONE', *, *, #4798, .F. ) ;
#4461 = CARTESIAN_POINT ( 'NONE',  ( -1.949999999999999956, -6.000000000000000000, 18.00000000000000000 ) ) ;
#4462 = DIRECTION ( 'NONE',  ( 0.0000000000000000000, -0.7071067811865484609, 0.7071067811865467956 ) ) ;
#4463 = AXIS2_PLACEMENT_3D ( 'NONE', #4854, #4068, #4488 ) ;
#4464 = DIRECTION ( 'NONE',  ( -1.000000000000000000, -1.181088500000000200E-16, -1.181088500000000200E-16 ) ) ;
#4465 = CARTESIAN_POINT ( 'NONE',  ( -18.10000000000000142, 11.17820323027549989, 15.23686027918559915 ) ) ;
#4466 = ADVANCED_FACE ( 'NONE', ( #1274 ), #2951, .F. ) ;
#4467 = CIRCLE ( 'NONE', #1206, 9.000000000000000000 ) ;
#4468 = FACE_OUTER_BOUND ( 'NONE', #2208, .T. ) ;
#4469 = DIRECTION ( 'NONE',  ( 1.000000000000000000, 0.0000000000000000000, 0.0000000000000000000 ) ) ;
#4470 = CIRCLE ( 'NONE', #1917, 1.999999999999998890 ) ;
#4471 = VERTEX_POINT ( 'NONE', #4359 ) ;
#4472 = ORIENTED_EDGE ( 'NONE', *, *, #68, .T. ) ;
#4473 = ORIENTED_EDGE ( 'NONE', *, *, #1940, .F. ) ;
#4474 = ORIENTED_EDGE ( 'NONE', *, *, #3049, .T. ) ;
#4475 = DIRECTION ( 'NONE',  ( 0.0000000000000000000, -0.8660254037844387076, -0.4999999999999998890 ) ) ;
#4476 = VECTOR ( 'NONE', #1093, 1000.000000000000000 ) ;
#4477 = CC_DESIGN_PERSON_AND_ORGANIZATION_ASSIGNMENT ( #4921, #3675, ( #269 ) ) ;
#4478 = CARTESIAN_POINT ( 'NONE',  ( -18.10000000000000142, 18.77147456716484442, 2.377743677174157799 ) ) ;
#4479 = DIRECTION ( 'NONE',  ( -1.000000000000000000, 0.0000000000000000000, 0.0000000000000000000 ) ) ;
#4480 = FACE_OUTER_BOUND ( 'NONE', #5072, .T. ) ;
#4481 = ADVANCED_FACE ( 'NONE', ( #2682 ), #4290, .T. ) ;
#4482 = APPLICATION_PROTOCOL_DEFINITION ( 'international standard', 'config_control_design', 1994, #2639 ) ;
#4483 = VECTOR ( 'NONE', #5282, 1000.000000000000114 ) ;
#4484 = ORIENTED_EDGE ( 'NONE', *, *, #818, .F. ) ;
#4485 = CARTESIAN_POINT ( 'NONE',  ( -18.09999999999999787, -6.856406460551029092, -17.50000000000000000 ) ) ;
#4486 = ORIENTED_EDGE ( 'NONE', *, *, #3139, .T. ) ;
#4487 = ADVANCED_FACE ( 'NONE', ( #3029 ), #1797, .F. ) ;
#4488 = DIRECTION ( 'NONE',  ( 0.0000000000000000000, 0.9681476403781076323, -0.2503800040544421623 ) ) ;
#4489 = DIRECTION ( 'NONE',  ( 0.0000000000000000000, 0.9681476403781076323, -0.2503800040544421623 ) ) ;
#4490 = DIRECTION ( 'NONE',  ( 1.000000000000000000, 1.053476305245729900E-30, -2.724474789419134932E-31 ) ) ;
#4491 = VECTOR ( 'NONE', #360, 1000.000000000000114 ) ;
#4492 = CARTESIAN_POINT ( 'NONE',  ( 4.504999999999999893, 0.0000000000000000000, 0.0000000000000000000 ) ) ;
#4493 = VECTOR ( 'NONE', #94, 1000.000000000000000 ) ;
#4494 = DIRECTION ( 'NONE',  ( 1.000000000000000000, 0.0000000000000000000, 0.0000000000000000000 ) ) ;
#4495 = AXIS2_PLACEMENT_3D ( 'NONE', #4453, #3980, #268 ) ;
#4496 = CYLINDRICAL_SURFACE ( 'NONE', #573, 0.5000000000000001110 ) ;
#4497 = ADVANCED_FACE ( 'NONE', ( #3056 ), #2716, .T. ) ;
#4498 = CARTESIAN_POINT ( 'NONE',  ( -18.10000000000000142, 18.61829121183989955, 2.752173670980144760 ) ) ;
#4499 = VERTEX_POINT ( 'NONE', #4773 ) ;
#4500 = ORIENTED_EDGE ( 'NONE', *, *, #3096, .F. ) ;
#4501 = VERTEX_POINT ( 'NONE', #2621 ) ;
#4502 = ORIENTED_EDGE ( 'NONE', *, *, #4237, .T. ) ;
#4503 = DIRECTION ( 'NONE',  ( -0.0000000000000000000, -0.01745240643728360533, -0.9998476951563912696 ) ) ;
#4504 =( BOUNDED_CURVE ( )  B_SPLINE_CURVE ( 2, ( #500, #4666, #393 ),
 .UNSPECIFIED., .F., .F. ) 
 B_SPLINE_CURVE_WITH_KNOTS ( ( 3, 3 ),
 ( 0.0000000000000000000, 0.2614330230450679915 ),
 .UNSPECIFIED. ) 
 CURVE ( )  GEOMETRIC_REPRESENTATION_ITEM ( )  RATIONAL_B_SPLINE_CURVE ( ( 1.000000000000000000, 1.000132833379162145, 1.000000000000000000 ) ) 
 REPRESENTATION_ITEM ( '' )  );
#4505 = DIRECTION ( 'NONE',  ( -0.7071067811865492381, -0.6123724356957932491, -0.3535533905932729537 ) ) ;
#4506 = DIRECTION ( 'NONE',  ( 0.0000000000000000000, -0.9681476403781078544, -0.2503800040544411076 ) ) ;
#4507 = VECTOR ( 'NONE', #971, 1000.000000000000000 ) ;
#4508 = VERTEX_POINT ( 'NONE', #5251 ) ;
#4509 = LINE ( 'NONE', #1201, #5154 ) ;
#4510 = ORIENTED_EDGE ( 'NONE', *, *, #3310, .T. ) ;
#4511 = CARTESIAN_POINT ( 'NONE',  ( -17.85000000000000142, 7.309339789480421068, 17.69037019600586902 ) ) ;
#4512 = FACE_OUTER_BOUND ( 'NONE', #2779, .T. ) ;
#4513 = CARTESIAN_POINT ( 'NONE',  ( -17.60000000000000142, -10.42820323027549989, 13.93782217350891983 ) ) ;
#4514 = DIRECTION ( 'NONE',  ( -1.000000000000000000, 0.0000000000000000000, 0.0000000000000000000 ) ) ;
#4515 = DIRECTION ( 'NONE',  ( 0.0000000000000000000, 0.0000000000000000000, 1.000000000000000000 ) ) ;
#4516 = FACE_OUTER_BOUND ( 'NONE', #4138, .T. ) ;
#4517 = DIRECTION ( 'NONE',  ( 0.0000000000000000000, 0.7071067811865484609, -0.7071067811865467956 ) ) ;
#4518 = VECTOR ( 'NONE', #2424, 1000.000000000000000 ) ;
#4519 = EDGE_CURVE ( 'NONE', #495, #2713, #202, .T. ) ;
#4520 = ADVANCED_FACE ( 'NONE', ( #4839 ), #1064, .T. ) ;
#4521 = VERTEX_POINT ( 'NONE', #4392 ) ;
#4522 = ORIENTED_EDGE ( 'NONE', *, *, #639, .F. ) ;
#4523 = AXIS2_PLACEMENT_3D ( 'NONE', #718, #5298, #249 ) ;
#4524 = ORIENTED_EDGE ( 'NONE', *, *, #691, .T. ) ;
#4525 = ORIENTED_EDGE ( 'NONE', *, *, #4832, .F. ) ;
#4526 = CARTESIAN_POINT ( 'NONE',  ( -17.84999999999999787, -19.09662813727980080, -3.555216134654155091 ) ) ;
#4527 = EDGE_CURVE ( 'NONE', #2243, #5263, #5221, .T. ) ;
#4528 = AXIS2_PLACEMENT_3D ( 'NONE', #2084, #5060, #1722 ) ;
#4529 = CARTESIAN_POINT ( 'NONE',  ( 0.2000000000000000944, -19.69914221112031072, -0.3117527983883143228 ) ) ;
#4530 = DIRECTION ( 'NONE',  ( 0.0000000000000000000, -0.2588190451025211836, -0.9659258262890682012 ) ) ;
#4531 = CIRCLE ( 'NONE', #2422, 0.5000000000000001110 ) ;
#4532 = DIRECTION ( 'NONE',  ( 0.0000000000000000000, 0.0000000000000000000, -1.000000000000000000 ) ) ;
#4533 = DATE_TIME_ROLE ( 'classification_date' ) ;
#4534 = AXIS2_PLACEMENT_3D ( 'NONE', #2860, #2012, #5383 ) ;
#4535 = CARTESIAN_POINT ( 'NONE',  ( -17.60000000000000142, -19.05130391373210230, -3.002173670980174958 ) ) ;
#4536 = VERTEX_POINT ( 'NONE', #113 ) ;
#4537 = DIRECTION ( 'NONE',  ( -1.000000000000000000, 0.0000000000000000000, 0.0000000000000000000 ) ) ;
#4538 = CARTESIAN_POINT ( 'NONE',  ( 2.200000000000000178, 12.62500000000000000, 0.0000000000000000000 ) ) ;
#4539 = DIRECTION ( 'NONE',  ( 0.7071067811865479058, -0.7069990853988238344, 0.01234071493982699837 ) ) ;
#4540 = DIRECTION ( 'NONE',  ( -1.000000000000000000, 0.0000000000000000000, 0.0000000000000000000 ) ) ;
#4541 = CARTESIAN_POINT ( 'NONE',  ( 2.199999999999988187, 15.31250000000000000, 0.0000000000000000000 ) ) ;
#4542 = VECTOR ( 'NONE', #2753, 1000.000000000000000 ) ;
#4543 = EDGE_CURVE ( 'NONE', #2607, #764, #1768, .T. ) ;
#4544 = DIRECTION ( 'NONE',  ( 0.0000000000000000000, 0.0000000000000000000, 1.000000000000000000 ) ) ;
#4545 = AXIS2_PLACEMENT_3D ( 'NONE', #3600, #4537, #1128 ) ;
#4546 = DIRECTION ( 'NONE',  ( 0.0000000000000000000, 0.0000000000000000000, -1.000000000000000000 ) ) ;
#4547 = EDGE_CURVE ( 'NONE', #4182, #504, #3943, .T. ) ;
#4548 = AXIS2_PLACEMENT_3D ( 'NONE', #395, #2078, #5031 ) ;
#4549 = ADVANCED_FACE ( 'NONE', ( #1386 ), #647, .F. ) ;
#4550 = VECTOR ( 'NONE', #2384, 1000.000000000000000 ) ;
#4551 = ORIENTED_EDGE ( 'NONE', *, *, #3705, .T. ) ;
#4552 = VERTEX_POINT ( 'NONE', #4300 ) ;
#4553 = AXIS2_PLACEMENT_3D ( 'NONE', #3883, #143, #3496 ) ;
#4554 = EDGE_CURVE ( 'NONE', #2506, #465, #176, .T. ) ;
#4555 = EDGE_CURVE ( 'NONE', #2819, #737, #4747, .T. ) ;
#4556 = ORIENTED_EDGE ( 'NONE', *, *, #3051, .T. ) ;
#4557 = CYLINDRICAL_SURFACE ( 'NONE', #3329, 1.999999999999998890 ) ;
#4558 = VECTOR ( 'NONE', #4437, 1000.000000000000000 ) ;
#4559 = ADVANCED_FACE ( 'NONE', ( #999 ), #1835, .T. ) ;
#4560 = EDGE_CURVE ( 'NONE', #4981, #2404, #3944, .T. ) ;
#4561 = CARTESIAN_POINT ( 'NONE',  ( -2.269947697238719808, 7.500000000000220268, 0.0000000000000000000 ) ) ;
#4562 = CARTESIAN_POINT ( 'NONE',  ( -15.94999999999999929, -5.500000000000000000, 17.69999999999994955 ) ) ;
#4563 = CARTESIAN_POINT ( 'NONE',  ( -10.86315898314039430, -7.627341732008761532, -3.150398240536764760 ) ) ;
#4564 = PERSON_AND_ORGANIZATION ( #3078, #4218 ) ;
#4565 = AXIS2_PLACEMENT_3D ( 'NONE', #4562, #3721, #5392 ) ;
#4566 = CARTESIAN_POINT ( 'NONE',  ( -18.09999999999999787, -11.72724133595218099, -14.68782217350891983 ) ) ;
#4567 = ORIENTED_EDGE ( 'NONE', *, *, #379, .F. ) ;
#4568 = CARTESIAN_POINT ( 'NONE',  ( -20.00000000000000000, -19.25554838691946458, 2.502933679089069052 ) ) ;
#4569 = DIRECTION ( 'NONE',  ( 0.0000000000000000000, -1.000000000000000000, 2.136624962731649735E-16 ) ) ;
#4570 = CARTESIAN_POINT ( 'NONE',  ( -18.09999999999999787, -10.42820323027551943, -13.93782217350891983 ) ) ;
#4571 = CYLINDRICAL_SURFACE ( 'NONE', #5330, 0.5000000000000003331 ) ;
#4572 = DIRECTION ( 'NONE',  ( 0.0000000000000000000, 1.000000000000000000, 0.0000000000000000000 ) ) ;
#4573 = VECTOR ( 'NONE', #3334, 999.9999999999998863 ) ;
#4574 = LINE ( 'NONE', #3325, #2343 ) ;
#4575 = AXIS2_PLACEMENT_3D ( 'NONE', #5011, #2835, #3296 ) ;
#4576 = AXIS2_PLACEMENT_3D ( 'NONE', #356, #1957, #2009 ) ;
#4577 = DIRECTION ( 'NONE',  ( -1.000000000000000000, 0.0000000000000000000, 0.0000000000000000000 ) ) ;
#4578 = AXIS2_PLACEMENT_3D ( 'NONE', #1173, #4893, #1614 ) ;
#4579 = EDGE_LOOP ( 'NONE', ( #3357, #5331, #1335, #2135 ) ) ;
#4580 = EDGE_LOOP ( 'NONE', ( #1618, #5133, #1610, #2457 ) ) ;
#4581 = ORIENTED_EDGE ( 'NONE', *, *, #985, .F. ) ;
#4582 = CARTESIAN_POINT ( 'NONE',  ( -17.60000000000000142, 10.42820323027549989, -13.93782217350893937 ) ) ;
#4583 = LINE ( 'NONE', #1249, #5429 ) ;
#4584 = VERTEX_POINT ( 'NONE', #145 ) ;
#4585 = DIRECTION ( 'NONE',  ( 0.0000000000000000000, -0.9681476403781079654, -0.2503800040544412742 ) ) ;
#4586 = DIRECTION ( 'NONE',  ( -0.0000000000000000000, -0.01745240643728300511, -0.9998476951563911586 ) ) ;
#4587 = DIRECTION ( 'NONE',  ( 0.0000000000000000000, 0.0000000000000000000, 1.000000000000000000 ) ) ;
#4588 = EDGE_CURVE ( 'NONE', #4799, #2209, #1357, .T. ) ;
#4589 = ADVANCED_FACE ( 'NONE', ( #3087 ), #3694, .T. ) ;
#4590 = CARTESIAN_POINT ( 'NONE',  ( -10.09999999999999964, -9.000000000000000000, -2.324999999999999734 ) ) ;
#4591 = ORIENTED_EDGE ( 'NONE', *, *, #78, .T. ) ;
#4592 = VECTOR ( 'NONE', #3921, 1000.000000000000000 ) ;
#4593 = CARTESIAN_POINT ( 'NONE',  ( -14.09766756853270664, -7.156862530402965383, -4.649999999999999467 ) ) ;
#4594 = CARTESIAN_POINT ( 'NONE',  ( -1.949999999999999956, -5.500000000000000000, 17.69999999999994955 ) ) ;
#4595 = CARTESIAN_POINT ( 'NONE',  ( -5.700000000000000178, -10.00000000000000000, -4.649999999999999467 ) ) ;
#4596 = CARTESIAN_POINT ( 'NONE',  ( -1.949999999999999734, 6.000000000000000888, 17.69999999999996732 ) ) ;
#4597 = FACE_OUTER_BOUND ( 'NONE', #1720, .T. ) ;
#4598 = VECTOR ( 'NONE', #1773, 1000.000000000000000 ) ;
#4599 = CARTESIAN_POINT ( 'NONE',  ( 0.2000000000000000944, 11.42820323027549989, -15.66987298107780013 ) ) ;
#4600 = LINE ( 'NONE', #436, #3989 ) ;
#4601 = ORIENTED_EDGE ( 'NONE', *, *, #3227, .F. ) ;
#4602 = ORIENTED_EDGE ( 'NONE', *, *, #541, .T. ) ;
#4603 = ORIENTED_EDGE ( 'NONE', *, *, #3363, .T. ) ;
#4604 = DIRECTION ( 'NONE',  ( 1.000000000000000000, 0.0000000000000000000, 0.0000000000000000000 ) ) ;
#4605 = EDGE_CURVE ( 'NONE', #2350, #2503, #1191, .T. ) ;
#4606 = CIRCLE ( 'NONE', #3283, 20.00000000000000711 ) ;
#4607 = ORIENTED_EDGE ( 'NONE', *, *, #2182, .F. ) ;
#4608 = CYLINDRICAL_SURFACE ( 'NONE', #5163, 2.000000000000000000 ) ;
#4609 = ORIENTED_EDGE ( 'NONE', *, *, #33, .T. ) ;
#4610 = CARTESIAN_POINT ( 'NONE',  ( 2.199999999999988187, -9.992007000000000176E-15, 6.661337999999999854E-15 ) ) ;
#4611 = EDGE_CURVE ( 'NONE', #1906, #1846, #730, .T. ) ;
#4612 = CARTESIAN_POINT ( 'NONE',  ( -10.09999999999999964, -9.000000000000000000, -2.324999999999999734 ) ) ;
#4613 = APPROVAL_DATE_TIME ( #2079, #565 ) ;
#4614 = CONICAL_SURFACE ( 'NONE', #2235, 1.749999999999998002, 0.7853981624999990530 ) ;
#4615 = CARTESIAN_POINT ( 'NONE',  ( -11.09999999999999964, -7.450867094795626144, 3.594346038583060121 ) ) ;
#4616 = ORIENTED_EDGE ( 'NONE', *, *, #1771, .T. ) ;
#4617 = DIRECTION ( 'NONE',  ( 0.0000000000000000000, -1.000000000000000000, 0.0000000000000000000 ) ) ;
#4618 = LINE ( 'NONE', #5446, #3090 ) ;
#4619 = LINE ( 'NONE', #455, #3857 ) ;
#4620 = EDGE_CURVE ( 'NONE', #5046, #3099, #3685, .T. ) ;
#4621 = CARTESIAN_POINT ( 'NONE',  ( -15.94999999999999929, -6.000000000000000000, -18.00000000000000000 ) ) ;
#4622 = EDGE_CURVE ( 'NONE', #4669, #1342, #2794, .T. ) ;
#4623 = DIRECTION ( 'NONE',  ( -1.000000000000000000, -1.181088500000000200E-16, -1.181088500000000200E-16 ) ) ;
#4624 = DIRECTION ( 'NONE',  ( 0.0000000000000000000, -1.000000000000000000, 0.0000000000000000000 ) ) ;
#4625 = AXIS2_PLACEMENT_3D ( 'NONE', #4697, #1260, #2163 ) ;
#4626 = LINE ( 'NONE', #1242, #3896 ) ;
#4627 = CIRCLE ( 'NONE', #2945, 9.000000000000000000 ) ;
#4628 = ADVANCED_FACE ( 'NONE', ( #3183 ), #4867, .T. ) ;
#4629 = AXIS2_PLACEMENT_3D ( 'NONE', #2467, #763, #3214 ) ;
#4630 = CARTESIAN_POINT ( 'NONE',  ( -1.949999999999999956, -5.500000000000000000, -18.00000000000000000 ) ) ;
#4631 = VERTEX_POINT ( 'NONE', #1141 ) ;
#4632 = ORIENTED_EDGE ( 'NONE', *, *, #1925, .F. ) ;
#4633 = ORIENTED_EDGE ( 'NONE', *, *, #1422, .F. ) ;
#4634 = AXIS2_PLACEMENT_3D ( 'NONE', #248, #37, #1204 ) ;
#4635 = ORIENTED_EDGE ( 'NONE', *, *, #4051, .T. ) ;
#4636 = ORIENTED_EDGE ( 'NONE', *, *, #574, .T. ) ;
#4637 = CYLINDRICAL_SURFACE ( 'NONE', #246, 0.5000000000000012212 ) ;
#4638 = ORIENTED_EDGE ( 'NONE', *, *, #5064, .F. ) ;
#4639 = CARTESIAN_POINT ( 'NONE',  ( -18.09999999999999787, -7.244635028320948855, -17.44888873986703359 ) ) ;
#4640 = DIRECTION ( 'NONE',  ( -1.000000000000000000, 0.0000000000000000000, 0.0000000000000000000 ) ) ;
#4641 = VECTOR ( 'NONE', #4702, 1000.000000000000000 ) ;
#4642 = PRODUCT_RELATED_PRODUCT_CATEGORY ( 'detail', '', ( #4700 ) ) ;
#4643 = CARTESIAN_POINT ( 'NONE',  ( -5.700000000000000178, -7.160058476974730191, 3.094346038583060121 ) ) ;
#4644 = ORIENTED_EDGE ( 'NONE', *, *, #4930, .T. ) ;
#4645 = FACE_OUTER_BOUND ( 'NONE', #4995, .T. ) ;
#4646 = DIRECTION ( 'NONE',  ( 0.0000000000000000000, 0.2588190451025204064, -0.9659258262890684232 ) ) ;
#4647 = DIRECTION ( 'NONE',  ( 1.000000000000000000, 8.861909752310820164E-32, -3.307309744771419557E-31 ) ) ;
#4648 = DIRECTION ( 'NONE',  ( -0.7071067811865449082, 0.7071067811865501263, 0.0000000000000000000 ) ) ;
#4649 = DIRECTION ( 'NONE',  ( 0.0000000000000000000, 0.2588190451025211836, 0.9659258262890682012 ) ) ;
#4650 = ADVANCED_FACE ( 'NONE', ( #1113 ), #4557, .T. ) ;
#4651 = DIRECTION ( 'NONE',  ( -1.000000000000000000, 0.0000000000000000000, 0.0000000000000000000 ) ) ;
#4652 = FACE_OUTER_BOUND ( 'NONE', #1, .T. ) ;
#4653 = CIRCLE ( 'NONE', #2813, 2.000000000000001332 ) ;
#4654 = EDGE_CURVE ( 'NONE', #1849, #611, #753, .T. ) ;
#4655 = DIRECTION ( 'NONE',  ( 0.0000000000000000000, -1.000000000000000000, 0.0000000000000000000 ) ) ;
#4656 = EDGE_CURVE ( 'NONE', #135, #1753, #2406, .T. ) ;
#4657 = VERTEX_POINT ( 'NONE', #4058 ) ;
#4658 = ORIENTED_EDGE ( 'NONE', *, *, #4656, .F. ) ;
#4659 = EDGE_LOOP ( 'NONE', ( #10, #3147, #2, #107, #88, #5022, #2389, #1789, #3819, #1924, #2311, #677, #4350 ) ) ;
#4660 = LOCAL_TIME ( 13, 34, 54.00000000000000000, #3288 ) ;
#4661 = AXIS2_PLACEMENT_3D ( 'NONE', #1577, #3246, #5376 ) ;
#4662 = ORIENTED_EDGE ( 'NONE', *, *, #123, .T. ) ;
#4663 = ORIENTED_EDGE ( 'NONE', *, *, #105, .F. ) ;
#4664 = CARTESIAN_POINT ( 'NONE',  ( -16.44999999999999929, 6.000000000000000000, -18.00000000000000000 ) ) ;
#4665 = VERTEX_POINT ( 'NONE', #2434 ) ;
#4666 = CARTESIAN_POINT ( 'NONE',  ( -12.37453946831755047, -6.976770277220818883, -4.649999999999995914 ) ) ;
#4667 = CYLINDRICAL_SURFACE ( 'NONE', #2596, 1.999999999999999334 ) ;
#4668 = CARTESIAN_POINT ( 'NONE',  ( -10.59999999999999964, -9.000000000000000000, -3.094346038583040137 ) ) ;
#4669 = VERTEX_POINT ( 'NONE', #3259 ) ;
#4670 = FACE_OUTER_BOUND ( 'NONE', #1545, .T. ) ;
#4671 = CARTESIAN_POINT ( 'NONE',  ( -17.84999999999999787, -19.01351147682494158, -2.440338678075446577 ) ) ;
#4672 = CARTESIAN_POINT ( 'NONE',  ( -18.10000000000000142, -18.43908891458579902, 0.0000000000000000000 ) ) ;
#4673 = CARTESIAN_POINT ( 'NONE',  ( -17.84999999999999787, -17.31925310616325220, -2.002173670980174958 ) ) ;
#4674 = CARTESIAN_POINT ( 'NONE',  ( 3.700000000000000178, 12.62500000000000000, 0.0000000000000000000 ) ) ;
#4675 = ORIENTED_EDGE ( 'NONE', *, *, #5369, .T. ) ;
#4676 = CARTESIAN_POINT ( 'NONE',  ( 0.2000000000000000944, -19.28547994506944718, -0.04985683218518899285 ) ) ;
#4677 = DIRECTION ( 'NONE',  ( -0.7071067811865487940, 0.0000000000000000000, 0.7071067811865462405 ) ) ;
#4678 =( BOUNDED_CURVE ( )  B_SPLINE_CURVE ( 2, ( #605, #2287, #5269 ),
 .UNSPECIFIED., .F., .T. ) 
 B_SPLINE_CURVE_WITH_KNOTS ( ( 3, 3 ),
 ( 0.0000000000000000000, 0.2614330230450679915 ),
 .UNSPECIFIED. ) 
 CURVE ( )  GEOMETRIC_REPRESENTATION_ITEM ( )  RATIONAL_B_SPLINE_CURVE ( ( 1.000000000000000000, 1.000132833382576081, 1.000000000000000000 ) ) 
 REPRESENTATION_ITEM ( '' )  );
#4679 = AXIS2_PLACEMENT_3D ( 'NONE', #4594, #814, #2493 ) ;
#4680 = CARTESIAN_POINT ( 'NONE',  ( 5.309999999999999609, -12.50000000000000000, 0.0000000000000000000 ) ) ;
#4681 = EDGE_LOOP ( 'NONE', ( #4383, #2323, #3409, #3002 ) ) ;
#4682 = ORIENTED_EDGE ( 'NONE', *, *, #70, .F. ) ;
#4683 = EDGE_LOOP ( 'NONE', ( #1406, #464, #512, #1882, #4027, #2069, #3114, #4689, #5329, #3082, #2276 ) ) ;
#4684 = ADVANCED_FACE ( 'NONE', ( #703 ), #1587, .T. ) ;
#4685 = EDGE_CURVE ( 'NONE', #4736, #4746, #2458, .T. ) ;
#4686 = ORIENTED_EDGE ( 'NONE', *, *, #2067, .F. ) ;
#4687 = VERTEX_POINT ( 'NONE', #2354 ) ;
#4688 = CYLINDRICAL_SURFACE ( 'NONE', #1651, 1.500000000000001110 ) ;
#4689 = ORIENTED_EDGE ( 'NONE', *, *, #3356, .F. ) ;
#4690 = DIRECTION ( 'NONE',  ( 0.0000000000000000000, -1.000000000000000000, 0.0000000000000000000 ) ) ;
#4691 = DIRECTION ( 'NONE',  ( -1.000000000000000000, 0.0000000000000000000, 0.0000000000000000000 ) ) ;
#4692 = DIRECTION ( 'NONE',  ( 0.0000000000000000000, 0.2588190451025197958, -0.9659258262890685343 ) ) ;
#4693 = VERTEX_POINT ( 'NONE', #4108 ) ;
#4694 = DIRECTION ( 'NONE',  ( 0.7071067818211401734, -0.1830127017279749024, 0.6830127012792499563 ) ) ;
#4695 = CARTESIAN_POINT ( 'NONE',  ( -10.59999999999999964, -9.000000000000000000, 3.594346038583060121 ) ) ;
#4696 = CARTESIAN_POINT ( 'NONE',  ( -1.449999999999999956, -5.500000000000000000, -17.69999999999999929 ) ) ;
#4697 = CARTESIAN_POINT ( 'NONE',  ( -17.60000000000000142, -17.31925310616325220, -2.002173670980174958 ) ) ;
#4698 = DIRECTION ( 'NONE',  ( 0.7071067811865470176, 0.6123724356957950254, -0.3535533905932740084 ) ) ;
#4699 = ORIENTED_EDGE ( 'NONE', *, *, #2982, .F. ) ;
#4700 = PRODUCT ( '568610', '568610', '', ( #293 ) ) ;
#4701 = DIRECTION ( 'NONE',  ( 0.0000000000000000000, 0.0000000000000000000, -1.000000000000000000 ) ) ;
#4702 = DIRECTION ( 'NONE',  ( 0.0000000000000000000, 1.000000000000000000, 0.0000000000000000000 ) ) ;
#4703 = CARTESIAN_POINT ( 'NONE',  ( -1.949999999999999956, -5.500000000000000000, -17.69999999999995310 ) ) ;
#4704 = DIRECTION ( 'NONE',  ( 0.0000000000000000000, -1.000000000000000000, 0.0000000000000000000 ) ) ;
#4705 = EDGE_CURVE ( 'NONE', #5074, #1028, #424, .T. ) ;
#4706 = VECTOR ( 'NONE', #5201, 1000.000000000000000 ) ;
#4707 = DIRECTION ( 'NONE',  ( 0.7071067811865474617, 0.0000000000000000000, 0.7071067811865474617 ) ) ;
#4708 = ORIENTED_EDGE ( 'NONE', *, *, #3773, .F. ) ;
#4709 = EDGE_CURVE ( 'NONE', #3256, #1740, #4971, .T. ) ;
#4710 = VERTEX_POINT ( 'NONE', #3616 ) ;
#4711 = AXIS2_PLACEMENT_3D ( 'NONE', #3984, #1075, #187 ) ;
#4712 = ORIENTED_EDGE ( 'NONE', *, *, #2920, .F. ) ;
#4713 = EDGE_CURVE ( 'NONE', #5166, #3111, #2822, .T. ) ;
#4714 = ORIENTED_EDGE ( 'NONE', *, *, #4560, .T. ) ;
#4715 = VECTOR ( 'NONE', #354, 1000.000000000000000 ) ;
#4716 = DIRECTION ( 'NONE',  ( 1.000000000000000000, 0.0000000000000000000, 0.0000000000000000000 ) ) ;
#4717 = VERTEX_POINT ( 'NONE', #5311 ) ;
#4718 = CARTESIAN_POINT ( 'NONE',  ( 0.2000000000000000944, 20.00000000000000000, 6.529790000000000739E-15 ) ) ;
#4719 = DIRECTION ( 'NONE',  ( -1.000000000000000000, 0.0000000000000000000, 0.0000000000000000000 ) ) ;
#4720 = AXIS2_PLACEMENT_3D ( 'NONE', #1416, #558, #1772 ) ;
#4721 = EDGE_CURVE ( 'NONE', #905, #2868, #4653, .T. ) ;
#4722 = CARTESIAN_POINT ( 'NONE',  ( -17.85000000000000142, -17.31925310616325220, 2.002173670980184728 ) ) ;
#4723 = EDGE_CURVE ( 'NONE', #1554, #4536, #5334, .T. ) ;
#4724 = CARTESIAN_POINT ( 'NONE',  ( 17.19999999999999929, -9.000000000000000000, 0.0000000000000000000 ) ) ;
#4725 = DIRECTION ( 'NONE',  ( 0.0000000000000000000, 0.0000000000000000000, -1.000000000000000000 ) ) ;
#4726 = AXIS2_PLACEMENT_3D ( 'NONE', #2270, #4770, #1384 ) ;
#4727 = CARTESIAN_POINT ( 'NONE',  ( -1.449999999999999956, 5.500000000000000000, -17.69999999999995310 ) ) ;
#4728 = CARTESIAN_POINT ( 'NONE',  ( -10.59999999999999964, -7.624823114296499504, 3.094346038583060121 ) ) ;
#4729 = CARTESIAN_POINT ( 'NONE',  ( -8.400000000000000355, -9.853553390593274841, -3.240792647989766184 ) ) ;
#4730 = EDGE_LOOP ( 'NONE', ( #4768, #2648, #3523, #3822 ) ) ;
#4731 = DIRECTION ( 'NONE',  ( -1.000000000000000000, 0.0000000000000000000, 0.0000000000000000000 ) ) ;
#4732 = LINE ( 'NONE', #3985, #3145 ) ;
#4733 = PLANE ( 'NONE',  #1352 ) ;
#4734 = DIRECTION ( 'NONE',  ( 0.0000000000000000000, 0.0000000000000000000, 1.000000000000000000 ) ) ;
#4735 = DIRECTION ( 'NONE',  ( 0.0000000000000000000, -0.9681476403781076323, 0.2503800040544421623 ) ) ;
#4736 = VERTEX_POINT ( 'NONE', #1994 ) ;
#4737 = AXIS2_PLACEMENT_3D ( 'NONE', #3950, #183, #5227 ) ;
#4738 = ORIENTED_EDGE ( 'NONE', *, *, #3096, .T. ) ;
#4739 = ORIENTED_EDGE ( 'NONE', *, *, #1048, .F. ) ;
#4740 = VECTOR ( 'NONE', #3544, 1000.000000000000114 ) ;
#4741 = ORIENTED_EDGE ( 'NONE', *, *, #1294, .T. ) ;
#4742 = ORIENTED_EDGE ( 'NONE', *, *, #3843, .T. ) ;
#4743 = CIRCLE ( 'NONE', #2376, 20.00000000000000000 ) ;
#4744 = VECTOR ( 'NONE', #403, 1000.000000000000114 ) ;
#4745 = CARTESIAN_POINT ( 'NONE',  ( -18.10000000000000142, -18.81902464889785165, 1.975995061324264945 ) ) ;
#4746 = VERTEX_POINT ( 'NONE', #1403 ) ;
#4747 = LINE ( 'NONE', #1442, #5184 ) ;
#4748 = LINE ( 'NONE', #1358, #4507 ) ;
#4749 = AXIS2_PLACEMENT_3D ( 'NONE', #1700, #2960, #4649 ) ;
#4750 = DIRECTION ( 'NONE',  ( -1.000000000000000000, 0.0000000000000000000, 0.0000000000000000000 ) ) ;
#4751 = VERTEX_POINT ( 'NONE', #3455 ) ;
#4752 = DIRECTION ( 'NONE',  ( -0.7071067811865467956, -0.3535533905932743970, -0.6123724356957951365 ) ) ;
#4753 = FACE_OUTER_BOUND ( 'NONE', #776, .T. ) ;
#4754 = PLANE ( 'NONE',  #4180 ) ;
#4755 = CARTESIAN_POINT ( 'NONE',  ( -1.550000000000289813, -14.00000000000000000, 4.649999999999999467 ) ) ;
#4756 = ADVANCED_FACE ( 'NONE', ( #5148 ), #1662, .T. ) ;
#4757 = ORIENTED_EDGE ( 'NONE', *, *, #400, .F. ) ;
#4758 = CARTESIAN_POINT ( 'NONE',  ( -17.85000000000000142, 6.856406460551009552, 16.00000000000000000 ) ) ;
#4759 = CYLINDRICAL_SURFACE ( 'NONE', #416, 1.000000000000000666 ) ;
#4760 = LINE ( 'NONE', #4343, #2326 ) ;
#4761 = CARTESIAN_POINT ( 'NONE',  ( -5.700000000000000178, -6.168354096725429336, 3.094346038583060121 ) ) ;
#4762 = LINE ( 'NONE', #1635, #5363 ) ;
#4763 = DIRECTION ( 'NONE',  ( 0.0000000000000000000, 0.7071067811865480168, 0.7071067811865471286 ) ) ;
#4764 = ORIENTED_EDGE ( 'NONE', *, *, #3328, .T. ) ;
#4765 = AXIS2_PLACEMENT_3D ( 'NONE', #5167, #3064, #2748 ) ;
#4766 = VERTEX_POINT ( 'NONE', #1345 ) ;
#4767 = ORIENTED_EDGE ( 'NONE', *, *, #130, .F. ) ;
#4768 = ORIENTED_EDGE ( 'NONE', *, *, #5123, .T. ) ;
#4769 = ORIENTED_EDGE ( 'NONE', *, *, #5002, .F. ) ;
#4770 = DIRECTION ( 'NONE',  ( -0.7071067811865507924, -0.7069990853988210588, -0.01234071493982599917 ) ) ;
#4772 = ORIENTED_EDGE ( 'NONE', *, *, #836, .F. ) ;
#4771 = ORIENTED_EDGE ( 'NONE', *, *, #987, .F. ) ;
#4773 = CARTESIAN_POINT ( 'NONE',  ( -1.949999999999999956, -6.000000000000000000, -18.00000000000000000 ) ) ;
#4774 = CARTESIAN_POINT ( 'NONE',  ( -18.09999999999999787, -7.606406460551029980, -17.29903810567665090 ) ) ;
#4775 = EDGE_CURVE ( 'NONE', #3164, #4584, #366, .T. ) ;
#4776 = VECTOR ( 'NONE', #3089, 1000.000000000000000 ) ;
#4777 = EDGE_CURVE ( 'NONE', #2693, #3826, #3046, .T. ) ;
#4778 = CARTESIAN_POINT ( 'NONE',  ( -18.10000000000000142, -10.42820323027549989, 13.93782217350891983 ) ) ;
#4779 = VERTEX_POINT ( 'NONE', #5177 ) ;
#4780 = DIRECTION ( 'NONE',  ( -0.7071067811865449082, 0.7071067811865501263, 0.0000000000000000000 ) ) ;
#4781 = DIRECTION ( 'NONE',  ( 0.0000000000000000000, -0.7071067811865481278, 0.7071067811865469066 ) ) ;
#4782 = LINE ( 'NONE', #599, #676 ) ;
#4783 = DIRECTION ( 'NONE',  ( -1.000000000000000000, 0.0000000000000000000, 0.0000000000000000000 ) ) ;
#4784 = AXIS2_PLACEMENT_3D ( 'NONE', #3929, #984, #1459 ) ;
#4785 = ORIENTED_EDGE ( 'NONE', *, *, #4775, .T. ) ;
#4786 = CARTESIAN_POINT ( 'NONE',  ( -7.984973848619359771, 1.416519999999999753E-31, -1.209606000000000116E-14 ) ) ;
#4787 = AXIS2_PLACEMENT_3D ( 'NONE', #2008, #4983, #5375 ) ;
#4788 = ADVANCED_FACE ( 'NONE', ( #988 ), #5283, .T. ) ;
#4789 = EDGE_CURVE ( 'NONE', #2347, #2946, #4036, .T. ) ;
#4790 = DIRECTION ( 'NONE',  ( -0.7071067811865484609, -0.7071067811865467956, -1.734723475976807094E-15 ) ) ;
#4791 = DIRECTION ( 'NONE',  ( -1.000000000000000000, 0.0000000000000000000, 0.0000000000000000000 ) ) ;
#4792 = FACE_OUTER_BOUND ( 'NONE', #3041, .T. ) ;
#4793 = DIRECTION ( 'NONE',  ( 0.7071067811865462405, -0.6123724356957952475, 0.3535533905932751741 ) ) ;
#4794 = VECTOR ( 'NONE', #893, 1000.000000000000114 ) ;
#4795 = CARTESIAN_POINT ( 'NONE',  ( 0.1999999999999849953, -1.887379000000000174E-14, 0.0000000000000000000 ) ) ;
#4796 = ORIENTED_EDGE ( 'NONE', *, *, #568, .T. ) ;
#4797 = EDGE_CURVE ( 'NONE', #4521, #3182, #4762, .T. ) ;
#4798 = EDGE_CURVE ( 'NONE', #4508, #4266, #2507, .T. ) ;
#4799 = VERTEX_POINT ( 'NONE', #1759 ) ;
#4800 = EDGE_LOOP ( 'NONE', ( #3852, #1126, #3585, #2747, #5319, #3667, #2174, #2148, #3463, #2535, #4067, #5106, #2645, #3458, #962, #2789, #1439, #4399, #1477, #2566, #3149, #205, #854 ) ) ;
#4801 = AXIS2_PLACEMENT_3D ( 'NONE', #1604, #4544, #772 ) ;
#4802 = VERTEX_POINT ( 'NONE', #5436 ) ;
#4803 = ORIENTED_EDGE ( 'NONE', *, *, #3740, .T. ) ;
#4804 = EDGE_LOOP ( 'NONE', ( #716, #3612, #4460, #1879 ) ) ;
#4805 = LINE ( 'NONE', #4390, #1574 ) ;
#4806 = ORIENTED_EDGE ( 'NONE', *, *, #3771, .F. ) ;
#4807 = DIRECTION ( 'NONE',  ( 1.000000000000000000, 0.0000000000000000000, 0.0000000000000000000 ) ) ;
#4808 = CONICAL_SURFACE ( 'NONE', #2074, 1.749999999999998446, 0.7853981624999990530 ) ;
#4809 = CARTESIAN_POINT ( 'NONE',  ( -10.59999999999999964, -7.624823114154723136, -3.094346038583040137 ) ) ;
#4810 = VECTOR ( 'NONE', #1148, 1000.000000000000000 ) ;
#4811 = VECTOR ( 'NONE', #3790, 1000.000000000000000 ) ;
#4812 = LINE ( 'NONE', #5197, #593 ) ;
#4813 = ORIENTED_EDGE ( 'NONE', *, *, #3494, .F. ) ;
#4814 = CARTESIAN_POINT ( 'NONE',  ( -16.44999999999999929, 5.500000000000000000, 18.00000000000000000 ) ) ;
#4815 = PLANE ( 'NONE',  #5004 ) ;
#4816 = LINE ( 'NONE', #2689, #575 ) ;
#4817 = CARTESIAN_POINT ( 'NONE',  ( 3.700000000000000178, 12.62500000000000000, 0.0000000000000000000 ) ) ;
#4818 = ORIENTED_EDGE ( 'NONE', *, *, #2672, .T. ) ;
#4819 = CARTESIAN_POINT ( 'NONE',  ( -17.91089637158009751, -18.97366596101030112, 4.989017000000000502E-15 ) ) ;
#4820 = EDGE_CURVE ( 'NONE', #1152, #3691, #1051, .T. ) ;
#4821 = CIRCLE ( 'NONE', #1031, 1.000000000000000000 ) ;
#4822 = CARTESIAN_POINT ( 'NONE',  ( 5.309999999999999609, 0.0000000000000000000, 0.0000000000000000000 ) ) ;
#4823 = CARTESIAN_POINT ( 'NONE',  ( -15.94999999999999929, 5.500000000000000000, -18.00000000000000000 ) ) ;
#4824 = DIRECTION ( 'NONE',  ( -1.000000000000000000, 0.0000000000000000000, 0.0000000000000000000 ) ) ;
#4825 = DIRECTION ( 'NONE',  ( 0.0000000000000000000, -0.4999999999999998890, 0.8660254037844387076 ) ) ;
#4826 = VECTOR ( 'NONE', #4017, 1000.000000000000000 ) ;
#4827 = EDGE_CURVE ( 'NONE', #2216, #2713, #3900, .T. ) ;
#4828 = LINE ( 'NONE', #3608, #4945 ) ;
#4829 = EDGE_LOOP ( 'NONE', ( #1305, #2365, #589, #4836 ) ) ;
#4830 = ORIENTED_EDGE ( 'NONE', *, *, #2828, .T. ) ;
#4831 = EDGE_LOOP ( 'NONE', ( #3882, #5043, #673, #5217 ) ) ;
#4832 = EDGE_CURVE ( 'NONE', #4863, #905, #928, .T. ) ;
#4833 = ADVANCED_FACE ( 'NONE', ( #2046 ), #5215, .T. ) ;
#4834 = CIRCLE ( 'NONE', #5292, 1.999999999999998890 ) ;
#4835 = ORIENTED_EDGE ( 'NONE', *, *, #2303, .F. ) ;
#4836 = ORIENTED_EDGE ( 'NONE', *, *, #2963, .F. ) ;
#4837 = ORIENTED_EDGE ( 'NONE', *, *, #1311, .F. ) ;
#4838 = VERTEX_POINT ( 'NONE', #1221 ) ;
#4839 = FACE_OUTER_BOUND ( 'NONE', #1877, .T. ) ;
#4840 = VECTOR ( 'NONE', #546, 1000.000000000000114 ) ;
#4841 = LINE ( 'NONE', #177, #2133 ) ;
#4842 = AXIS2_PLACEMENT_3D ( 'NONE', #4986, #1209, #4572 ) ;
#4843 = AXIS2_PLACEMENT_3D ( 'NONE', #940, #557, #114 ) ;
#4844 = CARTESIAN_POINT ( 'NONE',  ( 2.200000000000000178, 9.999999999999976907, 17.32050807568877460 ) ) ;
#4845 = ORIENTED_EDGE ( 'NONE', *, *, #1658, .F. ) ;
#4846 = FACE_OUTER_BOUND ( 'NONE', #1003, .T. ) ;
#4847 = CARTESIAN_POINT ( 'NONE',  ( -15.94999999999999929, -6.000000000000000000, -17.69999999999999929 ) ) ;
#4848 = CARTESIAN_POINT ( 'NONE',  ( 2.200000000000000178, -18.43908891458579902, 0.0000000000000000000 ) ) ;
#4849 = DIRECTION ( 'NONE',  ( -1.000000000000000000, 0.0000000000000000000, 0.0000000000000000000 ) ) ;
#4850 = AXIS2_PLACEMENT_3D ( 'NONE', #4367, #598, #2278 ) ;
#4851 = ORIENTED_EDGE ( 'NONE', *, *, #5158, .F. ) ;
#4852 = DIRECTION ( 'NONE',  ( 0.0000000000000000000, -0.7071067811865475727, -0.7071067811865475727 ) ) ;
#4853 = ORIENTED_EDGE ( 'NONE', *, *, #5455, .F. ) ;
#4854 = CARTESIAN_POINT ( 'NONE',  ( 2.199999999999988187, 17.31925310616325220, -2.002173670980184728 ) ) ;
#4855 = CARTESIAN_POINT ( 'NONE',  ( -16.30355339059327235, 5.853553390593274841, -18.00000000000000000 ) ) ;
#4856 = DIRECTION ( 'NONE',  ( 0.0000000000000000000, 0.0000000000000000000, 1.000000000000000000 ) ) ;
#4857 = CARTESIAN_POINT ( 'NONE',  ( -15.94999999999999929, -5.500000000000000000, -18.00000000000000000 ) ) ;
#4858 = CARTESIAN_POINT ( 'NONE',  ( -15.94999999999999929, -5.500000000000000000, -17.69999999999995310 ) ) ;
#4859 = ORIENTED_EDGE ( 'NONE', *, *, #3250, .F. ) ;
#4860 = ORIENTED_EDGE ( 'NONE', *, *, #2998, .T. ) ;
#4861 = ORIENTED_EDGE ( 'NONE', *, *, #4133, .F. ) ;
#4862 = EDGE_LOOP ( 'NONE', ( #2681, #2818, #1058, #938, #1248, #290, #4145, #1565, #4699, #5183, #751, #3742 ) ) ;
#4863 = VERTEX_POINT ( 'NONE', #2893 ) ;
#4864 = EDGE_CURVE ( 'NONE', #3229, #1654, #2453, .T. ) ;
#4865 = ADVANCED_FACE ( 'NONE', ( #2070 ), #1657, .T. ) ;
#4866 = ORIENTED_EDGE ( 'NONE', *, *, #714, .T. ) ;
#4867 = PLANE ( 'NONE',  #3499 ) ;
#4868 = VECTOR ( 'NONE', #2091, 1000.000000000000114 ) ;
#4869 = EDGE_CURVE ( 'NONE', #2563, #1170, #782, .T. ) ;
#4870 = CARTESIAN_POINT ( 'NONE',  ( 17.19999999999999929, 0.0000000000000000000, 0.0000000000000000000 ) ) ;
#4871 = ORIENTED_EDGE ( 'NONE', *, *, #5092, .T. ) ;
#4872 = CARTESIAN_POINT ( 'NONE',  ( -10.09999999999999964, -9.500000000000000000, -3.594346038583040137 ) ) ;
#4873 = LINE ( 'NONE', #5341, #4810 ) ;
#4874 = CARTESIAN_POINT ( 'NONE',  ( -11.03887594478855583, -7.560081590820157516, -3.346007461286705897 ) ) ;
#4875 = ORIENTED_EDGE ( 'NONE', *, *, #1933, .T. ) ;
#4876 = DIRECTION ( 'NONE',  ( 0.0000000000000000000, 0.0000000000000000000, -1.000000000000000000 ) ) ;
#4877 = ORIENTED_EDGE ( 'NONE', *, *, #868, .T. ) ;
#4878 = CYLINDRICAL_SURFACE ( 'NONE', #4463, 1.999999999999999334 ) ;
#4879 = CARTESIAN_POINT ( 'NONE',  ( 2.199999999999988187, -19.69914221112031072, -0.3117527983883143228 ) ) ;
#4880 = DIRECTION ( 'NONE',  ( 0.0000000000000000000, 1.000000000000000000, 0.0000000000000000000 ) ) ;
#4881 = DIRECTION ( 'NONE',  ( 0.0000000000000000000, 0.0000000000000000000, -1.000000000000000000 ) ) ;
#4882 = DIRECTION ( 'NONE',  ( 1.000000000000000000, 0.0000000000000000000, 0.0000000000000000000 ) ) ;
#4883 = DIRECTION ( 'NONE',  ( 0.0000000000000000000, 0.4999999999999998335, 0.8660254037844388186 ) ) ;
#4884 = ORIENTED_EDGE ( 'NONE', *, *, #1224, .T. ) ;
#4885 = ORIENTED_EDGE ( 'NONE', *, *, #1067, .F. ) ;
#4886 = ORIENTED_EDGE ( 'NONE', *, *, #1322, .T. ) ;
#4887 = ORIENTED_EDGE ( 'NONE', *, *, #2094, .F. ) ;
#4888 = DIRECTION ( 'NONE',  ( 0.0000000000000000000, -0.9681476403781078544, -0.2503800040544411076 ) ) ;
#4889 = EDGE_CURVE ( 'NONE', #1817, #3354, #3848, .T. ) ;
#4890 = AXIS2_PLACEMENT_3D ( 'NONE', #4281, #4172, #430 ) ;
#4891 = VECTOR ( 'NONE', #1041, 1000.000000000000114 ) ;
#4892 = LINE ( 'NONE', #1172, #933 ) ;
#4893 = DIRECTION ( 'NONE',  ( 1.000000000000000000, 0.0000000000000000000, 0.0000000000000000000 ) ) ;
#4894 = LINE ( 'NONE', #2799, #3382 ) ;
#4895 = VECTOR ( 'NONE', #371, 1000.000000000000000 ) ;
#4896 = CIRCLE ( 'NONE', #1638, 1.500000000000001110 ) ;
#4897 = EDGE_CURVE ( 'NONE', #646, #521, #2889, .T. ) ;
#4898 = ORIENTED_EDGE ( 'NONE', *, *, #2437, .F. ) ;
#4899 = FACE_OUTER_BOUND ( 'NONE', #4265, .T. ) ;
#4900 = ORIENTED_EDGE ( 'NONE', *, *, #377, .T. ) ;
#4901 = DIRECTION ( 'NONE',  ( 1.000000000000000000, 0.0000000000000000000, 0.0000000000000000000 ) ) ;
#4902 = DIRECTION ( 'NONE',  ( 0.0000000000000000000, 0.8660254037844387076, 0.4999999999999998890 ) ) ;
#4903 = VECTOR ( 'NONE', #298, 1000.000000000000000 ) ;
#4904 = CARTESIAN_POINT ( 'NONE',  ( -17.60000000000000142, -6.856406460551009552, 16.00000000000000000 ) ) ;
#4905 = FACE_OUTER_BOUND ( 'NONE', #4804, .T. ) ;
#4906 = CARTESIAN_POINT ( 'NONE',  ( -17.60000000000000142, -19.25554838691946458, -2.502933679089057062 ) ) ;
#4907 = CONICAL_SURFACE ( 'NONE', #2523, 1.750000000000001332, 0.7853981624999990530 ) ;
#4908 = DIRECTION ( 'NONE',  ( 0.0000000000000000000, 0.7846018098373321870, 0.6199999999999862288 ) ) ;
#4909 = DIRECTION ( 'NONE',  ( 1.000000000000000000, 0.0000000000000000000, 0.0000000000000000000 ) ) ;
#4910 = VECTOR ( 'NONE', #925, 1000.000000000000000 ) ;
#4911 = ORIENTED_EDGE ( 'NONE', *, *, #873, .F. ) ;
#4912 = VERTEX_POINT ( 'NONE', #4465 ) ;
#4913 = VERTEX_POINT ( 'NONE', #5300 ) ;
#4914 = EDGE_LOOP ( 'NONE', ( #3552, #904, #2793, #4107 ) ) ;
#4915 = DIRECTION ( 'NONE',  ( 0.0000000000000000000, 0.7071067811865480168, 0.7071067811865471286 ) ) ;
#4916 = AXIS2_PLACEMENT_3D ( 'NONE', #2020, #1611, #778 ) ;
#4917 = CARTESIAN_POINT ( 'NONE',  ( -17.60000000000000142, -19.31894849647600054, 1.967268858105619911 ) ) ;
#4918 = EDGE_LOOP ( 'NONE', ( #2995, #4860, #5126, #4771 ) ) ;
#4919 = FACE_OUTER_BOUND ( 'NONE', #4730, .T. ) ;
#4920 = LINE ( 'NONE', #2826, #1111 ) ;
#4921 = PERSON_AND_ORGANIZATION ( #3078, #4218 ) ;
#4922 = CIRCLE ( 'NONE', #4128, 1.999999999999999334 ) ;
#4923 = EDGE_LOOP ( 'NONE', ( #3690, #2969, #3961, #749 ) ) ;
#4924 = PLANE ( 'NONE',  #5425 ) ;
#4925 = ORIENTED_EDGE ( 'NONE', *, *, #1039, .T. ) ;
#4926 = PLANE ( 'NONE',  #3225 ) ;
#4927 = FACE_OUTER_BOUND ( 'NONE', #998, .T. ) ;
#4928 = DIRECTION ( 'NONE',  ( -1.000000000000000000, 0.0000000000000000000, 0.0000000000000000000 ) ) ;
#4929 = VECTOR ( 'NONE', #2751, 1000.000000000000000 ) ;
#4930 = EDGE_CURVE ( 'NONE', #1053, #2237, #2624, .T. ) ;
#4931 = DIRECTION ( 'NONE',  ( 0.0000000000000000000, 1.000000000000000000, 0.0000000000000000000 ) ) ;
#4932 = AXIS2_PLACEMENT_3D ( 'NONE', #1983, #3627, #5322 ) ;
#4933 = EDGE_CURVE ( 'NONE', #1441, #1530, #5324, .T. ) ;
#4934 = DIRECTION ( 'NONE',  ( 1.000000000000000000, 3.306217055473599971E-31, -3.306217055473594716E-31 ) ) ;
#4935 = CIRCLE ( 'NONE', #4048, 0.5000000000000002220 ) ;
#4936 = CARTESIAN_POINT ( 'NONE',  ( -16.44999999999999929, 5.500000000000000000, -18.00000000000000000 ) ) ;
#4937 = DIRECTION ( 'NONE',  ( 1.000000000000000000, 0.0000000000000000000, 0.0000000000000000000 ) ) ;
#4938 = EDGE_CURVE ( 'NONE', #1410, #4382, #667, .T. ) ;
#4939 = VERTEX_POINT ( 'NONE', #3106 ) ;
#4940 = VERTEX_POINT ( 'NONE', #3629 ) ;
#4941 = ORIENTED_EDGE ( 'NONE', *, *, #1214, .T. ) ;
#4942 = VERTEX_POINT ( 'NONE', #2669 ) ;
#4943 = CARTESIAN_POINT ( 'NONE',  ( -5.700000000000000178, -9.500000000000000000, -3.594346038583040137 ) ) ;
#4944 = CARTESIAN_POINT ( 'NONE',  ( -1.449999999999999956, 5.500000000000000000, -18.00000000000000000 ) ) ;
#4945 = VECTOR ( 'NONE', #637, 1000.000000000000000 ) ;
#4946 = ORIENTED_EDGE ( 'NONE', *, *, #4827, .F. ) ;
#4947 = ADVANCED_FACE ( 'NONE', ( #4345 ), #1550, .F. ) ;
#4948 = CARTESIAN_POINT ( 'NONE',  ( -1.949999999999999956, 5.500000000000000000, 17.69999999999994955 ) ) ;
#4949 = CARTESIAN_POINT ( 'NONE',  ( -10.80710678118654755, -9.707106781186546129, -4.649999999999999467 ) ) ;
#4950 = DIRECTION ( 'NONE',  ( 0.0000000000000000000, -0.7071067811865480168, 0.7071067811865470176 ) ) ;
#4951 = CIRCLE ( 'NONE', #888, 2.000000000000000000 ) ;
#4952 = EDGE_CURVE ( 'NONE', #4382, #2803, #3221, .T. ) ;
#4953 = CARTESIAN_POINT ( 'NONE',  ( -5.700000000000000178, -6.262500682650039785, -4.649999999999999467 ) ) ;
#4954 = VERTEX_POINT ( 'NONE', #4906 ) ;
#4955 = DIRECTION ( 'NONE',  ( 0.0000000000000000000, 0.0000000000000000000, 1.000000000000000000 ) ) ;
#4956 = CARTESIAN_POINT ( 'NONE',  ( -1.550000000000179901, -14.00000000000000000, 0.0000000000000000000 ) ) ;
#4957 = DIRECTION ( 'NONE',  ( -1.000000000000000000, 0.0000000000000000000, 0.0000000000000000000 ) ) ;
#4958 = LINE ( 'NONE', #1181, #832 ) ;
#4959 = CARTESIAN_POINT ( 'NONE',  ( -1.949999999999999956, 5.500000000000000000, -18.00000000000000000 ) ) ;
#4960 = EDGE_CURVE ( 'NONE', #4313, #3864, #2758, .T. ) ;
#4961 = CARTESIAN_POINT ( 'NONE',  ( 2.200000000000000178, -19.93415017793060073, 1.621621621621619935 ) ) ;
#4962 = ADVANCED_FACE ( 'NONE', ( #2701 ), #3516, .F. ) ;
#4963 = CYLINDRICAL_SURFACE ( 'NONE', #1348, 1.999999999999999334 ) ;
#4964 = AXIS2_PLACEMENT_3D ( 'NONE', #4076, #746, #2451 ) ;
#4965 = EDGE_CURVE ( 'NONE', #58, #4799, #5209, .T. ) ;
#4966 = ADVANCED_FACE ( 'NONE', ( #4378 ), #3068, .T. ) ;
#4967 = EDGE_LOOP ( 'NONE', ( #1378, #1991, #3767, #2854 ) ) ;
#4968 = VECTOR ( 'NONE', #1400, 1000.000000000000000 ) ;
#4969 = ORIENTED_EDGE ( 'NONE', *, *, #1762, .T. ) ;
#4970 = ORIENTED_EDGE ( 'NONE', *, *, #2100, .F. ) ;
#4971 = LINE ( 'NONE', #2383, #1582 ) ;
#4972 = VECTOR ( 'NONE', #2112, 1000.000000000000000 ) ;
#4973 = LINE ( 'NONE', #5028, #1914 ) ;
#4974 = ORIENTED_EDGE ( 'NONE', *, *, #977, .F. ) ;
#4975 = CARTESIAN_POINT ( 'NONE',  ( 0.2000000000000000944, 20.00000000000000000, 1.234913000000000114E-14 ) ) ;
#4976 = CARTESIAN_POINT ( 'NONE',  ( -14.49999999999999822, -1.982871000000000000E-32, 4.224496999999999667E-15 ) ) ;
#4977 = APPROVAL_DATE_TIME ( #5415, #3824 ) ;
#4978 = CONICAL_SURFACE ( 'NONE', #1636, 1.750000000000000666, 0.7853981625000003852 ) ;
#4979 = AXIS2_PLACEMENT_3D ( 'NONE', #2450, #361, #4127 ) ;
#4980 = CARTESIAN_POINT ( 'NONE',  ( 0.1999999999999849953, -18.43908891458579902, 1.500000000000000000 ) ) ;
#4981 = VERTEX_POINT ( 'NONE', #5270 ) ;
#4982 = FACE_OUTER_BOUND ( 'NONE', #5131, .T. ) ;
#4983 = DIRECTION ( 'NONE',  ( -0.0000000000000000000, 0.0000000000000000000, 1.000000000000000000 ) ) ;
#4984 = DIRECTION ( 'NONE',  ( 0.0000000000000000000, 0.9681476403781076323, -0.2503800040544420513 ) ) ;
#4985 = FACE_OUTER_BOUND ( 'NONE', #5118, .T. ) ;
#4986 = CARTESIAN_POINT ( 'NONE',  ( -14.49999999999999822, 0.0000000000000000000, 0.0000000000000000000 ) ) ;
#4987 = AXIS2_PLACEMENT_3D ( 'NONE', #1693, #3420, #5083 ) ;
#4988 = ADVANCED_FACE ( 'NONE', ( #251 ), #2107, .F. ) ;
#4989 = CYLINDRICAL_SURFACE ( 'NONE', #980, 0.4999999999999994449 ) ;
#4990 = AXIS2_PLACEMENT_3D ( 'NONE', #791, #2469, #892 ) ;
#4991 = CARTESIAN_POINT ( 'NONE',  ( -17.60000000000000142, -19.28547994506944718, -0.04985683218518899285 ) ) ;
#4992 = ORIENTED_EDGE ( 'NONE', *, *, #942, .F. ) ;
#4993 = ORIENTED_EDGE ( 'NONE', *, *, #3771, .T. ) ;
#4994 = AXIS2_PLACEMENT_3D ( 'NONE', #2253, #3956, #1427 ) ;
#4995 = EDGE_LOOP ( 'NONE', ( #580, #861, #1806, #5397 ) ) ;
#4996 = CARTESIAN_POINT ( 'NONE',  ( -11.09999999999999964, -9.000000000000000000, 3.594346038583049907 ) ) ;
#4997 = EDGE_CURVE ( 'NONE', #764, #2032, #1103, .T. ) ;
#4998 = VECTOR ( 'NONE', #4856, 1000.000000000000000 ) ;
#4999 = CARTESIAN_POINT ( 'NONE',  ( -20.00000000000000000, -10.42820323027549989, 13.93782217350891983 ) ) ;
#5000 = CARTESIAN_POINT ( 'NONE',  ( -17.85000000000000142, 11.16508023260068150, 16.16151376655269800 ) ) ;
#5001 = DIRECTION ( 'NONE',  ( 1.000000000000000000, 0.0000000000000000000, 0.0000000000000000000 ) ) ;
#5002 = EDGE_CURVE ( 'NONE', #1999, #4182, #4743, .T. ) ;
#5003 = APPROVAL_ROLE ( '' ) ;
#5004 = AXIS2_PLACEMENT_3D ( 'NONE', #654, #1419, #2721 ) ;
#5005 = CARTESIAN_POINT ( 'NONE',  ( -17.60000000000000142, 11.42820323027549989, 15.66987298107780013 ) ) ;
#5006 = ORIENTED_EDGE ( 'NONE', *, *, #1431, .T. ) ;
#5007 = DIRECTION ( 'NONE',  ( 8.434090000000000394E-17, -1.000000000000000000, -8.434090000000000394E-17 ) ) ;
#5008 = DIRECTION ( 'NONE',  ( -1.000000000000000000, 0.0000000000000000000, 0.0000000000000000000 ) ) ;
#5009 = PLANE ( 'NONE',  #4576 ) ;
#5010 = CARTESIAN_POINT ( 'NONE',  ( 0.2000000000000000944, -9.992007000000000176E-15, 6.661337999999999854E-15 ) ) ;
#5011 = CARTESIAN_POINT ( 'NONE',  ( 16.19999999999999929, 0.0000000000000000000, 0.0000000000000000000 ) ) ;
#5012 = VECTOR ( 'NONE', #2651, 1000.000000000000000 ) ;
#5013 = LINE ( 'NONE', #4175, #3709 ) ;
#5014 = AXIS2_PLACEMENT_3D ( 'NONE', #4255, #1726, #3785 ) ;
#5015 = UNCERTAINTY_MEASURE_WITH_UNIT (LENGTH_MEASURE( 1.000000000000000082E-05 ), #3315, 'distance_accuracy_value', 'NONE');
#5016 = VECTOR ( 'NONE', #4253, 1000.000000000000000 ) ;
#5017 = CARTESIAN_POINT ( 'NONE',  ( -18.10000000000000142, -18.81902464889780191, 1.975995061324264945 ) ) ;
#5018 = EDGE_CURVE ( 'NONE', #2145, #2147, #1045, .T. ) ;
#5019 = AXIS2_PLACEMENT_3D ( 'NONE', #1894, #3566, #5261 ) ;
#5020 = AXIS2_PLACEMENT_3D ( 'NONE', #120, #1802, #3563 ) ;
#5021 = ORIENTED_EDGE ( 'NONE', *, *, #1014, .F. ) ;
#5022 = ORIENTED_EDGE ( 'NONE', *, *, #2038, .F. ) ;
#5023 = ORIENTED_EDGE ( 'NONE', *, *, #4889, .T. ) ;
#5024 = DIRECTION ( 'NONE',  ( 0.0000000000000000000, 1.000000000000000000, 0.0000000000000000000 ) ) ;
#5025 = ORIENTED_EDGE ( 'NONE', *, *, #2842, .T. ) ;
#5026 = ADVANCED_FACE ( 'NONE', ( #2315 ), #3988, .T. ) ;
#5027 = EDGE_CURVE ( 'NONE', #3614, #2843, #4922, .T. ) ;
#5028 = CARTESIAN_POINT ( 'NONE',  ( 3.700000000000000178, -12.62500000000000000, 5.074530999999999864E-15 ) ) ;
#5029 = ORIENTED_EDGE ( 'NONE', *, *, #3276, .T. ) ;
#5030 = CARTESIAN_POINT ( 'NONE',  ( -18.09999999999999787, -17.31925310616325220, -2.002173670980174958 ) ) ;
#5031 = DIRECTION ( 'NONE',  ( 0.0000000000000000000, -1.000000000000000000, 0.0000000000000000000 ) ) ;
#5032 = DIRECTION ( 'NONE',  ( 1.000000000000000000, 2.067778918819795097E-31, -7.717054697031348560E-31 ) ) ;
#5033 = EDGE_CURVE ( 'NONE', #1965, #905, #2194, .T. ) ;
#5034 = ORIENTED_EDGE ( 'NONE', *, *, #313, .F. ) ;
#5035 = CIRCLE ( 'NONE', #1608, 20.00000000000000711 ) ;
#5036 = CARTESIAN_POINT ( 'NONE',  ( -1.550000000000159694, -14.00000000000000000, -4.649999999999999467 ) ) ;
#5037 = DIRECTION ( 'NONE',  ( 1.000000000000000000, -3.077560325124154964E-32, 1.148561149672152111E-31 ) ) ;
#5038 = FACE_OUTER_BOUND ( 'NONE', #5276, .T. ) ;
#5039 = CARTESIAN_POINT ( 'NONE',  ( -10.59999999999999964, -7.624823114154716031, 3.094346038583060121 ) ) ;
#5040 = CARTESIAN_POINT ( 'NONE',  ( -18.10000000000000142, 11.17820323027549989, 15.23686027918559915 ) ) ;
#5041 = CARTESIAN_POINT ( 'NONE',  ( -17.60000000000000142, -11.84241679264861524, -15.35203573588201564 ) ) ;
#5042 = CYLINDRICAL_SURFACE ( 'NONE', #1096, 12.50000000000000000 ) ;
#5043 = ORIENTED_EDGE ( 'NONE', *, *, #4347, .T. ) ;
#5044 = VERTEX_POINT ( 'NONE', #4150 ) ;
#5045 = AXIS2_PLACEMENT_3D ( 'NONE', #3352, #2530, #2143 ) ;
#5046 = VERTEX_POINT ( 'NONE', #4173 ) ;
#5047 = CC_DESIGN_DATE_AND_TIME_ASSIGNMENT ( #1150, #4088, ( #1144 ) ) ;
#5048 = ADVANCED_FACE ( 'NONE', ( #2911 ), #1603, .F. ) ;
#5049 = CIRCLE ( 'NONE', #2674, 2.000000000000000000 ) ;
#5050 = VERTEX_POINT ( 'NONE', #2088 ) ;
#5051 = DIRECTION ( 'NONE',  ( -1.000000000000000000, 0.0000000000000000000, 0.0000000000000000000 ) ) ;
#5052 = VERTEX_POINT ( 'NONE', #3762 ) ;
#5053 = CARTESIAN_POINT ( 'NONE',  ( -1.550000000000159694, -7.705679723424800009, -4.649999999999999467 ) ) ;
#5054 = DIRECTION ( 'NONE',  ( 2.508281850568425428E-15, -1.494315728371013998E-22, -1.000000000000000000 ) ) ;
#5055 = CIRCLE ( 'NONE', #4523, 1.000000000000000000 ) ;
#5056 = EDGE_CURVE ( 'NONE', #824, #5150, #2396, .T. ) ;
#5057 = CARTESIAN_POINT ( 'NONE',  ( -11.05002172629104962, -7.565405846791617428, 3.337260983687543092 ) ) ;
#5058 = ORIENTED_EDGE ( 'NONE', *, *, #3581, .T. ) ;
#5059 = CARTESIAN_POINT ( 'NONE',  ( -20.00000000000000000, 0.0000000000000000000, 0.0000000000000000000 ) ) ;
#5060 = DIRECTION ( 'NONE',  ( 1.000000000000000000, 0.0000000000000000000, 0.0000000000000000000 ) ) ;
#5061 = LINE ( 'NONE', #2494, #1143 ) ;
#5062 = CARTESIAN_POINT ( 'NONE',  ( 0.2000000000000000944, -11.84241679264861524, -15.35203573588201564 ) ) ;
#5063 = CARTESIAN_POINT ( 'NONE',  ( 2.200000000000000178, 12.62500000000000000, 0.0000000000000000000 ) ) ;
#5064 = EDGE_CURVE ( 'NONE', #1656, #3155, #3770, .T. ) ;
#5065 = EDGE_CURVE ( 'NONE', #3996, #5182, #349, .T. ) ;
#5066 = CIRCLE ( 'NONE', #2684, 0.5000000000000000000 ) ;
#5067 = PLANE ( 'NONE',  #3657 ) ;
#5068 = CARTESIAN_POINT ( 'NONE',  ( 17.19999999999999929, 0.0000000000000000000, 0.0000000000000000000 ) ) ;
#5069 = CIRCLE ( 'NONE', #2691, 1.999999999999999334 ) ;
#5070 = CIRCLE ( 'NONE', #2696, 7.500000000000117240 ) ;
#5071 = DIRECTION ( 'NONE',  ( 0.7071067811865469066, -0.7071067811865481278, 0.0000000000000000000 ) ) ;
#5072 = EDGE_LOOP ( 'NONE', ( #1848, #1895, #851, #3202 ) ) ;
#5073 = ORIENTED_EDGE ( 'NONE', *, *, #2561, .F. ) ;
#5074 = VERTEX_POINT ( 'NONE', #380 ) ;
#5075 = CIRCLE ( 'NONE', #2699, 1.999999999999999334 ) ;
#5076 = ORIENTED_EDGE ( 'NONE', *, *, #4798, .T. ) ;
#5077 = ORIENTED_EDGE ( 'NONE', *, *, #1216, .F. ) ;
#5078 = CARTESIAN_POINT ( 'NONE',  ( 0.2000000000000000944, -12.16025403784439973, -14.93782217350891983 ) ) ;
#5079 = VERTEX_POINT ( 'NONE', #2810 ) ;
#5080 = DIRECTION ( 'NONE',  ( -1.000000000000000000, 0.0000000000000000000, 0.0000000000000000000 ) ) ;
#5081 = DIRECTION ( 'NONE',  ( -1.000000000000000000, 0.0000000000000000000, 0.0000000000000000000 ) ) ;
#5082 = AXIS2_PLACEMENT_3D ( 'NONE', #3414, #3941, #5132 ) ;
#5083 = DIRECTION ( 'NONE',  ( 0.0000000000000000000, 1.000000000000000000, 0.0000000000000000000 ) ) ;
#5084 = EDGE_LOOP ( 'NONE', ( #4525, #3330, #1110, #5408 ) ) ;
#5085 = CARTESIAN_POINT ( 'NONE',  ( -14.49999999999999822, -7.198766877344318971, -4.649999999999999467 ) ) ;
#5086 = DIRECTION ( 'NONE',  ( 1.000000000000000000, 0.0000000000000000000, 0.0000000000000000000 ) ) ;
#5087 = CARTESIAN_POINT ( 'NONE',  ( -1.596446609406726225, 5.853553390593273953, -18.00000000000000000 ) ) ;
#5088 = CARTESIAN_POINT ( 'NONE',  ( -17.60000000000000142, 19.31894849647605028, 1.967268858105579943 ) ) ;
#5089 = DIRECTION ( 'NONE',  ( 0.7071067811865454633, 0.7069990853988263879, -0.01234071493982700704 ) ) ;
#5090 = DIRECTION ( 'NONE',  ( 1.000000000000000000, 0.0000000000000000000, 0.0000000000000000000 ) ) ;
#5091 = ADVANCED_FACE ( 'NONE', ( #4597 ), #5424, .T. ) ;
#5092 = EDGE_CURVE ( 'NONE', #5263, #1500, #168, .T. ) ;
#5093 = DIRECTION ( 'NONE',  ( 0.0000000000000000000, 0.0000000000000000000, 1.000000000000000000 ) ) ;
#5094 = VECTOR ( 'NONE', #3668, 1000.000000000000000 ) ;
#5095 = AXIS2_PLACEMENT_3D ( 'NONE', #2037, #3732, #1240 ) ;
#5096 = AXIS2_PLACEMENT_3D ( 'NONE', #3704, #2394, #4070 ) ;
#5097 = LINE ( 'NONE', #3020, #4811 ) ;
#5098 = ORIENTED_EDGE ( 'NONE', *, *, #2016, .F. ) ;
#5099 = ADVANCED_FACE ( 'NONE', ( #721 ), #304, .T. ) ;
#5100 = ORIENTED_EDGE ( 'NONE', *, *, #147, .F. ) ;
#5101 = ORIENTED_EDGE ( 'NONE', *, *, #2569, .T. ) ;
#5102 = CIRCLE ( 'NONE', #4117, 0.5000000000000000000 ) ;
#5103 = ORIENTED_EDGE ( 'NONE', *, *, #2128, .F. ) ;
#5104 = ORIENTED_EDGE ( 'NONE', *, *, #1659, .T. ) ;
#5105 = CARTESIAN_POINT ( 'NONE',  ( -14.50000000000000000, -14.00000000000000000, 0.0000000000000000000 ) ) ;
#5106 = ORIENTED_EDGE ( 'NONE', *, *, #476, .F. ) ;
#5107 = DIRECTION ( 'NONE',  ( -1.000000000000000000, 0.0000000000000000000, 0.0000000000000000000 ) ) ;
#5108 = DIRECTION ( 'NONE',  ( 0.0000000000000000000, -0.4999999999999998890, 0.8660254037844387076 ) ) ;
#5109 = PLANE ( 'NONE',  #1195 ) ;
#5110 = VERTEX_POINT ( 'NONE', #4125 ) ;
#5111 = ADVANCED_FACE ( 'NONE', ( #1650 ), #5189, .T. ) ;
#5112 = DIRECTION ( 'NONE',  ( 0.7071067811865473507, -0.7071067811865477948, 0.0000000000000000000 ) ) ;
#5113 = LINE ( 'NONE', #375, #2585 ) ;
#5114 = CARTESIAN_POINT ( 'NONE',  ( 0.1999999999999859945, -6.856406460551009552, 18.00000000000000000 ) ) ;
#5115 = DIRECTION ( 'NONE',  ( -1.000000000000000000, 0.0000000000000000000, 0.0000000000000000000 ) ) ;
#5116 = DIRECTION ( 'NONE',  ( -1.000000000000000000, 0.0000000000000000000, 0.0000000000000000000 ) ) ;
#5117 = EDGE_CURVE ( 'NONE', #2725, #58, #1985, .T. ) ;
#5118 = EDGE_LOOP ( 'NONE', ( #4358, #5279, #4662, #3231 ) ) ;
#5119 = CARTESIAN_POINT ( 'NONE',  ( -1.550000000000159694, 0.0000000000000000000, 0.0000000000000000000 ) ) ;
#5120 = DIRECTION ( 'NONE',  ( 0.0000000000000000000, 0.01745240643728200591, -0.9998476951563912696 ) ) ;
#5121 = CARTESIAN_POINT ( 'NONE',  ( -11.10000000000002451, -10.00000000000002665, 3.594346038583049463 ) ) ;
#5122 = AXIS2_PLACEMENT_3D ( 'NONE', #1905, #3990, #192 ) ;
#5123 = EDGE_CURVE ( 'NONE', #1508, #764, #3684, .T. ) ;
#5124 = ADVANCED_FACE ( 'NONE', ( #3656 ), #2498, .F. ) ;
#5125 = DIRECTION ( 'NONE',  ( 0.7071067811865469066, 0.7071067811865481278, 0.0000000000000000000 ) ) ;
#5126 = ORIENTED_EDGE ( 'NONE', *, *, #1859, .T. ) ;
#5127 = ORIENTED_EDGE ( 'NONE', *, *, #2710, .F. ) ;
#5128 = EDGE_CURVE ( 'NONE', #1052, #1919, #434, .T. ) ;
#5129 = EDGE_CURVE ( 'NONE', #3021, #5166, #1230, .T. ) ;
#5130 = ORIENTED_EDGE ( 'NONE', *, *, #4705, .T. ) ;
#5131 = EDGE_LOOP ( 'NONE', ( #2429, #4616, #3926, #3580, #1737, #520, #876, #777, #2592, #4458, #5280, #2570, #2587, #560, #3964, #4500, #890 ) ) ;
#5132 = DIRECTION ( 'NONE',  ( 0.0000000000000000000, 0.0000000000000000000, -1.000000000000000000 ) ) ;
#5133 = ORIENTED_EDGE ( 'NONE', *, *, #379, .T. ) ;
#5134 = CARTESIAN_POINT ( 'NONE',  ( -17.85000000000000142, -6.856406460551009552, 16.00000000000000000 ) ) ;
#5135 = CARTESIAN_POINT ( 'NONE',  ( -10.09999999999999964, -10.00000000000000000, -3.594346038583040137 ) ) ;
#5136 = CIRCLE ( 'NONE', #5045, 7.500000000000119016 ) ;
#5137 = DIRECTION ( 'NONE',  ( 0.0000000000000000000, -0.2588190451025211836, -0.9659258262890682012 ) ) ;
#5138 = CARTESIAN_POINT ( 'NONE',  ( -18.10000000000000142, -6.500000000000000000, 0.0000000000000000000 ) ) ;
#5139 = VECTOR ( 'NONE', #2034, 1000.000000000000000 ) ;
#5140 = CARTESIAN_POINT ( 'NONE',  ( -18.09999999999999787, 18.78453352680459787, 6.345551999999999578E-15 ) ) ;
#5141 = DIRECTION ( 'NONE',  ( 0.7071067818211401734, 0.1830127017279742085, -0.6830127012792499563 ) ) ;
#5142 = CARTESIAN_POINT ( 'NONE',  ( -20.00000000000000000, -9.642304845413258718, 16.70096189432335265 ) ) ;
#5143 = DIRECTION ( 'NONE',  ( -1.000000000000000000, -2.478589000000000183E-32, 0.0000000000000000000 ) ) ;
#5144 = ORIENTED_EDGE ( 'NONE', *, *, #3639, .T. ) ;
#5145 = CARTESIAN_POINT ( 'NONE',  ( 17.19999999999999929, 0.0000000000000000000, 9.000000000000000000 ) ) ;
#5146 = DIRECTION ( 'NONE',  ( 0.0000000000000000000, -1.000000000000000000, 0.0000000000000000000 ) ) ;
#5147 = LINE ( 'NONE', #189, #3901 ) ;
#5148 = FACE_OUTER_BOUND ( 'NONE', #4414, .T. ) ;
#5149 = CYLINDRICAL_SURFACE ( 'NONE', #3661, 1.999999999999999334 ) ;
#5150 = VERTEX_POINT ( 'NONE', #2473 ) ;
#5151 = AXIS2_PLACEMENT_3D ( 'NONE', #844, #540, #1291 ) ;
#5152 = ORIENTED_EDGE ( 'NONE', *, *, #5123, .F. ) ;
#5153 = AXIS2_PLACEMENT_3D ( 'NONE', #3417, #2568, #3361 ) ;
#5154 = VECTOR ( 'NONE', #3700, 1000.000000000000114 ) ;
#5155 = ORIENTED_EDGE ( 'NONE', *, *, #4237, .F. ) ;
#5156 = ORIENTED_EDGE ( 'NONE', *, *, #1729, .T. ) ;
#5157 = AXIS2_PLACEMENT_3D ( 'NONE', #813, #4146, #2083 ) ;
#5158 = EDGE_CURVE ( 'NONE', #1796, #1441, #2286, .T. ) ;
#5159 = FACE_OUTER_BOUND ( 'NONE', #285, .T. ) ;
#5160 = ORIENTED_EDGE ( 'NONE', *, *, #2482, .T. ) ;
#5161 = DIRECTION ( 'NONE',  ( -1.000000000000000000, 0.0000000000000000000, 0.0000000000000000000 ) ) ;
#5162 = DIRECTION ( 'NONE',  ( 1.000000000000000000, 0.0000000000000000000, 0.0000000000000000000 ) ) ;
#5163 = AXIS2_PLACEMENT_3D ( 'NONE', #4999, #1689, #828 ) ;
#5164 = ADVANCED_FACE ( 'NONE', ( #2060 ), #841, .T. ) ;
#5165 = CARTESIAN_POINT ( 'NONE',  ( -2.269947697238714923, 7.500000000000150102, 6.103910000000001005E-15 ) ) ;
#5166 = VERTEX_POINT ( 'NONE', #1341 ) ;
#5167 = CARTESIAN_POINT ( 'NONE',  ( -14.50000000000000000, -12.80000000000000071, -1.317824000000000171E-14 ) ) ;
#5168 = CIRCLE ( 'NONE', #336, 0.5000000000000012212 ) ;
#5169 = DIRECTION ( 'NONE',  ( 0.0000000000000000000, 0.0000000000000000000, -1.000000000000000000 ) ) ;
#5170 = CARTESIAN_POINT ( 'NONE',  ( -1.050000000000159694, 9.000000000000000000, -3.884170999999999982E-15 ) ) ;
#5171 = CARTESIAN_POINT ( 'NONE',  ( 0.2000000000000000944, 6.856406460551009552, -18.00000000000000000 ) ) ;
#5172 = ORIENTED_EDGE ( 'NONE', *, *, #312, .T. ) ;
#5173 = CARTESIAN_POINT ( 'NONE',  ( -18.10000000000000142, -11.72724133595216145, 14.68782217350891983 ) ) ;
#5174 = CARTESIAN_POINT ( 'NONE',  ( 5.309999999999999609, 12.50000000000000000, 0.0000000000000000000 ) ) ;
#5175 = DIRECTION ( 'NONE',  ( 0.0000000000000000000, 0.0000000000000000000, -1.000000000000000000 ) ) ;
#5176 = CARTESIAN_POINT ( 'NONE',  ( -5.700000000000000178, -7.160058476974730191, -3.094346038583040137 ) ) ;
#5177 = CARTESIAN_POINT ( 'NONE',  ( -16.30355339059327235, -5.853553390593274841, -17.69999999999995310 ) ) ;
#5178 = DIRECTION ( 'NONE',  ( 0.0000000000000000000, 0.0000000000000000000, -1.000000000000000000 ) ) ;
#5179 = ORIENTED_EDGE ( 'NONE', *, *, #748, .F. ) ;
#5180 = VECTOR ( 'NONE', #4479, 1000.000000000000000 ) ;
#5181 = EDGE_CURVE ( 'NONE', #5409, #822, #457, .T. ) ;
#5182 = VERTEX_POINT ( 'NONE', #2116 ) ;
#5183 = ORIENTED_EDGE ( 'NONE', *, *, #4654, .T. ) ;
#5184 = VECTOR ( 'NONE', #3117, 1000.000000000000000 ) ;
#5185 = EDGE_CURVE ( 'NONE', #4266, #1273, #4214, .T. ) ;
#5186 = ORIENTED_EDGE ( 'NONE', *, *, #3536, .T. ) ;
#5187 =( BOUNDED_CURVE ( )  B_SPLINE_CURVE ( 2, ( #4953, #4118, #352 ),
 .UNSPECIFIED., .F., .T. ) 
 B_SPLINE_CURVE_WITH_KNOTS ( ( 3, 3 ),
 ( 0.0000000000000000000, 0.3450816965166719763 ),
 .UNSPECIFIED. ) 
 CURVE ( )  GEOMETRIC_REPRESENTATION_ITEM ( )  RATIONAL_B_SPLINE_CURVE ( ( 1.000000000000000000, 1.000305305637291919, 1.000000000000000000 ) ) 
 REPRESENTATION_ITEM ( '' )  );
#5188 = ORIENTED_EDGE ( 'NONE', *, *, #2294, .T. ) ;
#5189 = CONICAL_SURFACE ( 'NONE', #1501, 1.750000000000000000, 0.7853981624999990530 ) ;
#5190 = CIRCLE ( 'NONE', #3169, 1.999999999999999334 ) ;
#5191 = CARTESIAN_POINT ( 'NONE',  ( -1.050000000000159694, 1.593444046444675077, -5.392453963017519669 ) ) ;
#5192 = EDGE_LOOP ( 'NONE', ( #4418, #1671, #2483, #3226 ) ) ;
#5193 = CARTESIAN_POINT ( 'NONE',  ( -14.49999999999999822, -14.00000000000000000, 5.013199000000000468E-15 ) ) ;
#5194 = CARTESIAN_POINT ( 'NONE',  ( -17.85000000000000142, 10.42820323027549989, 13.93782217350891983 ) ) ;
#5195 = EDGE_CURVE ( 'NONE', #3307, #2693, #3039, .T. ) ;
#5196 = ADVANCED_FACE ( 'NONE', ( #71 ), #5284, .F. ) ;
#5197 = CARTESIAN_POINT ( 'NONE',  ( 0.2000000000000000944, -7.856406460551029092, -17.73205080756889984 ) ) ;
#5198 = ORIENTED_EDGE ( 'NONE', *, *, #5203, .F. ) ;
#5199 = DIRECTION ( 'NONE',  ( -1.000000000000000000, 0.0000000000000000000, 0.0000000000000000000 ) ) ;
#5200 = DIRECTION ( 'NONE',  ( 1.000000000000000000, -1.407149565629039950E-31, 1.407149565629039950E-31 ) ) ;
#5201 = DIRECTION ( 'NONE',  ( 0.0000000000000000000, -1.000000000000000000, 0.0000000000000000000 ) ) ;
#5202 = DIRECTION ( 'NONE',  ( 0.0000000000000000000, 0.0000000000000000000, 1.000000000000000000 ) ) ;
#5203 = EDGE_CURVE ( 'NONE', #5344, #4028, #4282, .T. ) ;
#5204 = VERTEX_POINT ( 'NONE', #41 ) ;
#5205 = DIRECTION ( 'NONE',  ( 1.000000000000000000, 3.123122829824004598E-32, 1.165565307918146053E-31 ) ) ;
#5206 = CARTESIAN_POINT ( 'NONE',  ( -10.09999999999999964, -9.000000000000000000, 4.649999999999999467 ) ) ;
#5207 = PLANE ( 'NONE',  #1544 ) ;
#5208 = DIRECTION ( 'NONE',  ( 0.0000000000000000000, 1.000000000000000000, 0.0000000000000000000 ) ) ;
#5209 = LINE ( 'NONE', #2288, #1840 ) ;
#5210 = DIRECTION ( 'NONE',  ( 0.0000000000000000000, 0.0000000000000000000, -1.000000000000000000 ) ) ;
#5211 = EDGE_LOOP ( 'NONE', ( #2989, #3481, #1941, #3936 ) ) ;
#5212 = VECTOR ( 'NONE', #1464, 1000.000000000000000 ) ;
#5213 = ORIENTED_EDGE ( 'NONE', *, *, #2992, .T. ) ;
#5214 = ORIENTED_EDGE ( 'NONE', *, *, #2600, .F. ) ;
#5215 =( BOUNDED_SURFACE ( )  B_SPLINE_SURFACE ( 2, 2, ( 
 ( #129, #803, #3431 ),
 ( #2612, #3715, #2481 ),
 ( #3308, #5121, #4996 ) ),
 .UNSPECIFIED., .F., .F., .T. ) 
 B_SPLINE_SURFACE_WITH_KNOTS ( ( 3, 3 ),
 ( 3, 3 ),
 ( -1.570796326794895004, 0.0000000000000000000 ),
 ( 4.712388980384689674, 6.283185307179590673 ),
 .UNSPECIFIED. ) 
 GEOMETRIC_REPRESENTATION_ITEM ( )  RATIONAL_B_SPLINE_SURFACE ( (
 ( 1.000000000000000000, 0.7071067811865480168, 1.000000000000000000),
 ( 0.7071067811865450192, 0.5000000000000000000, 0.7071067811865450192),
 ( 1.000000000000000000, 0.7071067811865480168, 1.000000000000000000) ) ) 
 REPRESENTATION_ITEM ( '' )  SURFACE ( )  );
#5216 = ORIENTED_EDGE ( 'NONE', *, *, #2905, .F. ) ;
#5217 = ORIENTED_EDGE ( 'NONE', *, *, #4424, .T. ) ;
#5218 = ORIENTED_EDGE ( 'NONE', *, *, #2455, .T. ) ;
#5219 = DIRECTION ( 'NONE',  ( 0.0000000000000000000, -0.7352146220938089449, -0.6778343894045636420 ) ) ;
#5220 = VERTEX_POINT ( 'NONE', #5063 ) ;
#5221 = LINE ( 'NONE', #2301, #5012 ) ;
#5222 = DIRECTION ( 'NONE',  ( -0.0000000000000000000, 0.0000000000000000000, 1.000000000000000000 ) ) ;
#5223 = EDGE_CURVE ( 'NONE', #2444, #750, #509, .T. ) ;
#5224 = CARTESIAN_POINT ( 'NONE',  ( 0.1999999999999840239, -11.42820323027549989, 15.66987298107780013 ) ) ;
#5225 = ORIENTED_EDGE ( 'NONE', *, *, #3630, .T. ) ;
#5226 = DIRECTION ( 'NONE',  ( 0.0000000000000000000, 0.0000000000000000000, 1.000000000000000000 ) ) ;
#5227 = DIRECTION ( 'NONE',  ( -0.7071067811865475727, -0.7071067811865475727, 0.0000000000000000000 ) ) ;
#5228 = EDGE_CURVE ( 'NONE', #4912, #4766, #3449, .T. ) ;
#5229 = LINE ( 'NONE', #537, #4706 ) ;
#5230 = DIRECTION ( 'NONE',  ( 0.7071067811865450192, -1.256073999999999986E-15, -0.7071067811865500152 ) ) ;
#5231 = VECTOR ( 'NONE', #3373, 1000.000000000000000 ) ;
#5232 = ORIENTED_EDGE ( 'NONE', *, *, #3727, .T. ) ;
#5233 = CARTESIAN_POINT ( 'NONE',  ( -1.949999999999999956, -6.000000000000000000, -18.00000000000000000 ) ) ;
#5234 = CARTESIAN_POINT ( 'NONE',  ( 2.199999999999988187, -18.97366596101030112, -1.000000000000000000 ) ) ;
#5235 = DIRECTION ( 'NONE',  ( 0.0000000000000000000, 0.9681476403781076323, -0.2503800040544418293 ) ) ;
#5236 = EDGE_CURVE ( 'NONE', #3747, #1146, #1261, .T. ) ;
#5237 = FACE_OUTER_BOUND ( 'NONE', #28, .T. ) ;
#5238 = EDGE_CURVE ( 'NONE', #2159, #4349, #80, .T. ) ;
#5239 = DIRECTION ( 'NONE',  ( 0.7071067811865473507, -0.7071067811865477948, 0.0000000000000000000 ) ) ;
#5240 = VECTOR ( 'NONE', #5086, 1000.000000000000000 ) ;
#5241 = CARTESIAN_POINT ( 'NONE',  ( -17.60000000000000142, 11.84241679233130107, 15.35203573556472101 ) ) ;
#5242 = ORIENTED_EDGE ( 'NONE', *, *, #1133, .T. ) ;
#5243 = EDGE_LOOP ( 'NONE', ( #885, #200, #1256, #309 ) ) ;
#5244 = ORIENTED_EDGE ( 'NONE', *, *, #1186, .T. ) ;
#5245 = VECTOR ( 'NONE', #2608, 1000.000000000000114 ) ;
#5246 = ORIENTED_EDGE ( 'NONE', *, *, #4319, .T. ) ;
#5247 = ORIENTED_EDGE ( 'NONE', *, *, #2093, .F. ) ;
#5248 = ORIENTED_EDGE ( 'NONE', *, *, #2297, .F. ) ;
#5249 = AXIS2_PLACEMENT_3D ( 'NONE', #2463, #347, #5367 ) ;
#5250 = VERTEX_POINT ( 'NONE', #2934 ) ;
#5251 = CARTESIAN_POINT ( 'NONE',  ( -1.449999999999999956, 5.500000000000000888, 17.69999999999996732 ) ) ;
#5252 = AXIS2_PLACEMENT_3D ( 'NONE', #1979, #2031, #1309 ) ;
#5253 = DIRECTION ( 'NONE',  ( -1.000000000000000000, 0.0000000000000000000, 0.0000000000000000000 ) ) ;
#5254 = AXIS2_PLACEMENT_3D ( 'NONE', #1786, #49, #5125 ) ;
#5255 = CARTESIAN_POINT ( 'NONE',  ( -17.60000000000000142, -19.28547994506944718, -0.04985683218518899285 ) ) ;
#5256 = ORIENTED_EDGE ( 'NONE', *, *, #4396, .T. ) ;
#5257 = CARTESIAN_POINT ( 'NONE',  ( -1.596446609406726225, 5.853553390593273953, 17.69999999999994955 ) ) ;
#5258 = CARTESIAN_POINT ( 'NONE',  ( 5.309999999999999609, -12.50000000000000000, 0.0000000000000000000 ) ) ;
#5259 = AXIS2_PLACEMENT_3D ( 'NONE', #2273, #3971, #2623 ) ;
#5260 = CARTESIAN_POINT ( 'NONE',  ( -14.49999999999999822, -14.00000000000000000, -4.649999999999999467 ) ) ;
#5261 = DIRECTION ( 'NONE',  ( 0.0000000000000000000, 0.0000000000000000000, 1.000000000000000000 ) ) ;
#5262 = VECTOR ( 'NONE', #1612, 1000.000000000000000 ) ;
#5263 = VERTEX_POINT ( 'NONE', #483 ) ;
#5264 = LINE ( 'NONE', #1489, #4457 ) ;
#5265 = ORIENTED_EDGE ( 'NONE', *, *, #2355, .F. ) ;
#5266 = AXIS2_PLACEMENT_3D ( 'NONE', #571, #1079, #4824 ) ;
#5267 = CARTESIAN_POINT ( 'NONE',  ( -17.60000000000000142, 10.42820323027549989, -13.93782217350893937 ) ) ;
#5268 = CARTESIAN_POINT ( 'NONE',  ( -11.09999999999999787, -6.841947377170850331, -4.649999999999999467 ) ) ;
#5269 = CARTESIAN_POINT ( 'NONE',  ( -11.09999999999999964, -6.841947377170860989, 4.649999999999999467 ) ) ;
#5270 = CARTESIAN_POINT ( 'NONE',  ( -18.10000000000000142, -18.77147456716484442, 2.377743677174199988 ) ) ;
#5271 = VECTOR ( 'NONE', #4514, 1000.000000000000000 ) ;
#5272 = EDGE_CURVE ( 'NONE', #2347, #4078, #431, .T. ) ;
#5273 = LINE ( 'NONE', #5302, #5390 ) ;
#5274 = EDGE_CURVE ( 'NONE', #5046, #54, #3869, .T. ) ;
#5275 = ORIENTED_EDGE ( 'NONE', *, *, #2122, .T. ) ;
#5276 = EDGE_LOOP ( 'NONE', ( #5214, #4591, #484, #3063 ) ) ;
#5277 = CIRCLE ( 'NONE', #3607, 1.499999999999998890 ) ;
#5278 = ORIENTED_EDGE ( 'NONE', *, *, #3902, .T. ) ;
#5279 = ORIENTED_EDGE ( 'NONE', *, *, #2227, .T. ) ;
#5280 = ORIENTED_EDGE ( 'NONE', *, *, #909, .F. ) ;
#5281 = VERTEX_POINT ( 'NONE', #2220 ) ;
#5282 = DIRECTION ( 'NONE',  ( 0.7071067818211410616, -0.4999999995512749429, 0.4999999995512742768 ) ) ;
#5283 = CONICAL_SURFACE ( 'NONE', #1401, 12.56250000000000000, 0.07748431091347772470 ) ;
#5284 = CONICAL_SURFACE ( 'NONE', #4209, 8.000000000000119016, 0.08726646249997989380 ) ;
#5285 = AXIS2_PLACEMENT_3D ( 'NONE', #4280, #2573, #1283 ) ;
#5286 = CARTESIAN_POINT ( 'NONE',  ( -18.09999999999999787, -10.42820323027551943, -13.93782217350891983 ) ) ;
#5287 = VERTEX_POINT ( 'NONE', #2630 ) ;
#5288 = LINE ( 'NONE', #562, #3335 ) ;
#5289 = DIRECTION ( 'NONE',  ( -1.000000000000000000, 0.0000000000000000000, 0.0000000000000000000 ) ) ;
#5290 = DIRECTION ( 'NONE',  ( 0.0000000000000000000, 0.0000000000000000000, -1.000000000000000000 ) ) ;
#5291 = AXIS2_PLACEMENT_3D ( 'NONE', #600, #4783, #2309 ) ;
#5292 = AXIS2_PLACEMENT_3D ( 'NONE', #886, #1306, #2567 ) ;
#5293 = ADVANCED_FACE ( 'NONE', ( #3892 ), #122, .T. ) ;
#5294 = ORIENTED_EDGE ( 'NONE', *, *, #3324, .F. ) ;
#5295 = CARTESIAN_POINT ( 'NONE',  ( -17.60000000000000142, -17.31925310616325220, 2.002173670980184728 ) ) ;
#5296 = ORIENTED_EDGE ( 'NONE', *, *, #4302, .F. ) ;
#5297 = DIRECTION ( 'NONE',  ( 0.0000000000000000000, -0.9681476403781078544, -0.2503800040544411076 ) ) ;
#5298 = DIRECTION ( 'NONE',  ( 2.391195424774079784E-17, 2.391195424774079784E-17, -1.000000000000000000 ) ) ;
#5299 = DIRECTION ( 'NONE',  ( 0.0000000000000000000, -0.7254762501100113781, 0.6882472016116857327 ) ) ;
#5300 = CARTESIAN_POINT ( 'NONE',  ( 0.1999999999999869937, -7.374044550756051919, 17.93185165257813551 ) ) ;
#5301 = EDGE_CURVE ( 'NONE', #1706, #4134, #959, .T. ) ;
#5302 = CARTESIAN_POINT ( 'NONE',  ( 2.199999999999988187, 7.374044550756050143, -17.93185165257813551 ) ) ;
#5303 = ORIENTED_EDGE ( 'NONE', *, *, #4709, .F. ) ;
#5304 = EDGE_CURVE ( 'NONE', #5150, #3111, #867, .T. ) ;
#5305 = CONICAL_SURFACE ( 'NONE', #1688, 1.750000000000000666, 0.7853981625000003852 ) ;
#5306 = EDGE_LOOP ( 'NONE', ( #1942, #118, #3637, #2415 ) ) ;
#5307 = CIRCLE ( 'NONE', #1424, 0.5000000000000003331 ) ;
#5308 = ORIENTED_EDGE ( 'NONE', *, *, #2303, .T. ) ;
#5309 = ORIENTED_EDGE ( 'NONE', *, *, #4864, .F. ) ;
#5310 = ORIENTED_EDGE ( 'NONE', *, *, #3301, .F. ) ;
#5311 = CARTESIAN_POINT ( 'NONE',  ( 0.1999999999999859945, 19.05130391373215204, 3.002173670980149645 ) ) ;
#5312 = EDGE_CURVE ( 'NONE', #1028, #2506, #3427, .T. ) ;
#5313 = EDGE_CURVE ( 'NONE', #3826, #5220, #2987, .T. ) ;
#5314 = DIRECTION ( 'NONE',  ( -1.000000000000000000, 0.0000000000000000000, 0.0000000000000000000 ) ) ;
#5315 = FACE_OUTER_BOUND ( 'NONE', #4914, .T. ) ;
#5316 = FACE_OUTER_BOUND ( 'NONE', #1413, .T. ) ;
#5317 = DIRECTION ( 'NONE',  ( 1.000000000000000000, 0.0000000000000000000, 0.0000000000000000000 ) ) ;
#5318 = EDGE_LOOP ( 'NONE', ( #2005, #2300, #3359, #1303 ) ) ;
#5319 = ORIENTED_EDGE ( 'NONE', *, *, #2227, .F. ) ;
#5320 = LINE ( 'NONE', #2780, #5349 ) ;
#5321 = CARTESIAN_POINT ( 'NONE',  ( 2.199999999999988187, 20.00000000000000000, 1.234913000000000114E-14 ) ) ;
#5322 = DIRECTION ( 'NONE',  ( 0.0000000000000000000, 0.9681476403781076323, -0.2503800040544421623 ) ) ;
#5323 = DIRECTION ( 'NONE',  ( 1.000000000000000000, -6.030642207736090339E-32, 6.030642207736090339E-32 ) ) ;
#5324 = LINE ( 'NONE', #3931, #262 ) ;
#5325 = CARTESIAN_POINT ( 'NONE',  ( 17.19999999999999929, 0.0000000000000000000, 9.000000000000000000 ) ) ;
#5326 = MANIFOLD_SOLID_BREP ( 'Surface-Fill1', #3541 ) ;
#5327 = DIRECTION ( 'NONE',  ( 0.0000000000000000000, -1.000000000000000000, 0.0000000000000000000 ) ) ;
#5328 = AXIS2_PLACEMENT_3D ( 'NONE', #1179, #4014, #4489 ) ;
#5329 = ORIENTED_EDGE ( 'NONE', *, *, #4197, .T. ) ;
#5330 = AXIS2_PLACEMENT_3D ( 'NONE', #5378, #4464, #794 ) ;
#5331 = ORIENTED_EDGE ( 'NONE', *, *, #170, .T. ) ;
#5332 = ORIENTED_EDGE ( 'NONE', *, *, #3581, .F. ) ;
#5333 = ORIENTED_EDGE ( 'NONE', *, *, #339, .F. ) ;
#5334 = LINE ( 'NONE', #1560, #2184 ) ;
#5335 = EDGE_CURVE ( 'NONE', #2791, #1836, #357, .T. ) ;
#5336 = EDGE_CURVE ( 'NONE', #1753, #469, #2289, .T. ) ;
#5337 = CIRCLE ( 'NONE', #578, 1.999999999999999334 ) ;
#5338 = CARTESIAN_POINT ( 'NONE',  ( 2.200000000000000178, -19.93415017793060073, 1.621621621621619935 ) ) ;
#5339 = ORIENTED_EDGE ( 'NONE', *, *, #2702, .T. ) ;
#5340 = DIRECTION ( 'NONE',  ( 3.218267747740829862E-18, 4.460564074774084786E-17, -1.000000000000000000 ) ) ;
#5341 = CARTESIAN_POINT ( 'NONE',  ( -18.09999999999999787, -18.61829121183989955, -2.752173670980175402 ) ) ;
#5342 = VECTOR ( 'NONE', #3478, 1000.000000000000000 ) ;
#5343 = CIRCLE ( 'NONE', #4009, 2.000000000000000000 ) ;
#5344 = VERTEX_POINT ( 'NONE', #2280 ) ;
#5345 = CARTESIAN_POINT ( 'NONE',  ( -10.95355339059327449, -9.250000000000000000, -3.240792647989767072 ) ) ;
#5346 = ORIENTED_EDGE ( 'NONE', *, *, #4889, .F. ) ;
#5347 = LINE ( 'NONE', #3244, #3040 ) ;
#5348 = LINE ( 'NONE', #1129, #5139 ) ;
#5349 = VECTOR ( 'NONE', #1597, 1000.000000000000000 ) ;
#5350 = PLANE ( 'NONE',  #4661 ) ;
#5351 = DIRECTION ( 'NONE',  ( 0.0000000000000000000, -0.7071067811865480168, 0.7071067811865470176 ) ) ;
#5352 = CARTESIAN_POINT ( 'NONE',  ( -18.09999999999999787, -11.72724133595218099, -14.68782217350891983 ) ) ;
#5353 = CARTESIAN_POINT ( 'NONE',  ( -18.09999999999999787, 18.81902464889785165, -1.975995061324260282 ) ) ;
#5354 = CARTESIAN_POINT ( 'NONE',  ( 16.69999999999999929, 0.0000000000000000000, 0.0000000000000000000 ) ) ;
#5355 = CIRCLE ( 'NONE', #597, 1.000000000000000000 ) ;
#5356 = ORIENTED_EDGE ( 'NONE', *, *, #2355, .T. ) ;
#5357 = EDGE_CURVE ( 'NONE', #1092, #802, #979, .T. ) ;
#5358 = ORIENTED_EDGE ( 'NONE', *, *, #4, .T. ) ;
#5359 = ORIENTED_EDGE ( 'NONE', *, *, #1016, .F. ) ;
#5360 = ORIENTED_EDGE ( 'NONE', *, *, #3240, .T. ) ;
#5361 = CARTESIAN_POINT ( 'NONE',  ( 2.199999999999988187, -20.78460969082655296, 1.407568000000000252E-20 ) ) ;
#5362 = EDGE_CURVE ( 'NONE', #5281, #4299, #683, .T. ) ;
#5363 = VECTOR ( 'NONE', #1783, 1000.000000000000000 ) ;
#5364 = DIRECTION ( 'NONE',  ( -1.000000000000000000, 0.0000000000000000000, 0.0000000000000000000 ) ) ;
#5365 = ORIENTED_EDGE ( 'NONE', *, *, #2431, .T. ) ;
#5366 = FACE_OUTER_BOUND ( 'NONE', #3969, .T. ) ;
#5367 = DIRECTION ( 'NONE',  ( 0.0000000000000000000, -0.9681476403781076323, 0.2503800040544418293 ) ) ;
#5368 = PERSON_AND_ORGANIZATION_ROLE ( 'classification_officer' ) ;
#5369 = EDGE_CURVE ( 'NONE', #3144, #2110, #786, .T. ) ;
#5370 = ADVANCED_FACE ( 'NONE', ( #4430 ), #185, .F. ) ;
#5371 = AXIS2_PLACEMENT_3D ( 'NONE', #1365, #3812, #3399 ) ;
#5372 = DIRECTION ( 'NONE',  ( 0.0000000000000000000, 0.0000000000000000000, -1.000000000000000000 ) ) ;
#5373 = ORIENTED_EDGE ( 'NONE', *, *, #5027, .T. ) ;
#5374 = CARTESIAN_POINT ( 'NONE',  ( 0.2000000000000000944, -17.31925310616325220, -2.002173670980174958 ) ) ;
#5375 = DIRECTION ( 'NONE',  ( 1.000000000000000000, 0.0000000000000000000, 0.0000000000000000000 ) ) ;
#5376 = DIRECTION ( 'NONE',  ( 1.000000000000000000, 0.0000000000000000000, 0.0000000000000000000 ) ) ;
#5377 = AXIS2_PLACEMENT_3D ( 'NONE', #2362, #2332, #5202 ) ;
#5378 = CARTESIAN_POINT ( 'NONE',  ( -8.400000000000000355, -9.500000000000000000, -3.594346038583040137 ) ) ;
#5379 = VECTOR ( 'NONE', #2604, 1000.000000000000000 ) ;
#5380 = DIRECTION ( 'NONE',  ( 0.0000000000000000000, 0.0000000000000000000, -1.000000000000000000 ) ) ;
#5381 = EDGE_CURVE ( 'NONE', #2563, #1654, #2723, .T. ) ;
#5382 = EDGE_CURVE ( 'NONE', #465, #495, #1073, .T. ) ;
#5383 = DIRECTION ( 'NONE',  ( 1.000000000000000000, 0.0000000000000000000, 0.0000000000000000000 ) ) ;
#5384 = FACE_OUTER_BOUND ( 'NONE', #3774, .T. ) ;
#5385 = ORIENTED_EDGE ( 'NONE', *, *, #1900, .F. ) ;
#5386 = ORIENTED_EDGE ( 'NONE', *, *, #4396, .F. ) ;
#5387 = EDGE_LOOP ( 'NONE', ( #4211, #3634, #1973, #4113 ) ) ;
#5388 = CARTESIAN_POINT ( 'NONE',  ( -1.949999999999999956, -6.000000000000000000, 18.00000000000000000 ) ) ;
#5389 = LINE ( 'NONE', #4112, #1121 ) ;
#5390 = VECTOR ( 'NONE', #4348, 1000.000000000000000 ) ;
#5391 = VERTEX_POINT ( 'NONE', #1421 ) ;
#5392 = DIRECTION ( 'NONE',  ( 1.000000000000000000, 0.0000000000000000000, 0.0000000000000000000 ) ) ;
#5393 = CARTESIAN_POINT ( 'NONE',  ( -1.050000000000175904, -7.705679723424780470, 4.649999999999999467 ) ) ;
#5394 = EDGE_CURVE ( 'NONE', #4134, #2996, #712, .T. ) ;
#5395 = APPROVAL_ROLE ( '' ) ;
#5396 = CARTESIAN_POINT ( 'NONE',  ( -1.449999999999999956, -5.500000000000000000, 18.00000000000000000 ) ) ;
#5397 = ORIENTED_EDGE ( 'NONE', *, *, #2872, .T. ) ;
#5398 = PLANE ( 'NONE',  #845 ) ;
#5399 = FACE_OUTER_BOUND ( 'NONE', #3050, .T. ) ;
#5400 = DIRECTION ( 'NONE',  ( 0.0000000000000000000, -1.000000000000000000, 0.0000000000000000000 ) ) ;
#5401 = DIRECTION ( 'NONE',  ( 1.000000000000000000, 0.0000000000000000000, 0.0000000000000000000 ) ) ;
#5402 = DIRECTION ( 'NONE',  ( 1.000000000000000000, 0.0000000000000000000, 0.0000000000000000000 ) ) ;
#5403 = DIRECTION ( 'NONE',  ( -0.0000000000000000000, 0.0000000000000000000, 1.000000000000000000 ) ) ;
#5404 = ADVANCED_FACE ( 'NONE', ( #3190 ), #4337, .F. ) ;
#5405 = EDGE_CURVE ( 'NONE', #4299, #2830, #564, .T. ) ;
#5406 = CARTESIAN_POINT ( 'NONE',  ( -17.60000000000000142, 19.31894849647605028, 1.967268858105579943 ) ) ;
#5407 = VECTOR ( 'NONE', #1963, 1000.000000000000114 ) ;
#5408 = ORIENTED_EDGE ( 'NONE', *, *, #5033, .T. ) ;
#5409 = VERTEX_POINT ( 'NONE', #5171 ) ;
#5410 = EDGE_LOOP ( 'NONE', ( #4384, #1165, #997, #2044 ) ) ;
#5411 = DIRECTION ( 'NONE',  ( -1.000000000000000000, 0.0000000000000000000, 0.0000000000000000000 ) ) ;
#5412 = DIRECTION ( 'NONE',  ( 0.0000000000000000000, 1.000000000000000000, 0.0000000000000000000 ) ) ;
#5413 = DIRECTION ( 'NONE',  ( -1.000000000000000000, 0.0000000000000000000, 0.0000000000000000000 ) ) ;
#5414 = DIRECTION ( 'NONE',  ( 0.0000000000000000000, 0.2588190451025211836, 0.9659258262890682012 ) ) ;
#5415 = DATE_AND_TIME ( #735, #4660 ) ;
#5416 = AXIS2_PLACEMENT_3D ( 'NONE', #1893, #3564, #4402 ) ;
#5417 = CIRCLE ( 'NONE', #3558, 7.500000000000117240 ) ;
#5418 = LINE ( 'NONE', #3290, #842 ) ;
#5419 = EDGE_LOOP ( 'NONE', ( #2564, #110, #1040, #4741 ) ) ;
#5420 = CARTESIAN_POINT ( 'NONE',  ( 2.199999999999988187, 26.83036543713684807, 6.834463000000000473E-15 ) ) ;
#5421 = CARTESIAN_POINT ( 'NONE',  ( 2.199999999999988187, -19.97227995895820030, -1.052631578947363922 ) ) ;
#5422 = FACE_OUTER_BOUND ( 'NONE', #660, .T. ) ;
#5423 = CARTESIAN_POINT ( 'NONE',  ( -18.09999999999999787, 6.856406460551009552, -17.50000000000000000 ) ) ;
#5424 = CYLINDRICAL_SURFACE ( 'NONE', #2894, 1.999999999999998890 ) ;
#5425 = AXIS2_PLACEMENT_3D ( 'NONE', #789, #715, #1953 ) ;
#5426 = EDGE_CURVE ( 'NONE', #4224, #4499, #4935, .T. ) ;
#5427 = CARTESIAN_POINT ( 'NONE',  ( -18.09999999999999787, 0.0000000000000000000, 0.0000000000000000000 ) ) ;
#5428 = DIRECTION ( 'NONE',  ( 0.0000000000000000000, -0.2588190451025211836, -0.9659258262890682012 ) ) ;
#5429 = VECTOR ( 'NONE', #2922, 1000.000000000000114 ) ;
#5430 = EDGE_CURVE ( 'NONE', #1052, #3495, #209, .T. ) ;
#5431 = ADVANCED_FACE ( 'NONE', ( #3067 ), #3508, .F. ) ;
#5432 = ORIENTED_EDGE ( 'NONE', *, *, #4051, .F. ) ;
#5433 = VERTEX_POINT ( 'NONE', #1007 ) ;
#5434 = AXIS2_PLACEMENT_3D ( 'NONE', #954, #4315, #543 ) ;
#5435 = ORIENTED_EDGE ( 'NONE', *, *, #1667, .F. ) ;
#5436 = CARTESIAN_POINT ( 'NONE',  ( -17.91089637158009751, -18.97366596101030112, 4.718447999999999556E-15 ) ) ;
#5437 = EDGE_CURVE ( 'NONE', #2918, #601, #2690, .T. ) ;
#5438 = VERTEX_POINT ( 'NONE', #1452 ) ;
#5439 = DIRECTION ( 'NONE',  ( 0.7071067811865474617, 0.0000000000000000000, 0.7071067811865474617 ) ) ;
#5440 = VERTEX_POINT ( 'NONE', #3126 ) ;
#5441 = CARTESIAN_POINT ( 'NONE',  ( -17.60000000000000142, -19.28922079535404777, 0.2641700014559200116 ) ) ;
#5442 = FACE_OUTER_BOUND ( 'NONE', #3179, .T. ) ;
#5443 = DIRECTION ( 'NONE',  ( 0.0000000000000000000, 1.000000000000000000, 0.0000000000000000000 ) ) ;
#5444 = VERTEX_POINT ( 'NONE', #4817 ) ;
#5445 = DIRECTION ( 'NONE',  ( 0.7071067811865480168, 0.7071067811865470176, 0.0000000000000000000 ) ) ;
#5446 = CARTESIAN_POINT ( 'NONE',  ( -18.09999999999999787, 18.78453352680459787, 6.616516000000000405E-15 ) ) ;
#5447 = LINE ( 'NONE', #4727, #5379 ) ;
#5448 = DIRECTION ( 'NONE',  ( 1.000000000000000000, 0.0000000000000000000, 0.0000000000000000000 ) ) ;
#5449 = DIRECTION ( 'NONE',  ( 1.000000000000000000, 0.0000000000000000000, 0.0000000000000000000 ) ) ;
#5450 = AXIS2_PLACEMENT_3D ( 'NONE', #4526, #3590, #4503 ) ;
#5451 = CARTESIAN_POINT ( 'NONE',  ( 2.200000000000000178, -1.887379000000000174E-14, 0.0000000000000000000 ) ) ;
#5452 = VECTOR ( 'NONE', #1132, 1000.000000000000114 ) ;
#5453 = DIRECTION ( 'NONE',  ( 0.0000000000000000000, 0.0000000000000000000, -1.000000000000000000 ) ) ;
#5454 =( BOUNDED_CURVE ( )  B_SPLINE_CURVE ( 3, ( #5255, #1481, #27, #3340 ),
 .UNSPECIFIED., .F., .T. ) 
 B_SPLINE_CURVE_WITH_KNOTS ( ( 4, 4 ),
 ( 1.236241429203104092, 1.553343034274945911 ),
 .UNSPECIFIED. ) 
 CURVE ( )  GEOMETRIC_REPRESENTATION_ITEM ( )  RATIONAL_B_SPLINE_CURVE ( ( 1.000000000000000000, 0.9916380867745424599, 0.9916380867745424599, 1.000000000000000000 ) ) 
 REPRESENTATION_ITEM ( '' )  );
#5455 = EDGE_CURVE ( 'NONE', #2147, #1063, #4404, .T. ) ;
#5456 = APPROVAL_PERSON_ORGANIZATION ( #1642, #4073, #711 ) ;
#5457 = ORIENTED_EDGE ( 'NONE', *, *, #3302, .F. ) ;
#5458 = ORIENTED_EDGE ( 'NONE', *, *, #1186, .F. ) ;
#5459 = ADVANCED_FACE ( 'NONE', ( #1487 ), #4303, .T. ) ;
ENDSEC;
END-ISO-10303-21;
