ISO-10303-21;
HEADER;
FILE_DESCRIPTION (( 'STEP AP203' ),
    '1' );
FILE_NAME ('838121_Default.step',
    '2025-07-10T19:41:50',
    ( 'Windows User' ),
    ( 'AUTOMATION DIRECT' ),
    'SwSTEP 2.0',
    'SolidWorks 2024',
    '' );
FILE_SCHEMA (( 'CONFIG_CONTROL_DESIGN' ));
ENDSEC;

DATA;
#1 = DIRECTION ( 'NONE',  ( -1.000000000000000000, 0.000000000000000000, 0.000000000000000000 ) ) ;
#2 = DIRECTION ( 'NONE',  ( 0.000000000000000000, 0.000000000000000000, -1.000000000000000000 ) ) ;
#3 = EDGE_LOOP ( 'NONE', ( #1310 ) ) ;
#4 = CARTESIAN_POINT ( 'NONE',  ( 0.3096657117720860164, 0.000000000000000000, 0.000000000000000000 ) ) ;
#5 = ORIENTED_EDGE ( 'NONE', *, *, #702, .F. ) ;
#6 = EDGE_LOOP ( 'NONE', ( #857 ) ) ;
#7 = DIRECTION ( 'NONE',  ( 1.000000000000000000, 0.000000000000000000, 0.000000000000000000 ) ) ;
#8 = AXIS2_PLACEMENT_3D ( 'NONE', #1086, #2911, #1639 ) ;
#9 = ADVANCED_FACE ( 'NONE', ( #568, #2936 ), #2800, .F. ) ;
#10 = EDGE_LOOP ( 'NONE', ( #3149 ) ) ;
#11 = DIRECTION ( 'NONE',  ( 0.000000000000000000, 0.000000000000000000, -1.000000000000000000 ) ) ;
#12 = ORIENTED_EDGE ( 'NONE', *, *, #3268, .F. ) ;
#13 = AXIS2_PLACEMENT_3D ( 'NONE', #630, #2448, #128 ) ;
#14 = AXIS2_PLACEMENT_3D ( 'NONE', #1762, #2719, #3014 ) ;
#15 = DIRECTION ( 'NONE',  ( 1.000000000000000000, 0.000000000000000000, 0.000000000000000000 ) ) ;
#16 = AXIS2_PLACEMENT_3D ( 'NONE', #2090, #2908, #1067 ) ;
#17 = DIRECTION ( 'NONE',  ( 1.000000000000000000, 0.000000000000000000, 0.000000000000000000 ) ) ;
#18 = AXIS2_PLACEMENT_3D ( 'NONE', #1719, #1759, #187 ) ;
#19 = CARTESIAN_POINT ( 'NONE',  ( 19.91831842509050077, 0.000000000000000000, 0.000000000000000000 ) ) ;
#20 = DIRECTION ( 'NONE',  ( 1.000000000000000000, 0.000000000000000000, 0.000000000000000000 ) ) ;
#21 = TOROIDAL_SURFACE ( 'NONE', #1908, 14.05000000000000071, 0.1999999999999949873 ) ;
#22 = EDGE_LOOP ( 'NONE', ( #951 ) ) ;
#23 = TOROIDAL_SURFACE ( 'NONE', #2238, 14.05000000000000071, 0.2000000000000040079 ) ;
#24 = DIRECTION ( 'NONE',  ( 0.000000000000000000, 0.000000000000000000, -1.000000000000000000 ) ) ;
#25 = ORIENTED_EDGE ( 'NONE', *, *, #129, .T. ) ;
#26 = ORIENTED_EDGE ( 'NONE', *, *, #2972, .F. ) ;
#27 = FACE_OUTER_BOUND ( 'NONE', #2788, .T. ) ;
#28 = EDGE_LOOP ( 'NONE', ( #2574 ) ) ;
#29 = DIRECTION ( 'NONE',  ( 0.000000000000000000, 0.000000000000000000, -1.000000000000000000 ) ) ;
#30 = EDGE_LOOP ( 'NONE', ( #426 ) ) ;
#31 = FACE_BOUND ( 'NONE', #1668, .T. ) ;
#32 = FACE_OUTER_BOUND ( 'NONE', #2546, .T. ) ;
#33 = DIRECTION ( 'NONE',  ( 0.000000000000000000, 0.000000000000000000, -1.000000000000000000 ) ) ;
#34 = ORIENTED_EDGE ( 'NONE', *, *, #2593, .T. ) ;
#35 = FACE_BOUND ( 'NONE', #2355, .T. ) ;
#36 = ORIENTED_EDGE ( 'NONE', *, *, #3204, .F. ) ;
#37 = ORIENTED_EDGE ( 'NONE', *, *, #1089, .F. ) ;
#38 = DIRECTION ( 'NONE',  ( 0.000000000000000000, 0.000000000000000000, -1.000000000000000000 ) ) ;
#39 = CIRCLE ( 'NONE', #1927, 11.19999999999999929 ) ;
#40 = ORIENTED_EDGE ( 'NONE', *, *, #1160, .T. ) ;
#41 = DIRECTION ( 'NONE',  ( 0.000000000000000000, 0.000000000000000000, -1.000000000000000000 ) ) ;
#42 = EDGE_LOOP ( 'NONE', ( #3132 ) ) ;
#43 = DIRECTION ( 'NONE',  ( 0.000000000000000000, 0.000000000000000000, -1.000000000000000000 ) ) ;
#44 = DESIGN_CONTEXT ( 'detailed design', #1720, 'design' ) ;
#45 = VERTEX_POINT ( 'NONE', #1258 ) ;
#46 = DIRECTION ( 'NONE',  ( 1.000000000000000000, 0.000000000000000000, 0.000000000000000000 ) ) ;
#47 = AXIS2_PLACEMENT_3D ( 'NONE', #1203, #920, #3054 ) ;
#48 = FACE_OUTER_BOUND ( 'NONE', #1666, .T. ) ;
#49 = AXIS2_PLACEMENT_3D ( 'NONE', #3198, #1898, #1867 ) ;
#50 = ADVANCED_FACE ( 'NONE', ( #1380, #2894 ), #844, .F. ) ;
#51 = CARTESIAN_POINT ( 'NONE',  ( 28.50080630948530214, 0.000000000000000000, 0.000000000000000000 ) ) ;
#52 = FACE_OUTER_BOUND ( 'NONE', #2085, .T. ) ;
#53 = DIRECTION ( 'NONE',  ( 0.000000000000000000, 0.000000000000000000, -1.000000000000000000 ) ) ;
#54 = DIRECTION ( 'NONE',  ( 0.000000000000000000, 0.000000000000000000, -1.000000000000000000 ) ) ;
#55 = CC_DESIGN_PERSON_AND_ORGANIZATION_ASSIGNMENT ( #3325, #989, ( #1104 ) ) ;
#56 = ORIENTED_EDGE ( 'NONE', *, *, #597, .T. ) ;
#57 = DIRECTION ( 'NONE',  ( 0.000000000000000000, 0.000000000000000000, -1.000000000000000000 ) ) ;
#58 = TOROIDAL_SURFACE ( 'NONE', #3043, 13.85000000004199805, 0.09999999995798959651 ) ;
#59 = CARTESIAN_POINT ( 'NONE',  ( 16.11764534201390120, 0.000000000000000000, -11.19999999999999929 ) ) ;
#60 = DIRECTION ( 'NONE',  ( 1.000000000000000000, 0.000000000000000000, 0.000000000000000000 ) ) ;
#61 = AXIS2_PLACEMENT_3D ( 'NONE', #772, #20, #1581 ) ;
#62 = CIRCLE ( 'NONE', #2772, 14.25000000000000000 ) ;
#63 = DIRECTION ( 'NONE',  ( 1.000000000000000000, 0.000000000000000000, 0.000000000000000000 ) ) ;
#64 = CIRCLE ( 'NONE', #1962, 11.50000000000000000 ) ;
#65 = AXIS2_PLACEMENT_3D ( 'NONE', #2104, #2340, #2628 ) ;
#66 = CARTESIAN_POINT ( 'NONE',  ( 25.12605084836500069, 0.000000000000000000, 0.000000000000000000 ) ) ;
#67 = DIRECTION ( 'NONE',  ( 0.000000000000000000, 0.000000000000000000, -1.000000000000000000 ) ) ;
#68 = FACE_OUTER_BOUND ( 'NONE', #3276, .T. ) ;
#69 = CIRCLE ( 'NONE', #1910, 11.50000000000000000 ) ;
#70 = ORIENTED_EDGE ( 'NONE', *, *, #2099, .F. ) ;
#71 = DIRECTION ( 'NONE',  ( 0.000000000000000000, 0.000000000000000000, -1.000000000000000000 ) ) ;
#72 = ADVANCED_FACE ( 'NONE', ( #557, #2629 ), #2863, .T. ) ;
#73 = ORIENTED_EDGE ( 'NONE', *, *, #2195, .T. ) ;
#74 = DIRECTION ( 'NONE',  ( 1.000000000000000000, 0.000000000000000000, 0.000000000000000000 ) ) ;
#75 = VERTEX_POINT ( 'NONE', #546 ) ;
#76 = DIRECTION ( 'NONE',  ( 0.000000000000000000, 0.000000000000000000, -1.000000000000000000 ) ) ;
#77 = DIRECTION ( 'NONE',  ( 0.000000000000000000, 0.000000000000000000, -1.000000000000000000 ) ) ;
#78 = DIRECTION ( 'NONE',  ( 1.000000000000000000, 0.000000000000000000, 0.000000000000000000 ) ) ;
#79 = CARTESIAN_POINT ( 'NONE',  ( 28.50080630948530214, 0.000000000000000000, 0.000000000000000000 ) ) ;
#80 = EDGE_CURVE ( 'NONE', #3206, #3206, #2526, .T. ) ;
#81 = DIRECTION ( 'NONE',  ( 1.000000000000000000, 0.000000000000000000, 0.000000000000000000 ) ) ;
#82 = EDGE_LOOP ( 'NONE', ( #709 ) ) ;
#83 = EDGE_CURVE ( 'NONE', #901, #901, #2365, .T. ) ;
#84 = FACE_OUTER_BOUND ( 'NONE', #3341, .T. ) ;
#85 = ADVANCED_FACE ( 'NONE', ( #2954, #672 ), #2092, .F. ) ;
#86 = ORIENTED_EDGE ( 'NONE', *, *, #1030, .F. ) ;
#87 = CARTESIAN_POINT ( 'NONE',  ( 36.50063035507630360, 0.000000000000000000, 0.000000000000000000 ) ) ;
#88 = VERTEX_POINT ( 'NONE', #379 ) ;
#89 = DIRECTION ( 'NONE',  ( 1.000000000000000000, 0.000000000000000000, 0.000000000000000000 ) ) ;
#90 = ADVANCED_FACE ( 'NONE', ( #409, #2732 ), #1984, .T. ) ;
#91 = FACE_BOUND ( 'NONE', #3154, .T. ) ;
#92 = TOROIDAL_SURFACE ( 'NONE', #467, 11.69999999999039808, 0.1999999999903609993 ) ;
#93 = CARTESIAN_POINT ( 'NONE',  ( 31.57578363653709630, 0.000000000000000000, -14.25000000000000000 ) ) ;
#94 = DIRECTION ( 'NONE',  ( 0.000000000000000000, 0.000000000000000000, -1.000000000000000000 ) ) ;
#95 = TOROIDAL_SURFACE ( 'NONE', #2695, 11.70000000000000107, 0.4999999999999940603 ) ;
#96 = TOROIDAL_SURFACE ( 'NONE', #423, 14.05000000000000071, 0.2000000000000000111 ) ;
#97 = FACE_OUTER_BOUND ( 'NONE', #241, .T. ) ;
#98 = DIRECTION ( 'NONE',  ( 0.000000000000000000, 0.000000000000000000, -1.000000000000000000 ) ) ;
#99 = AXIS2_PLACEMENT_3D ( 'NONE', #1650, #858, #2675 ) ;
#100 = CARTESIAN_POINT ( 'NONE',  ( 40.30922582574959989, 0.000000000000000000, 0.000000000000000000 ) ) ;
#101 = DIRECTION ( 'NONE',  ( 0.000000000000000000, 0.000000000000000000, -1.000000000000000000 ) ) ;
#102 = FACE_OUTER_BOUND ( 'NONE', #2974, .T. ) ;
#103 = ORIENTED_EDGE ( 'NONE', *, *, #1549, .T. ) ;
#104 = DIRECTION ( 'NONE',  ( 0.000000000000000000, 0.000000000000000000, -1.000000000000000000 ) ) ;
#105 = VERTEX_POINT ( 'NONE', #2246 ) ;
#106 = DIRECTION ( 'NONE',  ( 0.000000000000000000, 0.000000000000000000, -1.000000000000000000 ) ) ;
#107 = CARTESIAN_POINT ( 'NONE',  ( 40.30922582574959989, 0.000000000000000000, 0.000000000000000000 ) ) ;
#108 = ADVANCED_FACE ( 'NONE', ( #424, #1681 ), #92, .F. ) ;
#109 = CARTESIAN_POINT ( 'NONE',  ( 33.12587489395600926, 0.000000000000000000, -13.85871557427280010 ) ) ;
#110 = CARTESIAN_POINT ( 'NONE',  ( 40.30922582574959989, 0.000000000000000000, 0.000000000000000000 ) ) ;
#111 = TOROIDAL_SURFACE ( 'NONE', #330, 11.70000000000000107, 0.4999999999999870104 ) ;
#112 = CONICAL_SURFACE ( 'NONE', #3106, 13.85871557431319978, 1.513166170031569946 ) ;
#113 = DIRECTION ( 'NONE',  ( 1.000000000000000000, 0.000000000000000000, 0.000000000000000000 ) ) ;
#114 = DIRECTION ( 'NONE',  ( 1.000000000000000000, 0.000000000000000000, 0.000000000000000000 ) ) ;
#115 = CIRCLE ( 'NONE', #545, 14.25000000000000000 ) ;
#116 = CIRCLE ( 'NONE', #1043, 11.65642212862620042 ) ;
#117 = FACE_BOUND ( 'NONE', #1577, .T. ) ;
#118 = DIRECTION ( 'NONE',  ( 1.000000000000000000, 0.000000000000000000, 0.000000000000000000 ) ) ;
#119 = CARTESIAN_POINT ( 'NONE',  ( 15.57613554535509870, 0.000000000000000000, 0.000000000000000000 ) ) ;
#120 = ORIENTED_EDGE ( 'NONE', *, *, #616, .F. ) ;
#121 = DIRECTION ( 'NONE',  ( 0.000000000000000000, 0.000000000000000000, 1.000000000000000000 ) ) ;
#122 = EDGE_LOOP ( 'NONE', ( #73 ) ) ;
#123 = CARTESIAN_POINT ( 'NONE',  ( 21.12613882556950173, 0.000000000000000000, -13.85871557427280010 ) ) ;
#124 = FACE_OUTER_BOUND ( 'NONE', #526, .T. ) ;
#125 = EDGE_CURVE ( 'NONE', #3277, #3277, #2310, .T. ) ;
#126 = VERTEX_POINT ( 'NONE', #109 ) ;
#127 = FACE_BOUND ( 'NONE', #792, .T. ) ;
#128 = DIRECTION ( 'NONE',  ( 0.000000000000000000, 0.000000000000000000, -1.000000000000000000 ) ) ;
#129 = EDGE_CURVE ( 'NONE', #938, #938, #1562, .T. ) ;
#130 = VERTEX_POINT ( 'NONE', #2783 ) ;
#131 = CARTESIAN_POINT ( 'NONE',  ( 24.50089428668980318, 0.000000000000000000, 0.000000000000000000 ) ) ;
#132 = CARTESIAN_POINT ( 'NONE',  ( 20.50098226448080396, 0.000000000000000000, 0.000000000000000000 ) ) ;
#133 = DIRECTION ( 'NONE',  ( 0.000000000000000000, 0.000000000000000000, -1.000000000000000000 ) ) ;
#134 = CARTESIAN_POINT ( 'NONE',  ( 27.57587161374160090, 0.000000000000000000, 0.000000000000000000 ) ) ;
#135 = EDGE_LOOP ( 'NONE', ( #756 ) ) ;
#136 = FACE_OUTER_BOUND ( 'NONE', #358, .T. ) ;
#137 = EDGE_CURVE ( 'NONE', #667, #667, #255, .T. ) ;
#138 = EDGE_LOOP ( 'NONE', ( #2557 ) ) ;
#139 = CARTESIAN_POINT ( 'NONE',  ( 23.39269335672429762, 0.000000000000000000, -13.95000000000000107 ) ) ;
#140 = FACE_OUTER_BOUND ( 'NONE', #248, .T. ) ;
#141 = VERTEX_POINT ( 'NONE', #1726 ) ;
#142 = DIRECTION ( 'NONE',  ( 0.000000000000000000, 0.000000000000000000, -1.000000000000000000 ) ) ;
#143 = AXIS2_PLACEMENT_3D ( 'NONE', #1090, #2403, #24 ) ;
#144 = EDGE_CURVE ( 'NONE', #1149, #1149, #3299, .T. ) ;
#145 = DIRECTION ( 'NONE',  ( 0.000000000000000000, 0.000000000000000000, -1.000000000000000000 ) ) ;
#146 = VERTEX_POINT ( 'NONE', #1223 ) ;
#147 = CARTESIAN_POINT ( 'NONE',  ( 25.04240408334860035, 0.000000000000000000, 0.000000000000000000 ) ) ;
#148 = CARTESIAN_POINT ( 'NONE',  ( 37.22540638656219869, 0.000000000000000000, 0.000000000000000000 ) ) ;
#149 = AXIS2_PLACEMENT_3D ( 'NONE', #1811, #1825, #1045 ) ;
#150 = AXIS2_PLACEMENT_3D ( 'NONE', #1797, #1031, #2865 ) ;
#151 = CARTESIAN_POINT ( 'NONE',  ( 7.918582356703960379, 0.000000000000000000, 0.000000000000000000 ) ) ;
#152 = DIRECTION ( 'NONE',  ( 0.000000000000000000, 0.000000000000000000, -1.000000000000000000 ) ) ;
#153 = ORIENTED_EDGE ( 'NONE', *, *, #885, .F. ) ;
#154 = FACE_BOUND ( 'NONE', #226, .T. ) ;
#155 = EDGE_LOOP ( 'NONE', ( #244 ) ) ;
#156 = VERTEX_POINT ( 'NONE', #608 ) ;
#157 = FACE_BOUND ( 'NONE', #2155, .T. ) ;
#158 = ORIENTED_EDGE ( 'NONE', *, *, #2366, .F. ) ;
#159 = ADVANCED_FACE ( 'NONE', ( #1463, #1735 ), #618, .T. ) ;
#160 = VERTEX_POINT ( 'NONE', #1691 ) ;
#161 = DIRECTION ( 'NONE',  ( 1.000000000000000000, 0.000000000000000000, 0.000000000000000000 ) ) ;
#162 = CIRCLE ( 'NONE', #3159, 14.06743114854949894 ) ;
#163 = DIRECTION ( 'NONE',  ( 0.000000000000000000, 0.000000000000000000, -1.000000000000000000 ) ) ;
#164 = VERTEX_POINT ( 'NONE', #1461 ) ;
#165 = FACE_OUTER_BOUND ( 'NONE', #1178, .T. ) ;
#166 = EDGE_CURVE ( 'NONE', #626, #626, #2415, .T. ) ;
#167 = AXIS2_PLACEMENT_3D ( 'NONE', #2963, #3225, #1610 ) ;
#168 = TOROIDAL_SURFACE ( 'NONE', #1803, 11.69999999999039808, 0.1999999999903470105 ) ;
#169 = CARTESIAN_POINT ( 'NONE',  ( 3.393133242746789957, 0.000000000000000000, 0.000000000000000000 ) ) ;
#170 = CARTESIAN_POINT ( 'NONE',  ( 16.84334109813919866, 0.000000000000000000, 0.000000000000000000 ) ) ;
#171 = EDGE_LOOP ( 'NONE', ( #3172 ) ) ;
#172 = CARTESIAN_POINT ( 'NONE',  ( 32.50071833228080465, 0.000000000000000000, 0.000000000000000000 ) ) ;
#173 = EDGE_LOOP ( 'NONE', ( #231 ) ) ;
#174 = CARTESIAN_POINT ( 'NONE',  ( 4.117909273494039901, 0.000000000000000000, -11.50000000000000000 ) ) ;
#175 = FACE_OUTER_BOUND ( 'NONE', #2048, .T. ) ;
#176 = EDGE_LOOP ( 'NONE', ( #2921 ) ) ;
#177 = VERTEX_POINT ( 'NONE', #2518 ) ;
#178 = AXIS2_PLACEMENT_3D ( 'NONE', #252, #1768, #1479 ) ;
#179 = CARTESIAN_POINT ( 'NONE',  ( 17.22584627258470036, 0.000000000000000000, 0.000000000000000000 ) ) ;
#180 = DIRECTION ( 'NONE',  ( 0.000000000000000000, 0.000000000000000000, -1.000000000000000000 ) ) ;
#181 = CARTESIAN_POINT ( 'NONE',  ( 9.226022226993700670, 0.000000000000000000, -13.95000000000000107 ) ) ;
#182 = FACE_OUTER_BOUND ( 'NONE', #2799, .T. ) ;
#183 = EDGE_LOOP ( 'NONE', ( #1436 ) ) ;
#184 = ADVANCED_FACE ( 'NONE', ( #1981, #1158 ), #2185, .F. ) ;
#185 = DIRECTION ( 'NONE',  ( 0.000000000000000000, 0.000000000000000000, -1.000000000000000000 ) ) ;
#186 = ORIENTED_EDGE ( 'NONE', *, *, #443, .T. ) ;
#187 = DIRECTION ( 'NONE',  ( 0.000000000000000000, 0.000000000000000000, -1.000000000000000000 ) ) ;
#188 = ADVANCED_FACE ( 'NONE', ( #1211, #1930 ), #3008, .T. ) ;
#189 = EDGE_CURVE ( 'NONE', #365, #365, #1829, .T. ) ;
#190 = EDGE_LOOP ( 'NONE', ( #2681 ) ) ;
#191 = PERSON_AND_ORGANIZATION ( #3363, #1808 ) ;
#192 = DIRECTION ( 'NONE',  ( 1.000000000000000000, 0.000000000000000000, 0.000000000000000000 ) ) ;
#193 = ORIENTED_EDGE ( 'NONE', *, *, #1254, .F. ) ;
#194 = CARTESIAN_POINT ( 'NONE',  ( 7.393045265542289357, 0.000000000000000000, -13.95000000000000107 ) ) ;
#195 = EDGE_CURVE ( 'NONE', #126, #126, #3240, .T. ) ;
#196 = FACE_OUTER_BOUND ( 'NONE', #2258, .T. ) ;
#197 = FACE_BOUND ( 'NONE', #222, .T. ) ;
#198 = CARTESIAN_POINT ( 'NONE',  ( 37.04214015173510433, 0.000000000000000000, -14.25000000000000000 ) ) ;
#199 = DIRECTION ( 'NONE',  ( 1.000000000000000000, 0.000000000000000000, 0.000000000000000000 ) ) ;
#200 = AXIS2_PLACEMENT_3D ( 'NONE', #831, #3197, #3135 ) ;
#201 = ADVANCED_FACE ( 'NONE', ( #2220, #3267 ), #1716, .F. ) ;
#202 = FACE_OUTER_BOUND ( 'NONE', #3365, .T. ) ;
#203 = EDGE_LOOP ( 'NONE', ( #2052 ) ) ;
#204 = EDGE_LOOP ( 'NONE', ( #534 ) ) ;
#205 = CIRCLE ( 'NONE', #422, 11.19999999999999929 ) ;
#206 = CIRCLE ( 'NONE', #3143, 14.25000000000000000 ) ;
#207 = ORIENTED_EDGE ( 'NONE', *, *, #1873, .F. ) ;
#208 = SECURITY_CLASSIFICATION_LEVEL ( 'unclassified' ) ;
#209 = CARTESIAN_POINT ( 'NONE',  ( 7.492664735208540705, 0.000000000000000000, 0.000000000000000000 ) ) ;
#210 = ORIENTED_EDGE ( 'NONE', *, *, #789, .T. ) ;
#211 = CIRCLE ( 'NONE', #633, 11.68256885140240087 ) ;
#212 = CARTESIAN_POINT ( 'NONE',  ( 28.11738141040039807, 0.000000000000000000, -11.19999999999999929 ) ) ;
#213 = DIRECTION ( 'NONE',  ( 0.000000000000000000, 0.000000000000000000, -1.000000000000000000 ) ) ;
#214 = DIRECTION ( 'NONE',  ( 1.000000000000000000, 0.000000000000000000, 0.000000000000000000 ) ) ;
#215 = CARTESIAN_POINT ( 'NONE',  ( 32.11729343306249262, 0.000000000000000000, -11.50000000000000000 ) ) ;
#216 = FACE_OUTER_BOUND ( 'NONE', #171, .T. ) ;
#217 = ORIENTED_EDGE ( 'NONE', *, *, #1993, .F. ) ;
#218 = AXIS2_PLACEMENT_3D ( 'NONE', #1048, #560, #43 ) ;
#219 = CARTESIAN_POINT ( 'NONE',  ( 31.39251740231529908, 0.000000000000000000, 0.000000000000000000 ) ) ;
#220 = AXIS2_PLACEMENT_3D ( 'NONE', #1654, #1608, #839 ) ;
#221 = AXIS2_PLACEMENT_3D ( 'NONE', #1708, #1975, #1958 ) ;
#222 = EDGE_LOOP ( 'NONE', ( #2270 ) ) ;
#223 = EDGE_LOOP ( 'NONE', ( #2838 ) ) ;
#224 = CIRCLE ( 'NONE', #279, 11.19999999999999929 ) ;
#225 = CIRCLE ( 'NONE', #1206, 14.06743114854949894 ) ;
#226 = EDGE_LOOP ( 'NONE', ( #40 ) ) ;
#227 = APPROVAL_STATUS ( 'not_yet_approved' ) ;
#229 = EDGE_CURVE ( 'NONE', #867, #867, #730, .T. ) ;
#228 = DIRECTION ( 'NONE',  ( -1.000000000000000000, 0.000000000000000000, 0.000000000000000000 ) ) ;
#230 = CIRCLE ( 'NONE', #3164, 11.68256885144159973 ) ;
#231 = ORIENTED_EDGE ( 'NONE', *, *, #850, .T. ) ;
#232 = AXIS2_PLACEMENT_3D ( 'NONE', #1838, #320, #3100 ) ;
#233 = VERTEX_POINT ( 'NONE', #2295 ) ;
#234 = AXIS2_PLACEMENT_3D ( 'NONE', #1392, #2199, #1661 ) ;
#235 = TOROIDAL_SURFACE ( 'NONE', #1432, 11.69999999999039808, 0.1999999999903619985 ) ;
#236 = FACE_OUTER_BOUND ( 'NONE', #2343, .T. ) ;
#237 = CONICAL_SURFACE ( 'NONE', #927, 11.65642212862609917, 1.513166169821940077 ) ;
#238 = FACE_OUTER_BOUND ( 'NONE', #2776, .T. ) ;
#239 = CARTESIAN_POINT ( 'NONE',  ( 21.04249206055310140, 0.000000000000000000, -14.25000000000000000 ) ) ;
#240 = DIRECTION ( 'NONE',  ( 0.000000000000000000, 0.000000000000000000, -1.000000000000000000 ) ) ;
#241 = EDGE_LOOP ( 'NONE', ( #2660 ) ) ;
#242 = FACE_BOUND ( 'NONE', #1213, .T. ) ;
#243 = EDGE_LOOP ( 'NONE', ( #2289 ) ) ;
#244 = ORIENTED_EDGE ( 'NONE', *, *, #1087, .T. ) ;
#245 = CARTESIAN_POINT ( 'NONE',  ( 35.57569565933260236, 0.000000000000000000, 0.000000000000000000 ) ) ;
#246 = ORIENTED_EDGE ( 'NONE', *, *, #1277, .F. ) ;
#247 = CARTESIAN_POINT ( 'NONE',  ( 13.22593424978920140, 0.000000000000000000, 0.000000000000000000 ) ) ;
#248 = EDGE_LOOP ( 'NONE', ( #1495 ) ) ;
#249 = VERTEX_POINT ( 'NONE', #212 ) ;
#250 = DIRECTION ( 'NONE',  ( 1.000000000000000000, 0.000000000000000000, 0.000000000000000000 ) ) ;
#251 = CARTESIAN_POINT ( 'NONE',  ( 11.91849437949949930, 0.000000000000000000, 0.000000000000000000 ) ) ;
#252 = CARTESIAN_POINT ( 'NONE',  ( 27.57587161374160090, 0.000000000000000000, 0.000000000000000000 ) ) ;
#253 = ORIENTED_EDGE ( 'NONE', *, *, #2967, .T. ) ;
#254 = ADVANCED_FACE ( 'NONE', ( #705, #256 ), #1074, .T. ) ;
#255 = CIRCLE ( 'NONE', #2912, 11.65642212862620042 ) ;
#256 = FACE_OUTER_BOUND ( 'NONE', #1034, .T. ) ;
#257 = EDGE_LOOP ( 'NONE', ( #2378 ) ) ;
#258 = ADVANCED_FACE ( 'NONE', ( #775, #1819 ), #894, .T. ) ;
#259 = ORIENTED_EDGE ( 'NONE', *, *, #2967, .F. ) ;
#260 = AXIS2_PLACEMENT_3D ( 'NONE', #719, #1513, #2303 ) ;
#261 = FACE_OUTER_BOUND ( 'NONE', #675, .T. ) ;
#262 = EDGE_LOOP ( 'NONE', ( #2956 ) ) ;
#263 = CYLINDRICAL_SURFACE ( 'NONE', #1786, 11.19999999999999929 ) ;
#264 = EDGE_CURVE ( 'NONE', #1940, #1940, #39, .T. ) ;
#265 = ORIENTED_EDGE ( 'NONE', *, *, #1664, .F. ) ;
#266 = DIRECTION ( 'NONE',  ( -1.000000000000000000, 0.000000000000000000, 0.000000000000000000 ) ) ;
#267 = TOROIDAL_SURFACE ( 'NONE', #1132, 14.05000000000000071, 0.1999999999999939881 ) ;
#268 = DIRECTION ( 'NONE',  ( 0.000000000000000000, 0.000000000000000000, -1.000000000000000000 ) ) ;
#269 = DIRECTION ( 'NONE',  ( 0.000000000000000000, 0.000000000000000000, -1.000000000000000000 ) ) ;
#270 = ORIENTED_EDGE ( 'NONE', *, *, #3007, .F. ) ;
#271 = FACE_OUTER_BOUND ( 'NONE', #2139, .T. ) ;
#272 = EDGE_LOOP ( 'NONE', ( #1718 ) ) ;
#273 = ORIENTED_EDGE ( 'NONE', *, *, #83, .T. ) ;
#274 = FACE_OUTER_BOUND ( 'NONE', #962, .T. ) ;
#275 = AXIS2_PLACEMENT_3D ( 'NONE', #2667, #881, #1920 ) ;
#276 = ORIENTED_EDGE ( 'NONE', *, *, #144, .F. ) ;
#277 = CARTESIAN_POINT ( 'NONE',  ( 33.04222812893960537, 0.000000000000000000, 0.000000000000000000 ) ) ;
#278 = EDGE_LOOP ( 'NONE', ( #984 ) ) ;
#279 = AXIS2_PLACEMENT_3D ( 'NONE', #2252, #699, #1491 ) ;
#280 = DIRECTION ( 'NONE',  ( 1.000000000000000000, 0.000000000000000000, 0.000000000000000000 ) ) ;
#281 = CIRCLE ( 'NONE', #971, 11.65642212862609917 ) ;
#282 = FACE_OUTER_BOUND ( 'NONE', #1517, .T. ) ;
#283 = AXIS2_PLACEMENT_3D ( 'NONE', #1496, #2290, #1268 ) ;
#284 = AXIS2_PLACEMENT_3D ( 'NONE', #2843, #3169, #2053 ) ;
#285 = CARTESIAN_POINT ( 'NONE',  ( 40.30922582574959989, 0.000000000000000000, 0.000000000000000000 ) ) ;
#286 = DIRECTION ( 'NONE',  ( 1.000000000000000000, 0.000000000000000000, 0.000000000000000000 ) ) ;
#287 = AXIS2_PLACEMENT_3D ( 'NONE', #1722, #2544, #2808 ) ;
#288 = CIRCLE ( 'NONE', #2999, 11.65642212862609917 ) ;
#289 = ORIENTED_EDGE ( 'NONE', *, *, #264, .F. ) ;
#290 = FACE_OUTER_BOUND ( 'NONE', #3357, .T. ) ;
#291 = EDGE_LOOP ( 'NONE', ( #1899 ) ) ;
#292 = ORIENTED_EDGE ( 'NONE', *, *, #3019, .F. ) ;
#293 = EDGE_LOOP ( 'NONE', ( #1002 ) ) ;
#294 = CARTESIAN_POINT ( 'NONE',  ( 40.30922582574959989, 0.000000000000000000, 0.000000000000000000 ) ) ;
#295 = ORIENTED_EDGE ( 'NONE', *, *, #1664, .T. ) ;
#296 = EDGE_CURVE ( 'NONE', #1977, #1977, #1611, .T. ) ;
#297 = ADVANCED_FACE ( 'NONE', ( #3063, #2050 ), #2467, .F. ) ;
#298 = VERTEX_POINT ( 'NONE', #3058 ) ;
#299 = FACE_OUTER_BOUND ( 'NONE', #2346, .T. ) ;
#300 = ADVANCED_FACE ( 'NONE', ( #2590, #1000 ), #1294, .F. ) ;
#301 = DIRECTION ( 'NONE',  ( 1.000000000000000000, 0.000000000000000000, 0.000000000000000000 ) ) ;
#302 = EDGE_LOOP ( 'NONE', ( #1983 ) ) ;
#303 = CC_DESIGN_PERSON_AND_ORGANIZATION_ASSIGNMENT ( #2515, #2005, ( #1365 ) ) ;
#304 = DIRECTION ( 'NONE',  ( 1.000000000000000000, 0.000000000000000000, 0.000000000000000000 ) ) ;
#305 = FACE_OUTER_BOUND ( 'NONE', #493, .T. ) ;
#306 = AXIS2_PLACEMENT_3D ( 'NONE', #2406, #2420, #101 ) ;
#307 = DIRECTION ( 'NONE',  ( 0.000000000000000000, 0.000000000000000000, -1.000000000000000000 ) ) ;
#308 = DIRECTION ( 'NONE',  ( 0.000000000000000000, 0.000000000000000000, -1.000000000000000000 ) ) ;
#309 = EDGE_LOOP ( 'NONE', ( #1076 ) ) ;
#310 = AXIS2_PLACEMENT_3D ( 'NONE', #1378, #1109, #3131 ) ;
#311 = DIRECTION ( 'NONE',  ( 0.000000000000000000, 0.000000000000000000, -1.000000000000000000 ) ) ;
#312 = VERTEX_POINT ( 'NONE', #1354 ) ;
#313 = CARTESIAN_POINT ( 'NONE',  ( 31.49213687198149714, 0.000000000000000000, 0.000000000000000000 ) ) ;
#314 = ADVANCED_FACE ( 'NONE', ( #1804, #202 ), #2269, .F. ) ;
#315 = AXIS2_PLACEMENT_3D ( 'NONE', #2565, #1006, #29 ) ;
#316 = AXIS2_PLACEMENT_3D ( 'NONE', #3231, #961, #152 ) ;
#317 = DIRECTION ( 'NONE',  ( 1.000000000000000000, 0.000000000000000000, 0.000000000000000000 ) ) ;
#318 = EDGE_CURVE ( 'NONE', #1674, #1674, #3083, .T. ) ;
#319 = DIRECTION ( 'NONE',  ( 0.000000000000000000, 0.000000000000000000, -1.000000000000000000 ) ) ;
#320 = DIRECTION ( 'NONE',  ( 1.000000000000000000, 0.000000000000000000, 0.000000000000000000 ) ) ;
#321 = EDGE_CURVE ( 'NONE', #3239, #3239, #899, .T. ) ;
#322 = ORIENTED_EDGE ( 'NONE', *, *, #2740, .F. ) ;
#323 = CARTESIAN_POINT ( 'NONE',  ( 9.226022226993700670, 0.000000000000000000, 0.000000000000000000 ) ) ;
#324 = EDGE_LOOP ( 'NONE', ( #893 ) ) ;
#325 = DIRECTION ( 'NONE',  ( 0.000000000000000000, 0.000000000000000000, -1.000000000000000000 ) ) ;
#326 = CONICAL_SURFACE ( 'NONE', #2649, 11.68256885144159973, 1.510893165155730022 ) ;
#327 = EDGE_CURVE ( 'NONE', #160, #160, #2582, .T. ) ;
#328 = CARTESIAN_POINT ( 'NONE',  ( 40.11711747865349764, 0.000000000000000000, -11.50000000000000000 ) ) ;
#329 = CIRCLE ( 'NONE', #13, 11.50000000000000000 ) ;
#330 = AXIS2_PLACEMENT_3D ( 'NONE', #787, #350, #2606 ) ;
#331 = TOROIDAL_SURFACE ( 'NONE', #2656, 13.85000000004199805, 0.09999999995798959651 ) ;
#332 = ADVANCED_FACE ( 'NONE', ( #1265, #1036 ), #1297, .T. ) ;
#333 = AXIS2_PLACEMENT_3D ( 'NONE', #1127, #1684, #2715 ) ;
#334 = CARTESIAN_POINT ( 'NONE',  ( 19.49240080359500027, 0.000000000000000000, 0.000000000000000000 ) ) ;
#335 = AXIS2_PLACEMENT_3D ( 'NONE', #758, #7, #1556 ) ;
#336 = EDGE_CURVE ( 'NONE', #2461, #2461, #2201, .T. ) ;
#337 = DIRECTION ( 'NONE',  ( 0.000000000000000000, 0.000000000000000000, 1.000000000000000000 ) ) ;
#338 = APPROVAL_PERSON_ORGANIZATION ( #2791, #1695, #461 ) ;
#339 = CARTESIAN_POINT ( 'NONE',  ( 7.393045265441219982, 0.000000000000000000, 0.000000000000000000 ) ) ;
#340 = ADVANCED_FACE ( 'NONE', ( #242, #1225 ), #2367, .F. ) ;
#341 = EDGE_CURVE ( 'NONE', #2979, #2979, #1454, .T. ) ;
#342 = FACE_OUTER_BOUND ( 'NONE', #541, .T. ) ;
#343 = TOROIDAL_SURFACE ( 'NONE', #2665, 13.85000000004199805, 0.09999999995798959651 ) ;
#344 = CARTESIAN_POINT ( 'NONE',  ( 36.50063035566280689, 0.000000000000000000, 0.000000000000000000 ) ) ;
#345 = CARTESIAN_POINT ( 'NONE',  ( 40.30922582574959989, 0.000000000000000000, 0.000000000000000000 ) ) ;
#346 = ORIENTED_EDGE ( 'NONE', *, *, #726, .F. ) ;
#347 = FACE_OUTER_BOUND ( 'NONE', #10, .T. ) ;
#348 = CARTESIAN_POINT ( 'NONE',  ( 0.9995194989626530191, 0.000000000000000000, -11.65642212862609917 ) ) ;
#349 = DIRECTION ( 'NONE',  ( 0.000000000000000000, 0.000000000000000000, -1.000000000000000000 ) ) ;
#350 = DIRECTION ( 'NONE',  ( 1.000000000000000000, 0.000000000000000000, 0.000000000000000000 ) ) ;
#351 = CARTESIAN_POINT ( 'NONE',  ( 9.042755992166549461, 0.000000000000000000, -14.25000000000000000 ) ) ;
#352 = CARTESIAN_POINT ( 'NONE',  ( 27.39260537941870055, 0.000000000000000000, 0.000000000000000000 ) ) ;
#353 = CARTESIAN_POINT ( 'NONE',  ( 20.84325312093469762, 0.000000000000000000, 0.000000000000000000 ) ) ;
#354 = DIRECTION ( 'NONE',  ( 1.000000000000000000, 0.000000000000000000, 0.000000000000000000 ) ) ;
#355 = FACE_OUTER_BOUND ( 'NONE', #3301, .T. ) ;
#356 = EDGE_LOOP ( 'NONE', ( #533 ) ) ;
#357 = DIRECTION ( 'NONE',  ( 1.000000000000000000, 0.000000000000000000, 0.000000000000000000 ) ) ;
#358 = EDGE_LOOP ( 'NONE', ( #2701 ) ) ;
#359 = DIRECTION ( 'NONE',  ( 1.000000000000000000, 0.000000000000000000, 0.000000000000000000 ) ) ;
#360 = VERTEX_POINT ( 'NONE', #2942 ) ;
#361 = CARTESIAN_POINT ( 'NONE',  ( 7.775550439382420187, 0.000000000000000000, 0.000000000000000000 ) ) ;
#362 = CYLINDRICAL_SURFACE ( 'NONE', #1204, 13.95000000000000107 ) ;
#363 = AXIS2_PLACEMENT_3D ( 'NONE', #151, #2169, #908 ) ;
#364 = ORIENTED_EDGE ( 'NONE', *, *, #2890, .T. ) ;
#365 = VERTEX_POINT ( 'NONE', #1711 ) ;
#366 = CARTESIAN_POINT ( 'NONE',  ( 12.11773331910820062, 0.000000000000000000, 0.000000000000000000 ) ) ;
#367 = EDGE_CURVE ( 'NONE', #1201, #1201, #2913, .T. ) ;
#368 = AXIS2_PLACEMENT_3D ( 'NONE', #410, #1212, #637 ) ;
#369 = DIRECTION ( 'NONE',  ( 1.000000000000000000, 0.000000000000000000, 0.000000000000000000 ) ) ;
#370 = FACE_OUTER_BOUND ( 'NONE', #2438, .T. ) ;
#371 = AXIS2_PLACEMENT_3D ( 'NONE', #892, #657, #395 ) ;
#372 = FACE_BOUND ( 'NONE', #2026, .T. ) ;
#373 = EDGE_CURVE ( 'NONE', #2723, #2723, #3190, .T. ) ;
#374 = CARTESIAN_POINT ( 'NONE',  ( 40.30922582574959989, 0.000000000000000000, 0.000000000000000000 ) ) ;
#375 = FACE_OUTER_BOUND ( 'NONE', #2065, .T. ) ;
#376 = ORIENTED_EDGE ( 'NONE', *, *, #2605, .T. ) ;
#377 = CARTESIAN_POINT ( 'NONE',  ( 21.12613882556950173, 0.000000000000000000, 0.000000000000000000 ) ) ;
#378 = EDGE_LOOP ( 'NONE', ( #1554 ) ) ;
#379 = CARTESIAN_POINT ( 'NONE',  ( 24.11746938747149827, 0.000000000000000000, -11.50000000000000000 ) ) ;
#380 = CARTESIAN_POINT ( 'NONE',  ( 40.30922582574959989, 0.000000000000000000, 0.000000000000000000 ) ) ;
#381 = DIRECTION ( 'NONE',  ( -1.000000000000000000, 0.000000000000000000, 0.000000000000000000 ) ) ;
#382 = ORIENTED_EDGE ( 'NONE', *, *, #1731, .T. ) ;
#383 = AXIS2_PLACEMENT_3D ( 'NONE', #1844, #266, #1311 ) ;
#384 = CARTESIAN_POINT ( 'NONE',  ( 27.61928406135450231, 0.000000000000000000, -11.65642212862609917 ) ) ;
#385 = CIRCLE ( 'NONE', #275, 13.85871557431319978 ) ;
#386 = DIRECTION ( 'NONE',  ( -1.000000000000000000, 0.000000000000000000, 0.000000000000000000 ) ) ;
#387 = AXIS2_PLACEMENT_3D ( 'NONE', #2298, #2624, #2850 ) ;
#388 = DIRECTION ( 'NONE',  ( 1.000000000000000000, 0.000000000000000000, 0.000000000000000000 ) ) ;
#389 = VERTEX_POINT ( 'NONE', #198 ) ;
#390 = DIRECTION ( 'NONE',  ( 1.000000000000000000, 0.000000000000000000, 0.000000000000000000 ) ) ;
#391 = AXIS2_PLACEMENT_3D ( 'NONE', #798, #515, #57 ) ;
#392 = TOROIDAL_SURFACE ( 'NONE', #333, 11.70000000000000107, 0.5000000000000000000 ) ;
#393 = ADVANCED_FACE ( 'NONE', ( #1877, #3194 ), #2044, .T. ) ;
#394 = FACE_OUTER_BOUND ( 'NONE', #2807, .T. ) ;
#395 = DIRECTION ( 'NONE',  ( 0.000000000000000000, 0.000000000000000000, -1.000000000000000000 ) ) ;
#396 = EDGE_LOOP ( 'NONE', ( #2824 ) ) ;
#397 = CC_DESIGN_SECURITY_CLASSIFICATION ( #1104, ( #2072 ) ) ;
#398 = FACE_OUTER_BOUND ( 'NONE', #3015, .T. ) ;
#399 = ORIENTED_EDGE ( 'NONE', *, *, #3334, .F. ) ;
#400 = VERTEX_POINT ( 'NONE', #2458 ) ;
#401 = DIRECTION ( 'NONE',  ( 0.000000000000000000, 0.000000000000000000, -1.000000000000000000 ) ) ;
#402 = ADVANCED_FACE ( 'NONE', ( #2150, #1347 ), #1014, .T. ) ;
#403 = CARTESIAN_POINT ( 'NONE',  ( 20.11755736480940016, 0.000000000000000000, -11.19999999999999929 ) ) ;
#404 = FACE_OUTER_BOUND ( 'NONE', #378, .T. ) ;
#405 = DIRECTION ( 'NONE',  ( 0.000000000000000000, 0.000000000000000000, -1.000000000000000000 ) ) ;
#406 = VERTEX_POINT ( 'NONE', #2982 ) ;
#407 = DIRECTION ( 'NONE',  ( 1.000000000000000000, 0.000000000000000000, 0.000000000000000000 ) ) ;
#408 = CARTESIAN_POINT ( 'NONE',  ( 23.91823044788599972, 0.000000000000000000, 0.000000000000000000 ) ) ;
#409 = FACE_OUTER_BOUND ( 'NONE', #2097, .T. ) ;
#410 = CARTESIAN_POINT ( 'NONE',  ( 39.57560768212810132, 0.000000000000000000, 0.000000000000000000 ) ) ;
#411 = ORIENTED_EDGE ( 'NONE', *, *, #1626, .T. ) ;
#412 = DIRECTION ( 'NONE',  ( 1.000000000000000000, 0.000000000000000000, 0.000000000000000000 ) ) ;
#413 = ORIENTED_EDGE ( 'NONE', *, *, #972, .T. ) ;
#414 = CARTESIAN_POINT ( 'NONE',  ( 35.39242942511080514, 0.000000000000000000, -13.95000000000000107 ) ) ;
#415 = DIRECTION ( 'NONE',  ( 1.000000000000000000, 0.000000000000000000, 0.000000000000000000 ) ) ;
#416 = ORIENTED_EDGE ( 'NONE', *, *, #336, .T. ) ;
#417 = VERTEX_POINT ( 'NONE', #697 ) ;
#418 = DIRECTION ( 'NONE',  ( 1.000000000000000000, 0.000000000000000000, 0.000000000000000000 ) ) ;
#419 = DIRECTION ( 'NONE',  ( 0.000000000000000000, 0.000000000000000000, -1.000000000000000000 ) ) ;
#420 = VERTEX_POINT ( 'NONE', #3021 ) ;
#421 = FACE_OUTER_BOUND ( 'NONE', #2790, .T. ) ;
#422 = AXIS2_PLACEMENT_3D ( 'NONE', #780, #3104, #3124 ) ;
#423 = AXIS2_PLACEMENT_3D ( 'NONE', #465, #2011, #213 ) ;
#424 = FACE_OUTER_BOUND ( 'NONE', #1018, .T. ) ;
#425 = CARTESIAN_POINT ( 'NONE',  ( 5.042843969371060275, 0.000000000000000000, 0.000000000000000000 ) ) ;
#426 = ORIENTED_EDGE ( 'NONE', *, *, #1878, .F. ) ;
#427 = DIRECTION ( 'NONE',  ( 0.000000000000000000, 0.000000000000000000, -1.000000000000000000 ) ) ;
#428 = ORIENTED_EDGE ( 'NONE', *, *, #2851, .T. ) ;
#429 = CARTESIAN_POINT ( 'NONE',  ( 4.999431521758159747, 0.000000000000000000, 0.000000000000000000 ) ) ;
#430 = ORIENTED_EDGE ( 'NONE', *, *, #1830, .T. ) ;
#431 = CARTESIAN_POINT ( 'NONE',  ( 0.8436930069572050606, 0.000000000000000000, -14.06743114854949894 ) ) ;
#432 = CARTESIAN_POINT ( 'NONE',  ( 8.501246195507780712, 0.000000000000000000, 0.000000000000000000 ) ) ;
#433 = DIRECTION ( 'NONE',  ( 0.000000000000000000, 0.000000000000000000, -1.000000000000000000 ) ) ;
#434 = CARTESIAN_POINT ( 'NONE',  ( 31.91805449347699764, 0.000000000000000000, -11.68256885144159973 ) ) ;
#435 = DIRECTION ( 'NONE',  ( -1.000000000000000000, 0.000000000000000000, 0.000000000000000000 ) ) ;
#436 = AXIS2_PLACEMENT_3D ( 'NONE', #2536, #3074, #669 ) ;
#437 = CIRCLE ( 'NONE', #61, 14.25000000000000000 ) ;
#438 = ADVANCED_FACE ( 'NONE', ( #1613, #2117 ), #1781, .F. ) ;
#439 = EDGE_CURVE ( 'NONE', #1406, #1406, #3359, .T. ) ;
#440 = AXIS2_PLACEMENT_3D ( 'NONE', #3342, #2513, #986 ) ;
#441 = DIRECTION ( 'NONE',  ( 0.000000000000000000, 0.000000000000000000, -1.000000000000000000 ) ) ;
#442 = EDGE_LOOP ( 'NONE', ( #2294 ) ) ;
#443 = EDGE_CURVE ( 'NONE', #1907, #1907, #3023, .T. ) ;
#444 = CARTESIAN_POINT ( 'NONE',  ( 23.49231282639050278, 0.000000000000000000, 0.000000000000000000 ) ) ;
#445 = AXIS2_PLACEMENT_3D ( 'NONE', #536, #1041, #1320 ) ;
#446 = EDGE_LOOP ( 'NONE', ( #1267 ) ) ;
#447 = DIRECTION ( 'NONE',  ( 1.000000000000000000, 0.000000000000000000, 0.000000000000000000 ) ) ;
#448 = ORIENTED_EDGE ( 'NONE', *, *, #2200, .T. ) ;
#449 = VERTEX_POINT ( 'NONE', #483 ) ;
#450 = AXIS2_PLACEMENT_3D ( 'NONE', #1033, #2556, #240 ) ;
#451 = DIRECTION ( 'NONE',  ( 0.000000000000000000, 0.000000000000000000, -1.000000000000000000 ) ) ;
#452 = EDGE_CURVE ( 'NONE', #2163, #2163, #1724, .T. ) ;
#453 = DIRECTION ( 'NONE',  ( -1.000000000000000000, 0.000000000000000000, 0.000000000000000000 ) ) ;
#454 = VERTEX_POINT ( 'NONE', #925 ) ;
#455 = FACE_OUTER_BOUND ( 'NONE', #1404, .T. ) ;
#456 = ORIENTED_EDGE ( 'NONE', *, *, #1423, .F. ) ;
#457 = ORIENTED_EDGE ( 'NONE', *, *, #2644, .T. ) ;
#458 = DIRECTION ( 'NONE',  ( 0.000000000000000000, 0.000000000000000000, -1.000000000000000000 ) ) ;
#459 = ADVANCED_FACE ( 'NONE', ( #290, #1333 ), #471, .T. ) ;
#460 = ORIENTED_EDGE ( 'NONE', *, *, #1391, .T. ) ;
#461 = APPROVAL_ROLE ( '' ) ;
#462 = DIRECTION ( 'NONE',  ( 1.000000000000000000, 0.000000000000000000, 0.000000000000000000 ) ) ;
#463 = EDGE_LOOP ( 'NONE', ( #720 ) ) ;
#464 = VERTEX_POINT ( 'NONE', #2532 ) ;
#465 = CARTESIAN_POINT ( 'NONE',  ( 1.042931946575560209, 0.000000000000000000, 0.000000000000000000 ) ) ;
#466 = CC_DESIGN_DATE_AND_TIME_ASSIGNMENT ( #2905, #2895, ( #1104 ) ) ;
#467 = AXIS2_PLACEMENT_3D ( 'NONE', #656, #118, #2240 ) ;
#468 = CYLINDRICAL_SURFACE ( 'NONE', #755, 13.95000000000000107 ) ;
#469 = VERTEX_POINT ( 'NONE', #328 ) ;
#470 = DIRECTION ( 'NONE',  ( 0.000000000000000000, 0.000000000000000000, -1.000000000000000000 ) ) ;
#471 = TOROIDAL_SURFACE ( 'NONE', #310, 14.05000000000000071, 0.2000000000000040079 ) ;
#472 = ORIENTED_EDGE ( 'NONE', *, *, #296, .T. ) ;
#473 = DIRECTION ( 'NONE',  ( 0.000000000000000000, 0.000000000000000000, -1.000000000000000000 ) ) ;
#474 = ORIENTED_EDGE ( 'NONE', *, *, #1524, .T. ) ;
#475 = ORIENTED_EDGE ( 'NONE', *, *, #1371, .F. ) ;
#476 = AXIS2_PLACEMENT_3D ( 'NONE', #2074, #2275, #1272 ) ;
#477 = DIRECTION ( 'NONE',  ( 0.000000000000000000, 0.000000000000000000, -1.000000000000000000 ) ) ;
#478 = CIRCLE ( 'NONE', #1570, 13.95000000000000107 ) ;
#479 = EDGE_LOOP ( 'NONE', ( #1094 ) ) ;
#480 = FACE_OUTER_BOUND ( 'NONE', #498, .T. ) ;
#481 = ORIENTED_EDGE ( 'NONE', *, *, #2690, .T. ) ;
#482 = CIRCLE ( 'NONE', #1407, 14.06743114854949894 ) ;
#483 = CARTESIAN_POINT ( 'NONE',  ( 31.61919608415000127, 0.000000000000000000, -11.65642212862620042 ) ) ;
#484 = DIRECTION ( 'NONE',  ( 1.000000000000000000, 0.000000000000000000, 0.000000000000000000 ) ) ;
#485 = FACE_OUTER_BOUND ( 'NONE', #2499, .T. ) ;
#486 = CARTESIAN_POINT ( 'NONE',  ( 36.84290121211669344, 0.000000000000000000, -14.06743114854949894 ) ) ;
#487 = ORIENTED_EDGE ( 'NONE', *, *, #2902, .F. ) ;
#488 = AXIS2_PLACEMENT_3D ( 'NONE', #380, #3158, #3223 ) ;
#489 = DIRECTION ( 'NONE',  ( 0.000000000000000000, 0.000000000000000000, -1.000000000000000000 ) ) ;
#490 = AXIS2_PLACEMENT_3D ( 'NONE', #924, #1966, #180 ) ;
#491 = AXIS2_PLACEMENT_3D ( 'NONE', #1689, #192, #1248 ) ;
#492 = EDGE_LOOP ( 'NONE', ( #253 ) ) ;
#493 = EDGE_LOOP ( 'NONE', ( #5 ) ) ;
#494 = ADVANCED_FACE ( 'NONE', ( #2370, #271 ), #2637, .T. ) ;
#495 = DIRECTION ( 'NONE',  ( 1.000000000000000000, 0.000000000000000000, 0.000000000000000000 ) ) ;
#496 = AXIS2_PLACEMENT_3D ( 'NONE', #2266, #1222, #1237 ) ;
#497 = AXIS2_PLACEMENT_3D ( 'NONE', #1486, #933, #3286 ) ;
#498 = EDGE_LOOP ( 'NONE', ( #2856 ) ) ;
#499 = CARTESIAN_POINT ( 'NONE',  ( 1.126578711592000070, 0.000000000000000000, 0.000000000000000000 ) ) ;
#500 = EDGE_LOOP ( 'NONE', ( #2035 ) ) ;
#501 = AXIS2_PLACEMENT_3D ( 'NONE', #2086, #566, #3151 ) ;
#502 = CARTESIAN_POINT ( 'NONE',  ( 16.50107024109880172, 0.000000000000000000, -11.19999999999999929 ) ) ;
#503 = CIRCLE ( 'NONE', #2505, 14.06743114854949894 ) ;
#504 = FACE_OUTER_BOUND ( 'NONE', #1488, .T. ) ;
#505 = EDGE_CURVE ( 'NONE', #1167, #1167, #2287, .T. ) ;
#506 = CIRCLE ( 'NONE', #2941, 11.65642212862609917 ) ;
#507 = FACE_OUTER_BOUND ( 'NONE', #479, .T. ) ;
#508 = CARTESIAN_POINT ( 'NONE',  ( 28.50080631007180187, 0.000000000000000000, 0.000000000000000000 ) ) ;
#509 = ORIENTED_EDGE ( 'NONE', *, *, #2120, .T. ) ;
#510 = ORIENTED_EDGE ( 'NONE', *, *, #2250, .F. ) ;
#511 = ORIENTED_EDGE ( 'NONE', *, *, #2486, .T. ) ;
#512 = EDGE_LOOP ( 'NONE', ( #322 ) ) ;
#513 = CARTESIAN_POINT ( 'NONE',  ( 12.50115821830330098, 0.000000000000000000, 0.000000000000000000 ) ) ;
#514 = ORIENTED_EDGE ( 'NONE', *, *, #3358, .T. ) ;
#515 = DIRECTION ( 'NONE',  ( 1.000000000000000000, 0.000000000000000000, 0.000000000000000000 ) ) ;
#516 = CARTESIAN_POINT ( 'NONE',  ( 39.49196091757249860, 0.000000000000000000, 0.000000000000000000 ) ) ;
#517 = DIRECTION ( 'NONE',  ( 0.000000000000000000, 0.000000000000000000, -1.000000000000000000 ) ) ;
#518 = CYLINDRICAL_SURFACE ( 'NONE', #1053, 13.95000000000000107 ) ;
#519 = EDGE_CURVE ( 'NONE', #3017, #3017, #827, .T. ) ;
#520 = DIRECTION ( 'NONE',  ( 1.000000000000000000, 0.000000000000000000, 0.000000000000000000 ) ) ;
#521 = ORIENTED_EDGE ( 'NONE', *, *, #674, .T. ) ;
#522 = EDGE_LOOP ( 'NONE', ( #845 ) ) ;
#523 = FACE_OUTER_BOUND ( 'NONE', #6, .T. ) ;
#524 = ORIENTED_EDGE ( 'NONE', *, *, #2419, .T. ) ;
#525 = FACE_OUTER_BOUND ( 'NONE', #3304, .T. ) ;
#526 = EDGE_LOOP ( 'NONE', ( #1883 ) ) ;
#527 = DIRECTION ( 'NONE',  ( 1.000000000000000000, 0.000000000000000000, 0.000000000000000000 ) ) ;
#528 = DIRECTION ( 'NONE',  ( 0.000000000000000000, 0.000000000000000000, -1.000000000000000000 ) ) ;
#529 = AXIS2_PLACEMENT_3D ( 'NONE', #2435, #2750, #1950 ) ;
#530 = FACE_OUTER_BOUND ( 'NONE', #999, .T. ) ;
#531 = DIRECTION ( 'NONE',  ( 0.000000000000000000, 0.000000000000000000, -1.000000000000000000 ) ) ;
#532 = EDGE_LOOP ( 'NONE', ( #521 ) ) ;
#533 = ORIENTED_EDGE ( 'NONE', *, *, #2762, .T. ) ;
#534 = ORIENTED_EDGE ( 'NONE', *, *, #619, .T. ) ;
#535 = EDGE_CURVE ( 'NONE', #141, #141, #2725, .T. ) ;
#536 = CARTESIAN_POINT ( 'NONE',  ( 0.5014221505032859794, 0.000000000000000000, 0.000000000000000000 ) ) ;
#537 = CONICAL_SURFACE ( 'NONE', #917, 14.06743114854949894, 1.510893165344030065 ) ;
#538 = AXIS2_PLACEMENT_3D ( 'NONE', #1422, #1145, #2332 ) ;
#539 = EDGE_LOOP ( 'NONE', ( #764 ) ) ;
#540 = DIRECTION ( 'NONE',  ( 0.000000000000000000, 0.000000000000000000, -1.000000000000000000 ) ) ;
#541 = EDGE_LOOP ( 'NONE', ( #186 ) ) ;
#542 = ADVANCED_FACE ( 'NONE', ( #35, #2934 ), #237, .F. ) ;
#543 = CIRCLE ( 'NONE', #1530, 14.06743114854949894 ) ;
#544 = CARTESIAN_POINT ( 'NONE',  ( 5.042843969371049617, 0.000000000000000000, 0.000000000000000000 ) ) ;
#545 = AXIS2_PLACEMENT_3D ( 'NONE', #544, #2379, #2619 ) ;
#546 = CARTESIAN_POINT ( 'NONE',  ( 4.700573112879499860, 0.000000000000000000, -11.68256885140240087 ) ) ;
#547 = DIRECTION ( 'NONE',  ( -1.000000000000000000, 0.000000000000000000, 0.000000000000000000 ) ) ;
#548 = CIRCLE ( 'NONE', #2989, 11.50000000000000000 ) ;
#549 = CONICAL_SURFACE ( 'NONE', #1427, 11.68256885144159973, 1.510893165155730022 ) ;
#550 = CARTESIAN_POINT ( 'NONE',  ( 19.91831842509050077, 0.000000000000000000, 0.000000000000000000 ) ) ;
#551 = ADVANCED_FACE ( 'NONE', ( #555, #1600 ), #2131, .T. ) ;
#552 = FACE_OUTER_BOUND ( 'NONE', #1988, .T. ) ;
#553 = ORIENTED_EDGE ( 'NONE', *, *, #1303, .F. ) ;
#554 = MANIFOLD_SOLID_BREP ( 'NONE', #1235 ) ;
#555 = FACE_BOUND ( 'NONE', #2339, .T. ) ;
#556 = EDGE_CURVE ( 'NONE', #2426, #2426, #288, .T. ) ;
#557 = FACE_BOUND ( 'NONE', #1451, .T. ) ;
#558 = DIRECTION ( 'NONE',  ( -1.000000000000000000, 0.000000000000000000, 0.000000000000000000 ) ) ;
#559 = ORIENTED_EDGE ( 'NONE', *, *, #1160, .F. ) ;
#560 = DIRECTION ( 'NONE',  ( 1.000000000000000000, 0.000000000000000000, 0.000000000000000000 ) ) ;
#561 = EDGE_CURVE ( 'NONE', #2962, #2962, #503, .T. ) ;
#562 = VERTEX_POINT ( 'NONE', #801 ) ;
#563 = DIRECTION ( 'NONE',  ( 1.000000000000000000, 0.000000000000000000, 0.000000000000000000 ) ) ;
#564 = DIRECTION ( 'NONE',  ( 1.000000000000000000, 0.000000000000000000, 0.000000000000000000 ) ) ;
#565 = CARTESIAN_POINT ( 'NONE',  ( 29.04231610614409931, 0.000000000000000000, 0.000000000000000000 ) ) ;
#566 = DIRECTION ( 'NONE',  ( -1.000000000000000000, 0.000000000000000000, 0.000000000000000000 ) ) ;
#567 = AXIS2_PLACEMENT_3D ( 'NONE', #169, #2470, #441 ) ;
#568 = FACE_BOUND ( 'NONE', #795, .T. ) ;
#569 = CARTESIAN_POINT ( 'NONE',  ( 11.61963597017249938, 0.000000000000000000, 0.000000000000000000 ) ) ;
#570 = ORIENTED_EDGE ( 'NONE', *, *, #2722, .T. ) ;
#571 = AXIS2_PLACEMENT_3D ( 'NONE', #3167, #2640, #67 ) ;
#572 = ADVANCED_FACE ( 'NONE', ( #615, #2707 ), #2180, .F. ) ;
#573 = FACE_OUTER_BOUND ( 'NONE', #2083, .T. ) ;
#574 = CARTESIAN_POINT ( 'NONE',  ( 7.619723947377030626, 0.000000000000000000, -11.65642212862609917 ) ) ;
#575 = CARTESIAN_POINT ( 'NONE',  ( 32.99881568132659737, 0.000000000000000000, 0.000000000000000000 ) ) ;
#576 = CONICAL_SURFACE ( 'NONE', #3364, 11.65642212862609917, 1.513166169821950069 ) ;
#577 = ADVANCED_FACE ( 'NONE', ( #671, #370 ), #21, .T. ) ;
#578 = CIRCLE ( 'NONE', #1509, 11.65642212862609917 ) ;
#579 = CIRCLE ( 'NONE', #150, 11.68256885140240087 ) ;
#580 = FACE_OUTER_BOUND ( 'NONE', #1044, .T. ) ;
#581 = ADVANCED_FACE ( 'NONE', ( #1431, #165 ), #1156, .T. ) ;
#582 = CARTESIAN_POINT ( 'NONE',  ( 40.30922582574959989, 0.000000000000000000, 0.000000000000000000 ) ) ;
#583 = DIRECTION ( 'NONE',  ( 1.000000000000000000, 0.000000000000000000, 0.000000000000000000 ) ) ;
#584 = CYLINDRICAL_SURFACE ( 'NONE', #2835, 11.19999999999999929 ) ;
#586 = EDGE_CURVE ( 'NONE', #2702, #2702, #711, .T. ) ;
#585 = DIRECTION ( 'NONE',  ( 1.000000000000000000, 0.000000000000000000, 0.000000000000000000 ) ) ;
#587 = ORIENTED_EDGE ( 'NONE', *, *, #2949, .T. ) ;
#588 = DIRECTION ( 'NONE',  ( 1.000000000000000000, 0.000000000000000000, 0.000000000000000000 ) ) ;
#589 = AXIS2_PLACEMENT_3D ( 'NONE', #1355, #563, #1385 ) ;
#590 = CARTESIAN_POINT ( 'NONE',  ( 25.22567031817569827, 0.000000000000000000, -13.95000000000000107 ) ) ;
#591 = FACE_OUTER_BOUND ( 'NONE', #2103, .T. ) ;
#592 = AXIS2_PLACEMENT_3D ( 'NONE', #1645, #2165, #3210 ) ;
#593 = CONICAL_SURFACE ( 'NONE', #1692, 11.68256885144159973, 1.510893165155730022 ) ;
#594 = AXIS2_PLACEMENT_3D ( 'NONE', #444, #1003, #458 ) ;
#595 = FACE_OUTER_BOUND ( 'NONE', #2938, .T. ) ;
#596 = ADVANCED_FACE ( 'NONE', ( #1411, #943 ), #2746, .F. ) ;
#597 = EDGE_CURVE ( 'NONE', #1183, #1183, #3056, .T. ) ;
#598 = FACE_OUTER_BOUND ( 'NONE', #1778, .T. ) ;
#599 = CC_DESIGN_APPROVAL ( #3072, ( #1104 ) ) ;
#600 = CARTESIAN_POINT ( 'NONE',  ( 16.99916759014470102, 0.000000000000000000, 0.000000000000000000 ) ) ;
#601 = DIRECTION ( 'NONE',  ( -1.000000000000000000, 0.000000000000000000, 0.000000000000000000 ) ) ;
#602 = AXIS2_PLACEMENT_3D ( 'NONE', #2268, #2063, #1734 ) ;
#603 = ORIENTED_EDGE ( 'NONE', *, *, #2137, .T. ) ;
#604 = DIRECTION ( 'NONE',  ( 1.000000000000000000, 0.000000000000000000, 0.000000000000000000 ) ) ;
#605 = EDGE_LOOP ( 'NONE', ( #3034 ) ) ;
#606 = DIRECTION ( 'NONE',  ( 0.000000000000000000, 0.000000000000000000, -1.000000000000000000 ) ) ;
#607 = UNCERTAINTY_MEASURE_WITH_UNIT (LENGTH_MEASURE( 1.000000000000000082E-05 ), #745, 'distance_accuracy_value', 'NONE');
#608 = CARTESIAN_POINT ( 'NONE',  ( 32.84298918932120159, 0.000000000000000000, -14.06743114854949894 ) ) ;
#609 = DIRECTION ( 'NONE',  ( -1.000000000000000000, 0.000000000000000000, 0.000000000000000000 ) ) ;
#610 = PLANE ( 'NONE',  #1955 ) ;
#611 = CARTESIAN_POINT ( 'NONE',  ( 9.126402757183001313, 0.000000000000000000, -13.85871557427280010 ) ) ;
#612 = ADVANCED_FACE ( 'NONE', ( #3022, #421 ), #235, .F. ) ;
#613 = ADVANCED_FACE ( 'NONE', ( #2671, #2466 ), #1660, .T. ) ;
#614 = FACE_OUTER_BOUND ( 'NONE', #781, .T. ) ;
#615 = FACE_OUTER_BOUND ( 'NONE', #2171, .T. ) ;
#616 = EDGE_CURVE ( 'NONE', #680, #680, #2893, .T. ) ;
#617 = DIRECTION ( 'NONE',  ( 0.000000000000000000, 0.000000000000000000, 1.000000000000000000 ) ) ;
#618 = CYLINDRICAL_SURFACE ( 'NONE', #1505, 14.25000000000000000 ) ;
#619 = EDGE_CURVE ( 'NONE', #2233, #2233, #3275, .T. ) ;
#620 = ORIENTED_EDGE ( 'NONE', *, *, #535, .T. ) ;
#621 = CARTESIAN_POINT ( 'NONE',  ( 7.492664735208540705, 0.000000000000000000, 0.000000000000000000 ) ) ;
#622 = VERTEX_POINT ( 'NONE', #880 ) ;
#623 = FACE_OUTER_BOUND ( 'NONE', #2877, .T. ) ;
#624 = DIRECTION ( 'NONE',  ( 1.000000000000000000, 0.000000000000000000, 0.000000000000000000 ) ) ;
#625 = AXIS2_PLACEMENT_3D ( 'NONE', #3024, #1663, #2990 ) ;
#626 = VERTEX_POINT ( 'NONE', #1133 ) ;
#627 = DIRECTION ( 'NONE',  ( 1.000000000000000000, 0.000000000000000000, 0.000000000000000000 ) ) ;
#628 = CIRCLE ( 'NONE', #315, 14.25000000000000000 ) ;
#629 = CIRCLE ( 'NONE', #2641, 11.50000000000000000 ) ;
#630 = CARTESIAN_POINT ( 'NONE',  ( 32.11729343306249262, 0.000000000000000000, 0.000000000000000000 ) ) ;
#631 = VERTEX_POINT ( 'NONE', #1714 ) ;
#632 = CYLINDRICAL_SURFACE ( 'NONE', #2939, 11.19999999999999929 ) ;
#633 = AXIS2_PLACEMENT_3D ( 'NONE', #2973, #945, #1174 ) ;
#634 = DIRECTION ( 'NONE',  ( 0.000000000000000000, 0.000000000000000000, -1.000000000000000000 ) ) ;
#635 = DIRECTION ( 'NONE',  ( 0.000000000000000000, 0.000000000000000000, -1.000000000000000000 ) ) ;
#636 = ADVANCED_FACE ( 'NONE', ( #2217, #2183 ), #632, .F. ) ;
#637 = DIRECTION ( 'NONE',  ( 0.000000000000000000, 0.000000000000000000, -1.000000000000000000 ) ) ;
#638 = ADVANCED_FACE ( 'NONE', ( #1679, #3245 ), #1051, .F. ) ;
#639 = ORIENTED_EDGE ( 'NONE', *, *, #789, .F. ) ;
#640 = ORIENTED_EDGE ( 'NONE', *, *, #1184, .T. ) ;
#641 = VERTEX_POINT ( 'NONE', #2439 ) ;
#642 = ADVANCED_FACE ( 'NONE', ( #957, #216 ), #23, .T. ) ;
#643 = CARTESIAN_POINT ( 'NONE',  ( 16.99916759014470102, 0.000000000000000000, 0.000000000000000000 ) ) ;
#644 = CARTESIAN_POINT ( 'NONE',  ( 36.69986929524350217, 0.000000000000000000, -11.68256885140240087 ) ) ;
#645 = CIRCLE ( 'NONE', #220, 11.68256885140240087 ) ;
#646 = CARTESIAN_POINT ( 'NONE',  ( 3.918670333908460535, 0.000000000000000000, 0.000000000000000000 ) ) ;
#647 = CIRCLE ( 'NONE', #2829, 13.95000000000000107 ) ;
#648 = AXIS2_PLACEMENT_3D ( 'NONE', #3311, #975, #2014 ) ;
#649 = AXIS2_PLACEMENT_3D ( 'NONE', #2437, #2957, #121 ) ;
#650 = FACE_OUTER_BOUND ( 'NONE', #1073, .T. ) ;
#651 = VERTEX_POINT ( 'NONE', #3297 ) ;
#652 = DIRECTION ( 'NONE',  ( 1.000000000000000000, 0.000000000000000000, 0.000000000000000000 ) ) ;
#653 = AXIS2_PLACEMENT_3D ( 'NONE', #3128, #1070, #771 ) ;
#654 = AXIS2_PLACEMENT_3D ( 'NONE', #1336, #1062, #38 ) ;
#655 = FACE_OUTER_BOUND ( 'NONE', #2187, .T. ) ;
#656 = CARTESIAN_POINT ( 'NONE',  ( 20.11755736469919853, 0.000000000000000000, 0.000000000000000000 ) ) ;
#657 = DIRECTION ( 'NONE',  ( 1.000000000000000000, 0.000000000000000000, 0.000000000000000000 ) ) ;
#658 = EDGE_LOOP ( 'NONE', ( #777 ) ) ;
#659 = CIRCLE ( 'NONE', #2558, 11.50000000000000000 ) ;
#660 = DIRECTION ( 'NONE',  ( 0.000000000000000000, 0.000000000000000000, -1.000000000000000000 ) ) ;
#661 = EDGE_CURVE ( 'NONE', #417, #417, #69, .T. ) ;
#662 = ORIENTED_EDGE ( 'NONE', *, *, #800, .T. ) ;
#663 = VERTEX_POINT ( 'NONE', #139 ) ;
#664 = CARTESIAN_POINT ( 'NONE',  ( 36.99872770412220291, 0.000000000000000000, 0.000000000000000000 ) ) ;
#665 = ORIENTED_EDGE ( 'NONE', *, *, #1793, .F. ) ;
#666 = ADVANCED_FACE ( 'NONE', ( #3115, #455 ), #2571, .T. ) ;
#667 = VERTEX_POINT ( 'NONE', #1456 ) ;
#668 = DIRECTION ( 'NONE',  ( 0.000000000000000000, 0.000000000000000000, -1.000000000000000000 ) ) ;
#669 = DIRECTION ( 'NONE',  ( 0.000000000000000000, 0.000000000000000000, -1.000000000000000000 ) ) ;
#670 = VERTEX_POINT ( 'NONE', #434 ) ;
#671 = FACE_OUTER_BOUND ( 'NONE', #1787, .T. ) ;
#672 = FACE_OUTER_BOUND ( 'NONE', #2643, .T. ) ;
#673 = ORIENTED_EDGE ( 'NONE', *, *, #3062, .T. ) ;
#674 = EDGE_CURVE ( 'NONE', #449, #449, #1543, .T. ) ;
#675 = EDGE_LOOP ( 'NONE', ( #2645 ) ) ;
#676 = VERTEX_POINT ( 'NONE', #3086 ) ;
#677 = DIRECTION ( 'NONE',  ( -1.000000000000000000, 0.000000000000000000, 0.000000000000000000 ) ) ;
#678 = ORIENTED_EDGE ( 'NONE', *, *, #2348, .F. ) ;
#679 = ADVANCED_FACE ( 'NONE', ( #3337, #1550 ), #1757, .F. ) ;
#680 = VERTEX_POINT ( 'NONE', #3001 ) ;
#681 = AXIS2_PLACEMENT_3D ( 'NONE', #1915, #2488, #2510 ) ;
#682 = CARTESIAN_POINT ( 'NONE',  ( 29.22558234097120078, 0.000000000000000000, 0.000000000000000000 ) ) ;
#683 = EDGE_CURVE ( 'NONE', #1028, #1028, #659, .T. ) ;
#684 = AXIS2_PLACEMENT_3D ( 'NONE', #1535, #2559, #3119 ) ;
#685 = CARTESIAN_POINT ( 'NONE',  ( 20.84325312093469762, 0.000000000000000000, 0.000000000000000000 ) ) ;
#686 = CARTESIAN_POINT ( 'NONE',  ( 23.61937203855899980, 0.000000000000000000, -11.65642212862620042 ) ) ;
#687 = CIRCLE ( 'NONE', #2759, 11.68256885140240087 ) ;
#688 = CIRCLE ( 'NONE', #959, 11.19999999999999929 ) ;
#689 = CARTESIAN_POINT ( 'NONE',  ( 25.22567031817569827, 0.000000000000000000, 0.000000000000000000 ) ) ;
#690 = CARTESIAN_POINT ( 'NONE',  ( 24.50089428727630292, 0.000000000000000000, 0.000000000000000000 ) ) ;
#691 = EDGE_LOOP ( 'NONE', ( #1332 ) ) ;
#692 = CARTESIAN_POINT ( 'NONE',  ( 39.91787853906789962, 0.000000000000000000, 0.000000000000000000 ) ) ;
#693 = EDGE_LOOP ( 'NONE', ( #1586 ) ) ;
#694 =( NAMED_UNIT ( * ) PLANE_ANGLE_UNIT ( ) SI_UNIT ( $, .RADIAN. ) );
#695 = DIRECTION ( 'NONE',  ( 0.000000000000000000, 0.000000000000000000, -1.000000000000000000 ) ) ;
#696 = ORIENTED_EDGE ( 'NONE', *, *, #1277, .T. ) ;
#697 = CARTESIAN_POINT ( 'NONE',  ( 16.50107024168530145, 0.000000000000000000, -11.50000000000000000 ) ) ;
#698 = AXIS2_PLACEMENT_3D ( 'NONE', #2648, #60, #106 ) ;
#699 = DIRECTION ( 'NONE',  ( 1.000000000000000000, 0.000000000000000000, 0.000000000000000000 ) ) ;
#700 = CARTESIAN_POINT ( 'NONE',  ( 15.57613554535509870, 0.000000000000000000, -14.25000000000000000 ) ) ;
#701 = AXIS2_PLACEMENT_3D ( 'NONE', #1345, #1548, #2046 ) ;
#702 = EDGE_CURVE ( 'NONE', #1742, #1742, #3002, .T. ) ;
#703 = CIRCLE ( 'NONE', #1321, 11.19999999999999929 ) ;
#704 = TOROIDAL_SURFACE ( 'NONE', #869, 11.69999999996350049, 0.1999999999635140024 ) ;
#705 = FACE_OUTER_BOUND ( 'NONE', #155, .T. ) ;
#706 = FACE_OUTER_BOUND ( 'NONE', #324, .T. ) ;
#707 = EDGE_LOOP ( 'NONE', ( #2859 ) ) ;
#708 = CIRCLE ( 'NONE', #1963, 13.85871557431310030 ) ;
#709 = ORIENTED_EDGE ( 'NONE', *, *, #1911, .T. ) ;
#710 = DIRECTION ( 'NONE',  ( 0.000000000000000000, 0.000000000000000000, -1.000000000000000000 ) ) ;
#711 = CIRCLE ( 'NONE', #1539, 14.25000000000000000 ) ;
#712 = EDGE_LOOP ( 'NONE', ( #2566 ) ) ;
#713 = CARTESIAN_POINT ( 'NONE',  ( 12.50115821830330098, 0.000000000000000000, -11.19999999999999929 ) ) ;
#714 = DIRECTION ( 'NONE',  ( 1.000000000000000000, 0.000000000000000000, 0.000000000000000000 ) ) ;
#715 = CARTESIAN_POINT ( 'NONE',  ( 28.70004524965250070, 0.000000000000000000, -11.68256885140240087 ) ) ;
#716 = DIRECTION ( 'NONE',  ( 0.000000000000000000, 0.000000000000000000, -1.000000000000000000 ) ) ;
#717 = EDGE_LOOP ( 'NONE', ( #2721 ) ) ;
#718 = EDGE_CURVE ( 'NONE', #1489, #1489, #506, .T. ) ;
#719 = CARTESIAN_POINT ( 'NONE',  ( 4.501334173298790375, 0.000000000000000000, 0.000000000000000000 ) ) ;
#720 = ORIENTED_EDGE ( 'NONE', *, *, #597, .F. ) ;
#721 = EDGE_LOOP ( 'NONE', ( #1096 ) ) ;
#722 = DIRECTION ( 'NONE',  ( 1.000000000000000000, 0.000000000000000000, 0.000000000000000000 ) ) ;
#723 = ORIENTED_EDGE ( 'NONE', *, *, #1050, .T. ) ;
#724 = DATE_AND_TIME ( #949, #3055 ) ;
#725 = CYLINDRICAL_SURFACE ( 'NONE', #1458, 11.50000000000000000 ) ;
#726 = EDGE_CURVE ( 'NONE', #1291, #1291, #932, .T. ) ;
#727 = ORIENTED_EDGE ( 'NONE', *, *, #2250, .T. ) ;
#728 = VERTEX_POINT ( 'NONE', #1780 ) ;
#729 = FACE_OUTER_BOUND ( 'NONE', #1587, .T. ) ;
#730 = CIRCLE ( 'NONE', #2635, 13.85871557427280010 ) ;
#731 = DIRECTION ( 'NONE',  ( 0.000000000000000000, 0.000000000000000000, -1.000000000000000000 ) ) ;
#732 = CARTESIAN_POINT ( 'NONE',  ( 20.84325312093469762, 0.000000000000000000, -14.06743114854949894 ) ) ;
#733 = ADVANCED_FACE ( 'NONE', ( #182, #1224 ), #1107, .F. ) ;
#734 = DIRECTION ( 'NONE',  ( 1.000000000000000000, 0.000000000000000000, 0.000000000000000000 ) ) ;
#735 = AXIS2_PLACEMENT_3D ( 'NONE', #219, #2020, #2033 ) ;
#736 = ORIENTED_EDGE ( 'NONE', *, *, #3200, .F. ) ;
#737 = CARTESIAN_POINT ( 'NONE',  ( 4.501334172712289750, 0.000000000000000000, 0.000000000000000000 ) ) ;
#738 = ORIENTED_EDGE ( 'NONE', *, *, #2593, .F. ) ;
#739 = EDGE_LOOP ( 'NONE', ( #511 ) ) ;
#740 = AXIS2_PLACEMENT_3D ( 'NONE', #247, #1309, #11 ) ;
#741 = DIRECTION ( 'NONE',  ( 0.000000000000000000, 0.000000000000000000, -1.000000000000000000 ) ) ;
#742 = AXIS2_PLACEMENT_3D ( 'NONE', #995, #3348, #3368 ) ;
#743 = EDGE_CURVE ( 'NONE', #2311, #2311, #1812, .T. ) ;
#744 = ORIENTED_EDGE ( 'NONE', *, *, #144, .T. ) ;
#745 =( LENGTH_UNIT ( ) NAMED_UNIT ( * ) SI_UNIT ( .MILLI., .METRE. ) );
#746 = CARTESIAN_POINT ( 'NONE',  ( 40.30922582574959989, 0.000000000000000000, 0.000000000000000000 ) ) ;
#747 = ORIENTED_EDGE ( 'NONE', *, *, #327, .F. ) ;
#748 = VERTEX_POINT ( 'NONE', #194 ) ;
#749 = ADVANCED_FACE ( 'NONE', ( #1785, #3041 ), #2398, .F. ) ;
#750 = DIRECTION ( 'NONE',  ( 1.000000000000000000, 0.000000000000000000, 0.000000000000000000 ) ) ;
#751 = CARTESIAN_POINT ( 'NONE',  ( 24.99899163573569894, 0.000000000000000000, 0.000000000000000000 ) ) ;
#752 = ORIENTED_EDGE ( 'NONE', *, *, #2222, .T. ) ;
#753 = TOROIDAL_SURFACE ( 'NONE', #1035, 11.70000000000000107, 0.5000000000000000000 ) ;
#754 = CARTESIAN_POINT ( 'NONE',  ( 3.775638416586919899, 0.000000000000000000, 0.000000000000000000 ) ) ;
#755 = AXIS2_PLACEMENT_3D ( 'NONE', #1713, #453, #145 ) ;
#756 = ORIENTED_EDGE ( 'NONE', *, *, #939, .F. ) ;
#757 = ORIENTED_EDGE ( 'NONE', *, *, #2669, .F. ) ;
#758 = CARTESIAN_POINT ( 'NONE',  ( 40.11711747878690204, 0.000000000000000000, 0.000000000000000000 ) ) ;
#759 = CONICAL_SURFACE ( 'NONE', #2172, 14.06743114854949894, 1.510893165344020073 ) ;
#760 = AXIS2_PLACEMENT_3D ( 'NONE', #245, #1737, #2272 ) ;
#761 = EDGE_LOOP ( 'NONE', ( #25 ) ) ;
#762 = DATE_AND_TIME ( #1064, #2892 ) ;
#763 = DIRECTION ( 'NONE',  ( 0.000000000000000000, 0.000000000000000000, -1.000000000000000000 ) ) ;
#764 = ORIENTED_EDGE ( 'NONE', *, *, #890, .T. ) ;
#765 = AXIS2_PLACEMENT_3D ( 'NONE', #1078, #2071, #2576 ) ;
#766 = ADVANCED_FACE ( 'NONE', ( #1508, #998 ), #1377, .T. ) ;
#767 = CARTESIAN_POINT ( 'NONE',  ( 35.57569565933260236, 0.000000000000000000, -14.25000000000000000 ) ) ;
#768 = DIRECTION ( 'NONE',  ( 0.000000000000000000, 0.000000000000000000, -1.000000000000000000 ) ) ;
#769 = ADVANCED_FACE ( 'NONE', ( #2818, #3351 ), #343, .F. ) ;
#770 = AXIS2_PLACEMENT_3D ( 'NONE', #751, #2315, #1259 ) ;
#771 = DIRECTION ( 'NONE',  ( 0.000000000000000000, 0.000000000000000000, -1.000000000000000000 ) ) ;
#772 = CARTESIAN_POINT ( 'NONE',  ( 13.04266801496209993, 0.000000000000000000, 0.000000000000000000 ) ) ;
#773 = ADVANCED_FACE ( 'NONE', ( #3094, #1564 ), #1214, .F. ) ;
#774 = ORIENTED_EDGE ( 'NONE', *, *, #264, .T. ) ;
#775 = FACE_BOUND ( 'NONE', #2563, .T. ) ;
#776 = ORIENTED_EDGE ( 'NONE', *, *, #1890, .T. ) ;
#777 = ORIENTED_EDGE ( 'NONE', *, *, #3038, .F. ) ;
#778 = FACE_BOUND ( 'NONE', #1455, .T. ) ;
#779 = ORIENTED_EDGE ( 'NONE', *, *, #2443, .T. ) ;
#780 = CARTESIAN_POINT ( 'NONE',  ( 8.117821296422880195, 0.000000000000000000, 0.000000000000000000 ) ) ;
#781 = EDGE_LOOP ( 'NONE', ( #3338 ) ) ;
#782 = DIRECTION ( 'NONE',  ( 0.000000000000000000, 0.000000000000000000, -1.000000000000000000 ) ) ;
#783 = DIRECTION ( 'NONE',  ( 0.000000000000000000, 0.000000000000000000, -1.000000000000000000 ) ) ;
#784 = DIRECTION ( 'NONE',  ( 0.000000000000000000, 0.000000000000000000, -1.000000000000000000 ) ) ;
#785 = ADVANCED_FACE ( 'NONE', ( #2082, #2944 ), #518, .F. ) ;
#786 = EDGE_CURVE ( 'NONE', #3089, #3089, #2509, .T. ) ;
#787 = CARTESIAN_POINT ( 'NONE',  ( 36.50063035507630360, 0.000000000000000000, 0.000000000000000000 ) ) ;
#788 = EDGE_LOOP ( 'NONE', ( #70 ) ) ;
#789 = EDGE_CURVE ( 'NONE', #2058, #2058, #2785, .T. ) ;
#790 = AXIS2_PLACEMENT_3D ( 'NONE', #689, #891, #1414 ) ;
#791 = DIRECTION ( 'NONE',  ( 0.000000000000000000, 0.000000000000000000, -1.000000000000000000 ) ) ;
#792 = EDGE_LOOP ( 'NONE', ( #2822 ) ) ;
#793 = EDGE_LOOP ( 'NONE', ( #273 ) ) ;
#794 = CYLINDRICAL_SURFACE ( 'NONE', #1593, 14.25000000000000000 ) ;
#795 = EDGE_LOOP ( 'NONE', ( #1772 ) ) ;
#796 = FACE_OUTER_BOUND ( 'NONE', #2326, .T. ) ;
#797 = ORIENTED_EDGE ( 'NONE', *, *, #2348, .T. ) ;
#798 = CARTESIAN_POINT ( 'NONE',  ( 17.04258003775760244, 0.000000000000000000, 0.000000000000000000 ) ) ;
#799 = AXIS2_PLACEMENT_3D ( 'NONE', #179, #418, #2235 ) ;
#800 = EDGE_CURVE ( 'NONE', #748, #748, #1583, .T. ) ;
#801 = CARTESIAN_POINT ( 'NONE',  ( 24.70013322685699819, 0.000000000000000000, -11.68256885140240087 ) ) ;
#802 = CARTESIAN_POINT ( 'NONE',  ( 23.49231282639050278, 0.000000000000000000, 0.000000000000000000 ) ) ;
#803 = AXIS2_PLACEMENT_3D ( 'NONE', #1338, #2377, #41 ) ;
#804 = CARTESIAN_POINT ( 'NONE',  ( 11.91849437949949930, 0.000000000000000000, 0.000000000000000000 ) ) ;
#805 = CYLINDRICAL_SURFACE ( 'NONE', #2494, 11.19999999999999929 ) ;
#806 = ORIENTED_EDGE ( 'NONE', *, *, #1395, .T. ) ;
#807 = EDGE_CURVE ( 'NONE', #1472, #1472, #437, .T. ) ;
#808 = DIRECTION ( 'NONE',  ( 1.000000000000000000, 0.000000000000000000, 0.000000000000000000 ) ) ;
#809 = AXIS2_PLACEMENT_3D ( 'NONE', #2327, #527, #1352 ) ;
#810 = ADVANCED_FACE ( 'NONE', ( #3203, #882 ), #2586, .T. ) ;
#811 = ORIENTED_EDGE ( 'NONE', *, *, #2239, .F. ) ;
#812 = CARTESIAN_POINT ( 'NONE',  ( 40.30922582574959989, 0.000000000000000000, 0.000000000000000000 ) ) ;
#813 = AXIS2_PLACEMENT_3D ( 'NONE', #3332, #1312, #1782 ) ;
#814 = AXIS2_PLACEMENT_3D ( 'NONE', #107, #2096, #1386 ) ;
#815 = EDGE_LOOP ( 'NONE', ( #988 ) ) ;
#816 = SHAPE_DEFINITION_REPRESENTATION ( #1823, #3028 ) ;
#817 = FACE_OUTER_BOUND ( 'NONE', #1738, .T. ) ;
#818 = EDGE_LOOP ( 'NONE', ( #1057 ) ) ;
#819 = CIRCLE ( 'NONE', #490, 14.25000000000000000 ) ;
#820 = CARTESIAN_POINT ( 'NONE',  ( 4.117909273627390121, 0.000000000000000000, 0.000000000000000000 ) ) ;
#821 = TOROIDAL_SURFACE ( 'NONE', #1205, 11.69999999999039808, 0.1999999999903729897 ) ;
#822 = VERTEX_POINT ( 'NONE', #1784 ) ;
#823 = CARTESIAN_POINT ( 'NONE',  ( 32.11729343319589702, 0.000000000000000000, 0.000000000000000000 ) ) ;
#824 = AXIS2_PLACEMENT_3D ( 'NONE', #87, #2205, #2156 ) ;
#825 = TOROIDAL_SURFACE ( 'NONE', #2659, 14.05000000000000071, 0.2000000000000040079 ) ;
#826 = DIRECTION ( 'NONE',  ( 0.000000000000000000, 0.000000000000000000, 1.000000000000000000 ) ) ;
#827 = CIRCLE ( 'NONE', #3171, 11.65642212862609917 ) ;
#828 = CARTESIAN_POINT ( 'NONE',  ( 40.30878593972709467, 0.000000000000000000, 0.000000000000000000 ) ) ;
#829 = ADVANCED_FACE ( 'NONE', ( #2960, #2412 ), #805, .F. ) ;
#830 = DIRECTION ( 'NONE',  ( 1.000000000000000000, 0.000000000000000000, 0.000000000000000000 ) ) ;
#831 = CARTESIAN_POINT ( 'NONE',  ( 20.11755736480940016, 0.000000000000000000, 0.000000000000000000 ) ) ;
#832 = ADVANCED_FACE ( 'NONE', ( #1921, #124 ), #610, .T. ) ;
#833 = DIRECTION ( 'NONE',  ( -1.000000000000000000, 0.000000000000000000, 0.000000000000000000 ) ) ;
#834 = ORIENTED_EDGE ( 'NONE', *, *, #1648, .T. ) ;
#835 = CC_DESIGN_DATE_AND_TIME_ASSIGNMENT ( #1217, #1761, ( #2146 ) ) ;
#836 = CARTESIAN_POINT ( 'NONE',  ( 13.04266801496209993, 0.000000000000000000, 0.000000000000000000 ) ) ;
#837 = ADVANCED_FACE ( 'NONE', ( #1832, #1848 ), #111, .T. ) ;
#838 = VERTEX_POINT ( 'NONE', #2299 ) ;
#839 = DIRECTION ( 'NONE',  ( 0.000000000000000000, 0.000000000000000000, -1.000000000000000000 ) ) ;
#840 = DIRECTION ( 'NONE',  ( 0.000000000000000000, 0.000000000000000000, 1.000000000000000000 ) ) ;
#841 = FACE_BOUND ( 'NONE', #2024, .T. ) ;
#842 = DIRECTION ( 'NONE',  ( 1.000000000000000000, 0.000000000000000000, 0.000000000000000000 ) ) ;
#843 = DIRECTION ( 'NONE',  ( 1.000000000000000000, 0.000000000000000000, 0.000000000000000000 ) ) ;
#844 = TOROIDAL_SURFACE ( 'NONE', #306, 11.69999999996350049, 0.1999999999635140024 ) ;
#845 = ORIENTED_EDGE ( 'NONE', *, *, #1952, .T. ) ;
#846 = DIRECTION ( 'NONE',  ( 1.000000000000000000, 0.000000000000000000, 0.000000000000000000 ) ) ;
#847 = ORIENTED_EDGE ( 'NONE', *, *, #443, .F. ) ;
#848 = AXIS2_PLACEMENT_3D ( 'NONE', #1284, #3355, #1016 ) ;
#849 = FACE_OUTER_BOUND ( 'NONE', #2073, .T. ) ;
#850 = EDGE_CURVE ( 'NONE', #968, #968, #974, .T. ) ;
#851 = CARTESIAN_POINT ( 'NONE',  ( 12.84342907534369971, 0.000000000000000000, -14.06743114854949894 ) ) ;
#852 = DIRECTION ( 'NONE',  ( 1.000000000000000000, 0.000000000000000000, 0.000000000000000000 ) ) ;
#853 = AXIS2_PLACEMENT_3D ( 'NONE', #646, #2795, #1744 ) ;
#854 = FACE_OUTER_BOUND ( 'NONE', #1415, .T. ) ;
#855 = DIRECTION ( 'NONE',  ( 1.000000000000000000, 0.000000000000000000, 0.000000000000000000 ) ) ;
#856 = FACE_OUTER_BOUND ( 'NONE', #1077, .T. ) ;
#857 = ORIENTED_EDGE ( 'NONE', *, *, #3109, .F. ) ;
#858 = DIRECTION ( 'NONE',  ( 1.000000000000000000, 0.000000000000000000, 0.000000000000000000 ) ) ;
#859 = EDGE_LOOP ( 'NONE', ( #2291 ) ) ;
#860 = DIRECTION ( 'NONE',  ( 0.000000000000000000, 0.000000000000000000, -1.000000000000000000 ) ) ;
#861 = AXIS2_PLACEMENT_3D ( 'NONE', #1625, #2685, #1358 ) ;
#862 = CARTESIAN_POINT ( 'NONE',  ( 33.22549436376669973, 0.000000000000000000, -13.95000000000000107 ) ) ;
#863 = FACE_OUTER_BOUND ( 'NONE', #2662, .T. ) ;
#864 = DIRECTION ( 'NONE',  ( -1.000000000000000000, 0.000000000000000000, 0.000000000000000000 ) ) ;
#865 = AXIS2_PLACEMENT_3D ( 'NONE', #685, #214, #3296 ) ;
#866 = ADVANCED_FACE ( 'NONE', ( #91, #1072 ), #1526, .F. ) ;
#867 = VERTEX_POINT ( 'NONE', #611 ) ;
#868 = CONICAL_SURFACE ( 'NONE', #2775, 13.85871557431310030, 1.513166170031569946 ) ;
#869 = AXIS2_PLACEMENT_3D ( 'NONE', #1705, #2735, #1450 ) ;
#870 = CARTESIAN_POINT ( 'NONE',  ( 39.91787853906789962, 0.000000000000000000, 0.000000000000000000 ) ) ;
#871 = CIRCLE ( 'NONE', #1861, 11.50000000000000000 ) ;
#872 = DIRECTION ( 'NONE',  ( 1.000000000000000000, 0.000000000000000000, 0.000000000000000000 ) ) ;
#873 = CARTESIAN_POINT ( 'NONE',  ( 16.11764534190369957, 0.000000000000000000, 0.000000000000000000 ) ) ;
#874 = CARTESIAN_POINT ( 'NONE',  ( 27.91814247068149868, 0.000000000000000000, 0.000000000000000000 ) ) ;
#875 = DIRECTION ( 'NONE',  ( 0.000000000000000000, 0.000000000000000000, -1.000000000000000000 ) ) ;
#876 = CARTESIAN_POINT ( 'NONE',  ( 35.61910810694549667, 0.000000000000000000, 0.000000000000000000 ) ) ;
#877 = EDGE_LOOP ( 'NONE', ( #696 ) ) ;
#878 = CARTESIAN_POINT ( 'NONE',  ( 40.30922582574959989, 0.000000000000000000, 0.000000000000000000 ) ) ;
#879 = ADVANCED_FACE ( 'NONE', ( #552, #1598 ), #362, .F. ) ;
#880 = CARTESIAN_POINT ( 'NONE',  ( 1.226198181402700094, 0.000000000000000000, -13.95000000000000107 ) ) ;
#881 = DIRECTION ( 'NONE',  ( 1.000000000000000000, 0.000000000000000000, 0.000000000000000000 ) ) ;
#882 = FACE_OUTER_BOUND ( 'NONE', #257, .T. ) ;
#883 = CARTESIAN_POINT ( 'NONE',  ( 12.99925556734920029, 0.000000000000000000, -11.65642212862609917 ) ) ;
#884 = FACE_OUTER_BOUND ( 'NONE', #204, .T. ) ;
#885 = EDGE_CURVE ( 'NONE', #2760, #2760, #2709, .T. ) ;
#886 = ADVANCED_FACE ( 'NONE', ( #3291, #966 ), #1987, .T. ) ;
#887 = CARTESIAN_POINT ( 'NONE',  ( 3.619811924581529894, 0.000000000000000000, 0.000000000000000000 ) ) ;
#888 = DIRECTION ( 'NONE',  ( 1.000000000000000000, 0.000000000000000000, 0.000000000000000000 ) ) ;
#889 = FACE_BOUND ( 'NONE', #1060, .T. ) ;
#890 = EDGE_CURVE ( 'NONE', #2794, #2794, #2008, .T. ) ;
#891 = DIRECTION ( 'NONE',  ( 1.000000000000000000, 0.000000000000000000, 0.000000000000000000 ) ) ;
#892 = CARTESIAN_POINT ( 'NONE',  ( 36.11720545588119791, 0.000000000000000000, 0.000000000000000000 ) ) ;
#893 = ORIENTED_EDGE ( 'NONE', *, *, #2669, .T. ) ;
#894 = CONICAL_SURFACE ( 'NONE', #3078, 14.06743114854949894, 1.510893165344030065 ) ;
#895 = DIRECTION ( 'NONE',  ( 0.000000000000000000, 0.000000000000000000, -1.000000000000000000 ) ) ;
#896 = ORIENTED_EDGE ( 'NONE', *, *, #2443, .F. ) ;
#897 = VERTEX_POINT ( 'NONE', #2977 ) ;
#898 = FACE_OUTER_BOUND ( 'NONE', #203, .T. ) ;
#899 = CIRCLE ( 'NONE', #260, 11.50000000000000000 ) ;
#900 = ADVANCED_FACE ( 'NONE', ( #1180, #898 ), #3160, .T. ) ;
#901 = VERTEX_POINT ( 'NONE', #403 ) ;
#902 = AXIS2_PLACEMENT_3D ( 'NONE', #513, #1541, #2876 ) ;
#903 = DIRECTION ( 'NONE',  ( 1.000000000000000000, 0.000000000000000000, 0.000000000000000000 ) ) ;
#904 = VERTEX_POINT ( 'NONE', #1945 ) ;
#905 = CARTESIAN_POINT ( 'NONE',  ( 12.99925556734920029, 0.000000000000000000, 0.000000000000000000 ) ) ;
#906 = TOROIDAL_SURFACE ( 'NONE', #1242, 11.69999999996350049, 0.1999999999635140024 ) ;
#907 = DIRECTION ( 'NONE',  ( 0.000000000000000000, 0.000000000000000000, -1.000000000000000000 ) ) ;
#908 = DIRECTION ( 'NONE',  ( 0.000000000000000000, 0.000000000000000000, -1.000000000000000000 ) ) ;
#909 = EDGE_CURVE ( 'NONE', #2778, #2778, #1038, .T. ) ;
#910 = DIRECTION ( 'NONE',  ( 0.000000000000000000, 0.000000000000000000, -1.000000000000000000 ) ) ;
#911 = EDGE_LOOP ( 'NONE', ( #210 ) ) ;
#912 = DIRECTION ( 'NONE',  ( 1.000000000000000000, 0.000000000000000000, 0.000000000000000000 ) ) ;
#913 = ORIENTED_EDGE ( 'NONE', *, *, #1993, .T. ) ;
#914 = VERTEX_POINT ( 'NONE', #2925 ) ;
#915 = FACE_OUTER_BOUND ( 'NONE', #2021, .T. ) ;
#916 = ORIENTED_EDGE ( 'NONE', *, *, #3314, .F. ) ;
#917 = AXIS2_PLACEMENT_3D ( 'NONE', #1102, #2900, #2160 ) ;
#918 = CARTESIAN_POINT ( 'NONE',  ( 7.576311499764069701, 0.000000000000000000, -14.25000000000000000 ) ) ;
#919 = TOROIDAL_SURFACE ( 'NONE', #2549, 14.05000000000000071, 0.2000000000000000111 ) ;
#920 = DIRECTION ( 'NONE',  ( 1.000000000000000000, 0.000000000000000000, 0.000000000000000000 ) ) ;
#921 = AXIS2_PLACEMENT_3D ( 'NONE', #2998, #2459, #3255 ) ;
#922 = CIRCLE ( 'NONE', #2831, 14.06743114854949894 ) ;
#923 = AXIS2_PLACEMENT_3D ( 'NONE', #1792, #2789, #741 ) ;
#924 = CARTESIAN_POINT ( 'NONE',  ( 11.57622352255959974, 0.000000000000000000, 0.000000000000000000 ) ) ;
#925 = CARTESIAN_POINT ( 'NONE',  ( 16.70030918126600383, 0.000000000000000000, -11.68256885140240087 ) ) ;
#926 = DIRECTION ( 'NONE',  ( 1.000000000000000000, 0.000000000000000000, 0.000000000000000000 ) ) ;
#927 = AXIS2_PLACEMENT_3D ( 'NONE', #600, #2100, #1851 ) ;
#928 = ADVANCED_FACE ( 'NONE', ( #1937, #2477 ), #2932, .F. ) ;
#929 = DIRECTION ( 'NONE',  ( 0.000000000000000000, 0.000000000000000000, -1.000000000000000000 ) ) ;
#930 = DIRECTION ( 'NONE',  ( 0.000000000000000000, 0.000000000000000000, -1.000000000000000000 ) ) ;
#931 = EDGE_LOOP ( 'NONE', ( #2739 ) ) ;
#932 = CIRCLE ( 'NONE', #450, 11.50000000000000000 ) ;
#933 = DIRECTION ( 'NONE',  ( 1.000000000000000000, 0.000000000000000000, 0.000000000000000000 ) ) ;
#934 = ORIENTED_EDGE ( 'NONE', *, *, #2200, .F. ) ;
#935 = APPLICATION_PROTOCOL_DEFINITION ( 'international standard', 'config_control_design', 1994, #3288 ) ;
#936 = DIRECTION ( 'NONE',  ( 1.000000000000000000, 0.000000000000000000, 0.000000000000000000 ) ) ;
#937 = ORIENTED_EDGE ( 'NONE', *, *, #1949, .F. ) ;
#938 = VERTEX_POINT ( 'NONE', #644 ) ;
#939 = EDGE_CURVE ( 'NONE', #177, #177, #2386, .T. ) ;
#940 = DIRECTION ( 'NONE',  ( 0.000000000000000000, 0.000000000000000000, -1.000000000000000000 ) ) ;
#941 = DIRECTION ( 'NONE',  ( 1.000000000000000000, 0.000000000000000000, 0.000000000000000000 ) ) ;
#942 = CARTESIAN_POINT ( 'NONE',  ( 12.70039715847050132, 0.000000000000000000, -11.68256885140240087 ) ) ;
#943 = FACE_OUTER_BOUND ( 'NONE', #691, .T. ) ;
#944 = DIRECTION ( 'NONE',  ( 1.000000000000000000, 0.000000000000000000, 0.000000000000000000 ) ) ;
#945 = DIRECTION ( 'NONE',  ( 1.000000000000000000, 0.000000000000000000, 0.000000000000000000 ) ) ;
#946 = EDGE_LOOP ( 'NONE', ( #747 ) ) ;
#947 = FACE_OUTER_BOUND ( 'NONE', #2992, .T. ) ;
#948 = EDGE_LOOP ( 'NONE', ( #2758 ) ) ;
#949 = CALENDAR_DATE ( 2025, 10, 7 ) ;
#950 = DIRECTION ( 'NONE',  ( 1.000000000000000000, 0.000000000000000000, 0.000000000000000000 ) ) ;
#951 = ORIENTED_EDGE ( 'NONE', *, *, #229, .T. ) ;
#952 = EDGE_CURVE ( 'NONE', #1234, #1234, #2116, .T. ) ;
#953 = CARTESIAN_POINT ( 'NONE',  ( 13.04266801496209993, 0.000000000000000000, -14.25000000000000000 ) ) ;
#954 = FACE_OUTER_BOUND ( 'NONE', #1810, .T. ) ;
#955 = FACE_OUTER_BOUND ( 'NONE', #1849, .T. ) ;
#956 = CARTESIAN_POINT ( 'NONE',  ( 0.7006610900839940204, 0.000000000000000000, -11.68256885140240087 ) ) ;
#957 = FACE_OUTER_BOUND ( 'NONE', #1536, .T. ) ;
#958 = CIRCLE ( 'NONE', #2152, 11.19999999999999929 ) ;
#959 = AXIS2_PLACEMENT_3D ( 'NONE', #1665, #604, #2407 ) ;
#960 = CARTESIAN_POINT ( 'NONE',  ( 28.11738141040039807, 0.000000000000000000, 0.000000000000000000 ) ) ;
#961 = DIRECTION ( 'NONE',  ( -1.000000000000000000, 0.000000000000000000, 0.000000000000000000 ) ) ;
#962 = EDGE_LOOP ( 'NONE', ( #2575 ) ) ;
#963 = DIRECTION ( 'NONE',  ( 1.000000000000000000, 0.000000000000000000, 0.000000000000000000 ) ) ;
#964 = ORIENTED_EDGE ( 'NONE', *, *, #561, .T. ) ;
#965 = APPROVAL_DATE_TIME ( #724, #3118 ) ;
#966 = FACE_OUTER_BOUND ( 'NONE', #1194, .T. ) ;
#967 = ORIENTED_EDGE ( 'NONE', *, *, #189, .T. ) ;
#968 = VERTEX_POINT ( 'NONE', #1764 ) ;
#969 = DIRECTION ( 'NONE',  ( 0.000000000000000000, 0.000000000000000000, -1.000000000000000000 ) ) ;
#970 = EDGE_CURVE ( 'NONE', #2262, #2262, #647, .T. ) ;
#971 = AXIS2_PLACEMENT_3D ( 'NONE', #1152, #1676, #3241 ) ;
#972 = EDGE_CURVE ( 'NONE', #2501, #2501, #3107, .T. ) ;
#973 = AXIS2_PLACEMENT_3D ( 'NONE', #2670, #369, #1410 ) ;
#974 = CIRCLE ( 'NONE', #2432, 11.68256885144159973 ) ;
#975 = DIRECTION ( 'NONE',  ( 1.000000000000000000, 0.000000000000000000, 0.000000000000000000 ) ) ;
#976 = VERTEX_POINT ( 'NONE', #2507 ) ;
#977 = DIRECTION ( 'NONE',  ( 0.000000000000000000, 0.000000000000000000, -1.000000000000000000 ) ) ;
#978 = CONICAL_SURFACE ( 'NONE', #2226, 14.06743114854949894, 1.510893165344030065 ) ;
#979 = ORIENTED_EDGE ( 'NONE', *, *, #2722, .F. ) ;
#980 = ADVANCED_FACE ( 'NONE', ( #2530, #915 ), #3264, .F. ) ;
#981 = TOROIDAL_SURFACE ( 'NONE', #1475, 14.05000000000000071, 0.2000000000000040079 ) ;
#982 = CIRCLE ( 'NONE', #2609, 13.95000000000000107 ) ;
#983 = DIRECTION ( 'NONE',  ( 0.000000000000000000, 0.000000000000000000, -1.000000000000000000 ) ) ;
#984 = ORIENTED_EDGE ( 'NONE', *, *, #1253, .T. ) ;
#985 = EDGE_LOOP ( 'NONE', ( #913 ) ) ;
#986 = DIRECTION ( 'NONE',  ( 0.000000000000000000, 0.000000000000000000, -1.000000000000000000 ) ) ;
#987 = TOROIDAL_SURFACE ( 'NONE', #2234, 13.85000000004199805, 0.09999999995798790342 ) ;
#988 = ORIENTED_EDGE ( 'NONE', *, *, #2137, .F. ) ;
#989 = PERSON_AND_ORGANIZATION_ROLE ( 'classification_officer' ) ;
#990 = FACE_OUTER_BOUND ( 'NONE', #2022, .T. ) ;
#991 = AXIS2_PLACEMENT_3D ( 'NONE', #2450, #926, #3282 ) ;
#992 = ORIENTED_EDGE ( 'NONE', *, *, #3243, .T. ) ;
#993 = VERTEX_POINT ( 'NONE', #2027 ) ;
#994 = ADVANCED_FACE ( 'NONE', ( #2774, #3238 ), #1364, .F. ) ;
#995 = CARTESIAN_POINT ( 'NONE',  ( 33.22549436376669973, 0.000000000000000000, 0.000000000000000000 ) ) ;
#996 = FACE_OUTER_BOUND ( 'NONE', #3340, .T. ) ;
#997 = VERTEX_POINT ( 'NONE', #732 ) ;
#998 = FACE_OUTER_BOUND ( 'NONE', #3324, .T. ) ;
#999 = EDGE_LOOP ( 'NONE', ( #2087 ) ) ;
#1000 = FACE_OUTER_BOUND ( 'NONE', #2842, .T. ) ;
#1001 = ORIENTED_EDGE ( 'NONE', *, *, #1571, .T. ) ;
#1002 = ORIENTED_EDGE ( 'NONE', *, *, #1878, .T. ) ;
#1003 = DIRECTION ( 'NONE',  ( 1.000000000000000000, 0.000000000000000000, 0.000000000000000000 ) ) ;
#1004 = ORIENTED_EDGE ( 'NONE', *, *, #2111, .F. ) ;
#1005 = PERSON_AND_ORGANIZATION_ROLE ( 'design_supplier' ) ;
#1006 = DIRECTION ( 'NONE',  ( 1.000000000000000000, 0.000000000000000000, 0.000000000000000000 ) ) ;
#1007 = EDGE_LOOP ( 'NONE', ( #2613 ) ) ;
#1008 = VERTEX_POINT ( 'NONE', #1990 ) ;
#1009 = CARTESIAN_POINT ( 'NONE',  ( 16.50107024109880172, 0.000000000000000000, 0.000000000000000000 ) ) ;
#1010 = ADVANCED_FACE ( 'NONE', ( #1439, #140 ), #576, .F. ) ;
#1011 = DIRECTION ( 'NONE',  ( 1.000000000000000000, 0.000000000000000000, 0.000000000000000000 ) ) ;
#1012 = CARTESIAN_POINT ( 'NONE',  ( 11.91849437949949930, 0.000000000000000000, -11.68256885144159973 ) ) ;
#1013 = CARTESIAN_POINT ( 'NONE',  ( 36.99872770412220291, 0.000000000000000000, 0.000000000000000000 ) ) ;
#1014 = TOROIDAL_SURFACE ( 'NONE', #2748, 14.05000000000000071, 0.2000000000000000111 ) ;
#1015 = ORIENTED_EDGE ( 'NONE', *, *, #80, .F. ) ;
#1016 = DIRECTION ( 'NONE',  ( 0.000000000000000000, 0.000000000000000000, 1.000000000000000000 ) ) ;
#1017 = ORIENTED_EDGE ( 'NONE', *, *, #3268, .T. ) ;
#1018 = EDGE_LOOP ( 'NONE', ( #2538 ) ) ;
#1019 = AXIS2_PLACEMENT_3D ( 'NONE', #3183, #2896, #2955 ) ;
#1020 = DIRECTION ( 'NONE',  ( 0.000000000000000000, 0.000000000000000000, -1.000000000000000000 ) ) ;
#1021 = AXIS2_PLACEMENT_3D ( 'NONE', #2601, #2297, #1276 ) ;
#1022 = ADVANCED_FACE ( 'NONE', ( #157, #2229 ), #1567, .F. ) ;
#1023 = EDGE_LOOP ( 'NONE', ( #1736 ) ) ;
#1024 = APPROVAL_ROLE ( '' ) ;
#1025 = ADVANCED_FACE ( 'NONE', ( #2497, #175 ), #1218, .T. ) ;
#1026 = FACE_OUTER_BOUND ( 'NONE', #1233, .T. ) ;
#1027 = EDGE_LOOP ( 'NONE', ( #1604 ) ) ;
#1028 = VERTEX_POINT ( 'NONE', #1521 ) ;
#1029 = EDGE_CURVE ( 'NONE', #2249, #2249, #2098, .T. ) ;
#1030 = EDGE_CURVE ( 'NONE', #1008, #1008, #2369, .T. ) ;
#1031 = DIRECTION ( 'NONE',  ( 1.000000000000000000, 0.000000000000000000, 0.000000000000000000 ) ) ;
#1032 = CARTESIAN_POINT ( 'NONE',  ( 36.84290121211669344, 0.000000000000000000, 0.000000000000000000 ) ) ;
#1033 = CARTESIAN_POINT ( 'NONE',  ( 40.30878593972709467, 0.000000000000000000, 0.000000000000000000 ) ) ;
#1034 = EDGE_LOOP ( 'NONE', ( #3256 ) ) ;
#1035 = AXIS2_PLACEMENT_3D ( 'NONE', #2191, #1421, #1165 ) ;
#1036 = FACE_OUTER_BOUND ( 'NONE', #223, .T. ) ;
#1037 = CIRCLE ( 'NONE', #3322, 11.65642212862609917 ) ;
#1038 = CIRCLE ( 'NONE', #2653, 11.65642212862609917 ) ;
#1039 = EDGE_LOOP ( 'NONE', ( #2524 ) ) ;
#1040 = EDGE_LOOP ( 'NONE', ( #559 ) ) ;
#1041 = DIRECTION ( 'NONE',  ( 1.000000000000000000, 0.000000000000000000, 0.000000000000000000 ) ) ;
#1042 = AXIS2_PLACEMENT_3D ( 'NONE', #820, #2142, #782 ) ;
#1043 = AXIS2_PLACEMENT_3D ( 'NONE', #2225, #912, #2473 ) ;
#1044 = EDGE_LOOP ( 'NONE', ( #3047 ) ) ;
#1045 = DIRECTION ( 'NONE',  ( 0.000000000000000000, 0.000000000000000000, -1.000000000000000000 ) ) ;
#1046 = EDGE_LOOP ( 'NONE', ( #2616 ) ) ;
#1047 = CIRCLE ( 'NONE', #1751, 11.19999999999999929 ) ;
#1048 = CARTESIAN_POINT ( 'NONE',  ( 19.77528650776890018, 0.000000000000000000, 0.000000000000000000 ) ) ;
#1049 = EDGE_CURVE ( 'NONE', #3347, #3347, #628, .T. ) ;
#1050 = EDGE_CURVE ( 'NONE', #3036, #3036, #2812, .T. ) ;
#1051 = TOROIDAL_SURFACE ( 'NONE', #602, 13.84999999999850040, 0.1000000000014780038 ) ;
#1052 = DIRECTION ( 'NONE',  ( 0.000000000000000000, 0.000000000000000000, -1.000000000000000000 ) ) ;
#1053 = AXIS2_PLACEMENT_3D ( 'NONE', #1672, #381, #1314 ) ;
#1054 = EDGE_CURVE ( 'NONE', #2830, #2830, #205, .T. ) ;
#1055 = FACE_OUTER_BOUND ( 'NONE', #2608, .T. ) ;
#1056 = DIRECTION ( 'NONE',  ( 0.000000000000000000, 1.000000000000000000, 0.000000000000000000 ) ) ;
#1057 = ORIENTED_EDGE ( 'NONE', *, *, #137, .F. ) ;
#1058 = DIRECTION ( 'NONE',  ( 1.000000000000000000, 0.000000000000000000, 0.000000000000000000 ) ) ;
#1059 = ORIENTED_EDGE ( 'NONE', *, *, #1547, .F. ) ;
#1060 = EDGE_LOOP ( 'NONE', ( #2844 ) ) ;
#1061 = ADVANCED_FACE ( 'NONE', ( #3069, #2088 ), #725, .T. ) ;
#1062 = DIRECTION ( 'NONE',  ( 1.000000000000000000, 0.000000000000000000, 0.000000000000000000 ) ) ;
#1063 = ORIENTED_EDGE ( 'NONE', *, *, #1549, .F. ) ;
#1064 = CALENDAR_DATE ( 2025, 10, 7 ) ;
#1065 = DIRECTION ( 'NONE',  ( 0.000000000000000000, 0.000000000000000000, -1.000000000000000000 ) ) ;
#1066 = ORIENTED_EDGE ( 'NONE', *, *, #341, .F. ) ;
#1067 = DIRECTION ( 'NONE',  ( 0.000000000000000000, 0.000000000000000000, 1.000000000000000000 ) ) ;
#1068 = DIRECTION ( 'NONE',  ( 0.000000000000000000, 0.000000000000000000, -1.000000000000000000 ) ) ;
#1069 = ADVANCED_FACE ( 'NONE', ( #1576, #2325 ), #263, .F. ) ;
#1070 = DIRECTION ( 'NONE',  ( 1.000000000000000000, 0.000000000000000000, 0.000000000000000000 ) ) ;
#1071 = EDGE_CURVE ( 'NONE', #464, #464, #2916, .T. ) ;
#1072 = FACE_OUTER_BOUND ( 'NONE', #2032, .T. ) ;
#1073 = EDGE_LOOP ( 'NONE', ( #811 ) ) ;
#1074 = TOROIDAL_SURFACE ( 'NONE', #2964, 11.70000000000000107, 0.5000000000000000000 ) ;
#1075 = DIRECTION ( 'NONE',  ( 1.000000000000000000, 0.000000000000000000, 0.000000000000000000 ) ) ;
#1076 = ORIENTED_EDGE ( 'NONE', *, *, #1911, .F. ) ;
#1077 = EDGE_LOOP ( 'NONE', ( #727 ) ) ;
#1078 = CARTESIAN_POINT ( 'NONE',  ( 31.77502257615540060, 0.000000000000000000, 0.000000000000000000 ) ) ;
#1079 = ADVANCED_FACE ( 'NONE', ( #2056, #2597 ), #1936, .F. ) ;
#1080 = ORIENTED_EDGE ( 'NONE', *, *, #1344, .T. ) ;
#1081 = CARTESIAN_POINT ( 'NONE',  ( 40.30922582574959989, 0.000000000000000000, 0.000000000000000000 ) ) ;
#1082 = CIRCLE ( 'NONE', #476, 11.65642212862620042 ) ;
#1083 = ORIENTED_EDGE ( 'NONE', *, *, #3007, .T. ) ;
#1084 = DIRECTION ( 'NONE',  ( 1.000000000000000000, 0.000000000000000000, 0.000000000000000000 ) ) ;
#1085 = VERTEX_POINT ( 'NONE', #215 ) ;
#1086 = CARTESIAN_POINT ( 'NONE',  ( 36.84290121211669344, 0.000000000000000000, 0.000000000000000000 ) ) ;
#1087 = EDGE_CURVE ( 'NONE', #249, #249, #1618, .T. ) ;
#1088 = CYLINDRICAL_SURFACE ( 'NONE', #2389, 14.25000000000000000 ) ;
#1089 = EDGE_CURVE ( 'NONE', #1545, #1545, #1082, .T. ) ;
#1090 = CARTESIAN_POINT ( 'NONE',  ( 8.843517052548198976, 0.000000000000000000, 0.000000000000000000 ) ) ;
#1091 = FACE_OUTER_BOUND ( 'NONE', #1833, .T. ) ;
#1092 = AXIS2_PLACEMENT_3D ( 'NONE', #2943, #2679, #2959 ) ;
#1093 = AXIS2_PLACEMENT_3D ( 'NONE', #1655, #3145, #2353 ) ;
#1094 = ORIENTED_EDGE ( 'NONE', *, *, #373, .F. ) ;
#1095 = FACE_OUTER_BOUND ( 'NONE', #793, .T. ) ;
#1096 = ORIENTED_EDGE ( 'NONE', *, *, #321, .F. ) ;
#1097 = AXIS2_PLACEMENT_3D ( 'NONE', #2135, #388, #3179 ) ;
#1098 = CARTESIAN_POINT ( 'NONE',  ( 23.39269335672429762, 0.000000000000000000, 0.000000000000000000 ) ) ;
#1099 = AXIS2_PLACEMENT_3D ( 'NONE', #2037, #3084, #1773 ) ;
#1100 = AXIS2_PLACEMENT_3D ( 'NONE', #110, #1106, #2650 ) ;
#1101 = VERTEX_POINT ( 'NONE', #486 ) ;
#1102 = CARTESIAN_POINT ( 'NONE',  ( 28.84307716652570264, 0.000000000000000000, 0.000000000000000000 ) ) ;
#1103 = CIRCLE ( 'NONE', #1326, 11.50000000000000000 ) ;
#1104 = SECURITY_CLASSIFICATION ( '', '', #208 ) ;
#1105 = AXIS2_PLACEMENT_3D ( 'NONE', #2627, #1913, #2686 ) ;
#1106 = DIRECTION ( 'NONE',  ( -1.000000000000000000, 0.000000000000000000, 0.000000000000000000 ) ) ;
#1107 = TOROIDAL_SURFACE ( 'NONE', #1642, 13.85000000004199805, 0.09999999995798269925 ) ;
#1108 = FACE_OUTER_BOUND ( 'NONE', #1298, .T. ) ;
#1109 = DIRECTION ( 'NONE',  ( 1.000000000000000000, 0.000000000000000000, 0.000000000000000000 ) ) ;
#1110 = ADVANCED_FACE ( 'NONE', ( #990, #2861 ), #3367, .T. ) ;
#1111 = DIRECTION ( 'NONE',  ( 1.000000000000000000, 0.000000000000000000, 0.000000000000000000 ) ) ;
#1112 = ORIENTED_EDGE ( 'NONE', *, *, #2126, .T. ) ;
#1113 = FACE_OUTER_BOUND ( 'NONE', #2228, .T. ) ;
#1114 = EDGE_LOOP ( 'NONE', ( #1318 ) ) ;
#1115 = FACE_OUTER_BOUND ( 'NONE', #1196, .T. ) ;
#1116 = VERTEX_POINT ( 'NONE', #239 ) ;
#1117 = FACE_BOUND ( 'NONE', #3, .T. ) ;
#1118 = CARTESIAN_POINT ( 'NONE',  ( 7.619723947377030626, 0.000000000000000000, 0.000000000000000000 ) ) ;
#1119 = EDGE_CURVE ( 'NONE', #2548, #2548, #1240, .T. ) ;
#1120 = DIRECTION ( 'NONE',  ( -1.000000000000000000, 0.000000000000000000, 0.000000000000000000 ) ) ;
#1121 = DIRECTION ( 'NONE',  ( 1.000000000000000000, 0.000000000000000000, 0.000000000000000000 ) ) ;
#1122 = DIRECTION ( 'NONE',  ( 1.000000000000000000, 0.000000000000000000, 0.000000000000000000 ) ) ;
#1123 = EDGE_LOOP ( 'NONE', ( #3233 ) ) ;
#1124 = CYLINDRICAL_SURFACE ( 'NONE', #1839, 11.19999999999999929 ) ;
#1125 = EDGE_LOOP ( 'NONE', ( #2495 ) ) ;
#1126 = AXIS2_PLACEMENT_3D ( 'NONE', #339, #2611, #319 ) ;
#1127 = CARTESIAN_POINT ( 'NONE',  ( 16.11764534201390120, 0.000000000000000000, 0.000000000000000000 ) ) ;
#1128 = ADVANCED_FACE ( 'NONE', ( #525, #1026 ), #1324, .T. ) ;
#1129 = CARTESIAN_POINT ( 'NONE',  ( 31.77502257615540060, 0.000000000000000000, -14.06743114854949894 ) ) ;
#1130 = DIRECTION ( 'NONE',  ( 0.000000000000000000, 0.000000000000000000, -1.000000000000000000 ) ) ;
#1131 = CARTESIAN_POINT ( 'NONE',  ( 0.8436930069572050606, 0.000000000000000000, 0.000000000000000000 ) ) ;
#1132 = AXIS2_PLACEMENT_3D ( 'NONE', #3279, #714, #1712 ) ;
#1133 = CARTESIAN_POINT ( 'NONE',  ( 3.393133242746789957, 0.000000000000000000, -13.95000000000000107 ) ) ;
#1134 = CIRCLE ( 'NONE', #803, 11.68256885144159973 ) ;
#1135 = DIRECTION ( 'NONE',  ( 0.000000000000000000, 0.000000000000000000, -1.000000000000000000 ) ) ;
#1136 = DIRECTION ( 'NONE',  ( -1.000000000000000000, 0.000000000000000000, 0.000000000000000000 ) ) ;
#1137 = CARTESIAN_POINT ( 'NONE',  ( 40.30922582574959989, 0.000000000000000000, 0.000000000000000000 ) ) ;
#1138 = CARTESIAN_POINT ( 'NONE',  ( 32.50071833286730083, 0.000000000000000000, 0.000000000000000000 ) ) ;
#1139 = CARTESIAN_POINT ( 'NONE',  ( 12.84342907534369971, 0.000000000000000000, 0.000000000000000000 ) ) ;
#1140 = EDGE_LOOP ( 'NONE', ( #1487 ) ) ;
#1141 = FACE_OUTER_BOUND ( 'NONE', #492, .T. ) ;
#1142 = AXIS2_PLACEMENT_3D ( 'NONE', #1872, #609, #2926 ) ;
#1143 = CARTESIAN_POINT ( 'NONE',  ( 36.50063035507630360, 0.000000000000000000, -11.19999999999999929 ) ) ;
#1144 = FACE_OUTER_BOUND ( 'NONE', #605, .T. ) ;
#1145 = DIRECTION ( 'NONE',  ( 1.000000000000000000, 0.000000000000000000, 0.000000000000000000 ) ) ;
#1146 = AXIS2_PLACEMENT_3D ( 'NONE', #19, #301, #1313 ) ;
#1147 = ADVANCED_FACE ( 'NONE', ( #480, #796 ), #2845, .T. ) ;
#1148 = EDGE_CURVE ( 'NONE', #993, #993, #2969, .T. ) ;
#1149 = VERTEX_POINT ( 'NONE', #1424 ) ;
#1150 = AXIS2_PLACEMENT_3D ( 'NONE', #2062, #750, #2331 ) ;
#1151 = CIRCLE ( 'NONE', #3051, 13.85871557431310030 ) ;
#1152 = CARTESIAN_POINT ( 'NONE',  ( 8.999343544553649821, 0.000000000000000000, 0.000000000000000000 ) ) ;
#1153 = EDGE_CURVE ( 'NONE', #3071, #3071, #1671, .T. ) ;
#1154 = CIRCLE ( 'NONE', #2336, 13.95000000000000107 ) ;
#1155 = DIRECTION ( 'NONE',  ( 0.000000000000000000, 0.000000000000000000, -1.000000000000000000 ) ) ;
#1156 = TOROIDAL_SURFACE ( 'NONE', #991, 11.70000000000000107, 0.5000000000000129896 ) ;
#1157 = DIRECTION ( 'NONE',  ( 1.000000000000000000, 0.000000000000000000, 0.000000000000000000 ) ) ;
#1158 = FACE_OUTER_BOUND ( 'NONE', #859, .T. ) ;
#1160 = EDGE_CURVE ( 'NONE', #728, #728, #578, .T. ) ;
#1159 = CARTESIAN_POINT ( 'NONE',  ( 3.576399476968569857, 0.000000000000000000, 0.000000000000000000 ) ) ;
#1161 = EDGE_LOOP ( 'NONE', ( #3088 ) ) ;
#1162 = CARTESIAN_POINT ( 'NONE',  ( 40.11711747867669686, 0.000000000000000000, 0.000000000000000000 ) ) ;
#1163 = EDGE_LOOP ( 'NONE', ( #1004 ) ) ;
#1164 = VERTEX_POINT ( 'NONE', #348 ) ;
#1165 = DIRECTION ( 'NONE',  ( 0.000000000000000000, 0.000000000000000000, -1.000000000000000000 ) ) ;
#1166 = CARTESIAN_POINT ( 'NONE',  ( 40.30878593972709467, 11.19999999999999929, 0.000000000000000000 ) ) ;
#1167 = VERTEX_POINT ( 'NONE', #2178 ) ;
#1168 = DIRECTION ( 'NONE',  ( -1.000000000000000000, 0.000000000000000000, 0.000000000000000000 ) ) ;
#1169 = ADVANCED_FACE ( 'NONE', ( #1095, #1603 ), #95, .T. ) ;
#1170 = CARTESIAN_POINT ( 'NONE',  ( 3.918670333908460535, 0.000000000000000000, 0.000000000000000000 ) ) ;
#1171 = CARTESIAN_POINT ( 'NONE',  ( 0.5014221499167819118, 0.000000000000000000, -11.19999999999999929 ) ) ;
#1172 = DIRECTION ( 'NONE',  ( 0.000000000000000000, 0.000000000000000000, -1.000000000000000000 ) ) ;
#1173 = DIRECTION ( 'NONE',  ( 0.000000000000000000, 0.000000000000000000, -1.000000000000000000 ) ) ;
#1174 = DIRECTION ( 'NONE',  ( 0.000000000000000000, 0.000000000000000000, -1.000000000000000000 ) ) ;
#1175 = ORIENTED_EDGE ( 'NONE', *, *, #1395, .F. ) ;
#1176 = AXIS2_PLACEMENT_3D ( 'NONE', #1482, #3249, #2689 ) ;
#1177 = FACE_OUTER_BOUND ( 'NONE', #1572, .T. ) ;
#1178 = EDGE_LOOP ( 'NONE', ( #246 ) ) ;
#1179 = CARTESIAN_POINT ( 'NONE',  ( 28.84307716652570264, 0.000000000000000000, -14.06743114854949894 ) ) ;
#1180 = FACE_OUTER_BOUND ( 'NONE', #1555, .T. ) ;
#1181 = AXIS2_PLACEMENT_3D ( 'NONE', #79, #842, #1646 ) ;
#1182 = ORIENTED_EDGE ( 'NONE', *, *, #1071, .T. ) ;
#1183 = VERTEX_POINT ( 'NONE', #2213 ) ;
#1184 = EDGE_CURVE ( 'NONE', #233, #233, #2265, .T. ) ;
#1185 = CARTESIAN_POINT ( 'NONE',  ( 0.8436930069572050606, 0.000000000000000000, 0.000000000000000000 ) ) ;
#1186 = AXIS2_PLACEMENT_3D ( 'NONE', #2170, #3217, #1858 ) ;
#1187 = AXIS2_PLACEMENT_3D ( 'NONE', #3309, #1506, #969 ) ;
#1188 = DIRECTION ( 'NONE',  ( 1.000000000000000000, 0.000000000000000000, 0.000000000000000000 ) ) ;
#1189 = CARTESIAN_POINT ( 'NONE',  ( 8.117821296289539745, 0.000000000000000000, -11.50000000000000000 ) ) ;
#1190 = DIRECTION ( 'NONE',  ( 0.000000000000000000, 0.000000000000000000, -1.000000000000000000 ) ) ;
#1191 = DIRECTION ( 'NONE',  ( 1.000000000000000000, 0.000000000000000000, 0.000000000000000000 ) ) ;
#1192 = DIRECTION ( 'NONE',  ( 0.000000000000000000, 0.000000000000000000, -1.000000000000000000 ) ) ;
#1193 = DIRECTION ( 'NONE',  ( -1.000000000000000000, 0.000000000000000000, 0.000000000000000000 ) ) ;
#1194 = EDGE_LOOP ( 'NONE', ( #2579 ) ) ;
#1195 = DIRECTION ( 'NONE',  ( 1.000000000000000000, 0.000000000000000000, 0.000000000000000000 ) ) ;
#1196 = EDGE_LOOP ( 'NONE', ( #2618 ) ) ;
#1197 = PERSON_AND_ORGANIZATION ( #3363, #1808 ) ;
#1198 = DIRECTION ( 'NONE',  ( 0.000000000000000000, 0.000000000000000000, -1.000000000000000000 ) ) ;
#1199 = EDGE_LOOP ( 'NONE', ( #1540 ) ) ;
#1200 = CIRCLE ( 'NONE', #2010, 11.68256885140240087 ) ;
#1201 = VERTEX_POINT ( 'NONE', #1923 ) ;
#1202 = AXIS2_PLACEMENT_3D ( 'NONE', #3004, #2215, #1732 ) ;
#1203 = CARTESIAN_POINT ( 'NONE',  ( 21.04249206055310140, 0.000000000000000000, 0.000000000000000000 ) ) ;
#1204 = AXIS2_PLACEMENT_3D ( 'NONE', #2680, #1403, #2176 ) ;
#1205 = AXIS2_PLACEMENT_3D ( 'NONE', #366, #1408, #2181 ) ;
#1206 = AXIS2_PLACEMENT_3D ( 'NONE', #2397, #74, #1578 ) ;
#1207 = CARTESIAN_POINT ( 'NONE',  ( 8.843517052548198976, 0.000000000000000000, 0.000000000000000000 ) ) ;
#1208 = VERTEX_POINT ( 'NONE', #2728 ) ;
#1209 = DIRECTION ( 'NONE',  ( 0.000000000000000000, 0.000000000000000000, -1.000000000000000000 ) ) ;
#1210 = CIRCLE ( 'NONE', #1375, 13.95000000000000107 ) ;
#1211 = FACE_OUTER_BOUND ( 'NONE', #2674, .T. ) ;
#1212 = DIRECTION ( 'NONE',  ( 1.000000000000000000, 0.000000000000000000, 0.000000000000000000 ) ) ;
#1213 = EDGE_LOOP ( 'NONE', ( #1565 ) ) ;
#1214 = TOROIDAL_SURFACE ( 'NONE', #2075, 11.69999999999039808, 0.1999999999903690207 ) ;
#1215 = CARTESIAN_POINT ( 'NONE',  ( 35.49204889477699965, 0.000000000000000000, 0.000000000000000000 ) ) ;
#1216 = ORIENTED_EDGE ( 'NONE', *, *, #2872, .T. ) ;
#1217 = DATE_AND_TIME ( #2496, #3274 ) ;
#1218 = CYLINDRICAL_SURFACE ( 'NONE', #3247, 11.50000000000000000 ) ;
#1219 = ORIENTED_EDGE ( 'NONE', *, *, #807, .F. ) ;
#1220 = CARTESIAN_POINT ( 'NONE',  ( 40.30878593972709467, 0.000000000000000000, -11.50000000000000000 ) ) ;
#1221 = DIRECTION ( 'NONE',  ( 1.000000000000000000, 0.000000000000000000, 0.000000000000000000 ) ) ;
#1222 = DIRECTION ( 'NONE',  ( -1.000000000000000000, 0.000000000000000000, 0.000000000000000000 ) ) ;
#1223 = CARTESIAN_POINT ( 'NONE',  ( 29.22558234097120078, 0.000000000000000000, -13.95000000000000107 ) ) ;
#1224 = FACE_OUTER_BOUND ( 'NONE', #3130, .T. ) ;
#1225 = FACE_OUTER_BOUND ( 'NONE', #42, .T. ) ;
#1226 = FACE_OUTER_BOUND ( 'NONE', #1274, .T. ) ;
#1227 = ORIENTED_EDGE ( 'NONE', *, *, #3038, .T. ) ;
#1228 = FACE_BOUND ( 'NONE', #138, .T. ) ;
#1229 = EDGE_CURVE ( 'NONE', #2567, #2567, #1675, .T. ) ;
#1230 = ORIENTED_EDGE ( 'NONE', *, *, #1793, .T. ) ;
#1231 = APPROVAL_ROLE ( '' ) ;
#1232 = DIRECTION ( 'NONE',  ( 1.000000000000000000, 0.000000000000000000, 0.000000000000000000 ) ) ;
#1233 = EDGE_LOOP ( 'NONE', ( #456 ) ) ;
#1234 = VERTEX_POINT ( 'NONE', #767 ) ;
#1235 = CLOSED_SHELL ( 'NONE', ( #1758, #1283, #900, #3310, #2743, #2147, #1815, #340, #1994, #1069, #332, #1022, #297, #2302, #438, #980, #2212, #184, #1624, #2754, #638, #1260, #769, #2834, #2319, #314, #2351, #2254, #1079, #879, #2927, #866, #2849, #2095, #1728, #542, #1497, #201, #3066, #2482, #1169, #636, #766, #2930, #3073, #596, #749, #1753, #2919, #1752, #1989, #679, #85, #1978, #2594, #1552, #254, #1293, #494, #2699, #3026, #3061, #572, #2019, #2615, #3226, #1110, #9, #1644, #2692, #733, #2953, #581, #829, #837, #1010, #1643, #785, #2588, #2080, #3096, #3287, #832, #1504, #2909, #2463, #2218, #1147, #2077, #2382, #2349, #1860, #1362, #3205, #2961, #188, #1585, #258, #3293, #1061, #2806, #2636, #3085, #2404, #402, #1943, #300, #1025, #928, #3323, #1418, #3080, #577, #1774, #1999, #1128, #1308, #3353, #642, #886, #1542, #2039, #2487, #1441, #108, #2296, #3016, #1853, #90, #551, #3168, #1340, #612, #3181, #459, #2444, #2651, #72, #1280, #2833, #2599, #2284, #3339, #666, #2988, #393, #50, #2244, #773, #2569, #2158, #613, #1481, #3142, #2766, #2094, #994, #2036, #1402, #159, #1498, #1606, #3101, #810 ) ) ;
#1236 = FACE_OUTER_BOUND ( 'NONE', #3361, .T. ) ;
#1237 = DIRECTION ( 'NONE',  ( 0.000000000000000000, 0.000000000000000000, -1.000000000000000000 ) ) ;
#1238 = CARTESIAN_POINT ( 'NONE',  ( 16.11764534188050035, 0.000000000000000000, -11.50000000000000000 ) ) ;
#1239 = CARTESIAN_POINT ( 'NONE',  ( 23.39269335662319804, 0.000000000000000000, 0.000000000000000000 ) ) ;
#1240 = CIRCLE ( 'NONE', #2208, 14.25000000000000000 ) ;
#1241 = CIRCLE ( 'NONE', #2534, 13.85871557431310030 ) ;
#1242 = AXIS2_PLACEMENT_3D ( 'NONE', #3173, #2661, #71 ) ;
#1243 = CARTESIAN_POINT ( 'NONE',  ( 5.226110204198199938, 0.000000000000000000, 0.000000000000000000 ) ) ;
#1244 = ORIENTED_EDGE ( 'NONE', *, *, #1184, .F. ) ;
#1245 = ORIENTED_EDGE ( 'NONE', *, *, #2054, .T. ) ;
#1246 = EDGE_LOOP ( 'NONE', ( #2307 ) ) ;
#1247 =( NAMED_UNIT ( * ) SI_UNIT ( $, .STERADIAN. ) SOLID_ANGLE_UNIT ( ) );
#1248 = DIRECTION ( 'NONE',  ( 0.000000000000000000, 0.000000000000000000, -1.000000000000000000 ) ) ;
#1249 = EDGE_LOOP ( 'NONE', ( #3077 ) ) ;
#1250 = CARTESIAN_POINT ( 'NONE',  ( 36.99872770412220291, 0.000000000000000000, -11.65642212862609917 ) ) ;
#1251 = DIRECTION ( 'NONE',  ( 0.000000000000000000, 0.000000000000000000, -1.000000000000000000 ) ) ;
#1252 = CIRCLE ( 'NONE', #218, 14.06743114854949894 ) ;
#1253 = EDGE_CURVE ( 'NONE', #651, #651, #688, .T. ) ;
#1254 = EDGE_CURVE ( 'NONE', #670, #670, #1134, .T. ) ;
#1255 = CIRCLE ( 'NONE', #1360, 13.85871557431319978 ) ;
#1256 = AXIS2_PLACEMENT_3D ( 'NONE', #2260, #462, #3305 ) ;
#1257 = FACE_BOUND ( 'NONE', #2945, .T. ) ;
#1258 = CARTESIAN_POINT ( 'NONE',  ( 1.042931946575550217, 0.000000000000000000, -14.25000000000000000 ) ) ;
#1259 = DIRECTION ( 'NONE',  ( 0.000000000000000000, 0.000000000000000000, -1.000000000000000000 ) ) ;
#1260 = ADVANCED_FACE ( 'NONE', ( #1113, #1633 ), #2125, .F. ) ;
#1261 = AXIS2_PLACEMENT_3D ( 'NONE', #582, #2182, #2416 ) ;
#1262 = EDGE_LOOP ( 'NONE', ( #3045 ) ) ;
#1263 = AXIS2_PLACEMENT_3D ( 'NONE', #2901, #564, #77 ) ;
#1264 = AXIS2_PLACEMENT_3D ( 'NONE', #2542, #3270, #1972 ) ;
#1265 = FACE_OUTER_BOUND ( 'NONE', #1161, .T. ) ;
#1266 = EDGE_LOOP ( 'NONE', ( #428 ) ) ;
#1267 = ORIENTED_EDGE ( 'NONE', *, *, #800, .F. ) ;
#1268 = DIRECTION ( 'NONE',  ( 0.000000000000000000, 0.000000000000000000, -1.000000000000000000 ) ) ;
#1269 = AXIS2_PLACEMENT_3D ( 'NONE', #3046, #2527, #477 ) ;
#1270 = ORIENTED_EDGE ( 'NONE', *, *, #2890, .F. ) ;
#1271 = DATE_AND_TIME ( #3344, #3219 ) ;
#1272 = DIRECTION ( 'NONE',  ( 0.000000000000000000, 0.000000000000000000, -1.000000000000000000 ) ) ;
#1273 = CONICAL_SURFACE ( 'NONE', #1430, 11.68256885144159973, 1.510893165155730022 ) ;
#1274 = EDGE_LOOP ( 'NONE', ( #2514 ) ) ;
#1275 = CARTESIAN_POINT ( 'NONE',  ( 0.5014221505032849802, 0.000000000000000000, -11.50000000000000000 ) ) ;
#1276 = DIRECTION ( 'NONE',  ( 0.000000000000000000, 0.000000000000000000, -1.000000000000000000 ) ) ;
#1277 = EDGE_CURVE ( 'NONE', #3040, #3040, #1574, .T. ) ;
#1278 = CYLINDRICAL_SURFACE ( 'NONE', #387, 13.95000000000000107 ) ;
#1279 = VERTEX_POINT ( 'NONE', #1528 ) ;
#1280 = ADVANCED_FACE ( 'NONE', ( #2360, #2906 ), #906, .F. ) ;
#1281 = DIRECTION ( 'NONE',  ( 1.000000000000000000, 0.000000000000000000, 0.000000000000000000 ) ) ;
#1282 = ORIENTED_EDGE ( 'NONE', *, *, #341, .T. ) ;
#1283 = ADVANCED_FACE ( 'NONE', ( #2107, #817 ), #1367, .F. ) ;
#1284 = CARTESIAN_POINT ( 'NONE',  ( 3.492752712413039973, 0.000000000000000000, 0.000000000000000000 ) ) ;
#1285 = EDGE_LOOP ( 'NONE', ( #774 ) ) ;
#1286 = EDGE_LOOP ( 'NONE', ( #457 ) ) ;
#1287 = FACE_OUTER_BOUND ( 'NONE', #1922, .T. ) ;
#1288 = ORIENTED_EDGE ( 'NONE', *, *, #1854, .T. ) ;
#1289 = DIRECTION ( 'NONE',  ( 0.000000000000000000, 0.000000000000000000, -1.000000000000000000 ) ) ;
#1290 = EDGE_LOOP ( 'NONE', ( #430 ) ) ;
#1291 = VERTEX_POINT ( 'NONE', #1220 ) ;
#1292 = DIRECTION ( 'NONE',  ( 1.000000000000000000, 0.000000000000000000, 0.000000000000000000 ) ) ;
#1293 = ADVANCED_FACE ( 'NONE', ( #2154, #84 ), #1124, .F. ) ;
#1294 = TOROIDAL_SURFACE ( 'NONE', #3189, 11.69999999996350049, 0.1999999999635150016 ) ;
#1295 = DIRECTION ( 'NONE',  ( 1.000000000000000000, 0.000000000000000000, 0.000000000000000000 ) ) ;
#1296 = CARTESIAN_POINT ( 'NONE',  ( 16.50107024168530145, 0.000000000000000000, 0.000000000000000000 ) ) ;
#1297 = TOROIDAL_SURFACE ( 'NONE', #1929, 11.70000000000000107, 0.5000000000000000000 ) ;
#1298 = EDGE_LOOP ( 'NONE', ( #1059 ) ) ;
#1299 = DIRECTION ( 'NONE',  ( 0.000000000000000000, 0.000000000000000000, -1.000000000000000000 ) ) ;
#1300 = ORIENTED_EDGE ( 'NONE', *, *, #1229, .T. ) ;
#1301 = TOROIDAL_SURFACE ( 'NONE', #1729, 14.05000000000000071, 0.1999999999999970135 ) ;
#1302 = ORIENTED_EDGE ( 'NONE', *, *, #336, .F. ) ;
#1303 = EDGE_CURVE ( 'NONE', #1208, #1208, #3147, .T. ) ;
#1304 = EDGE_CURVE ( 'NONE', #2706, #2706, #1730, .T. ) ;
#1305 = FACE_OUTER_BOUND ( 'NONE', #1837, .T. ) ;
#1306 = TOROIDAL_SURFACE ( 'NONE', #1187, 13.84999999999850040, 0.1000000000014800022 ) ;
#1307 = EDGE_LOOP ( 'NONE', ( #481 ) ) ;
#1308 = ADVANCED_FACE ( 'NONE', ( #1396, #102 ), #1995, .F. ) ;
#1309 = DIRECTION ( 'NONE',  ( 1.000000000000000000, 0.000000000000000000, 0.000000000000000000 ) ) ;
#1310 = ORIENTED_EDGE ( 'NONE', *, *, #1888, .T. ) ;
#1311 = DIRECTION ( 'NONE',  ( 0.000000000000000000, 0.000000000000000000, -1.000000000000000000 ) ) ;
#1312 = DIRECTION ( 'NONE',  ( -1.000000000000000000, 0.000000000000000000, 0.000000000000000000 ) ) ;
#1313 = DIRECTION ( 'NONE',  ( 0.000000000000000000, 0.000000000000000000, -1.000000000000000000 ) ) ;
#1314 = DIRECTION ( 'NONE',  ( 0.000000000000000000, 0.000000000000000000, -1.000000000000000000 ) ) ;
#1315 = EDGE_LOOP ( 'NONE', ( #640 ) ) ;
#1316 = CARTESIAN_POINT ( 'NONE',  ( 15.61954799296800012, 0.000000000000000000, 0.000000000000000000 ) ) ;
#1317 = AXIS2_PLACEMENT_3D ( 'NONE', #804, #2816, #826 ) ;
#1318 = ORIENTED_EDGE ( 'NONE', *, *, #674, .F. ) ;
#1319 = ORIENTED_EDGE ( 'NONE', *, *, #1409, .T. ) ;
#1320 = DIRECTION ( 'NONE',  ( 0.000000000000000000, 0.000000000000000000, -1.000000000000000000 ) ) ;
#1321 = AXIS2_PLACEMENT_3D ( 'NONE', #2929, #1874, #2384 ) ;
#1322 = AXIS2_PLACEMENT_3D ( 'NONE', #2752, #3302, #427 ) ;
#1323 = EDGE_LOOP ( 'NONE', ( #207 ) ) ;
#1324 = CYLINDRICAL_SURFACE ( 'NONE', #2639, 11.50000000000000000 ) ;
#1325 = EDGE_LOOP ( 'NONE', ( #2334 ) ) ;
#1326 = AXIS2_PLACEMENT_3D ( 'NONE', #132, #843, #3180 ) ;
#1327 = DIRECTION ( 'NONE',  ( 0.000000000000000000, 0.000000000000000000, -1.000000000000000000 ) ) ;
#1328 = AXIS2_PLACEMENT_3D ( 'NONE', #1715, #2983, #3006 ) ;
#1329 = FACE_OUTER_BOUND ( 'NONE', #3315, .T. ) ;
#1330 = DIRECTION ( 'NONE',  ( 0.000000000000000000, 0.000000000000000000, -1.000000000000000000 ) ) ;
#1331 = DIRECTION ( 'NONE',  ( 0.000000000000000000, 0.000000000000000000, -1.000000000000000000 ) ) ;
#1332 = ORIENTED_EDGE ( 'NONE', *, *, #2126, .F. ) ;
#1333 = FACE_OUTER_BOUND ( 'NONE', #1007, .T. ) ;
#1334 = EDGE_LOOP ( 'NONE', ( #270 ) ) ;
#1335 = EDGE_LOOP ( 'NONE', ( #416 ) ) ;
#1336 = CARTESIAN_POINT ( 'NONE',  ( 16.50107024168530145, 0.000000000000000000, 0.000000000000000000 ) ) ;
#1337 = EDGE_LOOP ( 'NONE', ( #1531 ) ) ;
#1338 = CARTESIAN_POINT ( 'NONE',  ( 31.91805449347699764, 0.000000000000000000, 0.000000000000000000 ) ) ;
#1339 = ORIENTED_EDGE ( 'NONE', *, *, #1119, .T. ) ;
#1340 = ADVANCED_FACE ( 'NONE', ( #2511, #2255 ), #3250, .T. ) ;
#1341 = FACE_BOUND ( 'NONE', #1790, .T. ) ;
#1342 = CARTESIAN_POINT ( 'NONE',  ( 11.49257675800400058, 0.000000000000000000, -13.85871557431310030 ) ) ;
#1343 = DIRECTION ( 'NONE',  ( 0.000000000000000000, 0.000000000000000000, -1.000000000000000000 ) ) ;
#1344 = EDGE_CURVE ( 'NONE', #1478, #1478, #211, .T. ) ;
#1345 = CARTESIAN_POINT ( 'NONE',  ( 12.11773331908499962, 0.000000000000000000, 0.000000000000000000 ) ) ;
#1346 = AXIS2_PLACEMENT_3D ( 'NONE', #2434, #2971, #929 ) ;
#1347 = FACE_OUTER_BOUND ( 'NONE', #396, .T. ) ;
#1348 = DIRECTION ( 'NONE',  ( 1.000000000000000000, 0.000000000000000000, 0.000000000000000000 ) ) ;
#1349 = DIRECTION ( 'NONE',  ( 0.000000000000000000, 0.000000000000000000, -1.000000000000000000 ) ) ;
#1350 = DIRECTION ( 'NONE',  ( 0.000000000000000000, 0.000000000000000000, -1.000000000000000000 ) ) ;
#1351 = EDGE_LOOP ( 'NONE', ( #2734 ) ) ;
#1352 = DIRECTION ( 'NONE',  ( 0.000000000000000000, 0.000000000000000000, -1.000000000000000000 ) ) ;
#1353 = CIRCLE ( 'NONE', #368, 14.25000000000000000 ) ;
#1354 = CARTESIAN_POINT ( 'NONE',  ( 12.11773331921840047, 0.000000000000000000, -11.19999999999999929 ) ) ;
#1355 = CARTESIAN_POINT ( 'NONE',  ( 5.226110204198199938, 0.000000000000000000, 0.000000000000000000 ) ) ;
#1356 = DIRECTION ( 'NONE',  ( 0.000000000000000000, 0.000000000000000000, 1.000000000000000000 ) ) ;
#1357 = EDGE_CURVE ( 'NONE', #1429, #1429, #482, .T. ) ;
#1358 = DIRECTION ( 'NONE',  ( 0.000000000000000000, 0.000000000000000000, -1.000000000000000000 ) ) ;
#1359 = DIRECTION ( 'NONE',  ( 1.000000000000000000, 0.000000000000000000, 0.000000000000000000 ) ) ;
#1360 = AXIS2_PLACEMENT_3D ( 'NONE', #313, #2411, #2113 ) ;
#1361 = DIRECTION ( 'NONE',  ( 0.000000000000000000, 0.000000000000000000, -1.000000000000000000 ) ) ;
#1362 = ADVANCED_FACE ( 'NONE', ( #1226, #2001 ), #2535, .F. ) ;
#1363 = CONICAL_SURFACE ( 'NONE', #648, 11.65642212862609917, 1.513166169821940077 ) ;
#1364 = TOROIDAL_SURFACE ( 'NONE', #1631, 11.69999999999039808, 0.1999999999903659953 ) ;
#1365 = PRODUCT ( '838121_Default', '838121_Default', '', ( #1739 ) ) ;
#1366 = ORIENTED_EDGE ( 'NONE', *, *, #125, .F. ) ;
#1367 = CYLINDRICAL_SURFACE ( 'NONE', #1512, 11.19999999999999929 ) ;
#1368 = ORIENTED_EDGE ( 'NONE', *, *, #2419, .F. ) ;
#1369 = TOROIDAL_SURFACE ( 'NONE', #1801, 11.70000000000000107, 0.4999999999999900080 ) ;
#1370 = AXIS2_PLACEMENT_3D ( 'NONE', #1215, #3321, #3011 ) ;
#1371 = EDGE_CURVE ( 'NONE', #2216, #2216, #3307, .T. ) ;
#1372 = CARTESIAN_POINT ( 'NONE',  ( 25.12605084836500069, 0.000000000000000000, -13.85871557427280010 ) ) ;
#1373 = CARTESIAN_POINT ( 'NONE',  ( 40.11711747865349764, 0.000000000000000000, 0.000000000000000000 ) ) ;
#1374 = CONICAL_SURFACE ( 'NONE', #2888, 11.68256885144159973, 1.510893165155730022 ) ;
#1375 = AXIS2_PLACEMENT_3D ( 'NONE', #148, #1191, #2193 ) ;
#1376 = CARTESIAN_POINT ( 'NONE',  ( 7.918582356703960379, 0.000000000000000000, 0.000000000000000000 ) ) ;
#1377 = TOROIDAL_SURFACE ( 'NONE', #3278, 11.70000000000000107, 0.5000000000000000000 ) ;
#1378 = CARTESIAN_POINT ( 'NONE',  ( 15.57613554535509870, 0.000000000000000000, 0.000000000000000000 ) ) ;
#1379 = DIRECTION ( 'NONE',  ( -1.000000000000000000, 0.000000000000000000, 0.000000000000000000 ) ) ;
#1380 = FACE_OUTER_BOUND ( 'NONE', #135, .T. ) ;
#1381 = DIRECTION ( 'NONE',  ( -1.000000000000000000, 0.000000000000000000, 0.000000000000000000 ) ) ;
#1382 = EDGE_LOOP ( 'NONE', ( #937 ) ) ;
#1383 = DIRECTION ( 'NONE',  ( -1.000000000000000000, 0.000000000000000000, 0.000000000000000000 ) ) ;
#1384 = VERTEX_POINT ( 'NONE', #3254 ) ;
#1385 = DIRECTION ( 'NONE',  ( 0.000000000000000000, 0.000000000000000000, -1.000000000000000000 ) ) ;
#1386 = DIRECTION ( 'NONE',  ( 0.000000000000000000, 0.000000000000000000, -1.000000000000000000 ) ) ;
#1387 = CARTESIAN_POINT ( 'NONE',  ( 0.3096657117720860164, 0.000000000000000000, -11.19999999999999929 ) ) ;
#1388 = DIRECTION ( 'NONE',  ( 1.000000000000000000, 0.000000000000000000, 0.000000000000000000 ) ) ;
#1389 = DIRECTION ( 'NONE',  ( 0.000000000000000000, 0.000000000000000000, -1.000000000000000000 ) ) ;
#1390 = DIRECTION ( 'NONE',  ( 0.000000000000000000, 0.000000000000000000, -1.000000000000000000 ) ) ;
#1391 = EDGE_CURVE ( 'NONE', #164, #164, #2157, .T. ) ;
#1392 = CARTESIAN_POINT ( 'NONE',  ( 32.84298918932120159, 0.000000000000000000, 0.000000000000000000 ) ) ;
#1393 = AXIS2_PLACEMENT_3D ( 'NONE', #1139, #1866, #1349 ) ;
#1394 = DIRECTION ( 'NONE',  ( 1.000000000000000000, 0.000000000000000000, 0.000000000000000000 ) ) ;
#1395 = EDGE_CURVE ( 'NONE', #2521, #2521, #3192, .T. ) ;
#1396 = FACE_OUTER_BOUND ( 'NONE', #2626, .T. ) ;
#1397 = EDGE_LOOP ( 'NONE', ( #916 ) ) ;
#1398 = DIRECTION ( 'NONE',  ( 0.000000000000000000, 0.000000000000000000, -1.000000000000000000 ) ) ;
#1399 = CARTESIAN_POINT ( 'NONE',  ( 19.57604756815060298, 0.000000000000000000, -14.25000000000000000 ) ) ;
#1400 = DIRECTION ( 'NONE',  ( 0.000000000000000000, 0.000000000000000000, -1.000000000000000000 ) ) ;
#1401 = AXIS2_PLACEMENT_3D ( 'NONE', #429, #1723, #2757 ) ;
#1402 = ADVANCED_FACE ( 'NONE', ( #706, #3025 ), #1405, .T. ) ;
#1403 = DIRECTION ( 'NONE',  ( -1.000000000000000000, 0.000000000000000000, 0.000000000000000000 ) ) ;
#1404 = EDGE_LOOP ( 'NONE', ( #510 ) ) ;
#1405 = TOROIDAL_SURFACE ( 'NONE', #1992, 14.05000000000000071, 0.2000000000000000111 ) ;
#1406 = VERTEX_POINT ( 'NONE', #384 ) ;
#1407 = AXIS2_PLACEMENT_3D ( 'NONE', #170, #2241, #910 ) ;
#1408 = DIRECTION ( 'NONE',  ( 1.000000000000000000, 0.000000000000000000, 0.000000000000000000 ) ) ;
#1409 = EDGE_CURVE ( 'NONE', #2449, #2449, #1353, .T. ) ;
#1410 = DIRECTION ( 'NONE',  ( 0.000000000000000000, 0.000000000000000000, -1.000000000000000000 ) ) ;
#1411 = FACE_OUTER_BOUND ( 'NONE', #2393, .T. ) ;
#1412 = CARTESIAN_POINT ( 'NONE',  ( 33.22549436376669973, 0.000000000000000000, 0.000000000000000000 ) ) ;
#1413 = CONICAL_SURFACE ( 'NONE', #1847, 11.65642212862620042, 1.513166169821940077 ) ;
#1414 = DIRECTION ( 'NONE',  ( 0.000000000000000000, 0.000000000000000000, -1.000000000000000000 ) ) ;
#1415 = EDGE_LOOP ( 'NONE', ( #2455 ) ) ;
#1416 = CARTESIAN_POINT ( 'NONE',  ( 15.49248878079949954, 0.000000000000000000, 0.000000000000000000 ) ) ;
#1417 = CONICAL_SURFACE ( 'NONE', #1525, 13.85871557431319978, 1.513166170031569946 ) ;
#1418 = ADVANCED_FACE ( 'NONE', ( #1931, #2453 ), #1301, .T. ) ;
#1419 = ORIENTED_EDGE ( 'NONE', *, *, #2762, .F. ) ;
#1420 = CARTESIAN_POINT ( 'NONE',  ( 19.77528650776890018, 0.000000000000000000, -14.06743114854949894 ) ) ;
#1421 = DIRECTION ( 'NONE',  ( 1.000000000000000000, 0.000000000000000000, 0.000000000000000000 ) ) ;
#1422 = CARTESIAN_POINT ( 'NONE',  ( 28.11738141026699722, 0.000000000000000000, 0.000000000000000000 ) ) ;
#1423 = EDGE_CURVE ( 'NONE', #1733, #1733, #3248, .T. ) ;
#1424 = CARTESIAN_POINT ( 'NONE',  ( 20.70022120406150279, 0.000000000000000000, -11.68256885140240087 ) ) ;
#1425 = CONICAL_SURFACE ( 'NONE', #2657, 11.65642212862609917, 1.513166169821940077 ) ;
#1426 = CYLINDRICAL_SURFACE ( 'NONE', #1100, 14.25000000000000000 ) ;
#1427 = AXIS2_PLACEMENT_3D ( 'NONE', #874, #1379, #617 ) ;
#1428 = DIRECTION ( 'NONE',  ( -1.000000000000000000, 0.000000000000000000, 0.000000000000000000 ) ) ;
#1429 = VERTEX_POINT ( 'NONE', #2015 ) ;
#1430 = AXIS2_PLACEMENT_3D ( 'NONE', #408, #2468, #1445 ) ;
#1431 = FACE_OUTER_BOUND ( 'NONE', #278, .T. ) ;
#1432 = AXIS2_PLACEMENT_3D ( 'NONE', #873, #888, #98 ) ;
#1433 = DIRECTION ( 'NONE',  ( 0.000000000000000000, 0.000000000000000000, -1.000000000000000000 ) ) ;
#1434 = DIRECTION ( 'NONE',  ( -1.000000000000000000, 0.000000000000000000, 0.000000000000000000 ) ) ;
#1435 = DIRECTION ( 'NONE',  ( 0.000000000000000000, 0.000000000000000000, -1.000000000000000000 ) ) ;
#1436 = ORIENTED_EDGE ( 'NONE', *, *, #619, .F. ) ;
#1437 = EDGE_LOOP ( 'NONE', ( #3098 ) ) ;
#1438 = VERTEX_POINT ( 'NONE', #2143 ) ;
#1439 = FACE_BOUND ( 'NONE', #2338, .T. ) ;
#1440 = CARTESIAN_POINT ( 'NONE',  ( 24.11746938760489911, 0.000000000000000000, -11.19999999999999929 ) ) ;
#1441 = ADVANCED_FACE ( 'NONE', ( #1682, #1755 ), #2186, .T. ) ;
#1442 = DIRECTION ( 'NONE',  ( 0.000000000000000000, 0.000000000000000000, -1.000000000000000000 ) ) ;
#1443 = VERTEX_POINT ( 'NONE', #1189 ) ;
#1444 = CARTESIAN_POINT ( 'NONE',  ( 39.77484662174639851, 0.000000000000000000, 0.000000000000000000 ) ) ;
#1445 = DIRECTION ( 'NONE',  ( 0.000000000000000000, 0.000000000000000000, 1.000000000000000000 ) ) ;
#1446 = CARTESIAN_POINT ( 'NONE',  ( 28.99890365853120144, 0.000000000000000000, 0.000000000000000000 ) ) ;
#1447 = DIRECTION ( 'NONE',  ( 1.000000000000000000, 0.000000000000000000, 0.000000000000000000 ) ) ;
#1448 = EDGE_LOOP ( 'NONE', ( #153 ) ) ;
#1449 = AXIS2_PLACEMENT_3D ( 'NONE', #1243, #520, #3097 ) ;
#1450 = DIRECTION ( 'NONE',  ( 0.000000000000000000, 0.000000000000000000, -1.000000000000000000 ) ) ;
#1451 = EDGE_LOOP ( 'NONE', ( #2354 ) ) ;
#1452 = VERTEX_POINT ( 'NONE', #1420 ) ;
#1453 = DIRECTION ( 'NONE',  ( 0.000000000000000000, 0.000000000000000000, -1.000000000000000000 ) ) ;
#1454 = CIRCLE ( 'NONE', #2469, 11.68256885144159973 ) ;
#1455 = EDGE_LOOP ( 'NONE', ( #1245 ) ) ;
#1456 = CARTESIAN_POINT ( 'NONE',  ( 28.99890365853120144, 0.000000000000000000, -11.65642212862620042 ) ) ;
#1457 = FACE_OUTER_BOUND ( 'NONE', #1951, .T. ) ;
#1458 = AXIS2_PLACEMENT_3D ( 'NONE', #746, #2308, #2040 ) ;
#1459 = CIRCLE ( 'NONE', #3369, 11.50000000000000000 ) ;
#1460 = CARTESIAN_POINT ( 'NONE',  ( 39.57560768212810132, 0.000000000000000000, 0.000000000000000000 ) ) ;
#1461 = CARTESIAN_POINT ( 'NONE',  ( 23.91823044788599972, 0.000000000000000000, -11.68256885144159973 ) ) ;
#1462 = DIRECTION ( 'NONE',  ( 0.000000000000000000, 0.000000000000000000, -1.000000000000000000 ) ) ;
#1463 = FACE_OUTER_BOUND ( 'NONE', #2069, .T. ) ;
#1464 = FACE_OUTER_BOUND ( 'NONE', #2853, .T. ) ;
#1465 = EDGE_LOOP ( 'NONE', ( #2286 ) ) ;
#1466 = FACE_OUTER_BOUND ( 'NONE', #3081, .T. ) ;
#1467 = ORIENTED_EDGE ( 'NONE', *, *, #296, .F. ) ;
#1468 = PERSON_AND_ORGANIZATION_ROLE ( 'creator' ) ;
#1469 = DIRECTION ( 'NONE',  ( 0.000000000000000000, 0.000000000000000000, 1.000000000000000000 ) ) ;
#1470 = ORIENTED_EDGE ( 'NONE', *, *, #2854, .F. ) ;
#1471 = TOROIDAL_SURFACE ( 'NONE', #973, 11.70000000000000107, 0.5000000000000000000 ) ;
#1472 = VERTEX_POINT ( 'NONE', #953 ) ;
#1473 = TOROIDAL_SURFACE ( 'NONE', #2987, 11.70000000000000107, 0.5000000000000000000 ) ;
#1474 = CARTESIAN_POINT ( 'NONE',  ( 3.492752712413039973, 0.000000000000000000, 0.000000000000000000 ) ) ;
#1475 = AXIS2_PLACEMENT_3D ( 'NONE', #836, #3175, #2847 ) ;
#1476 = CIRCLE ( 'NONE', #2232, 11.65642212862609917 ) ;
#1477 = CARTESIAN_POINT ( 'NONE',  ( 8.117821296422890853, 0.000000000000000000, 0.000000000000000000 ) ) ;
#1478 = VERTEX_POINT ( 'NONE', #2465 ) ;
#1479 = DIRECTION ( 'NONE',  ( 0.000000000000000000, 0.000000000000000000, -1.000000000000000000 ) ) ;
#1480 = TOROIDAL_SURFACE ( 'NONE', #335, 11.70000000000000107, 0.5000000000000059952 ) ;
#1481 = ADVANCED_FACE ( 'NONE', ( #3009, #375 ), #1788, .T. ) ;
#1482 = CARTESIAN_POINT ( 'NONE',  ( 40.30922582574959989, 0.000000000000000000, 0.000000000000000000 ) ) ;
#1483 = DIRECTION ( 'NONE',  ( 1.000000000000000000, 0.000000000000000000, 0.000000000000000000 ) ) ;
#1484 = ORIENTED_EDGE ( 'NONE', *, *, #2491, .T. ) ;
#1485 = AXIS2_PLACEMENT_3D ( 'NONE', #1131, #2852, #33 ) ;
#1486 = CARTESIAN_POINT ( 'NONE',  ( 24.11746938760489911, 0.000000000000000000, 0.000000000000000000 ) ) ;
#1487 = ORIENTED_EDGE ( 'NONE', *, *, #807, .T. ) ;
#1488 = EDGE_LOOP ( 'NONE', ( #553 ) ) ;
#1489 = VERTEX_POINT ( 'NONE', #1250 ) ;
#1490 = DIRECTION ( 'NONE',  ( 0.000000000000000000, 0.000000000000000000, -1.000000000000000000 ) ) ;
#1491 = DIRECTION ( 'NONE',  ( 0.000000000000000000, 0.000000000000000000, -1.000000000000000000 ) ) ;
#1492 = CARTESIAN_POINT ( 'NONE',  ( 35.61910810694549667, 0.000000000000000000, -11.65642212862620042 ) ) ;
#1493 = CARTESIAN_POINT ( 'NONE',  ( 20.99907961294019998, 0.000000000000000000, 0.000000000000000000 ) ) ;
#1494 = EDGE_LOOP ( 'NONE', ( #1219 ) ) ;
#1495 = ORIENTED_EDGE ( 'NONE', *, *, #2162, .T. ) ;
#1496 = CARTESIAN_POINT ( 'NONE',  ( 19.57604756815060298, 0.000000000000000000, 0.000000000000000000 ) ) ;
#1497 = ADVANCED_FACE ( 'NONE', ( #1717, #1464 ), #1306, .F. ) ;
#1498 = ADVANCED_FACE ( 'NONE', ( #2280, #3018 ), #96, .T. ) ;
#1499 = ORIENTED_EDGE ( 'NONE', *, *, #972, .F. ) ;
#1500 = COORDINATED_UNIVERSAL_TIME_OFFSET ( 5, 0, .BEHIND. ) ;
#1501 = CARTESIAN_POINT ( 'NONE',  ( 19.39278133392880221, 0.000000000000000000, 0.000000000000000000 ) ) ;
#1502 = ORIENTED_EDGE ( 'NONE', *, *, #2902, .T. ) ;
#1503 = CARTESIAN_POINT ( 'NONE',  ( 28.11738141026699722, 0.000000000000000000, -11.50000000000000000 ) ) ;
#1504 = ADVANCED_FACE ( 'NONE', ( #1694, #3003 ), #2251, .T. ) ;
#1505 = AXIS2_PLACEMENT_3D ( 'NONE', #1969, #3283, #1173 ) ;
#1506 = DIRECTION ( 'NONE',  ( 1.000000000000000000, 0.000000000000000000, 0.000000000000000000 ) ) ;
#1507 = CARTESIAN_POINT ( 'NONE',  ( 3.619811924581529894, 0.000000000000000000, -11.65642212862609917 ) ) ;
#1508 = FACE_OUTER_BOUND ( 'NONE', #2587, .T. ) ;
#1509 = AXIS2_PLACEMENT_3D ( 'NONE', #569, #846, #2922 ) ;
#1510 = EDGE_LOOP ( 'NONE', ( #3289 ) ) ;
#1511 = CIRCLE ( 'NONE', #799, 13.95000000000000107 ) ;
#1512 = AXIS2_PLACEMENT_3D ( 'NONE', #345, #1381, #3153 ) ;
#1513 = DIRECTION ( 'NONE',  ( 1.000000000000000000, 0.000000000000000000, 0.000000000000000000 ) ) ;
#1514 = ORIENTED_EDGE ( 'NONE', *, *, #2323, .F. ) ;
#1515 = ORIENTED_EDGE ( 'NONE', *, *, #166, .T. ) ;
#1516 = DIRECTION ( 'NONE',  ( 0.000000000000000000, 0.000000000000000000, -1.000000000000000000 ) ) ;
#1517 = EDGE_LOOP ( 'NONE', ( #3352 ) ) ;
#1518 = PERSON_AND_ORGANIZATION ( #3363, #1808 ) ;
#1519 = DIRECTION ( 'NONE',  ( -1.000000000000000000, 0.000000000000000000, 0.000000000000000000 ) ) ;
#1520 = EDGE_LOOP ( 'NONE', ( #1227 ) ) ;
#1521 = CARTESIAN_POINT ( 'NONE',  ( 28.50080631007180187, 0.000000000000000000, -11.50000000000000000 ) ) ;
#1522 = FACE_BOUND ( 'NONE', #1917, .T. ) ;
#1523 = CONICAL_SURFACE ( 'NONE', #3318, 13.85871557431319978, 1.513166170031569946 ) ;
#1524 = EDGE_CURVE ( 'NONE', #631, #631, #1241, .T. ) ;
#1525 = AXIS2_PLACEMENT_3D ( 'NONE', #2654, #1428, #337 ) ;
#1526 = CONICAL_SURFACE ( 'NONE', #1093, 13.85871557431310030, 1.513166170031569946 ) ;
#1527 = DIRECTION ( 'NONE',  ( 0.000000000000000000, 0.000000000000000000, 1.000000000000000000 ) ) ;
#1528 = CARTESIAN_POINT ( 'NONE',  ( 21.22575829538019931, 0.000000000000000000, -13.95000000000000107 ) ) ;
#1529 = CARTESIAN_POINT ( 'NONE',  ( 20.50098226389430423, 0.000000000000000000, 0.000000000000000000 ) ) ;
#1530 = AXIS2_PLACEMENT_3D ( 'NONE', #1207, #3057, #405 ) ;
#1531 = ORIENTED_EDGE ( 'NONE', *, *, #367, .T. ) ;
#1532 = TOROIDAL_SURFACE ( 'NONE', #497, 11.70000000000000107, 0.5000000000000000000 ) ;
#1533 = AXIS2_PLACEMENT_3D ( 'NONE', #2145, #2668, #94 ) ;
#1534 = AXIS2_PLACEMENT_3D ( 'NONE', #1629, #3196, #1433 ) ;
#1535 = CARTESIAN_POINT ( 'NONE',  ( 4.843605029752700020, 0.000000000000000000, 0.000000000000000000 ) ) ;
#1536 = EDGE_LOOP ( 'NONE', ( #1182 ) ) ;
#1537 = ORIENTED_EDGE ( 'NONE', *, *, #321, .T. ) ;
#1538 = CARTESIAN_POINT ( 'NONE',  ( 0.9995194989626530191, 0.000000000000000000, 0.000000000000000000 ) ) ;
#1539 = AXIS2_PLACEMENT_3D ( 'NONE', #1968, #354, #2417 ) ;
#1540 = ORIENTED_EDGE ( 'NONE', *, *, #535, .F. ) ;
#1542 = ADVANCED_FACE ( 'NONE', ( #3295, #196 ), #2584, .T. ) ;
#1541 = DIRECTION ( 'NONE',  ( 1.000000000000000000, 0.000000000000000000, 0.000000000000000000 ) ) ;
#1543 = CIRCLE ( 'NONE', #3117, 11.65642212862620042 ) ;
#1544 = EDGE_LOOP ( 'NONE', ( #896 ) ) ;
#1545 = VERTEX_POINT ( 'NONE', #2278 ) ;
#1546 = CARTESIAN_POINT ( 'NONE',  ( 24.84316514373020013, 0.000000000000000000, 0.000000000000000000 ) ) ;
#1547 = EDGE_CURVE ( 'NONE', #389, #389, #206, .T. ) ;
#1548 = DIRECTION ( 'NONE',  ( 1.000000000000000000, 0.000000000000000000, 0.000000000000000000 ) ) ;
#1549 = EDGE_CURVE ( 'NONE', #130, #130, #1511, .T. ) ;
#1550 = FACE_OUTER_BOUND ( 'NONE', #500, .T. ) ;
#1551 = ORIENTED_EDGE ( 'NONE', *, *, #885, .T. ) ;
#1552 = ADVANCED_FACE ( 'NONE', ( #1991, #954 ), #2049, .F. ) ;
#1553 = DIRECTION ( 'NONE',  ( 1.000000000000000000, 0.000000000000000000, 0.000000000000000000 ) ) ;
#1554 = ORIENTED_EDGE ( 'NONE', *, *, #3204, .T. ) ;
#1555 = EDGE_LOOP ( 'NONE', ( #587 ) ) ;
#1556 = DIRECTION ( 'NONE',  ( 0.000000000000000000, 0.000000000000000000, -1.000000000000000000 ) ) ;
#1557 = ORIENTED_EDGE ( 'NONE', *, *, #2120, .F. ) ;
#1558 = CARTESIAN_POINT ( 'NONE',  ( 40.30922582574959989, 0.000000000000000000, 0.000000000000000000 ) ) ;
#1559 = EDGE_LOOP ( 'NONE', ( #411 ) ) ;
#1560 = FACE_OUTER_BOUND ( 'NONE', #1114, .T. ) ;
#1561 = CYLINDRICAL_SURFACE ( 'NONE', #3102, 11.19999999999999929 ) ;
#1562 = CIRCLE ( 'NONE', #681, 11.68256885140240087 ) ;
#1563 = DIRECTION ( 'NONE',  ( 1.000000000000000000, 0.000000000000000000, 0.000000000000000000 ) ) ;
#1564 = FACE_OUTER_BOUND ( 'NONE', #2141, .T. ) ;
#1565 = ORIENTED_EDGE ( 'NONE', *, *, #2099, .T. ) ;
#1566 = EDGE_CURVE ( 'NONE', #2237, #2237, #2318, .T. ) ;
#1567 = CONICAL_SURFACE ( 'NONE', #1401, 11.65642212862609917, 1.513166169821950069 ) ;
#1568 = DIRECTION ( 'NONE',  ( 1.000000000000000000, 0.000000000000000000, 0.000000000000000000 ) ) ;
#1569 = ORIENTED_EDGE ( 'NONE', *, *, #3109, .T. ) ;
#1570 = AXIS2_PLACEMENT_3D ( 'NONE', #682, #1292, #2328 ) ;
#1571 = EDGE_CURVE ( 'NONE', #976, #976, #2918, .T. ) ;
#1572 = EDGE_LOOP ( 'NONE', ( #120 ) ) ;
#1573 = DIRECTION ( 'NONE',  ( 0.000000000000000000, 0.000000000000000000, -1.000000000000000000 ) ) ;
#1574 = CIRCLE ( 'NONE', #1941, 11.65642212862620042 ) ;
#1575 = ORIENTED_EDGE ( 'NONE', *, *, #1949, .T. ) ;
#1576 = FACE_OUTER_BOUND ( 'NONE', #122, .T. ) ;
#1577 = EDGE_LOOP ( 'NONE', ( #3010 ) ) ;
#1578 = DIRECTION ( 'NONE',  ( 0.000000000000000000, 0.000000000000000000, -1.000000000000000000 ) ) ;
#1579 = FACE_OUTER_BOUND ( 'NONE', #1791, .T. ) ;
#1580 = CARTESIAN_POINT ( 'NONE',  ( 15.77537448497339945, 0.000000000000000000, 0.000000000000000000 ) ) ;
#1581 = DIRECTION ( 'NONE',  ( 0.000000000000000000, 0.000000000000000000, -1.000000000000000000 ) ) ;
#1582 = EDGE_LOOP ( 'NONE', ( #2089 ) ) ;
#1583 = CIRCLE ( 'NONE', #1686, 13.95000000000000107 ) ;
#1584 = DIRECTION ( 'NONE',  ( 0.000000000000000000, 0.000000000000000000, -1.000000000000000000 ) ) ;
#1585 = ADVANCED_FACE ( 'NONE', ( #404, #3258 ), #267, .T. ) ;
#1586 = ORIENTED_EDGE ( 'NONE', *, *, #505, .T. ) ;
#1587 = EDGE_LOOP ( 'NONE', ( #514 ) ) ;
#1588 = FACE_OUTER_BOUND ( 'NONE', #1351, .T. ) ;
#1589 = AXIS2_PLACEMENT_3D ( 'NONE', #377, #1652, #2677 ) ;
#1590 = EDGE_LOOP ( 'NONE', ( #1175 ) ) ;
#1591 = CARTESIAN_POINT ( 'NONE',  ( 23.57595959094610194, 0.000000000000000000, 0.000000000000000000 ) ) ;
#1592 = EDGE_LOOP ( 'NONE', ( #2528 ) ) ;
#1593 = AXIS2_PLACEMENT_3D ( 'NONE', #812, #2358, #3122 ) ;
#1594 = FACE_OUTER_BOUND ( 'NONE', #2359, .T. ) ;
#1595 = VERTEX_POINT ( 'NONE', #2363 ) ;
#1596 = DIRECTION ( 'NONE',  ( 0.000000000000000000, 0.000000000000000000, -1.000000000000000000 ) ) ;
#1597 = FACE_OUTER_BOUND ( 'NONE', #1307, .T. ) ;
#1598 = FACE_OUTER_BOUND ( 'NONE', #1249, .T. ) ;
#1599 = ORIENTED_EDGE ( 'NONE', *, *, #909, .F. ) ;
#1600 = FACE_OUTER_BOUND ( 'NONE', #717, .T. ) ;
#1601 = FACE_BOUND ( 'NONE', #3253, .T. ) ;
#1602 = ORIENTED_EDGE ( 'NONE', *, *, #2684, .F. ) ;
#1603 = FACE_OUTER_BOUND ( 'NONE', #2827, .T. ) ;
#1604 = ORIENTED_EDGE ( 'NONE', *, *, #586, .F. ) ;
#1605 = FACE_OUTER_BOUND ( 'NONE', #1976, .T. ) ;
#1606 = ADVANCED_FACE ( 'NONE', ( #2462, #1236 ), #1673, .T. ) ;
#1607 = VERTEX_POINT ( 'NONE', #2633 ) ;
#1608 = DIRECTION ( 'NONE',  ( 1.000000000000000000, 0.000000000000000000, 0.000000000000000000 ) ) ;
#1609 = EDGE_CURVE ( 'NONE', #3281, #3281, #687, .T. ) ;
#1610 = DIRECTION ( 'NONE',  ( 0.000000000000000000, 0.000000000000000000, -1.000000000000000000 ) ) ;
#1611 = CIRCLE ( 'NONE', #2747, 11.19999999999999929 ) ;
#1612 = AXIS2_PLACEMENT_3D ( 'NONE', #828, #304, #3148 ) ;
#1613 = FACE_OUTER_BOUND ( 'NONE', #446, .T. ) ;
#1614 = EDGE_CURVE ( 'NONE', #2764, #2764, #958, .T. ) ;
#1615 = EDGE_LOOP ( 'NONE', ( #1470 ) ) ;
#1616 = PERSON_AND_ORGANIZATION ( #3363, #1808 ) ;
#1617 = DIRECTION ( 'NONE',  ( 0.000000000000000000, 0.000000000000000000, -1.000000000000000000 ) ) ;
#1618 = CIRCLE ( 'NONE', #149, 11.19999999999999929 ) ;
#1619 = ORIENTED_EDGE ( 'NONE', *, *, #2551, .F. ) ;
#1620 = CYLINDRICAL_SURFACE ( 'NONE', #383, 13.95000000000000107 ) ;
#1621 = AXIS2_PLACEMENT_3D ( 'NONE', #1009, #484, #528 ) ;
#1622 = VERTEX_POINT ( 'NONE', #1845 ) ;
#1623 = DIRECTION ( 'NONE',  ( 0.000000000000000000, 0.000000000000000000, -1.000000000000000000 ) ) ;
#1624 = ADVANCED_FACE ( 'NONE', ( #1457, #2481 ), #2211, .T. ) ;
#1625 = CARTESIAN_POINT ( 'NONE',  ( 24.50089428727630292, 0.000000000000000000, 0.000000000000000000 ) ) ;
#1626 = EDGE_CURVE ( 'NONE', #146, #146, #478, .T. ) ;
#1627 = DIRECTION ( 'NONE',  ( 0.000000000000000000, 0.000000000000000000, -1.000000000000000000 ) ) ;
#1628 = AXIS2_PLACEMENT_3D ( 'NONE', #2425, #3177, #76 ) ;
#1629 = CARTESIAN_POINT ( 'NONE',  ( 0.9995194989626530191, 0.000000000000000000, 0.000000000000000000 ) ) ;
#1630 = TOROIDAL_SURFACE ( 'NONE', #2385, 14.05000000000000071, 0.2000000000000000111 ) ;
#1631 = AXIS2_PLACEMENT_3D ( 'NONE', #2738, #447, #401 ) ;
#1632 = ORIENTED_EDGE ( 'NONE', *, *, #2730, .T. ) ;
#1633 = FACE_OUTER_BOUND ( 'NONE', #2324, .T. ) ;
#1634 = EDGE_LOOP ( 'NONE', ( #1569 ) ) ;
#1635 = TOROIDAL_SURFACE ( 'NONE', #2714, 11.70000000000000107, 0.5000000000000000000 ) ;
#1636 = DIRECTION ( 'NONE',  ( 0.000000000000000000, 0.000000000000000000, -1.000000000000000000 ) ) ;
#1637 = AXIS2_PLACEMENT_3D ( 'NONE', #621, #2423, #104 ) ;
#1638 = VERTEX_POINT ( 'NONE', #1886 ) ;
#1639 = DIRECTION ( 'NONE',  ( 0.000000000000000000, 0.000000000000000000, -1.000000000000000000 ) ) ;
#1640 = AXIS2_PLACEMENT_3D ( 'NONE', #1680, #2920, #1647 ) ;
#1641 = CARTESIAN_POINT ( 'NONE',  ( 39.39234144780520097, 0.000000000000000000, 0.000000000000000000 ) ) ;
#1642 = AXIS2_PLACEMENT_3D ( 'NONE', #1998, #199, #2798 ) ;
#1643 = ADVANCED_FACE ( 'NONE', ( #236, #729 ), #3303, .F. ) ;
#1644 = ADVANCED_FACE ( 'NONE', ( #1579, #2881 ), #2688, .F. ) ;
#1645 = CARTESIAN_POINT ( 'NONE',  ( 40.30922582574959989, 0.000000000000000000, 0.000000000000000000 ) ) ;
#1646 = DIRECTION ( 'NONE',  ( 0.000000000000000000, 0.000000000000000000, -1.000000000000000000 ) ) ;
#1647 = DIRECTION ( 'NONE',  ( 0.000000000000000000, 0.000000000000000000, -1.000000000000000000 ) ) ;
#1648 = EDGE_CURVE ( 'NONE', #1697, #1697, #579, .T. ) ;
#1649 = ORIENTED_EDGE ( 'NONE', *, *, #1344, .F. ) ;
#1650 = CARTESIAN_POINT ( 'NONE',  ( 23.61937203855899980, 0.000000000000000000, 0.000000000000000000 ) ) ;
#1651 = EDGE_LOOP ( 'NONE', ( #1484 ) ) ;
#1652 = DIRECTION ( 'NONE',  ( 1.000000000000000000, 0.000000000000000000, 0.000000000000000000 ) ) ;
#1653 = VERTEX_POINT ( 'NONE', #123 ) ;
#1654 = CARTESIAN_POINT ( 'NONE',  ( 28.70004524965250070, 0.000000000000000000, 0.000000000000000000 ) ) ;
#1655 = CARTESIAN_POINT ( 'NONE',  ( 15.49248878079949954, 0.000000000000000000, 0.000000000000000000 ) ) ;
#1656 = EDGE_LOOP ( 'NONE', ( #744 ) ) ;
#1657 = CARTESIAN_POINT ( 'NONE',  ( 27.91814247068149868, 0.000000000000000000, -11.68256885144159973 ) ) ;
#1658 = CARTESIAN_POINT ( 'NONE',  ( 12.84342907534369971, 0.000000000000000000, 0.000000000000000000 ) ) ;
#1659 = FACE_OUTER_BOUND ( 'NONE', #1544, .T. ) ;
#1660 = CYLINDRICAL_SURFACE ( 'NONE', #2396, 14.25000000000000000 ) ;
#1661 = DIRECTION ( 'NONE',  ( 0.000000000000000000, 0.000000000000000000, -1.000000000000000000 ) ) ;
#1662 = AXIS2_PLACEMENT_3D ( 'NONE', #374, #1434, #133 ) ;
#1663 = DIRECTION ( 'NONE',  ( 1.000000000000000000, 0.000000000000000000, 0.000000000000000000 ) ) ;
#1664 = EDGE_CURVE ( 'NONE', #2745, #2745, #2371, .T. ) ;
#1665 = CARTESIAN_POINT ( 'NONE',  ( 36.11720545599139598, 0.000000000000000000, 0.000000000000000000 ) ) ;
#1666 = EDGE_LOOP ( 'NONE', ( #673 ) ) ;
#1667 = FACE_OUTER_BOUND ( 'NONE', #1285, .T. ) ;
#1668 = EDGE_LOOP ( 'NONE', ( #193 ) ) ;
#1669 = VERTEX_POINT ( 'NONE', #2190 ) ;
#1670 = DIRECTION ( 'NONE',  ( 0.000000000000000000, 0.000000000000000000, -1.000000000000000000 ) ) ;
#1671 = CIRCLE ( 'NONE', #1019, 11.50000000000000000 ) ;
#1672 = CARTESIAN_POINT ( 'NONE',  ( 40.30922582574959989, 0.000000000000000000, 0.000000000000000000 ) ) ;
#1673 = CONICAL_SURFACE ( 'NONE', #1939, 14.06743114854949894, 1.510893165344020073 ) ;
#1674 = VERTEX_POINT ( 'NONE', #2480 ) ;
#1675 = CIRCLE ( 'NONE', #2589, 13.95000000000000107 ) ;
#1676 = DIRECTION ( 'NONE',  ( 1.000000000000000000, 0.000000000000000000, 0.000000000000000000 ) ) ;
#1677 = FACE_OUTER_BOUND ( 'NONE', #788, .T. ) ;
#1678 = CARTESIAN_POINT ( 'NONE',  ( 39.57560768212810132, 0.000000000000000000, -14.25000000000000000 ) ) ;
#1679 = FACE_OUTER_BOUND ( 'NONE', #1760, .T. ) ;
#1680 = CARTESIAN_POINT ( 'NONE',  ( 40.30922582574959989, 0.000000000000000000, 0.000000000000000000 ) ) ;
#1681 = FACE_OUTER_BOUND ( 'NONE', #2038, .T. ) ;
#1682 = FACE_OUTER_BOUND ( 'NONE', #2127, .T. ) ;
#1683 = EDGE_LOOP ( 'NONE', ( #276 ) ) ;
#1684 = DIRECTION ( 'NONE',  ( 1.000000000000000000, 0.000000000000000000, 0.000000000000000000 ) ) ;
#1685 = AXIS2_PLACEMENT_3D ( 'NONE', #1546, #17, #1052 ) ;
#1686 = AXIS2_PLACEMENT_3D ( 'NONE', #2161, #2192, #531 ) ;
#1687 = EDGE_LOOP ( 'NONE', ( #1368 ) ) ;
#1688 = VERTEX_POINT ( 'NONE', #2718 ) ;
#1689 = CARTESIAN_POINT ( 'NONE',  ( 28.11738141029019644, 0.000000000000000000, 0.000000000000000000 ) ) ;
#1690 = AXIS2_PLACEMENT_3D ( 'NONE', #692, #963, #2805 ) ;
#1691 = CARTESIAN_POINT ( 'NONE',  ( 3.775638416586919899, 0.000000000000000000, -14.06743114854949894 ) ) ;
#1692 = AXIS2_PLACEMENT_3D ( 'NONE', #1376, #1168, #1356 ) ;
#1693 = TOROIDAL_SURFACE ( 'NONE', #2390, 13.84999999999850040, 0.1000000000014750062 ) ;
#1694 = FACE_OUTER_BOUND ( 'NONE', #3152, .T. ) ;
#1695 = APPROVAL ( #227, 'UNSPECIFIED' ) ;
#1696 = CARTESIAN_POINT ( 'NONE',  ( 4.700573112879499860, 0.000000000000000000, 0.000000000000000000 ) ) ;
#1697 = VERTEX_POINT ( 'NONE', #956 ) ;
#1698 = APPROVAL_PERSON_ORGANIZATION ( #191, #3118, #1231 ) ;
#1699 = CARTESIAN_POINT ( 'NONE',  ( 15.39286931113329970, 0.000000000000000000, 0.000000000000000000 ) ) ;
#1700 = AXIS2_PLACEMENT_3D ( 'NONE', #2655, #1121, #1892 ) ;
#1701 = DIRECTION ( 'NONE',  ( 0.000000000000000000, 0.000000000000000000, -1.000000000000000000 ) ) ;
#1702 = CARTESIAN_POINT ( 'NONE',  ( 9.042755992166549461, 0.000000000000000000, 0.000000000000000000 ) ) ;
#1703 = DIRECTION ( 'NONE',  ( 1.000000000000000000, 0.000000000000000000, 0.000000000000000000 ) ) ;
#1704 = ORIENTED_EDGE ( 'NONE', *, *, #1391, .F. ) ;
#1705 = CARTESIAN_POINT ( 'NONE',  ( 4.501334173298790375, 0.000000000000000000, 0.000000000000000000 ) ) ;
#1706 = EDGE_LOOP ( 'NONE', ( #12 ) ) ;
#1707 = VERTEX_POINT ( 'NONE', #1399 ) ;
#1708 = CARTESIAN_POINT ( 'NONE',  ( 8.700485135674989934, 0.000000000000000000, 0.000000000000000000 ) ) ;
#1709 = ORIENTED_EDGE ( 'NONE', *, *, #2947, .T. ) ;
#1710 = EDGE_CURVE ( 'NONE', #1749, #1749, #629, .T. ) ;
#1711 = CARTESIAN_POINT ( 'NONE',  ( 7.918582356703960379, 0.000000000000000000, -11.68256885144159973 ) ) ;
#1712 = DIRECTION ( 'NONE',  ( 0.000000000000000000, 0.000000000000000000, -1.000000000000000000 ) ) ;
#1713 = CARTESIAN_POINT ( 'NONE',  ( 40.30922582574959989, 0.000000000000000000, 0.000000000000000000 ) ) ;
#1714 = CARTESIAN_POINT ( 'NONE',  ( 3.492752712413039973, 0.000000000000000000, -13.85871557431310030 ) ) ;
#1715 = CARTESIAN_POINT ( 'NONE',  ( 31.39251740221419951, 0.000000000000000000, 0.000000000000000000 ) ) ;
#1716 = CYLINDRICAL_SURFACE ( 'NONE', #1662, 13.95000000000000107 ) ;
#1717 = FACE_OUTER_BOUND ( 'NONE', #1199, .T. ) ;
#1718 = ORIENTED_EDGE ( 'NONE', *, *, #125, .T. ) ;
#1719 = CARTESIAN_POINT ( 'NONE',  ( 9.042755992166549461, 0.000000000000000000, 0.000000000000000000 ) ) ;
#1720 = APPLICATION_CONTEXT ( 'configuration controlled 3d designs of mechanical parts and assemblies' ) ;
#1721 = EDGE_LOOP ( 'NONE', ( #1820 ) ) ;
#1722 = CARTESIAN_POINT ( 'NONE',  ( 0.000000000000000000, 0.000000000000000000, 0.000000000000000000 ) ) ;
#1723 = DIRECTION ( 'NONE',  ( 1.000000000000000000, 0.000000000000000000, 0.000000000000000000 ) ) ;
#1724 = CIRCLE ( 'NONE', #2312, 11.68256885144159973 ) ;
#1725 = EDGE_LOOP ( 'NONE', ( #1419 ) ) ;
#1726 = CARTESIAN_POINT ( 'NONE',  ( 17.12622680277400278, 0.000000000000000000, -13.85871557427280010 ) ) ;
#1727 = DIRECTION ( 'NONE',  ( 1.000000000000000000, 0.000000000000000000, 0.000000000000000000 ) ) ;
#1728 = ADVANCED_FACE ( 'NONE', ( #2059, #3111 ), #2970, .T. ) ;
#1729 = AXIS2_PLACEMENT_3D ( 'NONE', #134, #1447, #930 ) ;
#1730 = CIRCLE ( 'NONE', #99, 11.65642212862620042 ) ;
#1731 = EDGE_CURVE ( 'NONE', #454, #454, #2479, .T. ) ;
#1732 = DIRECTION ( 'NONE',  ( 0.000000000000000000, 0.000000000000000000, -1.000000000000000000 ) ) ;
#1733 = VERTEX_POINT ( 'NONE', #2267 ) ;
#1734 = DIRECTION ( 'NONE',  ( 0.000000000000000000, 0.000000000000000000, -1.000000000000000000 ) ) ;
#1735 = FACE_OUTER_BOUND ( 'NONE', #1771, .T. ) ;
#1736 = ORIENTED_EDGE ( 'NONE', *, *, #83, .F. ) ;
#1737 = DIRECTION ( 'NONE',  ( 1.000000000000000000, 0.000000000000000000, 0.000000000000000000 ) ) ;
#1738 = EDGE_LOOP ( 'NONE', ( #1467 ) ) ;
#1739 = MECHANICAL_CONTEXT ( 'NONE', #3288, 'mechanical' ) ;
#1740 = DIRECTION ( 'NONE',  ( 0.000000000000000000, 0.000000000000000000, -1.000000000000000000 ) ) ;
#1741 = EDGE_LOOP ( 'NONE', ( #3000 ) ) ;
#1742 = VERTEX_POINT ( 'NONE', #2043 ) ;
#1743 = CIRCLE ( 'NONE', #1799, 13.85871557427280010 ) ;
#1744 = DIRECTION ( 'NONE',  ( 0.000000000000000000, 0.000000000000000000, -1.000000000000000000 ) ) ;
#1745 = CIRCLE ( 'NONE', #3327, 14.25000000000000000 ) ;
#1746 = EDGE_CURVE ( 'NONE', #3312, #3312, #1459, .T. ) ;
#1747 = CIRCLE ( 'NONE', #283, 14.25000000000000000 ) ;
#1748 = CARTESIAN_POINT ( 'NONE',  ( 21.22575829538019931, 0.000000000000000000, 0.000000000000000000 ) ) ;
#1749 = VERTEX_POINT ( 'NONE', #1238 ) ;
#1750 = DIRECTION ( 'NONE',  ( 1.000000000000000000, 0.000000000000000000, 0.000000000000000000 ) ) ;
#1751 = AXIS2_PLACEMENT_3D ( 'NONE', #172, #495, #1516 ) ;
#1752 = ADVANCED_FACE ( 'NONE', ( #32, #2350 ), #1561, .F. ) ;
#1753 = ADVANCED_FACE ( 'NONE', ( #2028, #2568 ), #1523, .F. ) ;
#1754 = AXIS2_PLACEMENT_3D ( 'NONE', #51, #583, #791 ) ;
#1755 = FACE_OUTER_BOUND ( 'NONE', #1706, .T. ) ;
#1756 = ORIENTED_EDGE ( 'NONE', *, *, #505, .F. ) ;
#1757 = CONICAL_SURFACE ( 'NONE', #770, 11.65642212862609917, 1.513166169821940077 ) ;
#1758 = ADVANCED_FACE ( 'NONE', ( #3091, #299 ), #2583, .T. ) ;
#1759 = DIRECTION ( 'NONE',  ( 1.000000000000000000, 0.000000000000000000, 0.000000000000000000 ) ) ;
#1760 = EDGE_LOOP ( 'NONE', ( #2321 ) ) ;
#1761 = DATE_TIME_ROLE ( 'creation_date' ) ;
#1762 = CARTESIAN_POINT ( 'NONE',  ( 40.30922582574959989, 0.000000000000000000, 0.000000000000000000 ) ) ;
#1763 = ORIENTED_EDGE ( 'NONE', *, *, #1304, .T. ) ;
#1764 = CARTESIAN_POINT ( 'NONE',  ( 35.91796651627250014, 0.000000000000000000, -11.68256885144159973 ) ) ;
#1765 = DIRECTION ( 'NONE',  ( 0.000000000000000000, 0.000000000000000000, -1.000000000000000000 ) ) ;
#1766 = CARTESIAN_POINT ( 'NONE',  ( 7.576311499764060819, 0.000000000000000000, 0.000000000000000000 ) ) ;
#1767 = CARTESIAN_POINT ( 'NONE',  ( 5.226110204198199938, 0.000000000000000000, -13.95000000000000107 ) ) ;
#1768 = DIRECTION ( 'NONE',  ( 1.000000000000000000, 0.000000000000000000, 0.000000000000000000 ) ) ;
#1769 = EDGE_LOOP ( 'NONE', ( #2923 ) ) ;
#1770 = DIRECTION ( 'NONE',  ( 0.000000000000000000, 0.000000000000000000, -1.000000000000000000 ) ) ;
#1771 = EDGE_LOOP ( 'NONE', ( #757 ) ) ;
#1772 = ORIENTED_EDGE ( 'NONE', *, *, #1870, .F. ) ;
#1773 = DIRECTION ( 'NONE',  ( 0.000000000000000000, 0.000000000000000000, -1.000000000000000000 ) ) ;
#1774 = ADVANCED_FACE ( 'NONE', ( #1522, #504 ), #2708, .T. ) ;
#1775 = ORIENTED_EDGE ( 'NONE', *, *, #2620, .F. ) ;
#1776 = CALENDAR_DATE ( 2025, 10, 7 ) ;
#1777 = CARTESIAN_POINT ( 'NONE',  ( 40.11711747878690204, 0.000000000000000000, 0.000000000000000000 ) ) ;
#1778 = EDGE_LOOP ( 'NONE', ( #265 ) ) ;
#1779 = AXIS2_PLACEMENT_3D ( 'NONE', #2904, #1394, #307 ) ;
#1780 = CARTESIAN_POINT ( 'NONE',  ( 11.61963597017249938, 0.000000000000000000, -11.65642212862609917 ) ) ;
#1781 = TOROIDAL_SURFACE ( 'NONE', #1126, 13.85000000004199805, 0.09999999995799130348 ) ;
#1782 = DIRECTION ( 'NONE',  ( 0.000000000000000000, 0.000000000000000000, 1.000000000000000000 ) ) ;
#1783 = DIRECTION ( 'NONE',  ( 1.000000000000000000, 0.000000000000000000, 0.000000000000000000 ) ) ;
#1784 = CARTESIAN_POINT ( 'NONE',  ( 12.11773331908499962, 0.000000000000000000, -11.50000000000000000 ) ) ;
#1785 = FACE_OUTER_BOUND ( 'NONE', #2189, .T. ) ;
#1786 = AXIS2_PLACEMENT_3D ( 'NONE', #294, #3087, #763 ) ;
#1787 = EDGE_LOOP ( 'NONE', ( #2002 ) ) ;
#1788 = TOROIDAL_SURFACE ( 'NONE', #2866, 14.05000000000000071, 0.2000000000000040079 ) ;
#1789 = DIRECTION ( 'NONE',  ( 1.000000000000000000, 0.000000000000000000, 0.000000000000000000 ) ) ;
#1790 = EDGE_LOOP ( 'NONE', ( #2802 ) ) ;
#1791 = EDGE_LOOP ( 'NONE', ( #1821 ) ) ;
#1792 = CARTESIAN_POINT ( 'NONE',  ( 29.12596287116049965, 0.000000000000000000, 0.000000000000000000 ) ) ;
#1793 = EDGE_CURVE ( 'NONE', #3244, #3244, #2060, .T. ) ;
#1794 = ORIENTED_EDGE ( 'NONE', *, *, #1626, .F. ) ;
#1795 = ORIENTED_EDGE ( 'NONE', *, *, #1030, .T. ) ;
#1796 = CARTESIAN_POINT ( 'NONE',  ( 25.04240408334860035, 0.000000000000000000, -14.25000000000000000 ) ) ;
#1797 = CARTESIAN_POINT ( 'NONE',  ( 0.7006610900839940204, 0.000000000000000000, 0.000000000000000000 ) ) ;
#1798 = CIRCLE ( 'NONE', #698, 11.65642212862609917 ) ;
#1799 = AXIS2_PLACEMENT_3D ( 'NONE', #1996, #1188, #433 ) ;
#1800 = CARTESIAN_POINT ( 'NONE',  ( 12.50115821830330098, 0.000000000000000000, 0.000000000000000000 ) ) ;
#1801 = AXIS2_PLACEMENT_3D ( 'NONE', #2600, #2878, #311 ) ;
#1802 = EDGE_LOOP ( 'NONE', ( #376 ) ) ;
#1803 = AXIS2_PLACEMENT_3D ( 'NONE', #1162, #2188, #895 ) ;
#1804 = FACE_OUTER_BOUND ( 'NONE', #2572, .T. ) ;
#1805 = EDGE_LOOP ( 'NONE', ( #2271 ) ) ;
#1806 = EDGE_LOOP ( 'NONE', ( #448 ) ) ;
#1807 = CYLINDRICAL_SURFACE ( 'NONE', #501, 13.95000000000000107 ) ;
#1808 = ORGANIZATION ( 'UNSPECIFIED', 'UNSPECIFIED', '' ) ;
#1809 = AXIS2_PLACEMENT_3D ( 'NONE', #1444, #2729, #1190 ) ;
#1810 = EDGE_LOOP ( 'NONE', ( #2886 ) ) ;
#1811 = CARTESIAN_POINT ( 'NONE',  ( 28.11738141040039807, 0.000000000000000000, 0.000000000000000000 ) ) ;
#1812 = CIRCLE ( 'NONE', #2839, 11.65642212862609917 ) ;
#1813 = ORIENTED_EDGE ( 'NONE', *, *, #327, .T. ) ;
#1814 = DIRECTION ( 'NONE',  ( -1.000000000000000000, 0.000000000000000000, 0.000000000000000000 ) ) ;
#1815 = ADVANCED_FACE ( 'NONE', ( #282, #1329 ), #58, .F. ) ;
#1816 = DIRECTION ( 'NONE',  ( -1.000000000000000000, 0.000000000000000000, 0.000000000000000000 ) ) ;
#1817 = CARTESIAN_POINT ( 'NONE',  ( 35.91796651627250014, 0.000000000000000000, 0.000000000000000000 ) ) ;
#1818 = EDGE_LOOP ( 'NONE', ( #2460 ) ) ;
#1819 = FACE_OUTER_BOUND ( 'NONE', #3319, .T. ) ;
#1820 = ORIENTED_EDGE ( 'NONE', *, *, #1830, .F. ) ;
#1821 = ORIENTED_EDGE ( 'NONE', *, *, #195, .F. ) ;
#1822 = CARTESIAN_POINT ( 'NONE',  ( 4.843605029752700020, 0.000000000000000000, 0.000000000000000000 ) ) ;
#1823 = PRODUCT_DEFINITION_SHAPE ( 'NONE', 'NONE',  #2146 ) ;
#1824 = ORIENTED_EDGE ( 'NONE', *, *, #2605, .F. ) ;
#1825 = DIRECTION ( 'NONE',  ( 1.000000000000000000, 0.000000000000000000, 0.000000000000000000 ) ) ;
#1826 = EDGE_LOOP ( 'NONE', ( #1288 ) ) ;
#1827 = DIRECTION ( 'NONE',  ( 0.000000000000000000, 0.000000000000000000, -1.000000000000000000 ) ) ;
#1828 = DIRECTION ( 'NONE',  ( 1.000000000000000000, 0.000000000000000000, 0.000000000000000000 ) ) ;
#1829 = CIRCLE ( 'NONE', #363, 11.68256885144159973 ) ;
#1830 = EDGE_CURVE ( 'NONE', #420, #420, #1255, .T. ) ;
#1831 = FACE_OUTER_BOUND ( 'NONE', #309, .T. ) ;
#1832 = FACE_OUTER_BOUND ( 'NONE', #1262, .T. ) ;
#1833 = EDGE_LOOP ( 'NONE', ( #2770 ) ) ;
#1834 = CARTESIAN_POINT ( 'NONE',  ( 27.61928406135450231, 0.000000000000000000, 0.000000000000000000 ) ) ;
#1835 = EDGE_LOOP ( 'NONE', ( #1112 ) ) ;
#1836 = AXIS2_PLACEMENT_3D ( 'NONE', #2814, #1828, #768 ) ;
#1837 = EDGE_LOOP ( 'NONE', ( #1795 ) ) ;
#1838 = CARTESIAN_POINT ( 'NONE',  ( 21.22575829538019931, 0.000000000000000000, 0.000000000000000000 ) ) ;
#1839 = AXIS2_PLACEMENT_3D ( 'NONE', #2630, #558, #54 ) ;
#1840 = ORIENTED_EDGE ( 'NONE', *, *, #718, .F. ) ;
#1841 = APPROVAL_DATE_TIME ( #762, #3072 ) ;
#1842 = DIRECTION ( 'NONE',  ( 0.000000000000000000, 0.000000000000000000, -1.000000000000000000 ) ) ;
#1843 = ORIENTED_EDGE ( 'NONE', *, *, #3200, .T. ) ;
#1844 = CARTESIAN_POINT ( 'NONE',  ( 40.30922582574959989, 0.000000000000000000, 0.000000000000000000 ) ) ;
#1845 = CARTESIAN_POINT ( 'NONE',  ( 7.775550439382420187, 0.000000000000000000, -14.06743114854949894 ) ) ;
#1846 = DIRECTION ( 'NONE',  ( 0.000000000000000000, 0.000000000000000000, 1.000000000000000000 ) ) ;
#1847 = AXIS2_PLACEMENT_3D ( 'NONE', #2078, #280, #2632 ) ;
#1848 = FACE_OUTER_BOUND ( 'NONE', #3292, .T. ) ;
#1849 = EDGE_LOOP ( 'NONE', ( #3251 ) ) ;
#1850 = CIRCLE ( 'NONE', #2329, 11.50000000000000000 ) ;
#1851 = DIRECTION ( 'NONE',  ( 0.000000000000000000, 0.000000000000000000, -1.000000000000000000 ) ) ;
#1852 = AXIS2_PLACEMENT_3D ( 'NONE', #2093, #1011, #2883 ) ;
#1853 = ADVANCED_FACE ( 'NONE', ( #1144, #591 ), #1887, .T. ) ;
#1854 = EDGE_CURVE ( 'NONE', #904, #904, #2167, .T. ) ;
#1855 = FACE_OUTER_BOUND ( 'NONE', #3269, .T. ) ;
#1856 = CIRCLE ( 'NONE', #391, 14.25000000000000000 ) ;
#1857 = ORIENTED_EDGE ( 'NONE', *, *, #2454, .T. ) ;
#1858 = DIRECTION ( 'NONE',  ( 0.000000000000000000, 0.000000000000000000, -1.000000000000000000 ) ) ;
#1859 = ORIENTED_EDGE ( 'NONE', *, *, #1952, .F. ) ;
#1860 = ADVANCED_FACE ( 'NONE', ( #863, #623 ), #3188, .T. ) ;
#1861 = AXIS2_PLACEMENT_3D ( 'NONE', #2687, #1928, #2391 ) ;
#1862 = FACE_OUTER_BOUND ( 'NONE', #1802, .T. ) ;
#1863 = VERTEX_POINT ( 'NONE', #2817 ) ;
#1864 = FACE_OUTER_BOUND ( 'NONE', #2869, .T. ) ;
#1865 = DIRECTION ( 'NONE',  ( 0.000000000000000000, 0.000000000000000000, -1.000000000000000000 ) ) ;
#1866 = DIRECTION ( 'NONE',  ( 1.000000000000000000, 0.000000000000000000, 0.000000000000000000 ) ) ;
#1867 = DIRECTION ( 'NONE',  ( 0.000000000000000000, 0.000000000000000000, -1.000000000000000000 ) ) ;
#1868 = ORIENTED_EDGE ( 'NONE', *, *, #970, .T. ) ;
#1869 = DIRECTION ( 'NONE',  ( 1.000000000000000000, 0.000000000000000000, 0.000000000000000000 ) ) ;
#1870 = EDGE_CURVE ( 'NONE', #406, #406, #3259, .T. ) ;
#1871 = VERTEX_POINT ( 'NONE', #2880 ) ;
#1872 = CARTESIAN_POINT ( 'NONE',  ( 40.30922582574959989, 0.000000000000000000, 0.000000000000000000 ) ) ;
#1873 = EDGE_CURVE ( 'NONE', #1443, #1443, #2928, .T. ) ;
#1874 = DIRECTION ( 'NONE',  ( 1.000000000000000000, 0.000000000000000000, 0.000000000000000000 ) ) ;
#1875 = FACE_OUTER_BOUND ( 'NONE', #721, .T. ) ;
#1876 = AXIS2_PLACEMENT_3D ( 'NONE', #754, #2840, #2539 ) ;
#1877 = FACE_BOUND ( 'NONE', #2478, .T. ) ;
#1878 = EDGE_CURVE ( 'NONE', #3261, #3261, #1798, .T. ) ;
#1879 = CARTESIAN_POINT ( 'NONE',  ( 35.91796651627250014, 0.000000000000000000, 0.000000000000000000 ) ) ;
#1880 = EDGE_LOOP ( 'NONE', ( #2408 ) ) ;
#1881 = DIRECTION ( 'NONE',  ( 1.000000000000000000, 0.000000000000000000, 0.000000000000000000 ) ) ;
#1882 = AXIS2_PLACEMENT_3D ( 'NONE', #1777, #2617, #3345 ) ;
#1883 = ORIENTED_EDGE ( 'NONE', *, *, #726, .T. ) ;
#1884 = FACE_OUTER_BOUND ( 'NONE', #739, .T. ) ;
#1885 = AXIS2_PLACEMENT_3D ( 'NONE', #690, #2471, #185 ) ;
#1886 = CARTESIAN_POINT ( 'NONE',  ( 29.12596287116049965, 0.000000000000000000, -13.85871557427280010 ) ) ;
#1887 = CYLINDRICAL_SURFACE ( 'NONE', #488, 14.25000000000000000 ) ;
#1888 = EDGE_CURVE ( 'NONE', #3005, #3005, #645, .T. ) ;
#1889 = FACE_BOUND ( 'NONE', #3082, .T. ) ;
#1890 = EDGE_CURVE ( 'NONE', #1622, #1622, #162, .T. ) ;
#1891 = CYLINDRICAL_SURFACE ( 'NONE', #592, 11.19999999999999929 ) ;
#1892 = DIRECTION ( 'NONE',  ( 0.000000000000000000, 0.000000000000000000, -1.000000000000000000 ) ) ;
#1893 = TOROIDAL_SURFACE ( 'NONE', #861, 11.69999999996350049, 0.1999999999634999859 ) ;
#1894 = FACE_OUTER_BOUND ( 'NONE', #3272, .T. ) ;
#1895 = CIRCLE ( 'NONE', #436, 11.50000000000000000 ) ;
#1896 = AXIS2_PLACEMENT_3D ( 'NONE', #1501, #1232, #695 ) ;
#1897 = EDGE_LOOP ( 'NONE', ( #3095 ) ) ;
#1898 = DIRECTION ( 'NONE',  ( 1.000000000000000000, 0.000000000000000000, 0.000000000000000000 ) ) ;
#1899 = ORIENTED_EDGE ( 'NONE', *, *, #137, .T. ) ;
#1900 = AXIS2_PLACEMENT_3D ( 'NONE', #1580, #2836, #3144 ) ;
#1901 = CARTESIAN_POINT ( 'NONE',  ( 32.50071833286730083, 0.000000000000000000, 0.000000000000000000 ) ) ;
#1902 = CIRCLE ( 'NONE', #440, 13.95000000000000107 ) ;
#1903 = VERTEX_POINT ( 'NONE', #2475 ) ;
#1904 = CYLINDRICAL_SURFACE ( 'NONE', #1092, 13.95000000000000107 ) ;
#1905 = DIRECTION ( 'NONE',  ( 1.000000000000000000, 0.000000000000000000, 0.000000000000000000 ) ) ;
#1906 = ORIENTED_EDGE ( 'NONE', *, *, #1229, .F. ) ;
#1907 = VERTEX_POINT ( 'NONE', #2682 ) ;
#1908 = AXIS2_PLACEMENT_3D ( 'NONE', #147, #2485, #1209 ) ;
#1909 = FACE_OUTER_BOUND ( 'NONE', #1683, .T. ) ;
#1910 = AXIS2_PLACEMENT_3D ( 'NONE', #1296, #734, #2784 ) ;
#1911 = EDGE_CURVE ( 'NONE', #1101, #1101, #2007, .T. ) ;
#1912 = FACE_BOUND ( 'NONE', #532, .T. ) ;
#1913 = DIRECTION ( 'NONE',  ( 1.000000000000000000, 0.000000000000000000, 0.000000000000000000 ) ) ;
#1914 = DIRECTION ( 'NONE',  ( 0.000000000000000000, 0.000000000000000000, 1.000000000000000000 ) ) ;
#1915 = CARTESIAN_POINT ( 'NONE',  ( 36.69986929524350217, 0.000000000000000000, 0.000000000000000000 ) ) ;
#1916 = DIRECTION ( 'NONE',  ( 0.000000000000000000, 0.000000000000000000, -1.000000000000000000 ) ) ;
#1917 = EDGE_LOOP ( 'NONE', ( #779 ) ) ;
#1918 = FACE_OUTER_BOUND ( 'NONE', #2857, .T. ) ;
#1919 = VERTEX_POINT ( 'NONE', #1143 ) ;
#1920 = DIRECTION ( 'NONE',  ( 0.000000000000000000, 0.000000000000000000, -1.000000000000000000 ) ) ;
#1921 = FACE_BOUND ( 'NONE', #1465, .T. ) ;
#1922 = EDGE_LOOP ( 'NONE', ( #1366 ) ) ;
#1923 = CARTESIAN_POINT ( 'NONE',  ( 40.30878593972709467, 0.000000000000000000, -11.19999999999999929 ) ) ;
#1924 = FACE_BOUND ( 'NONE', #2717, .T. ) ;
#1925 = DIRECTION ( 'NONE',  ( 0.000000000000000000, 0.000000000000000000, -1.000000000000000000 ) ) ;
#1926 = DIRECTION ( 'NONE',  ( 0.000000000000000000, 0.000000000000000000, -1.000000000000000000 ) ) ;
#1927 = AXIS2_PLACEMENT_3D ( 'NONE', #3300, #3042, #473 ) ;
#1928 = DIRECTION ( 'NONE',  ( 1.000000000000000000, 0.000000000000000000, 0.000000000000000000 ) ) ;
#1929 = AXIS2_PLACEMENT_3D ( 'NONE', #737, #1568, #489 ) ;
#1930 = FACE_OUTER_BOUND ( 'NONE', #2541, .T. ) ;
#1931 = FACE_OUTER_BOUND ( 'NONE', #3235, .T. ) ;
#1932 = EDGE_LOOP ( 'NONE', ( #2862 ) ) ;
#1933 = FACE_OUTER_BOUND ( 'NONE', #2231, .T. ) ;
#1934 = EDGE_LOOP ( 'NONE', ( #2124 ) ) ;
#1935 = VERTEX_POINT ( 'NONE', #590 ) ;
#1936 = TOROIDAL_SURFACE ( 'NONE', #740, 13.84999999999850040, 0.1000000000014750062 ) ;
#1937 = FACE_OUTER_BOUND ( 'NONE', #3137, .T. ) ;
#1938 = ORIENTED_EDGE ( 'NONE', *, *, #2730, .F. ) ;
#1939 = AXIS2_PLACEMENT_3D ( 'NONE', #1185, #3037, #1765 ) ;
#1940 = VERTEX_POINT ( 'NONE', #1440 ) ;
#1941 = AXIS2_PLACEMENT_3D ( 'NONE', #876, #357, #1916 ) ;
#1942 = DIRECTION ( 'NONE',  ( -1.000000000000000000, 0.000000000000000000, 0.000000000000000000 ) ) ;
#1943 = ADVANCED_FACE ( 'NONE', ( #1117, #1864 ), #537, .T. ) ;
#1944 = FACE_BOUND ( 'NONE', #707, .T. ) ;
#1945 = CARTESIAN_POINT ( 'NONE',  ( 32.11729343319589702, 0.000000000000000000, -11.19999999999999929 ) ) ;
#1946 = DIRECTION ( 'NONE',  ( 0.000000000000000000, 0.000000000000000000, -1.000000000000000000 ) ) ;
#1947 = DIRECTION ( 'NONE',  ( 1.000000000000000000, 0.000000000000000000, 0.000000000000000000 ) ) ;
#1948 = AXIS2_PLACEMENT_3D ( 'NONE', #823, #89, #1130 ) ;
#1949 = EDGE_CURVE ( 'NONE', #469, #469, #1850, .T. ) ;
#1950 = DIRECTION ( 'NONE',  ( 0.000000000000000000, 0.000000000000000000, -1.000000000000000000 ) ) ;
#1951 = EDGE_LOOP ( 'NONE', ( #2422 ) ) ;
#1952 = EDGE_CURVE ( 'NONE', #2621, #2621, #2383, .T. ) ;
#1953 = CYLINDRICAL_SURFACE ( 'NONE', #3112, 11.50000000000000000 ) ;
#1954 = CIRCLE ( 'NONE', #2931, 13.95000000000000107 ) ;
#1955 = AXIS2_PLACEMENT_3D ( 'NONE', #1166, #3129, #1056 ) ;
#1956 = ORIENTED_EDGE ( 'NONE', *, *, #952, .F. ) ;
#1957 = CARTESIAN_POINT ( 'NONE',  ( 3.576399476968569857, 0.000000000000000000, -14.25000000000000000 ) ) ;
#1958 = DIRECTION ( 'NONE',  ( 0.000000000000000000, 0.000000000000000000, -1.000000000000000000 ) ) ;
#1959 = EDGE_LOOP ( 'NONE', ( #3150 ) ) ;
#1960 = CIRCLE ( 'NONE', #923, 13.85871557427280010 ) ;
#1961 = CARTESIAN_POINT ( 'NONE',  ( 23.77519853056440269, 0.000000000000000000, -14.06743114854949894 ) ) ;
#1962 = AXIS2_PLACEMENT_3D ( 'NONE', #3178, #627, #1135 ) ;
#1963 = AXIS2_PLACEMENT_3D ( 'NONE', #3214, #1111, #907 ) ;
#1964 = CARTESIAN_POINT ( 'NONE',  ( 0.5014221499167819118, 0.000000000000000000, 0.000000000000000000 ) ) ;
#1965 = EDGE_CURVE ( 'NONE', #298, #298, #2431, .T. ) ;
#1966 = DIRECTION ( 'NONE',  ( 1.000000000000000000, 0.000000000000000000, 0.000000000000000000 ) ) ;
#1967 = CARTESIAN_POINT ( 'NONE',  ( 24.99899163573569894, 0.000000000000000000, -11.65642212862609917 ) ) ;
#1968 = CARTESIAN_POINT ( 'NONE',  ( 7.576311499764069701, 0.000000000000000000, 0.000000000000000000 ) ) ;
#1969 = CARTESIAN_POINT ( 'NONE',  ( 40.30922582574959989, 0.000000000000000000, 0.000000000000000000 ) ) ;
#1970 = DIRECTION ( 'NONE',  ( 0.000000000000000000, 0.000000000000000000, -1.000000000000000000 ) ) ;
#1971 = ORIENTED_EDGE ( 'NONE', *, *, #519, .F. ) ;
#1972 = DIRECTION ( 'NONE',  ( 0.000000000000000000, 0.000000000000000000, -1.000000000000000000 ) ) ;
#1973 = EDGE_CURVE ( 'NONE', #1871, #1871, #385, .T. ) ;
#1974 = ORIENTED_EDGE ( 'NONE', *, *, #952, .T. ) ;
#1975 = DIRECTION ( 'NONE',  ( 1.000000000000000000, 0.000000000000000000, 0.000000000000000000 ) ) ;
#1976 = EDGE_LOOP ( 'NONE', ( #3218 ) ) ;
#1977 = VERTEX_POINT ( 'NONE', #1387 ) ;
#1978 = ADVANCED_FACE ( 'NONE', ( #2400, #2144 ), #1904, .F. ) ;
#1979 = FACE_OUTER_BOUND ( 'NONE', #1046, .T. ) ;
#1980 = CARTESIAN_POINT ( 'NONE',  ( 5.126490734387499693, 0.000000000000000000, -13.85871557427280010 ) ) ;
#1981 = FACE_OUTER_BOUND ( 'NONE', #1932, .T. ) ;
#1982 = CARTESIAN_POINT ( 'NONE',  ( 40.30922582574959989, 0.000000000000000000, 0.000000000000000000 ) ) ;
#1983 = ORIENTED_EDGE ( 'NONE', *, *, #1890, .F. ) ;
#1984 = TOROIDAL_SURFACE ( 'NONE', #625, 14.05000000000000071, 0.1999999999999920175 ) ;
#1985 = EDGE_LOOP ( 'NONE', ( #509 ) ) ;
#1986 = VERTEX_POINT ( 'NONE', #2825 ) ;
#1987 = CYLINDRICAL_SURFACE ( 'NONE', #14, 14.25000000000000000 ) ;
#1988 = EDGE_LOOP ( 'NONE', ( #2713 ) ) ;
#1989 = ADVANCED_FACE ( 'NONE', ( #2698, #2440 ), #753, .T. ) ;
#1990 = CARTESIAN_POINT ( 'NONE',  ( 40.11711747878690204, 0.000000000000000000, -11.19999999999999929 ) ) ;
#1991 = FACE_BOUND ( 'NONE', #1818, .T. ) ;
#1992 = AXIS2_PLACEMENT_3D ( 'NONE', #1159, #1703, #1435 ) ;
#1993 = EDGE_CURVE ( 'NONE', #2797, #2797, #2984, .T. ) ;
#1994 = ADVANCED_FACE ( 'NONE', ( #3227, #1677 ), #1471, .T. ) ;
#1995 = TOROIDAL_SURFACE ( 'NONE', #529, 11.69999999999039808, 0.1999999999903750159 ) ;
#1996 = CARTESIAN_POINT ( 'NONE',  ( 13.12631477997850027, 0.000000000000000000, 0.000000000000000000 ) ) ;
#1997 = CARTESIAN_POINT ( 'NONE',  ( 39.49196091757249860, 0.000000000000000000, -13.85871557431319978 ) ) ;
#1998 = CARTESIAN_POINT ( 'NONE',  ( 35.39242942500970202, 0.000000000000000000, 0.000000000000000000 ) ) ;
#1999 = ADVANCED_FACE ( 'NONE', ( #1659, #97 ), #1893, .F. ) ;
#2000 = DIRECTION ( 'NONE',  ( 1.000000000000000000, 0.000000000000000000, 0.000000000000000000 ) ) ;
#2001 = FACE_OUTER_BOUND ( 'NONE', #173, .T. ) ;
#2002 = ORIENTED_EDGE ( 'NONE', *, *, #1303, .T. ) ;
#2003 = FACE_OUTER_BOUND ( 'NONE', #2395, .T. ) ;
#2004 = ORIENTED_EDGE ( 'NONE', *, *, #2551, .T. ) ;
#2005 = PERSON_AND_ORGANIZATION_ROLE ( 'design_owner' ) ;
#2006 = ORIENTED_EDGE ( 'NONE', *, *, #1746, .T. ) ;
#2007 = CIRCLE ( 'NONE', #8, 14.06743114854949894 ) ;
#2008 = CIRCLE ( 'NONE', #1256, 11.19999999999999929 ) ;
#2009 = CARTESIAN_POINT ( 'NONE',  ( 16.99916759014470102, 0.000000000000000000, -11.65642212862609917 ) ) ;
#2010 = AXIS2_PLACEMENT_3D ( 'NONE', #1696, #78, #2387 ) ;
#2011 = DIRECTION ( 'NONE',  ( 1.000000000000000000, 0.000000000000000000, 0.000000000000000000 ) ) ;
#2012 = CIRCLE ( 'NONE', #1637, 13.85871557431310030 ) ;
#2013 = EDGE_CURVE ( 'NONE', #2399, #2399, #2768, .T. ) ;
#2014 = DIRECTION ( 'NONE',  ( 0.000000000000000000, 0.000000000000000000, -1.000000000000000000 ) ) ;
#2015 = CARTESIAN_POINT ( 'NONE',  ( 16.84334109813919866, 0.000000000000000000, -14.06743114854949894 ) ) ;
#2016 = CARTESIAN_POINT ( 'NONE',  ( 31.61919608415000127, 0.000000000000000000, 0.000000000000000000 ) ) ;
#2017 = TOROIDAL_SURFACE ( 'NONE', #2442, 11.69999999996350049, 0.1999999999634970160 ) ;
#2018 = ORIENTED_EDGE ( 'NONE', *, *, #683, .F. ) ;
#2019 = ADVANCED_FACE ( 'NONE', ( #1912, #2727 ), #1417, .F. ) ;
#2020 = DIRECTION ( 'NONE',  ( 1.000000000000000000, 0.000000000000000000, 0.000000000000000000 ) ) ;
#2021 = EDGE_LOOP ( 'NONE', ( #487 ) ) ;
#2022 = EDGE_LOOP ( 'NONE', ( #3125 ) ) ;
#2023 = FACE_OUTER_BOUND ( 'NONE', #28, .T. ) ;
#2024 = EDGE_LOOP ( 'NONE', ( #2474 ) ) ;
#2025 = COORDINATED_UNIVERSAL_TIME_OFFSET ( 5, 0, .BEHIND. ) ;
#2026 = EDGE_LOOP ( 'NONE', ( #1704 ) ) ;
#2027 = CARTESIAN_POINT ( 'NONE',  ( 12.50115821888980072, 0.000000000000000000, -11.50000000000000000 ) ) ;
#2028 = FACE_BOUND ( 'NONE', #3174, .T. ) ;
#2029 = CARTESIAN_POINT ( 'NONE',  ( 1.042931946575550217, 0.000000000000000000, 0.000000000000000000 ) ) ;
#2030 = CARTESIAN_POINT ( 'NONE',  ( 8.501246196094280450, 0.000000000000000000, -11.50000000000000000 ) ) ;
#2031 = DIRECTION ( 'NONE',  ( 0.000000000000000000, 0.000000000000000000, -1.000000000000000000 ) ) ;
#2032 = EDGE_LOOP ( 'NONE', ( #1270 ) ) ;
#2033 = DIRECTION ( 'NONE',  ( 0.000000000000000000, 0.000000000000000000, -1.000000000000000000 ) ) ;
#2034 = EDGE_LOOP ( 'NONE', ( #346 ) ) ;
#2035 = ORIENTED_EDGE ( 'NONE', *, *, #2013, .T. ) ;
#2036 = ADVANCED_FACE ( 'NONE', ( #1944, #2429 ), #326, .T. ) ;
#2037 = CARTESIAN_POINT ( 'NONE',  ( 20.99907961294019998, 0.000000000000000000, 0.000000000000000000 ) ) ;
#2038 = EDGE_LOOP ( 'NONE', ( #797 ) ) ;
#2039 = ADVANCED_FACE ( 'NONE', ( #2981, #650 ), #978, .T. ) ;
#2040 = DIRECTION ( 'NONE',  ( 0.000000000000000000, 0.000000000000000000, -1.000000000000000000 ) ) ;
#2041 = EDGE_LOOP ( 'NONE', ( #992 ) ) ;
#2042 = AXIS2_PLACEMENT_3D ( 'NONE', #2452, #3216, #635 ) ;
#2043 = CARTESIAN_POINT ( 'NONE',  ( 27.57587161374160090, 0.000000000000000000, -14.25000000000000000 ) ) ;
#2044 = CONICAL_SURFACE ( 'NONE', #143, 14.06743114854949894, 1.510893165344030065 ) ;
#2045 = DIRECTION ( 'NONE',  ( 1.000000000000000000, 0.000000000000000000, 0.000000000000000000 ) ) ;
#2046 = DIRECTION ( 'NONE',  ( 0.000000000000000000, 0.000000000000000000, -1.000000000000000000 ) ) ;
#2047 = CARTESIAN_POINT ( 'NONE',  ( 35.49204889477699965, 0.000000000000000000, -13.85871557431319978 ) ) ;
#2048 = EDGE_LOOP ( 'NONE', ( #2018 ) ) ;
#2049 = CONICAL_SURFACE ( 'NONE', #3030, 13.85871557431319978, 1.513166170031569946 ) ;
#2050 = FACE_OUTER_BOUND ( 'NONE', #522, .T. ) ;
#2051 = ORIENTED_EDGE ( 'NONE', *, *, #2454, .F. ) ;
#2052 = ORIENTED_EDGE ( 'NONE', *, *, #1614, .F. ) ;
#2053 = DIRECTION ( 'NONE',  ( 0.000000000000000000, 0.000000000000000000, -1.000000000000000000 ) ) ;
#2054 = EDGE_CURVE ( 'NONE', #75, #75, #1200, .T. ) ;
#2055 = ORIENTED_EDGE ( 'NONE', *, *, #3243, .F. ) ;
#2056 = FACE_OUTER_BOUND ( 'NONE', #2871, .T. ) ;
#2057 = ORIENTED_EDGE ( 'NONE', *, *, #1854, .F. ) ;
#2058 = VERTEX_POINT ( 'NONE', #1503 ) ;
#2059 = FACE_OUTER_BOUND ( 'NONE', #1741, .T. ) ;
#2060 = CIRCLE ( 'NONE', #2547, 13.85871557427280010 ) ;
#2061 = CIRCLE ( 'NONE', #1202, 13.85871557427280010 ) ;
#2062 = CARTESIAN_POINT ( 'NONE',  ( 36.50063035566280689, 0.000000000000000000, 0.000000000000000000 ) ) ;
#2063 = DIRECTION ( 'NONE',  ( 1.000000000000000000, 0.000000000000000000, 0.000000000000000000 ) ) ;
#2064 = AXIS2_PLACEMENT_3D ( 'NONE', #1118, #317, #2914 ) ;
#2065 = EDGE_LOOP ( 'NONE', ( #2248 ) ) ;
#2066 = CIRCLE ( 'NONE', #594, 13.85871557431319978 ) ;
#2067 = AXIS2_PLACEMENT_3D ( 'NONE', #2874, #830, #1020 ) ;
#2068 = CARTESIAN_POINT ( 'NONE',  ( 32.84298918932120159, 0.000000000000000000, 0.000000000000000000 ) ) ;
#2069 = EDGE_LOOP ( 'NONE', ( #603 ) ) ;
#2070 = EDGE_LOOP ( 'NONE', ( #1319 ) ) ;
#2071 = DIRECTION ( 'NONE',  ( 1.000000000000000000, 0.000000000000000000, 0.000000000000000000 ) ) ;
#2072 = PRODUCT_DEFINITION_FORMATION_WITH_SPECIFIED_SOURCE ( 'ANY', '', #1365, .NOT_KNOWN. ) ;
#2073 = EDGE_LOOP ( 'NONE', ( #217 ) ) ;
#2074 = CARTESIAN_POINT ( 'NONE',  ( 19.61946001576350085, 0.000000000000000000, 0.000000000000000000 ) ) ;
#2075 = AXIS2_PLACEMENT_3D ( 'NONE', #2700, #624, #2884 ) ;
#2076 = EDGE_LOOP ( 'NONE', ( #776 ) ) ;
#2077 = ADVANCED_FACE ( 'NONE', ( #2933, #1108 ), #2652, .T. ) ;
#2078 = CARTESIAN_POINT ( 'NONE',  ( 28.99890365853120144, 0.000000000000000000, 0.000000000000000000 ) ) ;
#2079 = CARTESIAN_POINT ( 'NONE',  ( 5.126490734387499693, 0.000000000000000000, 0.000000000000000000 ) ) ;
#2080 = ADVANCED_FACE ( 'NONE', ( #841, #598 ), #112, .F. ) ;
#2081 = DIRECTION ( 'NONE',  ( 1.000000000000000000, 0.000000000000000000, 0.000000000000000000 ) ) ;
#2082 = FACE_OUTER_BOUND ( 'NONE', #2041, .T. ) ;
#2083 = EDGE_LOOP ( 'NONE', ( #2821 ) ) ;
#2084 = EDGE_LOOP ( 'NONE', ( #1001 ) ) ;
#2085 = EDGE_LOOP ( 'NONE', ( #1794 ) ) ;
#2086 = CARTESIAN_POINT ( 'NONE',  ( 40.30922582574959989, 0.000000000000000000, 0.000000000000000000 ) ) ;
#2087 = ORIENTED_EDGE ( 'NONE', *, *, #1050, .F. ) ;
#2088 = FACE_OUTER_BOUND ( 'NONE', #1615, .T. ) ;
#2089 = ORIENTED_EDGE ( 'NONE', *, *, #1029, .T. ) ;
#2090 = CARTESIAN_POINT ( 'NONE',  ( 31.91805449347699764, 0.000000000000000000, 0.000000000000000000 ) ) ;
#2091 = CARTESIAN_POINT ( 'NONE',  ( 16.11764534188050035, 0.000000000000000000, 0.000000000000000000 ) ) ;
#2092 = TOROIDAL_SURFACE ( 'NONE', #790, 13.84999999999850040, 0.1000000000014880097 ) ;
#2093 = CARTESIAN_POINT ( 'NONE',  ( 12.11773331921840047, 0.000000000000000000, 0.000000000000000000 ) ) ;
#2094 = ADVANCED_FACE ( 'NONE', ( #614, #1875 ), #2915, .T. ) ;
#2095 = ADVANCED_FACE ( 'NONE', ( #3193, #854 ), #1891, .F. ) ;
#2096 = DIRECTION ( 'NONE',  ( -1.000000000000000000, 0.000000000000000000, 0.000000000000000000 ) ) ;
#2097 = EDGE_LOOP ( 'NONE', ( #2693 ) ) ;
#2098 = CIRCLE ( 'NONE', #2533, 13.85871557427280010 ) ;
#2099 = EDGE_CURVE ( 'NONE', #2537, #2537, #1037, .T. ) ;
#2100 = DIRECTION ( 'NONE',  ( 1.000000000000000000, 0.000000000000000000, 0.000000000000000000 ) ) ;
#2101 = ORIENTED_EDGE ( 'NONE', *, *, #1254, .T. ) ;
#2102 = AXIS2_PLACEMENT_3D ( 'NONE', #516, #2832, #2313 ) ;
#2103 = EDGE_LOOP ( 'NONE', ( #292 ) ) ;
#2104 = CARTESIAN_POINT ( 'NONE',  ( 15.91840640229500181, 0.000000000000000000, 0.000000000000000000 ) ) ;
#2105 = AXIS2_PLACEMENT_3D ( 'NONE', #1982, #1193, #2769 ) ;
#2106 = EDGE_LOOP ( 'NONE', ( #570 ) ) ;
#2107 = FACE_OUTER_BOUND ( 'NONE', #2372, .T. ) ;
#2108 = PRODUCT_RELATED_PRODUCT_CATEGORY ( 'detail', '', ( #1365 ) ) ;
#2109 = ORIENTED_EDGE ( 'NONE', *, *, #702, .T. ) ;
#2110 = DIRECTION ( 'NONE',  ( 0.000000000000000000, 0.000000000000000000, -1.000000000000000000 ) ) ;
#2111 = EDGE_CURVE ( 'NONE', #1085, #1085, #329, .T. ) ;
#2112 = VERTEX_POINT ( 'NONE', #2283 ) ;
#2113 = DIRECTION ( 'NONE',  ( 0.000000000000000000, 0.000000000000000000, -1.000000000000000000 ) ) ;
#2114 = FACE_OUTER_BOUND ( 'NONE', #1040, .T. ) ;
#2115 = AXIS2_PLACEMENT_3D ( 'NONE', #2634, #3202, #1623 ) ;
#2116 = CIRCLE ( 'NONE', #921, 14.25000000000000000 ) ;
#2117 = FACE_OUTER_BOUND ( 'NONE', #3182, .T. ) ;
#2118 = AXIS2_PLACEMENT_3D ( 'NONE', #550, #1816, #1527 ) ;
#2119 = TOROIDAL_SURFACE ( 'NONE', #18, 14.05000000000000071, 0.2000000000000000111 ) ;
#2120 = EDGE_CURVE ( 'NONE', #1595, #1595, #1743, .T. ) ;
#2121 = DIRECTION ( 'NONE',  ( 0.000000000000000000, 0.000000000000000000, -1.000000000000000000 ) ) ;
#2122 = CIRCLE ( 'NONE', #2333, 11.68256885140240087 ) ;
#2123 = CONICAL_SURFACE ( 'NONE', #2935, 14.06743114854949894, 1.510893165344030065 ) ;
#2124 = ORIENTED_EDGE ( 'NONE', *, *, #195, .T. ) ;
#2125 = CYLINDRICAL_SURFACE ( 'NONE', #3035, 13.95000000000000107 ) ;
#2126 = EDGE_CURVE ( 'NONE', #1279, #1279, #1954, .T. ) ;
#2127 = EDGE_LOOP ( 'NONE', ( #2006 ) ) ;
#2128 = CIRCLE ( 'NONE', #2392, 11.65642212862609917 ) ;
#2129 = AXIS2_PLACEMENT_3D ( 'NONE', #1699, #407, #2951 ) ;
#2130 = FACE_BOUND ( 'NONE', #818, .T. ) ;
#2131 = CONICAL_SURFACE ( 'NONE', #1105, 14.06743114854949894, 1.510893165344030065 ) ;
#2132 = VERTEX_POINT ( 'NONE', #2047 ) ;
#2133 = CARTESIAN_POINT ( 'NONE',  ( 3.393133242645720138, 0.000000000000000000, 0.000000000000000000 ) ) ;
#2134 = FACE_OUTER_BOUND ( 'NONE', #2076, .T. ) ;
#2135 = CARTESIAN_POINT ( 'NONE',  ( 37.04214015173499774, 0.000000000000000000, 0.000000000000000000 ) ) ;
#2136 = CARTESIAN_POINT ( 'NONE',  ( 27.91814247068149868, 0.000000000000000000, 0.000000000000000000 ) ) ;
#2137 = EDGE_CURVE ( 'NONE', #45, #45, #3209, .T. ) ;
#2138 = FACE_OUTER_BOUND ( 'NONE', #1582, .T. ) ;
#2139 = EDGE_LOOP ( 'NONE', ( #1756 ) ) ;
#2140 = DIRECTION ( 'NONE',  ( 0.000000000000000000, 0.000000000000000000, -1.000000000000000000 ) ) ;
#2141 = EDGE_LOOP ( 'NONE', ( #967 ) ) ;
#2142 = DIRECTION ( 'NONE',  ( 1.000000000000000000, 0.000000000000000000, 0.000000000000000000 ) ) ;
#2143 = CARTESIAN_POINT ( 'NONE',  ( 32.50071833228080465, 0.000000000000000000, -11.19999999999999929 ) ) ;
#2144 = FACE_OUTER_BOUND ( 'NONE', #1334, .T. ) ;
#2145 = CARTESIAN_POINT ( 'NONE',  ( 20.50098226389430423, 0.000000000000000000, 0.000000000000000000 ) ) ;
#2146 = PRODUCT_DEFINITION ( 'UNKNOWN', '', #2072, #44 ) ;
#2147 = ADVANCED_FACE ( 'NONE', ( #2744, #3280 ), #468, .F. ) ;
#2148 = DIRECTION ( 'NONE',  ( 0.000000000000000000, 0.000000000000000000, 1.000000000000000000 ) ) ;
#2149 = AXIS2_PLACEMENT_3D ( 'NONE', #2573, #3317, #983 ) ;
#2150 = FACE_OUTER_BOUND ( 'NONE', #2106, .T. ) ;
#2151 = DIRECTION ( 'NONE',  ( 1.000000000000000000, 0.000000000000000000, 0.000000000000000000 ) ) ;
#2152 = AXIS2_PLACEMENT_3D ( 'NONE', #1964, #2519, #668 ) ;
#2153 = EDGE_LOOP ( 'NONE', ( #2875 ) ) ;
#2154 = FACE_OUTER_BOUND ( 'NONE', #693, .T. ) ;
#2155 = EDGE_LOOP ( 'NONE', ( #399 ) ) ;
#2156 = DIRECTION ( 'NONE',  ( 0.000000000000000000, 0.000000000000000000, -1.000000000000000000 ) ) ;
#2157 = CIRCLE ( 'NONE', #3195, 11.68256885144159973 ) ;
#2158 = ADVANCED_FACE ( 'NONE', ( #1979, #2483 ), #919, .T. ) ;
#2159 = VERTEX_POINT ( 'NONE', #2737 ) ;
#2160 = DIRECTION ( 'NONE',  ( 0.000000000000000000, 0.000000000000000000, -1.000000000000000000 ) ) ;
#2161 = CARTESIAN_POINT ( 'NONE',  ( 7.393045265542289357, 0.000000000000000000, 0.000000000000000000 ) ) ;
#2162 = EDGE_CURVE ( 'NONE', #838, #838, #2061, .T. ) ;
#2163 = VERTEX_POINT ( 'NONE', #1657 ) ;
#2164 = DIRECTION ( 'NONE',  ( 0.000000000000000000, 0.000000000000000000, -1.000000000000000000 ) ) ;
#2165 = DIRECTION ( 'NONE',  ( -1.000000000000000000, 0.000000000000000000, 0.000000000000000000 ) ) ;
#2166 = CARTESIAN_POINT ( 'NONE',  ( 40.30922582574959989, 0.000000000000000000, 0.000000000000000000 ) ) ;
#2167 = CIRCLE ( 'NONE', #1948, 11.19999999999999929 ) ;
#2168 = DIRECTION ( 'NONE',  ( 1.000000000000000000, 0.000000000000000000, 0.000000000000000000 ) ) ;
#2169 = DIRECTION ( 'NONE',  ( 1.000000000000000000, 0.000000000000000000, 0.000000000000000000 ) ) ;
#2170 = CARTESIAN_POINT ( 'NONE',  ( 12.50115821888980072, 0.000000000000000000, 0.000000000000000000 ) ) ;
#2171 = EDGE_LOOP ( 'NONE', ( #3120 ) ) ;
#2172 = AXIS2_PLACEMENT_3D ( 'NONE', #1032, #2604, #2368 ) ;
#2173 = TOROIDAL_SURFACE ( 'NONE', #1269, 13.84999999999850040, 0.1000000000014760054 ) ;
#2174 = CARTESIAN_POINT ( 'NONE',  ( 32.50071833286730083, 0.000000000000000000, -11.50000000000000000 ) ) ;
#2175 = DIRECTION ( 'NONE',  ( 1.000000000000000000, 0.000000000000000000, 0.000000000000000000 ) ) ;
#2176 = DIRECTION ( 'NONE',  ( 0.000000000000000000, 0.000000000000000000, -1.000000000000000000 ) ) ;
#2177 = TOROIDAL_SURFACE ( 'NONE', #654, 11.69999999996350049, 0.1999999999635110048 ) ;
#2178 = CARTESIAN_POINT ( 'NONE',  ( 28.50080630948530214, 0.000000000000000000, -11.19999999999999929 ) ) ;
#2179 = LOCAL_TIME ( 15, 41, 50.00000000000000000, #2025 ) ;
#2180 = TOROIDAL_SURFACE ( 'NONE', #1328, 13.85000000004199805, 0.09999999995798609931 ) ;
#2181 = DIRECTION ( 'NONE',  ( 0.000000000000000000, 0.000000000000000000, -1.000000000000000000 ) ) ;
#2182 = DIRECTION ( 'NONE',  ( -1.000000000000000000, 0.000000000000000000, 0.000000000000000000 ) ) ;
#2183 = FACE_OUTER_BOUND ( 'NONE', #1023, .T. ) ;
#2184 = DIRECTION ( 'NONE',  ( 0.000000000000000000, 0.000000000000000000, -1.000000000000000000 ) ) ;
#2185 = CYLINDRICAL_SURFACE ( 'NONE', #3138, 11.19999999999999929 ) ;
#2186 = CYLINDRICAL_SURFACE ( 'NONE', #316, 11.50000000000000000 ) ;
#2187 = EDGE_LOOP ( 'NONE', ( #2873 ) ) ;
#2188 = DIRECTION ( 'NONE',  ( 1.000000000000000000, 0.000000000000000000, 0.000000000000000000 ) ) ;
#2189 = EDGE_LOOP ( 'NONE', ( #1938 ) ) ;
#2190 = CARTESIAN_POINT ( 'NONE',  ( 39.91787853906789962, 0.000000000000000000, -11.68256885144159973 ) ) ;
#2191 = CARTESIAN_POINT ( 'NONE',  ( 24.50089428668980318, 0.000000000000000000, 0.000000000000000000 ) ) ;
#2192 = DIRECTION ( 'NONE',  ( 1.000000000000000000, 0.000000000000000000, 0.000000000000000000 ) ) ;
#2193 = DIRECTION ( 'NONE',  ( 0.000000000000000000, 0.000000000000000000, -1.000000000000000000 ) ) ;
#2194 = DIRECTION ( 'NONE',  ( -1.000000000000000000, 0.000000000000000000, 0.000000000000000000 ) ) ;
#2195 = EDGE_CURVE ( 'NONE', #2112, #2112, #224, .T. ) ;
#2196 = DIRECTION ( 'NONE',  ( 0.000000000000000000, 0.000000000000000000, -1.000000000000000000 ) ) ;
#2197 = CARTESIAN_POINT ( 'NONE',  ( 20.11755736467599931, 0.000000000000000000, -11.50000000000000000 ) ) ;
#2198 = DIRECTION ( 'NONE',  ( -1.000000000000000000, 0.000000000000000000, 0.000000000000000000 ) ) ;
#2199 = DIRECTION ( 'NONE',  ( 1.000000000000000000, 0.000000000000000000, 0.000000000000000000 ) ) ;
#2200 = EDGE_CURVE ( 'NONE', #3075, #3075, #543, .T. ) ;
#2201 = CIRCLE ( 'NONE', #684, 14.06743114854949894 ) ;
#2202 = DIRECTION ( 'NONE',  ( 1.000000000000000000, 0.000000000000000000, 0.000000000000000000 ) ) ;
#2203 = CARTESIAN_POINT ( 'NONE',  ( 11.77546246217790049, 0.000000000000000000, 0.000000000000000000 ) ) ;
#2204 = ORIENTED_EDGE ( 'NONE', *, *, #1566, .F. ) ;
#2205 = DIRECTION ( 'NONE',  ( 1.000000000000000000, 0.000000000000000000, 0.000000000000000000 ) ) ;
#2206 = EDGE_LOOP ( 'NONE', ( #1649 ) ) ;
#2207 = VERTEX_POINT ( 'NONE', #2666 ) ;
#2208 = AXIS2_PLACEMENT_3D ( 'NONE', #277, #2809, #1289 ) ;
#2209 = CARTESIAN_POINT ( 'NONE',  ( 13.22593424978920140, 0.000000000000000000, 0.000000000000000000 ) ) ;
#2210 = ORIENTED_EDGE ( 'NONE', *, *, #2851, .F. ) ;
#2211 = TOROIDAL_SURFACE ( 'NONE', #2753, 11.70000000000000107, 0.5000000000000000000 ) ;
#2212 = ADVANCED_FACE ( 'NONE', ( #996, #2763 ), #1473, .T. ) ;
#2213 = CARTESIAN_POINT ( 'NONE',  ( 24.50089428668980318, 0.000000000000000000, -11.19999999999999929 ) ) ;
#2214 = DIRECTION ( 'NONE',  ( -1.000000000000000000, 0.000000000000000000, 0.000000000000000000 ) ) ;
#2215 = DIRECTION ( 'NONE',  ( 1.000000000000000000, 0.000000000000000000, 0.000000000000000000 ) ) ;
#2216 = VERTEX_POINT ( 'NONE', #2253 ) ;
#2217 = FACE_OUTER_BOUND ( 'NONE', #3320, .T. ) ;
#2218 = ADVANCED_FACE ( 'NONE', ( #2796, #3020 ), #1630, .T. ) ;
#2219 = FACE_OUTER_BOUND ( 'NONE', #2897, .T. ) ;
#2220 = FACE_OUTER_BOUND ( 'NONE', #2436, .T. ) ;
#2221 = AXIS2_PLACEMENT_3D ( 'NONE', #575, #46, #2381 ) ;
#2222 = EDGE_CURVE ( 'NONE', #3336, #3336, #1895, .T. ) ;
#2223 = DIRECTION ( 'NONE',  ( 1.000000000000000000, 0.000000000000000000, 0.000000000000000000 ) ) ;
#2224 = ORIENTED_EDGE ( 'NONE', *, *, #3019, .T. ) ;
#2225 = CARTESIAN_POINT ( 'NONE',  ( 39.61902012974100273, 0.000000000000000000, 0.000000000000000000 ) ) ;
#2226 = AXIS2_PLACEMENT_3D ( 'NONE', #353, #2965, #2402 ) ;
#2227 = AXIS2_PLACEMENT_3D ( 'NONE', #209, #677, #1469 ) ;
#2228 = EDGE_LOOP ( 'NONE', ( #1551 ) ) ;
#2229 = FACE_OUTER_BOUND ( 'NONE', #2309, .T. ) ;
#2230 = CIRCLE ( 'NONE', #2064, 11.65642212862609917 ) ;
#2231 = EDGE_LOOP ( 'NONE', ( #3012 ) ) ;
#2232 = AXIS2_PLACEMENT_3D ( 'NONE', #1538, #722, #2562 ) ;
#2233 = VERTEX_POINT ( 'NONE', #3257 ) ;
#2234 = AXIS2_PLACEMENT_3D ( 'NONE', #2306, #1348, #2121 ) ;
#2235 = DIRECTION ( 'NONE',  ( 0.000000000000000000, 0.000000000000000000, -1.000000000000000000 ) ) ;
#2236 = DIRECTION ( 'NONE',  ( 1.000000000000000000, 0.000000000000000000, 0.000000000000000000 ) ) ;
#2237 = VERTEX_POINT ( 'NONE', #2484 ) ;
#2238 = AXIS2_PLACEMENT_3D ( 'NONE', #3059, #2285, #2031 ) ;
#2239 = EDGE_CURVE ( 'NONE', #997, #997, #2330, .T. ) ;
#2240 = DIRECTION ( 'NONE',  ( 0.000000000000000000, 0.000000000000000000, -1.000000000000000000 ) ) ;
#2241 = DIRECTION ( 'NONE',  ( 1.000000000000000000, 0.000000000000000000, 0.000000000000000000 ) ) ;
#2242 = ORIENTED_EDGE ( 'NONE', *, *, #939, .T. ) ;
#2243 = FACE_BOUND ( 'NONE', #877, .T. ) ;
#2244 = ADVANCED_FACE ( 'NONE', ( #2506, #955 ), #3260, .T. ) ;
#2245 = EDGE_LOOP ( 'NONE', ( #1974 ) ) ;
#2246 = CARTESIAN_POINT ( 'NONE',  ( 39.39234144790629699, 0.000000000000000000, -13.95000000000000107 ) ) ;
#2247 = CARTESIAN_POINT ( 'NONE',  ( 40.30922582574959989, 0.000000000000000000, 0.000000000000000000 ) ) ;
#2248 = ORIENTED_EDGE ( 'NONE', *, *, #2644, .F. ) ;
#2249 = VERTEX_POINT ( 'NONE', #3294 ) ;
#2250 = EDGE_CURVE ( 'NONE', #3157, #3157, #819, .T. ) ;
#2251 = CYLINDRICAL_SURFACE ( 'NONE', #3092, 11.50000000000000000 ) ;
#2252 = CARTESIAN_POINT ( 'NONE',  ( 4.501334172712279980, 0.000000000000000000, 0.000000000000000000 ) ) ;
#2253 = CARTESIAN_POINT ( 'NONE',  ( 11.77546246217790049, 0.000000000000000000, -14.06743114854949894 ) ) ;
#2254 = ADVANCED_FACE ( 'NONE', ( #197, #3039 ), #1363, .F. ) ;
#2255 = FACE_OUTER_BOUND ( 'NONE', #1897, .T. ) ;
#2256 = ORIENTED_EDGE ( 'NONE', *, *, #80, .T. ) ;
#2257 = FACE_OUTER_BOUND ( 'NONE', #2577, .T. ) ;
#2258 = EDGE_LOOP ( 'NONE', ( #1514 ) ) ;
#2259 = COORDINATED_UNIVERSAL_TIME_OFFSET ( 5, 0, .BEHIND. ) ;
#2260 = CARTESIAN_POINT ( 'NONE',  ( 16.50107024109880172, 0.000000000000000000, 0.000000000000000000 ) ) ;
#2261 = EDGE_LOOP ( 'NONE', ( #752 ) ) ;
#2262 = VERTEX_POINT ( 'NONE', #3308 ) ;
#2263 = CARTESIAN_POINT ( 'NONE',  ( 27.49222484918599818, 0.000000000000000000, 0.000000000000000000 ) ) ;
#2264 = AXIS2_PLACEMENT_3D ( 'NONE', #2726, #2742, #940 ) ;
#2265 = CIRCLE ( 'NONE', #2975, 11.50000000000000000 ) ;
#2266 = CARTESIAN_POINT ( 'NONE',  ( 40.30922582574959989, 0.000000000000000000, 0.000000000000000000 ) ) ;
#2267 = CARTESIAN_POINT ( 'NONE',  ( 24.50089428727630292, 0.000000000000000000, -11.50000000000000000 ) ) ;
#2268 = CARTESIAN_POINT ( 'NONE',  ( 9.226022226993700670, 0.000000000000000000, 0.000000000000000000 ) ) ;
#2269 = CYLINDRICAL_SURFACE ( 'NONE', #2149, 11.19999999999999929 ) ;
#2270 = ORIENTED_EDGE ( 'NONE', *, *, #556, .F. ) ;
#2271 = ORIENTED_EDGE ( 'NONE', *, *, #452, .T. ) ;
#2272 = DIRECTION ( 'NONE',  ( 0.000000000000000000, 0.000000000000000000, -1.000000000000000000 ) ) ;
#2273 = EDGE_LOOP ( 'NONE', ( #1868 ) ) ;
#2274 = APPROVAL_DATE_TIME ( #1271, #1695 ) ;
#2275 = DIRECTION ( 'NONE',  ( 1.000000000000000000, 0.000000000000000000, 0.000000000000000000 ) ) ;
#2276 = EDGE_LOOP ( 'NONE', ( #2525 ) ) ;
#2277 = AXIS2_PLACEMENT_3D ( 'NONE', #2792, #3273, #710 ) ;
#2278 = CARTESIAN_POINT ( 'NONE',  ( 19.61946001576350085, 0.000000000000000000, -11.65642212862620042 ) ) ;
#2279 = TOROIDAL_SURFACE ( 'NONE', #1150, 11.69999999996350049, 0.1999999999634960168 ) ;
#2280 = FACE_OUTER_BOUND ( 'NONE', #712, .T. ) ;
#2281 = CIRCLE ( 'NONE', #1263, 11.19999999999999929 ) ;
#2282 = CIRCLE ( 'NONE', #1690, 11.68256885144159973 ) ;
#2283 = CARTESIAN_POINT ( 'NONE',  ( 4.501334172712279980, 0.000000000000000000, -11.19999999999999929 ) ) ;
#2284 = ADVANCED_FACE ( 'NONE', ( #1257, #3335 ), #3161, .T. ) ;
#2285 = DIRECTION ( 'NONE',  ( 1.000000000000000000, 0.000000000000000000, 0.000000000000000000 ) ) ;
#2286 = ORIENTED_EDGE ( 'NONE', *, *, #367, .F. ) ;
#2287 = CIRCLE ( 'NONE', #1754, 11.19999999999999929 ) ;
#2288 = EDGE_LOOP ( 'NONE', ( #1017 ) ) ;
#2289 = ORIENTED_EDGE ( 'NONE', *, *, #1119, .F. ) ;
#2290 = DIRECTION ( 'NONE',  ( 1.000000000000000000, 0.000000000000000000, 0.000000000000000000 ) ) ;
#2291 = ORIENTED_EDGE ( 'NONE', *, *, #1054, .F. ) ;
#2292 = PERSON_AND_ORGANIZATION_ROLE ( 'creator' ) ;
#2293 = DIRECTION ( 'NONE',  ( 0.000000000000000000, 0.000000000000000000, -1.000000000000000000 ) ) ;
#2294 = ORIENTED_EDGE ( 'NONE', *, *, #2342, .F. ) ;
#2295 = CARTESIAN_POINT ( 'NONE',  ( 0.3096657117720860164, 0.000000000000000000, -11.50000000000000000 ) ) ;
#2296 = ADVANCED_FACE ( 'NONE', ( #2554, #1597 ), #2710, .T. ) ;
#2297 = DIRECTION ( 'NONE',  ( 1.000000000000000000, 0.000000000000000000, 0.000000000000000000 ) ) ;
#2298 = CARTESIAN_POINT ( 'NONE',  ( 40.30922582574959989, 0.000000000000000000, 0.000000000000000000 ) ) ;
#2299 = CARTESIAN_POINT ( 'NONE',  ( 37.12578691675150111, 0.000000000000000000, -13.85871557427280010 ) ) ;
#2300 = DIRECTION ( 'NONE',  ( 0.000000000000000000, 0.000000000000000000, -1.000000000000000000 ) ) ;
#2301 = EDGE_LOOP ( 'NONE', ( #934 ) ) ;
#2302 = ADVANCED_FACE ( 'NONE', ( #485, #238 ), #1278, .F. ) ;
#2303 = DIRECTION ( 'NONE',  ( 0.000000000000000000, 0.000000000000000000, -1.000000000000000000 ) ) ;
#2304 = EDGE_LOOP ( 'NONE', ( #1824 ) ) ;
#2305 = EDGE_LOOP ( 'NONE', ( #1843 ) ) ;
#2306 = CARTESIAN_POINT ( 'NONE',  ( 19.39278133382769909, 0.000000000000000000, 0.000000000000000000 ) ) ;
#2307 = ORIENTED_EDGE ( 'NONE', *, *, #2972, .T. ) ;
#2308 = DIRECTION ( 'NONE',  ( -1.000000000000000000, 0.000000000000000000, 0.000000000000000000 ) ) ;
#2309 = EDGE_LOOP ( 'NONE', ( #1230 ) ) ;
#2310 = CIRCLE ( 'NONE', #3354, 14.25000000000000000 ) ;
#2311 = VERTEX_POINT ( 'NONE', #3366 ) ;
#2312 = AXIS2_PLACEMENT_3D ( 'NONE', #2136, #808, #2917 ) ;
#2313 = DIRECTION ( 'NONE',  ( 0.000000000000000000, 0.000000000000000000, -1.000000000000000000 ) ) ;
#2314 = FACE_BOUND ( 'NONE', #761, .T. ) ;
#2315 = DIRECTION ( 'NONE',  ( 1.000000000000000000, 0.000000000000000000, 0.000000000000000000 ) ) ;
#2316 = AXIS2_PLACEMENT_3D ( 'NONE', #3362, #3136, #2578 ) ;
#2317 = ORIENTED_EDGE ( 'NONE', *, *, #2239, .T. ) ;
#2318 = CIRCLE ( 'NONE', #2264, 13.95000000000000107 ) ;
#2319 = ADVANCED_FACE ( 'NONE', ( #2867, #2114 ), #2828, .T. ) ;
#2320 = EDGE_LOOP ( 'NONE', ( #2457 ) ) ;
#2321 = ORIENTED_EDGE ( 'NONE', *, *, #229, .F. ) ;
#2322 = FACE_OUTER_BOUND ( 'NONE', #2305, .T. ) ;
#2323 = EDGE_CURVE ( 'NONE', #1116, #1116, #62, .T. ) ;
#2324 = EDGE_LOOP ( 'NONE', ( #1906 ) ) ;
#2325 = FACE_OUTER_BOUND ( 'NONE', #3123, .T. ) ;
#2326 = EDGE_LOOP ( 'NONE', ( #3031 ) ) ;
#2327 = CARTESIAN_POINT ( 'NONE',  ( 28.84307716652570264, 0.000000000000000000, 0.000000000000000000 ) ) ;
#2328 = DIRECTION ( 'NONE',  ( 0.000000000000000000, 0.000000000000000000, -1.000000000000000000 ) ) ;
#2329 = AXIS2_PLACEMENT_3D ( 'NONE', #1373, #2175, #1670 ) ;
#2330 = CIRCLE ( 'NONE', #865, 14.06743114854949894 ) ;
#2331 = DIRECTION ( 'NONE',  ( 0.000000000000000000, 0.000000000000000000, -1.000000000000000000 ) ) ;
#2332 = DIRECTION ( 'NONE',  ( 0.000000000000000000, 0.000000000000000000, -1.000000000000000000 ) ) ;
#2333 = AXIS2_PLACEMENT_3D ( 'NONE', #2585, #2081, #2352 ) ;
#2334 = ORIENTED_EDGE ( 'NONE', *, *, #3358, .F. ) ;
#2335 = TOROIDAL_SURFACE ( 'NONE', #1322, 14.05000000000000071, 0.2000000000000000111 ) ;
#2336 = AXIS2_PLACEMENT_3D ( 'NONE', #1412, #2151, #634 ) ;
#2337 = CARTESIAN_POINT ( 'NONE',  ( 15.91840640229500181, 0.000000000000000000, 0.000000000000000000 ) ) ;
#2338 = EDGE_LOOP ( 'NONE', ( #1840 ) ) ;
#2339 = EDGE_LOOP ( 'NONE', ( #382 ) ) ;
#2340 = DIRECTION ( 'NONE',  ( -1.000000000000000000, 0.000000000000000000, 0.000000000000000000 ) ) ;
#2341 = AXIS2_PLACEMENT_3D ( 'NONE', #3211, #2966, #2430 ) ;
#2342 = EDGE_CURVE ( 'NONE', #822, #822, #3263, .T. ) ;
#2343 = EDGE_LOOP ( 'NONE', ( #2907 ) ) ;
#2344 = CARTESIAN_POINT ( 'NONE',  ( 40.30922582574959989, 0.000000000000000000, 0.000000000000000000 ) ) ;
#2345 = AXIS2_PLACEMENT_3D ( 'NONE', #1239, #3313, #470 ) ;
#2346 = EDGE_LOOP ( 'NONE', ( #1244 ) ) ;
#2347 = FACE_OUTER_BOUND ( 'NONE', #356, .T. ) ;
#2348 = EDGE_CURVE ( 'NONE', #1863, #1863, #2603, .T. ) ;
#2349 = ADVANCED_FACE ( 'NONE', ( #3093, #1055 ), #2279, .F. ) ;
#2350 = FACE_OUTER_BOUND ( 'NONE', #3027, .T. ) ;
#2351 = ADVANCED_FACE ( 'NONE', ( #2570, #530 ), #1635, .T. ) ;
#2352 = DIRECTION ( 'NONE',  ( 0.000000000000000000, 0.000000000000000000, -1.000000000000000000 ) ) ;
#2353 = DIRECTION ( 'NONE',  ( 0.000000000000000000, 0.000000000000000000, 1.000000000000000000 ) ) ;
#2354 = ORIENTED_EDGE ( 'NONE', *, *, #1609, .T. ) ;
#2355 = EDGE_LOOP ( 'NONE', ( #1599 ) ) ;
#2356 = ORIENTED_EDGE ( 'NONE', *, *, #3208, .T. ) ;
#2357 = EDGE_CURVE ( 'NONE', #3350, #3350, #3110, .T. ) ;
#2358 = DIRECTION ( 'NONE',  ( -1.000000000000000000, 0.000000000000000000, 0.000000000000000000 ) ) ;
#2359 = EDGE_LOOP ( 'NONE', ( #1709 ) ) ;
#2360 = FACE_OUTER_BOUND ( 'NONE', #3356, .T. ) ;
#2361 = EDGE_LOOP ( 'NONE', ( #834 ) ) ;
#2362 = CARTESIAN_POINT ( 'NONE',  ( 1.226198181402700094, 0.000000000000000000, 0.000000000000000000 ) ) ;
#2363 = CARTESIAN_POINT ( 'NONE',  ( 13.12631477997850027, 0.000000000000000000, -13.85871557427280010 ) ) ;
#2364 = DIRECTION ( 'NONE',  ( 1.000000000000000000, 0.000000000000000000, 0.000000000000000000 ) ) ;
#2365 = CIRCLE ( 'NONE', #200, 11.19999999999999929 ) ;
#2366 = EDGE_CURVE ( 'NONE', #2910, #2910, #230, .T. ) ;
#2367 = CONICAL_SURFACE ( 'NONE', #848, 13.85871557431310030, 1.513166170031569946 ) ;
#2368 = DIRECTION ( 'NONE',  ( 0.000000000000000000, 0.000000000000000000, -1.000000000000000000 ) ) ;
#2369 = CIRCLE ( 'NONE', #1882, 11.19999999999999929 ) ;
#2370 = FACE_OUTER_BOUND ( 'NONE', #291, .T. ) ;
#2371 = CIRCLE ( 'NONE', #2102, 13.85871557431319978 ) ;
#2372 = EDGE_LOOP ( 'NONE', ( #3306 ) ) ;
#2373 = FACE_OUTER_BOUND ( 'NONE', #2841, .T. ) ;
#2374 = AXIS2_PLACEMENT_3D ( 'NONE', #2203, #2489, #3284 ) ;
#2375 = DIRECTION ( 'NONE',  ( 1.000000000000000000, 0.000000000000000000, 0.000000000000000000 ) ) ;
#2376 = APPROVAL_STATUS ( 'not_yet_approved' ) ;
#2377 = DIRECTION ( 'NONE',  ( 1.000000000000000000, 0.000000000000000000, 0.000000000000000000 ) ) ;
#2378 = ORIENTED_EDGE ( 'NONE', *, *, #1153, .F. ) ;
#2379 = DIRECTION ( 'NONE',  ( 1.000000000000000000, 0.000000000000000000, 0.000000000000000000 ) ) ;
#2380 = VERTEX_POINT ( 'NONE', #59 ) ;
#2381 = DIRECTION ( 'NONE',  ( 0.000000000000000000, 0.000000000000000000, -1.000000000000000000 ) ) ;
#2382 = ADVANCED_FACE ( 'NONE', ( #2314, #1831 ), #759, .T. ) ;
#2383 = CIRCLE ( 'NONE', #589, 13.95000000000000107 ) ;
#2384 = DIRECTION ( 'NONE',  ( 0.000000000000000000, 0.000000000000000000, -1.000000000000000000 ) ) ;
#2385 = AXIS2_PLACEMENT_3D ( 'NONE', #1460, #2782, #1442 ) ;
#2386 = CIRCLE ( 'NONE', #221, 11.68256885140240087 ) ;
#2387 = DIRECTION ( 'NONE',  ( 0.000000000000000000, 0.000000000000000000, -1.000000000000000000 ) ) ;
#2388 = DIRECTION ( 'NONE',  ( 0.000000000000000000, 0.000000000000000000, -1.000000000000000000 ) ) ;
#2389 = AXIS2_PLACEMENT_3D ( 'NONE', #285, #1, #3114 ) ;
#2390 = AXIS2_PLACEMENT_3D ( 'NONE', #2362, #1084, #2110 ) ;
#2391 = DIRECTION ( 'NONE',  ( 0.000000000000000000, 0.000000000000000000, -1.000000000000000000 ) ) ;
#2392 = AXIS2_PLACEMENT_3D ( 'NONE', #2405, #81, #3229 ) ;
#2393 = EDGE_LOOP ( 'NONE', ( #1632 ) ) ;
#2394 = CARTESIAN_POINT ( 'NONE',  ( 0.3096657117720860164, 0.000000000000000000, 0.000000000000000000 ) ) ;
#2395 = EDGE_LOOP ( 'NONE', ( #1216 ) ) ;
#2396 = AXIS2_PLACEMENT_3D ( 'NONE', #1137, #2198, #1155 ) ;
#2397 = CARTESIAN_POINT ( 'NONE',  ( 35.77493459895090666, 0.000000000000000000, 0.000000000000000000 ) ) ;
#2398 = TOROIDAL_SURFACE ( 'NONE', #2345, 13.85000000004199805, 0.09999999995798269925 ) ;
#2399 = VERTEX_POINT ( 'NONE', #1372 ) ;
#2400 = FACE_OUTER_BOUND ( 'NONE', #3105, .T. ) ;
#2401 = FACE_OUTER_BOUND ( 'NONE', #2803, .T. ) ;
#2402 = DIRECTION ( 'NONE',  ( 0.000000000000000000, 0.000000000000000000, -1.000000000000000000 ) ) ;
#2403 = DIRECTION ( 'NONE',  ( 1.000000000000000000, 0.000000000000000000, 0.000000000000000000 ) ) ;
#2404 = ADVANCED_FACE ( 'NONE', ( #48, #507 ), #1088, .T. ) ;
#2405 = CARTESIAN_POINT ( 'NONE',  ( 4.999431521758159747, 0.000000000000000000, 0.000000000000000000 ) ) ;
#2406 = CARTESIAN_POINT ( 'NONE',  ( 8.501246196094280450, 0.000000000000000000, 0.000000000000000000 ) ) ;
#2407 = DIRECTION ( 'NONE',  ( 0.000000000000000000, 0.000000000000000000, -1.000000000000000000 ) ) ;
#2408 = ORIENTED_EDGE ( 'NONE', *, *, #2491, .F. ) ;
#2409 = DIRECTION ( 'NONE',  ( 0.000000000000000000, 0.000000000000000000, -1.000000000000000000 ) ) ;
#2410 = VERTEX_POINT ( 'NONE', #1129 ) ;
#2411 = DIRECTION ( 'NONE',  ( 1.000000000000000000, 0.000000000000000000, 0.000000000000000000 ) ) ;
#2412 = FACE_OUTER_BOUND ( 'NONE', #931, .T. ) ;
#2413 = CARTESIAN_POINT ( 'NONE',  ( 15.91840640229500181, 0.000000000000000000, -11.68256885144159973 ) ) ;
#2414 = FACE_OUTER_BOUND ( 'NONE', #3060, .T. ) ;
#2415 = CIRCLE ( 'NONE', #567, 13.95000000000000107 ) ;
#2416 = DIRECTION ( 'NONE',  ( 0.000000000000000000, 0.000000000000000000, -1.000000000000000000 ) ) ;
#2417 = DIRECTION ( 'NONE',  ( 0.000000000000000000, 0.000000000000000000, -1.000000000000000000 ) ) ;
#2418 = FACE_OUTER_BOUND ( 'NONE', #1337, .T. ) ;
#2419 = EDGE_CURVE ( 'NONE', #2132, #2132, #3049, .T. ) ;
#2420 = DIRECTION ( 'NONE',  ( 1.000000000000000000, 0.000000000000000000, 0.000000000000000000 ) ) ;
#2421 = CARTESIAN_POINT ( 'NONE',  ( 20.11755736480940016, 0.000000000000000000, 0.000000000000000000 ) ) ;
#2422 = ORIENTED_EDGE ( 'NONE', *, *, #2447, .T. ) ;
#2423 = DIRECTION ( 'NONE',  ( 1.000000000000000000, 0.000000000000000000, 0.000000000000000000 ) ) ;
#2424 = CARTESIAN_POINT ( 'NONE',  ( 36.11720545585799869, 0.000000000000000000, -11.50000000000000000 ) ) ;
#2425 = CARTESIAN_POINT ( 'NONE',  ( 8.117821296289539745, 0.000000000000000000, 0.000000000000000000 ) ) ;
#2426 = VERTEX_POINT ( 'NONE', #883 ) ;
#2427 = FACE_OUTER_BOUND ( 'NONE', #2793, .T. ) ;
#2428 = TOROIDAL_SURFACE ( 'NONE', #3212, 13.85000000004199805, 0.09999999995797749508 ) ;
#2429 = FACE_OUTER_BOUND ( 'NONE', #3050, .T. ) ;
#2430 = DIRECTION ( 'NONE',  ( 0.000000000000000000, 0.000000000000000000, -1.000000000000000000 ) ) ;
#2431 = CIRCLE ( 'NONE', #2115, 11.19999999999999929 ) ;
#2432 = AXIS2_PLACEMENT_3D ( 'NONE', #1817, #286, #1331 ) ;
#2433 = CARTESIAN_POINT ( 'NONE',  ( 11.57622352255959974, 0.000000000000000000, 0.000000000000000000 ) ) ;
#2434 = CARTESIAN_POINT ( 'NONE',  ( 20.70022120406150279, 0.000000000000000000, 0.000000000000000000 ) ) ;
#2435 = CARTESIAN_POINT ( 'NONE',  ( 24.11746938749469749, 0.000000000000000000, 0.000000000000000000 ) ) ;
#2436 = EDGE_LOOP ( 'NONE', ( #413 ) ) ;
#2437 = CARTESIAN_POINT ( 'NONE',  ( 11.49257675800400058, 0.000000000000000000, 0.000000000000000000 ) ) ;
#2438 = EDGE_LOOP ( 'NONE', ( #3121 ) ) ;
#2439 = CARTESIAN_POINT ( 'NONE',  ( 39.61902012974100273, 0.000000000000000000, -11.65642212862620042 ) ) ;
#2440 = FACE_OUTER_BOUND ( 'NONE', #463, .T. ) ;
#2441 = CARTESIAN_POINT ( 'NONE',  ( 40.30922582574959989, 0.000000000000000000, 0.000000000000000000 ) ) ;
#2442 = AXIS2_PLACEMENT_3D ( 'NONE', #1138, #1122, #1701 ) ;
#2443 = EDGE_CURVE ( 'NONE', #562, #562, #2122, .T. ) ;
#2444 = ADVANCED_FACE ( 'NONE', ( #2703, #2638 ), #1426, .T. ) ;
#2445 = CARTESIAN_POINT ( 'NONE',  ( 4.843605029752700020, 0.000000000000000000, -14.06743114854949894 ) ) ;
#2446 = DIRECTION ( 'NONE',  ( 0.000000000000000000, 0.000000000000000000, 1.000000000000000000 ) ) ;
#2447 = EDGE_CURVE ( 'NONE', #1607, #1607, #281, .T. ) ;
#2448 = DIRECTION ( 'NONE',  ( 1.000000000000000000, 0.000000000000000000, 0.000000000000000000 ) ) ;
#2449 = VERTEX_POINT ( 'NONE', #1678 ) ;
#2450 = CARTESIAN_POINT ( 'NONE',  ( 36.11720545599139598, 0.000000000000000000, 0.000000000000000000 ) ) ;
#2451 = FACE_OUTER_BOUND ( 'NONE', #2206, .T. ) ;
#2452 = CARTESIAN_POINT ( 'NONE',  ( 33.12587489395600926, 0.000000000000000000, 0.000000000000000000 ) ) ;
#2454 = EDGE_CURVE ( 'NONE', #312, #312, #2281, .T. ) ;
#2453 = FACE_OUTER_BOUND ( 'NONE', #2560, .T. ) ;
#2455 = ORIENTED_EDGE ( 'NONE', *, *, #2486, .F. ) ;
#2456 = FACE_OUTER_BOUND ( 'NONE', #1382, .T. ) ;
#2457 = ORIENTED_EDGE ( 'NONE', *, *, #2672, .F. ) ;
#2458 = CARTESIAN_POINT ( 'NONE',  ( 5.042843969371049617, 0.000000000000000000, -14.25000000000000000 ) ) ;
#2459 = DIRECTION ( 'NONE',  ( 1.000000000000000000, 0.000000000000000000, 0.000000000000000000 ) ) ;
#2460 = ORIENTED_EDGE ( 'NONE', *, *, #439, .T. ) ;
#2461 = VERTEX_POINT ( 'NONE', #2445 ) ;
#2462 = FACE_BOUND ( 'NONE', #2361, .T. ) ;
#2463 = ADVANCED_FACE ( 'NONE', ( #1924, #884 ), #2552, .T. ) ;
#2464 = DIRECTION ( 'NONE',  ( 1.000000000000000000, 0.000000000000000000, 0.000000000000000000 ) ) ;
#2465 = CARTESIAN_POINT ( 'NONE',  ( 32.69995727244799610, 0.000000000000000000, -11.68256885140240087 ) ) ;
#2466 = FACE_OUTER_BOUND ( 'NONE', #1027, .T. ) ;
#2467 = TOROIDAL_SURFACE ( 'NONE', #1449, 13.84999999999850040, 0.1000000000014780038 ) ;
#2468 = DIRECTION ( 'NONE',  ( -1.000000000000000000, 0.000000000000000000, 0.000000000000000000 ) ) ;
#2469 = AXIS2_PLACEMENT_3D ( 'NONE', #2337, #2889, #2903 ) ;
#2470 = DIRECTION ( 'NONE',  ( 1.000000000000000000, 0.000000000000000000, 0.000000000000000000 ) ) ;
#2471 = DIRECTION ( 'NONE',  ( 1.000000000000000000, 0.000000000000000000, 0.000000000000000000 ) ) ;
#2472 = EDGE_LOOP ( 'NONE', ( #3343 ) ) ;
#2473 = DIRECTION ( 'NONE',  ( 0.000000000000000000, 0.000000000000000000, -1.000000000000000000 ) ) ;
#2474 = ORIENTED_EDGE ( 'NONE', *, *, #2813, .T. ) ;
#2475 = CARTESIAN_POINT ( 'NONE',  ( 19.49240080359500027, 0.000000000000000000, -13.85871557431310030 ) ) ;
#2476 = AXIS2_PLACEMENT_3D ( 'NONE', #1558, #228, #2140 ) ;
#2477 = FACE_OUTER_BOUND ( 'NONE', #1805, .T. ) ;
#2478 = EDGE_LOOP ( 'NONE', ( #2242 ) ) ;
#2479 = CIRCLE ( 'NONE', #1021, 11.68256885140240087 ) ;
#2480 = CARTESIAN_POINT ( 'NONE',  ( 31.39251740231529908, 0.000000000000000000, -13.95000000000000107 ) ) ;
#2481 = FACE_OUTER_BOUND ( 'NONE', #1510, .T. ) ;
#2482 = ADVANCED_FACE ( 'NONE', ( #1889, #2427 ), #868, .F. ) ;
#2483 = FACE_OUTER_BOUND ( 'NONE', #302, .T. ) ;
#2484 = CARTESIAN_POINT ( 'NONE',  ( 27.39260537951980012, 0.000000000000000000, -13.95000000000000107 ) ) ;
#2485 = DIRECTION ( 'NONE',  ( 1.000000000000000000, 0.000000000000000000, 0.000000000000000000 ) ) ;
#2486 = EDGE_CURVE ( 'NONE', #2380, #2380, #703, .T. ) ;
#2487 = ADVANCED_FACE ( 'NONE', ( #1909, #2948 ), #2607, .F. ) ;
#2488 = DIRECTION ( 'NONE',  ( 1.000000000000000000, 0.000000000000000000, 0.000000000000000000 ) ) ;
#2489 = DIRECTION ( 'NONE',  ( 1.000000000000000000, 0.000000000000000000, 0.000000000000000000 ) ) ;
#2490 = EDGE_LOOP ( 'NONE', ( #3064 ) ) ;
#2491 = EDGE_CURVE ( 'NONE', #3176, #3176, #2230, .T. ) ;
#2492 = FACE_OUTER_BOUND ( 'NONE', #1559, .T. ) ;
#2493 = AXIS2_PLACEMENT_3D ( 'NONE', #2029, #941, #731 ) ;
#2494 = AXIS2_PLACEMENT_3D ( 'NONE', #2441, #864, #269 ) ;
#2495 = ORIENTED_EDGE ( 'NONE', *, *, #2620, .T. ) ;
#2496 = CALENDAR_DATE ( 2025, 10, 7 ) ;
#2497 = FACE_OUTER_BOUND ( 'NONE', #911, .T. ) ;
#2498 = CIRCLE ( 'NONE', #1042, 11.19999999999999929 ) ;
#2499 = EDGE_LOOP ( 'NONE', ( #662 ) ) ;
#2500 = AXIS2_PLACEMENT_3D ( 'NONE', #1098, #15, #3126 ) ;
#2501 = VERTEX_POINT ( 'NONE', #3052 ) ;
#2502 = CC_DESIGN_PERSON_AND_ORGANIZATION_ASSIGNMENT ( #1197, #1468, ( #2146 ) ) ;
#2503 = TOROIDAL_SURFACE ( 'NONE', #2067, 14.05000000000000071, 0.2000000000000149991 ) ;
#2504 = CARTESIAN_POINT ( 'NONE',  ( 37.04214015173510433, 0.000000000000000000, 0.000000000000000000 ) ) ;
#2505 = AXIS2_PLACEMENT_3D ( 'NONE', #3262, #114, #1390 ) ;
#2506 = FACE_OUTER_BOUND ( 'NONE', #948, .T. ) ;
#2507 = CARTESIAN_POINT ( 'NONE',  ( 3.918670333908460535, 0.000000000000000000, -11.68256885144159973 ) ) ;
#2508 = DIRECTION ( 'NONE',  ( 1.000000000000000000, 0.000000000000000000, 0.000000000000000000 ) ) ;
#2509 = CIRCLE ( 'NONE', #1485, 14.06743114854949894 ) ;
#2510 = DIRECTION ( 'NONE',  ( 0.000000000000000000, 0.000000000000000000, -1.000000000000000000 ) ) ;
#2511 = FACE_OUTER_BOUND ( 'NONE', #176, .T. ) ;
#2512 = ORIENTED_EDGE ( 'NONE', *, *, #2013, .F. ) ;
#2513 = DIRECTION ( 'NONE',  ( 1.000000000000000000, 0.000000000000000000, 0.000000000000000000 ) ) ;
#2514 = ORIENTED_EDGE ( 'NONE', *, *, #3208, .F. ) ;
#2515 = PERSON_AND_ORGANIZATION ( #3363, #1808 ) ;
#2516 = CARTESIAN_POINT ( 'NONE',  ( 0.5014221499167850205, 0.000000000000000000, 0.000000000000000000 ) ) ;
#2517 = EDGE_LOOP ( 'NONE', ( #1857 ) ) ;
#2518 = CARTESIAN_POINT ( 'NONE',  ( 8.700485135674989934, 0.000000000000000000, -11.68256885140240087 ) ) ;
#2519 = DIRECTION ( 'NONE',  ( 1.000000000000000000, 0.000000000000000000, 0.000000000000000000 ) ) ;
#2520 = DIRECTION ( 'NONE',  ( 0.000000000000000000, 0.000000000000000000, -1.000000000000000000 ) ) ;
#2521 = VERTEX_POINT ( 'NONE', #700 ) ;
#2522 = DIRECTION ( 'NONE',  ( 0.000000000000000000, 0.000000000000000000, -1.000000000000000000 ) ) ;
#2523 = DIRECTION ( 'NONE',  ( 1.000000000000000000, 0.000000000000000000, 0.000000000000000000 ) ) ;
#2524 = ORIENTED_EDGE ( 'NONE', *, *, #2054, .F. ) ;
#2525 = ORIENTED_EDGE ( 'NONE', *, *, #452, .F. ) ;
#2526 = CIRCLE ( 'NONE', #2580, 11.50000000000000000 ) ;
#2527 = DIRECTION ( 'NONE',  ( 1.000000000000000000, 0.000000000000000000, 0.000000000000000000 ) ) ;
#2528 = ORIENTED_EDGE ( 'NONE', *, *, #1049, .T. ) ;
#2529 = PERSON_AND_ORGANIZATION ( #3363, #1808 ) ;
#2530 = FACE_BOUND ( 'NONE', #1651, .T. ) ;
#2531 = EDGE_LOOP ( 'NONE', ( #1063 ) ) ;
#2532 = CARTESIAN_POINT ( 'NONE',  ( 23.57595959094610194, 0.000000000000000000, -14.25000000000000000 ) ) ;
#2533 = AXIS2_PLACEMENT_3D ( 'NONE', #499, #3326, #2293 ) ;
#2534 = AXIS2_PLACEMENT_3D ( 'NONE', #1474, #1221, #1490 ) ;
#2535 = TOROIDAL_SURFACE ( 'NONE', #371, 11.69999999999039808, 0.1999999999903470105 ) ;
#2536 = CARTESIAN_POINT ( 'NONE',  ( 8.501246196094280450, 0.000000000000000000, 0.000000000000000000 ) ) ;
#2537 = VERTEX_POINT ( 'NONE', #1507 ) ;
#2538 = ORIENTED_EDGE ( 'NONE', *, *, #1746, .F. ) ;
#2539 = DIRECTION ( 'NONE',  ( 0.000000000000000000, 0.000000000000000000, -1.000000000000000000 ) ) ;
#2540 = EDGE_LOOP ( 'NONE', ( #620 ) ) ;
#2541 = EDGE_LOOP ( 'NONE', ( #1956 ) ) ;
#2542 = CARTESIAN_POINT ( 'NONE',  ( 15.39286931103220013, 0.000000000000000000, 0.000000000000000000 ) ) ;
#2543 = ORIENTED_EDGE ( 'NONE', *, *, #743, .T. ) ;
#2544 = DIRECTION ( 'NONE',  ( 0.000000000000000000, 0.000000000000000000, 1.000000000000000000 ) ) ;
#2545 = DIRECTION ( 'NONE',  ( 1.000000000000000000, 0.000000000000000000, 0.000000000000000000 ) ) ;
#2546 = EDGE_LOOP ( 'NONE', ( #56 ) ) ;
#2547 = AXIS2_PLACEMENT_3D ( 'NONE', #2079, #3127, #783 ) ;
#2548 = VERTEX_POINT ( 'NONE', #3330 ) ;
#2549 = AXIS2_PLACEMENT_3D ( 'NONE', #1766, #2464, #419 ) ;
#2550 = CIRCLE ( 'NONE', #824, 11.19999999999999929 ) ;
#2551 = EDGE_CURVE ( 'NONE', #2647, #2647, #3265, .T. ) ;
#2552 = CONICAL_SURFACE ( 'NONE', #2993, 11.68256885144159973, 1.510893165155730022 ) ;
#2553 = AXIS2_PLACEMENT_3D ( 'NONE', #2673, #1947, #2968 ) ;
#2554 = FACE_BOUND ( 'NONE', #3199, .T. ) ;
#2555 = CARTESIAN_POINT ( 'NONE',  ( 11.57622352255959974, 0.000000000000000000, -14.25000000000000000 ) ) ;
#2556 = DIRECTION ( 'NONE',  ( 1.000000000000000000, 0.000000000000000000, 0.000000000000000000 ) ) ;
#2557 = ORIENTED_EDGE ( 'NONE', *, *, #743, .F. ) ;
#2558 = AXIS2_PLACEMENT_3D ( 'NONE', #508, #2508, #716 ) ;
#2559 = DIRECTION ( 'NONE',  ( 1.000000000000000000, 0.000000000000000000, 0.000000000000000000 ) ) ;
#2560 = EDGE_LOOP ( 'NONE', ( #847 ) ) ;
#2561 = ORIENTED_EDGE ( 'NONE', *, *, #786, .F. ) ;
#2562 = DIRECTION ( 'NONE',  ( 0.000000000000000000, 0.000000000000000000, -1.000000000000000000 ) ) ;
#2563 = EDGE_LOOP ( 'NONE', ( #1080 ) ) ;
#2564 = VERTEX_POINT ( 'NONE', #3290 ) ;
#2565 = CARTESIAN_POINT ( 'NONE',  ( 25.04240408334860035, 0.000000000000000000, 0.000000000000000000 ) ) ;
#2566 = ORIENTED_EDGE ( 'NONE', *, *, #786, .T. ) ;
#2567 = VERTEX_POINT ( 'NONE', #181 ) ;
#2568 = FACE_OUTER_BOUND ( 'NONE', #3133, .T. ) ;
#2569 = ADVANCED_FACE ( 'NONE', ( #127, #2134 ), #593, .T. ) ;
#2570 = FACE_OUTER_BOUND ( 'NONE', #1123, .T. ) ;
#2571 = CYLINDRICAL_SURFACE ( 'NONE', #3221, 14.25000000000000000 ) ;
#2572 = EDGE_LOOP ( 'NONE', ( #723 ) ) ;
#2573 = CARTESIAN_POINT ( 'NONE',  ( 40.30922582574959989, 0.000000000000000000, 0.000000000000000000 ) ) ;
#2574 = ORIENTED_EDGE ( 'NONE', *, *, #2690, .F. ) ;
#2575 = ORIENTED_EDGE ( 'NONE', *, *, #2357, .T. ) ;
#2576 = DIRECTION ( 'NONE',  ( 0.000000000000000000, 0.000000000000000000, -1.000000000000000000 ) ) ;
#2577 = EDGE_LOOP ( 'NONE', ( #2224 ) ) ;
#2578 = DIRECTION ( 'NONE',  ( 0.000000000000000000, 0.000000000000000000, -1.000000000000000000 ) ) ;
#2579 = ORIENTED_EDGE ( 'NONE', *, *, #1071, .F. ) ;
#2580 = AXIS2_PLACEMENT_3D ( 'NONE', #344, #2375, #53 ) ;
#2581 = DIRECTION ( 'NONE',  ( 1.000000000000000000, 0.000000000000000000, 0.000000000000000000 ) ) ;
#2582 = CIRCLE ( 'NONE', #1876, 14.06743114854949894 ) ;
#2583 = PLANE ( 'NONE',  #813 ) ;
#2584 = TOROIDAL_SURFACE ( 'NONE', #47, 14.05000000000000071, 0.2000000000000000111 ) ;
#2585 = CARTESIAN_POINT ( 'NONE',  ( 24.70013322685699819, 0.000000000000000000, 0.000000000000000000 ) ) ;
#2586 = CYLINDRICAL_SURFACE ( 'NONE', #814, 11.50000000000000000 ) ;
#2587 = EDGE_LOOP ( 'NONE', ( #2543 ) ) ;
#2588 = ADVANCED_FACE ( 'NONE', ( #595, #2414 ), #331, .F. ) ;
#2589 = AXIS2_PLACEMENT_3D ( 'NONE', #323, #2937, #308 ) ;
#2590 = FACE_OUTER_BOUND ( 'NONE', #1959, .T. ) ;
#2591 = EDGE_LOOP ( 'NONE', ( #3070 ) ) ;
#2592 = EDGE_LOOP ( 'NONE', ( #2787 ) ) ;
#2593 = EDGE_CURVE ( 'NONE', #88, #88, #64, .T. ) ;
#2594 = ADVANCED_FACE ( 'NONE', ( #2401, #580 ), #2428, .F. ) ;
#2595 = FACE_OUTER_BOUND ( 'NONE', #190, .T. ) ;
#2596 = ORIENTED_EDGE ( 'NONE', *, *, #2323, .T. ) ;
#2597 = FACE_OUTER_BOUND ( 'NONE', #2273, .T. ) ;
#2598 = EDGE_LOOP ( 'NONE', ( #2596 ) ) ;
#2599 = ADVANCED_FACE ( 'NONE', ( #3207, #3191 ), #821, .F. ) ;
#2600 = CARTESIAN_POINT ( 'NONE',  ( 32.11729343319589702, 0.000000000000000000, 0.000000000000000000 ) ) ;
#2601 = CARTESIAN_POINT ( 'NONE',  ( 16.70030918126600383, 0.000000000000000000, 0.000000000000000000 ) ) ;
#2602 = AXIS2_PLACEMENT_3D ( 'NONE', #3237, #903, #1389 ) ;
#2603 = CIRCLE ( 'NONE', #1146, 11.68256885144159973 ) ;
#2604 = DIRECTION ( 'NONE',  ( 1.000000000000000000, 0.000000000000000000, 0.000000000000000000 ) ) ;
#2605 = EDGE_CURVE ( 'NONE', #3236, #3236, #922, .T. ) ;
#2606 = DIRECTION ( 'NONE',  ( 0.000000000000000000, 0.000000000000000000, -1.000000000000000000 ) ) ;
#2607 = TOROIDAL_SURFACE ( 'NONE', #167, 11.69999999996350049, 0.1999999999634999859 ) ;
#2608 = EDGE_LOOP ( 'NONE', ( #2256 ) ) ;
#2609 = AXIS2_PLACEMENT_3D ( 'NONE', #3252, #412, #660 ) ;
#2610 = CIRCLE ( 'NONE', #3271, 11.50000000000000000 ) ;
#2611 = DIRECTION ( 'NONE',  ( 1.000000000000000000, 0.000000000000000000, 0.000000000000000000 ) ) ;
#2612 = ORIENTED_EDGE ( 'NONE', *, *, #1153, .T. ) ;
#2613 = ORIENTED_EDGE ( 'NONE', *, *, #2357, .F. ) ;
#2614 = FACE_OUTER_BOUND ( 'NONE', #2755, .T. ) ;
#2615 = ADVANCED_FACE ( 'NONE', ( #2646, #1560 ), #1369, .T. ) ;
#2616 = ORIENTED_EDGE ( 'NONE', *, *, #586, .T. ) ;
#2617 = DIRECTION ( 'NONE',  ( 1.000000000000000000, 0.000000000000000000, 0.000000000000000000 ) ) ;
#2618 = ORIENTED_EDGE ( 'NONE', *, *, #1029, .F. ) ;
#2619 = DIRECTION ( 'NONE',  ( 0.000000000000000000, 0.000000000000000000, -1.000000000000000000 ) ) ;
#2620 = EDGE_CURVE ( 'NONE', #897, #897, #2498, .T. ) ;
#2621 = VERTEX_POINT ( 'NONE', #1767 ) ;
#2622 = CARTESIAN_POINT ( 'NONE',  ( 20.11755736467599931, 0.000000000000000000, 0.000000000000000000 ) ) ;
#2623 = CC_DESIGN_PERSON_AND_ORGANIZATION_ASSIGNMENT ( #1518, #2292, ( #2072 ) ) ;
#2624 = DIRECTION ( 'NONE',  ( -1.000000000000000000, 0.000000000000000000, 0.000000000000000000 ) ) ;
#2625 = DIRECTION ( 'NONE',  ( 0.000000000000000000, 0.000000000000000000, -1.000000000000000000 ) ) ;
#2626 = EDGE_LOOP ( 'NONE', ( #738 ) ) ;
#2627 = CARTESIAN_POINT ( 'NONE',  ( 16.84334109813919866, 0.000000000000000000, 0.000000000000000000 ) ) ;
#2628 = DIRECTION ( 'NONE',  ( 0.000000000000000000, 0.000000000000000000, 1.000000000000000000 ) ) ;
#2629 = FACE_OUTER_BOUND ( 'NONE', #2304, .T. ) ;
#2630 = CARTESIAN_POINT ( 'NONE',  ( 40.30922582574959989, 0.000000000000000000, 0.000000000000000000 ) ) ;
#2631 = EDGE_LOOP ( 'NONE', ( #1971 ) ) ;
#2632 = DIRECTION ( 'NONE',  ( 0.000000000000000000, 0.000000000000000000, -1.000000000000000000 ) ) ;
#2633 = CARTESIAN_POINT ( 'NONE',  ( 8.999343544553649821, 0.000000000000000000, -11.65642212862609917 ) ) ;
#2634 = CARTESIAN_POINT ( 'NONE',  ( 8.501246195507780712, 0.000000000000000000, 0.000000000000000000 ) ) ;
#2635 = AXIS2_PLACEMENT_3D ( 'NONE', #2749, #2855, #1770 ) ;
#2636 = ADVANCED_FACE ( 'NONE', ( #31, #3139 ), #2885, .T. ) ;
#2637 = TOROIDAL_SURFACE ( 'NONE', #1181, 11.70000000000000107, 0.5000000000000000000 ) ;
#2638 = FACE_OUTER_BOUND ( 'NONE', #1590, .T. ) ;
#2639 = AXIS2_PLACEMENT_3D ( 'NONE', #2344, #2826, #1065 ) ;
#2640 = DIRECTION ( 'NONE',  ( 1.000000000000000000, 0.000000000000000000, 0.000000000000000000 ) ) ;
#2641 = AXIS2_PLACEMENT_3D ( 'NONE', #2091, #2848, #1343 ) ;
#2642 = FACE_OUTER_BOUND ( 'NONE', #2153, .T. ) ;
#2643 = EDGE_LOOP ( 'NONE', ( #1083 ) ) ;
#2644 = EDGE_CURVE ( 'NONE', #400, #400, #115, .T. ) ;
#2645 = ORIENTED_EDGE ( 'NONE', *, *, #2872, .F. ) ;
#2646 = FACE_OUTER_BOUND ( 'NONE', #1826, .T. ) ;
#2647 = VERTEX_POINT ( 'NONE', #2697 ) ;
#2648 = CARTESIAN_POINT ( 'NONE',  ( 24.99899163573569894, 0.000000000000000000, 0.000000000000000000 ) ) ;
#2649 = AXIS2_PLACEMENT_3D ( 'NONE', #1170, #1136, #2950 ) ;
#2650 = DIRECTION ( 'NONE',  ( 0.000000000000000000, 0.000000000000000000, -1.000000000000000000 ) ) ;
#2651 = ADVANCED_FACE ( 'NONE', ( #1862, #2898 ), #981, .T. ) ;
#2652 = TOROIDAL_SURFACE ( 'NONE', #1097, 14.05000000000000071, 0.1999999999999900191 ) ;
#2653 = AXIS2_PLACEMENT_3D ( 'NONE', #643, #936, #1198 ) ;
#2654 = CARTESIAN_POINT ( 'NONE',  ( 31.49213687198149714, 0.000000000000000000, 0.000000000000000000 ) ) ;
#2655 = CARTESIAN_POINT ( 'NONE',  ( 17.12622680277400278, 0.000000000000000000, 0.000000000000000000 ) ) ;
#2656 = AXIS2_PLACEMENT_3D ( 'NONE', #1641, #63, #2683 ) ;
#2657 = AXIS2_PLACEMENT_3D ( 'NONE', #3220, #588, #1636 ) ;
#2658 = FACE_BOUND ( 'NONE', #2276, .T. ) ;
#2659 = AXIS2_PLACEMENT_3D ( 'NONE', #2433, #1157, #2184 ) ;
#2660 = ORIENTED_EDGE ( 'NONE', *, *, #1423, .T. ) ;
#2661 = DIRECTION ( 'NONE',  ( 1.000000000000000000, 0.000000000000000000, 0.000000000000000000 ) ) ;
#2662 = EDGE_LOOP ( 'NONE', ( #2356 ) ) ;
#2663 = CC_DESIGN_APPROVAL ( #3118, ( #2146 ) ) ;
#2664 = FACE_OUTER_BOUND ( 'NONE', #1039, .T. ) ;
#2665 = AXIS2_PLACEMENT_3D ( 'NONE', #2868, #1905, #2625 ) ;
#2666 = CARTESIAN_POINT ( 'NONE',  ( 17.04258003775760244, 0.000000000000000000, -14.25000000000000000 ) ) ;
#2667 = CARTESIAN_POINT ( 'NONE',  ( 27.49222484918599818, 0.000000000000000000, 0.000000000000000000 ) ) ;
#2668 = DIRECTION ( 'NONE',  ( 1.000000000000000000, 0.000000000000000000, 0.000000000000000000 ) ) ;
#2669 = EDGE_CURVE ( 'NONE', #2958, #2958, #1745, .T. ) ;
#2670 = CARTESIAN_POINT ( 'NONE',  ( 4.117909273627390121, 0.000000000000000000, 0.000000000000000000 ) ) ;
#2671 = FACE_OUTER_BOUND ( 'NONE', #1286, .T. ) ;
#2672 = EDGE_CURVE ( 'NONE', #2207, #2207, #1856, .T. ) ;
#2673 = CARTESIAN_POINT ( 'NONE',  ( 39.39234144790629699, 0.000000000000000000, 0.000000000000000000 ) ) ;
#2674 = EDGE_LOOP ( 'NONE', ( #1339 ) ) ;
#2675 = DIRECTION ( 'NONE',  ( 0.000000000000000000, 0.000000000000000000, -1.000000000000000000 ) ) ;
#2676 = EDGE_LOOP ( 'NONE', ( #3065 ) ) ;
#2677 = DIRECTION ( 'NONE',  ( 0.000000000000000000, 0.000000000000000000, -1.000000000000000000 ) ) ;
#2678 = VERTEX_POINT ( 'NONE', #2424 ) ;
#2679 = DIRECTION ( 'NONE',  ( -1.000000000000000000, 0.000000000000000000, 0.000000000000000000 ) ) ;
#2680 = CARTESIAN_POINT ( 'NONE',  ( 40.30922582574959989, 0.000000000000000000, 0.000000000000000000 ) ) ;
#2681 = ORIENTED_EDGE ( 'NONE', *, *, #1731, .F. ) ;
#2682 = CARTESIAN_POINT ( 'NONE',  ( 27.77511055335989809, 0.000000000000000000, -14.06743114854949894 ) ) ;
#2683 = DIRECTION ( 'NONE',  ( 0.000000000000000000, 0.000000000000000000, -1.000000000000000000 ) ) ;
#2684 = EDGE_CURVE ( 'NONE', #3187, #3187, #3156, .T. ) ;
#2685 = DIRECTION ( 'NONE',  ( 1.000000000000000000, 0.000000000000000000, 0.000000000000000000 ) ) ;
#2686 = DIRECTION ( 'NONE',  ( 0.000000000000000000, 0.000000000000000000, -1.000000000000000000 ) ) ;
#2687 = CARTESIAN_POINT ( 'NONE',  ( 36.11720545585799869, 0.000000000000000000, 0.000000000000000000 ) ) ;
#2688 = TOROIDAL_SURFACE ( 'NONE', #742, 13.84999999999850040, 0.1000000000014580059 ) ;
#2689 = DIRECTION ( 'NONE',  ( 0.000000000000000000, 0.000000000000000000, -1.000000000000000000 ) ) ;
#2690 = EDGE_CURVE ( 'NONE', #1452, #1452, #1252, .T. ) ;
#2691 = DIRECTION ( 'NONE',  ( 0.000000000000000000, 0.000000000000000000, -1.000000000000000000 ) ) ;
#2692 = ADVANCED_FACE ( 'NONE', ( #573, #1605 ), #1620, .F. ) ;
#2693 = ORIENTED_EDGE ( 'NONE', *, *, #1357, .T. ) ;
#2694 = FACE_OUTER_BOUND ( 'NONE', #2631, .T. ) ;
#2695 = AXIS2_PLACEMENT_3D ( 'NONE', #2421, #1881, #2691 ) ;
#2696 = ORIENTED_EDGE ( 'NONE', *, *, #3184, .T. ) ;
#2697 = CARTESIAN_POINT ( 'NONE',  ( 20.50098226389430423, 0.000000000000000000, -11.19999999999999929 ) ) ;
#2698 = FACE_OUTER_BOUND ( 'NONE', #293, .T. ) ;
#2699 = ADVANCED_FACE ( 'NONE', ( #2130, #1594 ), #1413, .F. ) ;
#2700 = CARTESIAN_POINT ( 'NONE',  ( 8.117821296312710544, 0.000000000000000000, 0.000000000000000000 ) ) ;
#2701 = ORIENTED_EDGE ( 'NONE', *, *, #2342, .T. ) ;
#2702 = VERTEX_POINT ( 'NONE', #918 ) ;
#2703 = FACE_OUTER_BOUND ( 'NONE', #1140, .T. ) ;
#2704 = AXIS2_PLACEMENT_3D ( 'NONE', #2864, #2581, #1327 ) ;
#2705 = CARTESIAN_POINT ( 'NONE',  ( 39.49196091757249860, 0.000000000000000000, 0.000000000000000000 ) ) ;
#2706 = VERTEX_POINT ( 'NONE', #686 ) ;
#2707 = FACE_OUTER_BOUND ( 'NONE', #1290, .T. ) ;
#2708 = CONICAL_SURFACE ( 'NONE', #1685, 14.06743114854949894, 1.510893165344020073 ) ;
#2709 = CIRCLE ( 'NONE', #2277, 13.95000000000000107 ) ;
#2710 = CONICAL_SURFACE ( 'NONE', #2118, 11.68256885144159973, 1.510893165155720030 ) ;
#2711 = DIRECTION ( 'NONE',  ( 0.000000000000000000, 0.000000000000000000, -1.000000000000000000 ) ) ;
#2712 = DIRECTION ( 'NONE',  ( 0.000000000000000000, 0.000000000000000000, -1.000000000000000000 ) ) ;
#2713 = ORIENTED_EDGE ( 'NONE', *, *, #616, .T. ) ;
#2714 = AXIS2_PLACEMENT_3D ( 'NONE', #1800, #3163, #784 ) ;
#2715 = DIRECTION ( 'NONE',  ( 0.000000000000000000, 0.000000000000000000, -1.000000000000000000 ) ) ;
#2716 = CONICAL_SURFACE ( 'NONE', #1099, 11.65642212862609917, 1.513166169821940077 ) ;
#2717 = EDGE_LOOP ( 'NONE', ( #259 ) ) ;
#2718 = CARTESIAN_POINT ( 'NONE',  ( 15.49248878079949954, 0.000000000000000000, -13.85871557431310030 ) ) ;
#2719 = DIRECTION ( 'NONE',  ( -1.000000000000000000, 0.000000000000000000, 0.000000000000000000 ) ) ;
#2720 = CIRCLE ( 'NONE', #234, 14.06743114854949894 ) ;
#2721 = ORIENTED_EDGE ( 'NONE', *, *, #1357, .F. ) ;
#2722 = EDGE_CURVE ( 'NONE', #3222, #3222, #2879, .T. ) ;
#2723 = VERTEX_POINT ( 'NONE', #93 ) ;
#2724 = APPROVAL_PERSON_ORGANIZATION ( #1616, #3072, #1024 ) ;
#2725 = CIRCLE ( 'NONE', #1700, 13.85871557427280010 ) ;
#2726 = CARTESIAN_POINT ( 'NONE',  ( 27.39260537951980012, 0.000000000000000000, 0.000000000000000000 ) ) ;
#2727 = FACE_OUTER_BOUND ( 'NONE', #1721, .T. ) ;
#2728 = CARTESIAN_POINT ( 'NONE',  ( 24.84316514373020013, 0.000000000000000000, -14.06743114854949894 ) ) ;
#2729 = DIRECTION ( 'NONE',  ( 1.000000000000000000, 0.000000000000000000, 0.000000000000000000 ) ) ;
#2730 = EDGE_CURVE ( 'NONE', #663, #663, #3316, .T. ) ;
#2731 = CARTESIAN_POINT ( 'NONE',  ( 4.117909273494039901, 0.000000000000000000, 0.000000000000000000 ) ) ;
#2732 = FACE_OUTER_BOUND ( 'NONE', #2320, .T. ) ;
#2733 = DIRECTION ( 'NONE',  ( 0.000000000000000000, 0.000000000000000000, -1.000000000000000000 ) ) ;
#2734 = ORIENTED_EDGE ( 'NONE', *, *, #661, .T. ) ;
#2735 = DIRECTION ( 'NONE',  ( 1.000000000000000000, 0.000000000000000000, 0.000000000000000000 ) ) ;
#2736 = ORIENTED_EDGE ( 'NONE', *, *, #1609, .F. ) ;
#2737 = CARTESIAN_POINT ( 'NONE',  ( 29.04231610614409931, 0.000000000000000000, -14.25000000000000000 ) ) ;
#2738 = CARTESIAN_POINT ( 'NONE',  ( 4.117909273517200930, 0.000000000000000000, 0.000000000000000000 ) ) ;
#2739 = ORIENTED_EDGE ( 'NONE', *, *, #1253, .F. ) ;
#2740 = EDGE_CURVE ( 'NONE', #914, #914, #225, .T. ) ;
#2741 = CARTESIAN_POINT ( 'NONE',  ( 4.501334173298790375, 0.000000000000000000, -11.50000000000000000 ) ) ;
#2742 = DIRECTION ( 'NONE',  ( 1.000000000000000000, 0.000000000000000000, 0.000000000000000000 ) ) ;
#2743 = ADVANCED_FACE ( 'NONE', ( #1115, #2347 ), #1693, .F. ) ;
#2744 = FACE_OUTER_BOUND ( 'NONE', #2773, .T. ) ;
#2745 = VERTEX_POINT ( 'NONE', #1997 ) ;
#2746 = CYLINDRICAL_SURFACE ( 'NONE', #2341, 13.95000000000000107 ) ;
#2747 = AXIS2_PLACEMENT_3D ( 'NONE', #4, #1789, #2820 ) ;
#2748 = AXIS2_PLACEMENT_3D ( 'NONE', #565, #1359, #1584 ) ;
#2749 = CARTESIAN_POINT ( 'NONE',  ( 9.126402757183001313, 0.000000000000000000, 0.000000000000000000 ) ) ;
#2750 = DIRECTION ( 'NONE',  ( 1.000000000000000000, 0.000000000000000000, 0.000000000000000000 ) ) ;
#2751 = EDGE_LOOP ( 'NONE', ( #2317 ) ) ;
#2752 = CARTESIAN_POINT ( 'NONE',  ( 19.57604756815060298, 0.000000000000000000, 0.000000000000000000 ) ) ;
#2753 = AXIS2_PLACEMENT_3D ( 'NONE', #432, #250, #1068 ) ;
#2754 = ADVANCED_FACE ( 'NONE', ( #1341, #2924 ), #1425, .F. ) ;
#2755 = EDGE_LOOP ( 'NONE', ( #3185 ) ) ;
#2756 = APPROVAL_STATUS ( 'not_yet_approved' ) ;
#2757 = DIRECTION ( 'NONE',  ( 0.000000000000000000, 0.000000000000000000, -1.000000000000000000 ) ) ;
#2758 = ORIENTED_EDGE ( 'NONE', *, *, #1873, .T. ) ;
#2759 = AXIS2_PLACEMENT_3D ( 'NONE', #2780, #1727, #451 ) ;
#2760 = VERTEX_POINT ( 'NONE', #3108 ) ;
#2761 = CARTESIAN_POINT ( 'NONE',  ( 40.30922582574959989, 0.000000000000000000, 0.000000000000000000 ) ) ;
#2762 = EDGE_CURVE ( 'NONE', #622, #622, #982, .T. ) ;
#2763 = FACE_OUTER_BOUND ( 'NONE', #1880, .T. ) ;
#2764 = VERTEX_POINT ( 'NONE', #1171 ) ;
#2765 = DIRECTION ( 'NONE',  ( 1.000000000000000000, 0.000000000000000000, 0.000000000000000000 ) ) ;
#2766 = ADVANCED_FACE ( 'NONE', ( #2664, #1918 ), #704, .F. ) ;
#2767 = DIRECTION ( 'NONE',  ( -1.000000000000000000, 0.000000000000000000, 0.000000000000000000 ) ) ;
#2768 = CIRCLE ( 'NONE', #2882, 13.85871557427280010 ) ;
#2769 = DIRECTION ( 'NONE',  ( 0.000000000000000000, 0.000000000000000000, -1.000000000000000000 ) ) ;
#2770 = ORIENTED_EDGE ( 'NONE', *, *, #373, .T. ) ;
#2771 = FACE_OUTER_BOUND ( 'NONE', #1687, .T. ) ;
#2772 = AXIS2_PLACEMENT_3D ( 'NONE', #3349, #1295, #517 ) ;
#2773 = EDGE_LOOP ( 'NONE', ( #1515 ) ) ;
#2774 = FACE_OUTER_BOUND ( 'NONE', #1397, .T. ) ;
#2775 = AXIS2_PLACEMENT_3D ( 'NONE', #334, #386, #2446 ) ;
#2776 = EDGE_LOOP ( 'NONE', ( #1859 ) ) ;
#2777 = CIRCLE ( 'NONE', #1589, 13.85871557427280010 ) ;
#2778 = VERTEX_POINT ( 'NONE', #2009 ) ;
#2779 = CIRCLE ( 'NONE', #2553, 13.95000000000000107 ) ;
#2780 = CARTESIAN_POINT ( 'NONE',  ( 12.70039715847050132, 0.000000000000000000, 0.000000000000000000 ) ) ;
#2781 =( GEOMETRIC_REPRESENTATION_CONTEXT ( 3 ) GLOBAL_UNCERTAINTY_ASSIGNED_CONTEXT ( ( #607 ) ) GLOBAL_UNIT_ASSIGNED_CONTEXT ( ( #745, #694, #1247 ) ) REPRESENTATION_CONTEXT ( 'NONE', 'WORKASPACE' ) );
#2782 = DIRECTION ( 'NONE',  ( 1.000000000000000000, 0.000000000000000000, 0.000000000000000000 ) ) ;
#2783 = CARTESIAN_POINT ( 'NONE',  ( 17.22584627258470036, 0.000000000000000000, -13.95000000000000107 ) ) ;
#2784 = DIRECTION ( 'NONE',  ( 0.000000000000000000, 0.000000000000000000, -1.000000000000000000 ) ) ;
#2785 = CIRCLE ( 'NONE', #538, 11.50000000000000000 ) ;
#2786 = DIRECTION ( 'NONE',  ( 0.000000000000000000, 0.000000000000000000, -1.000000000000000000 ) ) ;
#2787 = ORIENTED_EDGE ( 'NONE', *, *, #890, .F. ) ;
#2788 = EDGE_LOOP ( 'NONE', ( #1302 ) ) ;
#2789 = DIRECTION ( 'NONE',  ( 1.000000000000000000, 0.000000000000000000, 0.000000000000000000 ) ) ;
#2790 = EDGE_LOOP ( 'NONE', ( #1282 ) ) ;
#2791 = PERSON_AND_ORGANIZATION ( #3363, #1808 ) ;
#2792 = CARTESIAN_POINT ( 'NONE',  ( 11.39295728833779897, 0.000000000000000000, 0.000000000000000000 ) ) ;
#2793 = EDGE_LOOP ( 'NONE', ( #736 ) ) ;
#2794 = VERTEX_POINT ( 'NONE', #502 ) ;
#2795 = DIRECTION ( 'NONE',  ( 1.000000000000000000, 0.000000000000000000, 0.000000000000000000 ) ) ;
#2796 = FACE_OUTER_BOUND ( 'NONE', #2070, .T. ) ;
#2797 = VERTEX_POINT ( 'NONE', #1342 ) ;
#2798 = DIRECTION ( 'NONE',  ( 0.000000000000000000, 0.000000000000000000, -1.000000000000000000 ) ) ;
#2799 = EDGE_LOOP ( 'NONE', ( #1602 ) ) ;
#2800 = CONICAL_SURFACE ( 'NONE', #1779, 11.65642212862609917, 1.513166169821940077 ) ;
#2801 = DIRECTION ( 'NONE',  ( 0.000000000000000000, 0.000000000000000000, -1.000000000000000000 ) ) ;
#2802 = ORIENTED_EDGE ( 'NONE', *, *, #2447, .F. ) ;
#2803 = EDGE_LOOP ( 'NONE', ( #2204 ) ) ;
#2804 = AXIS2_PLACEMENT_3D ( 'NONE', #2870, #1075, #2388 ) ;
#2805 = DIRECTION ( 'NONE',  ( 0.000000000000000000, 0.000000000000000000, -1.000000000000000000 ) ) ;
#2806 = ADVANCED_FACE ( 'NONE', ( #2994, #398 ), #3329, .F. ) ;
#2807 = EDGE_LOOP ( 'NONE', ( #2057 ) ) ;
#2808 = DIRECTION ( 'NONE',  ( 1.000000000000000000, 0.000000000000000000, 0.000000000000000000 ) ) ;
#2809 = DIRECTION ( 'NONE',  ( 1.000000000000000000, 0.000000000000000000, 0.000000000000000000 ) ) ;
#2810 = ORIENTED_EDGE ( 'NONE', *, *, #1054, .T. ) ;
#2811 = CARTESIAN_POINT ( 'NONE',  ( 8.117821296422880195, 0.000000000000000000, -11.19999999999999929 ) ) ;
#2812 = CIRCLE ( 'NONE', #902, 11.19999999999999929 ) ;
#2813 = EDGE_CURVE ( 'NONE', #641, #641, #116, .T. ) ;
#2814 = CARTESIAN_POINT ( 'NONE',  ( 37.22540638656219869, 0.000000000000000000, 0.000000000000000000 ) ) ;
#2815 = AXIS2_PLACEMENT_3D ( 'NONE', #119, #1483, #2733 ) ;
#2816 = DIRECTION ( 'NONE',  ( -1.000000000000000000, 0.000000000000000000, 0.000000000000000000 ) ) ;
#2817 = CARTESIAN_POINT ( 'NONE',  ( 19.91831842509050077, 0.000000000000000000, -11.68256885144159973 ) ) ;
#2818 = FACE_OUTER_BOUND ( 'NONE', #1448, .T. ) ;
#2819 = ORIENTED_EDGE ( 'NONE', *, *, #2740, .T. ) ;
#2820 = DIRECTION ( 'NONE',  ( 0.000000000000000000, 0.000000000000000000, -1.000000000000000000 ) ) ;
#2821 = ORIENTED_EDGE ( 'NONE', *, *, #2684, .T. ) ;
#2822 = ORIENTED_EDGE ( 'NONE', *, *, #189, .F. ) ;
#2823 = FACE_OUTER_BOUND ( 'NONE', #1806, .T. ) ;
#2824 = ORIENTED_EDGE ( 'NONE', *, *, #3062, .F. ) ;
#2825 = CARTESIAN_POINT ( 'NONE',  ( 20.50098226448080396, 0.000000000000000000, -11.50000000000000000 ) ) ;
#2826 = DIRECTION ( 'NONE',  ( -1.000000000000000000, 0.000000000000000000, 0.000000000000000000 ) ) ;
#2827 = EDGE_LOOP ( 'NONE', ( #37 ) ) ;
#2828 = TOROIDAL_SURFACE ( 'NONE', #1852, 11.70000000000000107, 0.5000000000000000000 ) ;
#2829 = AXIS2_PLACEMENT_3D ( 'NONE', #2209, #3033, #2978 ) ;
#2830 = VERTEX_POINT ( 'NONE', #2811 ) ;
#2831 = AXIS2_PLACEMENT_3D ( 'NONE', #1658, #3186, #325 ) ;
#2832 = DIRECTION ( 'NONE',  ( 1.000000000000000000, 0.000000000000000000, 0.000000000000000000 ) ) ;
#2833 = ADVANCED_FACE ( 'NONE', ( #136, #347 ), #1953, .T. ) ;
#2834 = ADVANCED_FACE ( 'NONE', ( #154, #849 ), #3213, .F. ) ;
#2835 = AXIS2_PLACEMENT_3D ( 'NONE', #100, #2952, #1172 ) ;
#2836 = DIRECTION ( 'NONE',  ( 1.000000000000000000, 0.000000000000000000, 0.000000000000000000 ) ) ;
#2837 = DIRECTION ( 'NONE',  ( 0.000000000000000000, 0.000000000000000000, -1.000000000000000000 ) ) ;
#2838 = ORIENTED_EDGE ( 'NONE', *, *, #2195, .F. ) ;
#2839 = AXIS2_PLACEMENT_3D ( 'NONE', #1493, #3298, #2522 ) ;
#2840 = DIRECTION ( 'NONE',  ( 1.000000000000000000, 0.000000000000000000, 0.000000000000000000 ) ) ;
#2841 = EDGE_LOOP ( 'NONE', ( #1499 ) ) ;
#2842 = EDGE_LOOP ( 'NONE', ( #2976 ) ) ;
#2843 = CARTESIAN_POINT ( 'NONE',  ( 29.04231610614409931, 0.000000000000000000, 0.000000000000000000 ) ) ;
#2844 = ORIENTED_EDGE ( 'NONE', *, *, #2949, .F. ) ;
#2845 = CYLINDRICAL_SURFACE ( 'NONE', #2476, 14.25000000000000000 ) ;
#2846 = ORIENTED_EDGE ( 'NONE', *, *, #1087, .F. ) ;
#2847 = DIRECTION ( 'NONE',  ( 0.000000000000000000, 0.000000000000000000, -1.000000000000000000 ) ) ;
#2848 = DIRECTION ( 'NONE',  ( 1.000000000000000000, 0.000000000000000000, 0.000000000000000000 ) ) ;
#2849 = ADVANCED_FACE ( 'NONE', ( #1884, #2694 ), #392, .T. ) ;
#2850 = DIRECTION ( 'NONE',  ( 0.000000000000000000, 0.000000000000000000, -1.000000000000000000 ) ) ;
#2851 = EDGE_CURVE ( 'NONE', #1919, #1919, #2550, .T. ) ;
#2852 = DIRECTION ( 'NONE',  ( 1.000000000000000000, 0.000000000000000000, 0.000000000000000000 ) ) ;
#2853 = EDGE_LOOP ( 'NONE', ( #103 ) ) ;
#2854 = EDGE_CURVE ( 'NONE', #2997, #2997, #548, .T. ) ;
#2855 = DIRECTION ( 'NONE',  ( 1.000000000000000000, 0.000000000000000000, 0.000000000000000000 ) ) ;
#2856 = ORIENTED_EDGE ( 'NONE', *, *, #1547, .T. ) ;
#2857 = EDGE_LOOP ( 'NONE', ( #1537 ) ) ;
#2858 = DIRECTION ( 'NONE',  ( 1.000000000000000000, 0.000000000000000000, 0.000000000000000000 ) ) ;
#2859 = ORIENTED_EDGE ( 'NONE', *, *, #1571, .F. ) ;
#2860 = COORDINATED_UNIVERSAL_TIME_OFFSET ( 5, 0, .BEHIND. ) ;
#2861 = FACE_OUTER_BOUND ( 'NONE', #658, .T. ) ;
#2862 = ORIENTED_EDGE ( 'NONE', *, *, #1965, .T. ) ;
#2863 = CONICAL_SURFACE ( 'NONE', #1393, 14.06743114854949894, 1.510893165344030065 ) ;
#2864 = CARTESIAN_POINT ( 'NONE',  ( 35.39242942511080514, 0.000000000000000000, 0.000000000000000000 ) ) ;
#2865 = DIRECTION ( 'NONE',  ( 0.000000000000000000, 0.000000000000000000, -1.000000000000000000 ) ) ;
#2866 = AXIS2_PLACEMENT_3D ( 'NONE', #425, #3044, #2712 ) ;
#2867 = FACE_OUTER_BOUND ( 'NONE', #2517, .T. ) ;
#2868 = CARTESIAN_POINT ( 'NONE',  ( 11.39295728823669940, 0.000000000000000000, 0.000000000000000000 ) ) ;
#2869 = EDGE_LOOP ( 'NONE', ( #979 ) ) ;
#2870 = CARTESIAN_POINT ( 'NONE',  ( 31.57578363653709630, 0.000000000000000000, 0.000000000000000000 ) ) ;
#2871 = EDGE_LOOP ( 'NONE', ( #1557 ) ) ;
#2872 = EDGE_CURVE ( 'NONE', #1653, #1653, #2777, .T. ) ;
#2873 = ORIENTED_EDGE ( 'NONE', *, *, #2854, .T. ) ;
#2874 = CARTESIAN_POINT ( 'NONE',  ( 31.57578363653709630, 0.000000000000000000, 0.000000000000000000 ) ) ;
#2875 = ORIENTED_EDGE ( 'NONE', *, *, #1648, .F. ) ;
#2876 = DIRECTION ( 'NONE',  ( 0.000000000000000000, 0.000000000000000000, -1.000000000000000000 ) ) ;
#2877 = EDGE_LOOP ( 'NONE', ( #1015 ) ) ;
#2878 = DIRECTION ( 'NONE',  ( 1.000000000000000000, 0.000000000000000000, 0.000000000000000000 ) ) ;
#2879 = CIRCLE ( 'NONE', #809, 14.06743114854949894 ) ;
#2880 = CARTESIAN_POINT ( 'NONE',  ( 27.49222484918599818, 0.000000000000000000, -13.85871557431319978 ) ) ;
#2881 = FACE_OUTER_BOUND ( 'NONE', #3103, .T. ) ;
#2882 = AXIS2_PLACEMENT_3D ( 'NONE', #66, #113, #2196 ) ;
#2883 = DIRECTION ( 'NONE',  ( 0.000000000000000000, 0.000000000000000000, -1.000000000000000000 ) ) ;
#2884 = DIRECTION ( 'NONE',  ( 0.000000000000000000, 0.000000000000000000, -1.000000000000000000 ) ) ;
#2885 = CONICAL_SURFACE ( 'NONE', #16, 11.68256885144159973, 1.510893165155730022 ) ;
#2886 = ORIENTED_EDGE ( 'NONE', *, *, #1973, .F. ) ;
#2887 = AXIS2_PLACEMENT_3D ( 'NONE', #3234, #1195, #860 ) ;
#2888 = AXIS2_PLACEMENT_3D ( 'NONE', #1879, #601, #1914 ) ;
#2889 = DIRECTION ( 'NONE',  ( 1.000000000000000000, 0.000000000000000000, 0.000000000000000000 ) ) ;
#2890 = EDGE_CURVE ( 'NONE', #1688, #1688, #1151, .T. ) ;
#2891 = FACE_OUTER_BOUND ( 'NONE', #1592, .T. ) ;
#2892 = LOCAL_TIME ( 15, 41, 50.00000000000000000, #2860 ) ;
#2893 = CIRCLE ( 'NONE', #2129, 13.95000000000000107 ) ;
#2894 = FACE_OUTER_BOUND ( 'NONE', #2261, .T. ) ;
#2895 = DATE_TIME_ROLE ( 'classification_date' ) ;
#2896 = DIRECTION ( 'NONE',  ( 1.000000000000000000, 0.000000000000000000, 0.000000000000000000 ) ) ;
#2897 = EDGE_LOOP ( 'NONE', ( #964 ) ) ;
#2898 = FACE_OUTER_BOUND ( 'NONE', #1494, .T. ) ;
#2899 = CARTESIAN_POINT ( 'NONE',  ( 15.77537448497339945, 0.000000000000000000, -14.06743114854949894 ) ) ;
#2900 = DIRECTION ( 'NONE',  ( 1.000000000000000000, 0.000000000000000000, 0.000000000000000000 ) ) ;
#2901 = CARTESIAN_POINT ( 'NONE',  ( 12.11773331921840047, 0.000000000000000000, 0.000000000000000000 ) ) ;
#2902 = EDGE_CURVE ( 'NONE', #1384, #1384, #2012, .T. ) ;
#2903 = DIRECTION ( 'NONE',  ( 0.000000000000000000, 0.000000000000000000, -1.000000000000000000 ) ) ;
#2904 = CARTESIAN_POINT ( 'NONE',  ( 32.99881568132659737, 0.000000000000000000, 0.000000000000000000 ) ) ;
#2905 = DATE_AND_TIME ( #1776, #2179 ) ;
#2906 = FACE_OUTER_BOUND ( 'NONE', #2676, .T. ) ;
#2907 = ORIENTED_EDGE ( 'NONE', *, *, #2162, .F. ) ;
#2908 = DIRECTION ( 'NONE',  ( -1.000000000000000000, 0.000000000000000000, 0.000000000000000000 ) ) ;
#2909 = ADVANCED_FACE ( 'NONE', ( #2456, #1141 ), #168, .F. ) ;
#2910 = VERTEX_POINT ( 'NONE', #1012 ) ;
#2911 = DIRECTION ( 'NONE',  ( 1.000000000000000000, 0.000000000000000000, 0.000000000000000000 ) ) ;
#2912 = AXIS2_PLACEMENT_3D ( 'NONE', #1446, #2202, #2711 ) ;
#2913 = CIRCLE ( 'NONE', #1612, 11.19999999999999929 ) ;
#2914 = DIRECTION ( 'NONE',  ( 0.000000000000000000, 0.000000000000000000, -1.000000000000000000 ) ) ;
#2915 = CYLINDRICAL_SURFACE ( 'NONE', #1261, 11.50000000000000000 ) ;
#2916 = CIRCLE ( 'NONE', #3090, 14.25000000000000000 ) ;
#2917 = DIRECTION ( 'NONE',  ( 0.000000000000000000, 0.000000000000000000, -1.000000000000000000 ) ) ;
#2918 = CIRCLE ( 'NONE', #853, 11.68256885144159973 ) ;
#2919 = ADVANCED_FACE ( 'NONE', ( #1667, #1933 ), #1532, .T. ) ;
#2920 = DIRECTION ( 'NONE',  ( -1.000000000000000000, 0.000000000000000000, 0.000000000000000000 ) ) ;
#2921 = ORIENTED_EDGE ( 'NONE', *, *, #1710, .T. ) ;
#2922 = DIRECTION ( 'NONE',  ( 0.000000000000000000, 0.000000000000000000, -1.000000000000000000 ) ) ;
#2923 = ORIENTED_EDGE ( 'NONE', *, *, #1371, .T. ) ;
#2924 = FACE_OUTER_BOUND ( 'NONE', #22, .T. ) ;
#2925 = CARTESIAN_POINT ( 'NONE',  ( 35.77493459895090666, 0.000000000000000000, -14.06743114854949894 ) ) ;
#2926 = DIRECTION ( 'NONE',  ( 0.000000000000000000, 0.000000000000000000, -1.000000000000000000 ) ) ;
#2927 = ADVANCED_FACE ( 'NONE', ( #1177, #947 ), #3162, .F. ) ;
#2928 = CIRCLE ( 'NONE', #1628, 11.50000000000000000 ) ;
#2929 = CARTESIAN_POINT ( 'NONE',  ( 16.11764534201390120, 0.000000000000000000, 0.000000000000000000 ) ) ;
#2930 = ADVANCED_FACE ( 'NONE', ( #1228, #2003 ), #2716, .F. ) ;
#2931 = AXIS2_PLACEMENT_3D ( 'NONE', #1748, #1783, #163 ) ;
#2932 = TOROIDAL_SURFACE ( 'NONE', #491, 11.69999999999039808, 0.1999999999903709913 ) ;
#2933 = FACE_OUTER_BOUND ( 'NONE', #82, .T. ) ;
#2934 = FACE_OUTER_BOUND ( 'NONE', #2540, .T. ) ;
#2935 = AXIS2_PLACEMENT_3D ( 'NONE', #1822, #2858, #1573 ) ;
#2936 = FACE_OUTER_BOUND ( 'NONE', #1934, .T. ) ;
#2937 = DIRECTION ( 'NONE',  ( 1.000000000000000000, 0.000000000000000000, 0.000000000000000000 ) ) ;
#2938 = EDGE_LOOP ( 'NONE', ( #2055 ) ) ;
#2939 = AXIS2_PLACEMENT_3D ( 'NONE', #2166, #3228, #1462 ) ;
#2940 = DIRECTION ( 'NONE',  ( 1.000000000000000000, 0.000000000000000000, 0.000000000000000000 ) ) ;
#2941 = AXIS2_PLACEMENT_3D ( 'NONE', #1013, #2765, #2 ) ;
#2942 = CARTESIAN_POINT ( 'NONE',  ( 23.49231282639050278, 0.000000000000000000, -13.85871557431319978 ) ) ;
#2943 = CARTESIAN_POINT ( 'NONE',  ( 40.30922582574959989, 0.000000000000000000, 0.000000000000000000 ) ) ;
#2944 = FACE_OUTER_BOUND ( 'NONE', #1325, .T. ) ;
#2945 = EDGE_LOOP ( 'NONE', ( #158 ) ) ;
#2946 = CARTESIAN_POINT ( 'NONE',  ( 36.50063035566280689, 0.000000000000000000, -11.50000000000000000 ) ) ;
#2947 = EDGE_CURVE ( 'NONE', #1638, #1638, #1960, .T. ) ;
#2948 = FACE_OUTER_BOUND ( 'NONE', #2288, .T. ) ;
#2949 = EDGE_CURVE ( 'NONE', #1164, #1164, #1476, .T. ) ;
#2950 = DIRECTION ( 'NONE',  ( 0.000000000000000000, 0.000000000000000000, 1.000000000000000000 ) ) ;
#2951 = DIRECTION ( 'NONE',  ( 0.000000000000000000, 0.000000000000000000, -1.000000000000000000 ) ) ;
#2952 = DIRECTION ( 'NONE',  ( -1.000000000000000000, 0.000000000000000000, 0.000000000000000000 ) ) ;
#2953 = ADVANCED_FACE ( 'NONE', ( #2243, #2771 ), #3165, .F. ) ;
#2954 = FACE_OUTER_BOUND ( 'NONE', #3099, .T. ) ;
#2955 = DIRECTION ( 'NONE',  ( 0.000000000000000000, 0.000000000000000000, -1.000000000000000000 ) ) ;
#2956 = ORIENTED_EDGE ( 'NONE', *, *, #1710, .F. ) ;
#2957 = DIRECTION ( 'NONE',  ( -1.000000000000000000, 0.000000000000000000, 0.000000000000000000 ) ) ;
#2958 = VERTEX_POINT ( 'NONE', #1957 ) ;
#2959 = DIRECTION ( 'NONE',  ( 0.000000000000000000, 0.000000000000000000, -1.000000000000000000 ) ) ;
#2960 = FACE_OUTER_BOUND ( 'NONE', #1266, .T. ) ;
#2961 = ADVANCED_FACE ( 'NONE', ( #3067, #3029 ), #3266, .T. ) ;
#2962 = VERTEX_POINT ( 'NONE', #1961 ) ;
#2963 = CARTESIAN_POINT ( 'NONE',  ( 20.50098226448080396, 0.000000000000000000, 0.000000000000000000 ) ) ;
#2964 = AXIS2_PLACEMENT_3D ( 'NONE', #960, #2000, #2801 ) ;
#2965 = DIRECTION ( 'NONE',  ( 1.000000000000000000, 0.000000000000000000, 0.000000000000000000 ) ) ;
#2966 = DIRECTION ( 'NONE',  ( -1.000000000000000000, 0.000000000000000000, 0.000000000000000000 ) ) ;
#2967 = EDGE_CURVE ( 'NONE', #1669, #1669, #2282, .T. ) ;
#2968 = DIRECTION ( 'NONE',  ( 0.000000000000000000, 0.000000000000000000, -1.000000000000000000 ) ) ;
#2969 = CIRCLE ( 'NONE', #1186, 11.50000000000000000 ) ;
#2970 = TOROIDAL_SURFACE ( 'NONE', #1621, 11.70000000000000107, 0.5000000000000059952 ) ;
#2971 = DIRECTION ( 'NONE',  ( 1.000000000000000000, 0.000000000000000000, 0.000000000000000000 ) ) ;
#2972 = EDGE_CURVE ( 'NONE', #360, #360, #2066, .T. ) ;
#2973 = CARTESIAN_POINT ( 'NONE',  ( 32.69995727244799610, 0.000000000000000000, 0.000000000000000000 ) ) ;
#2974 = EDGE_LOOP ( 'NONE', ( #460 ) ) ;
#2975 = AXIS2_PLACEMENT_3D ( 'NONE', #2394, #585, #1617 ) ;
#2976 = ORIENTED_EDGE ( 'NONE', *, *, #683, .T. ) ;
#2977 = CARTESIAN_POINT ( 'NONE',  ( 4.117909273627390121, 0.000000000000000000, -11.19999999999999929 ) ) ;
#2978 = DIRECTION ( 'NONE',  ( 0.000000000000000000, 0.000000000000000000, -1.000000000000000000 ) ) ;
#2979 = VERTEX_POINT ( 'NONE', #2413 ) ;
#2980 = DIRECTION ( 'NONE',  ( 0.000000000000000000, 0.000000000000000000, 1.000000000000000000 ) ) ;
#2981 = FACE_BOUND ( 'NONE', #1656, .T. ) ;
#2982 = CARTESIAN_POINT ( 'NONE',  ( 32.99881568132659737, 0.000000000000000000, -11.65642212862609917 ) ) ;
#2983 = DIRECTION ( 'NONE',  ( 1.000000000000000000, 0.000000000000000000, 0.000000000000000000 ) ) ;
#2984 = CIRCLE ( 'NONE', #2602, 13.85871557431310030 ) ;
#2985 = AXIS2_PLACEMENT_3D ( 'NONE', #2516, #950, #1740 ) ;
#2986 = FACE_OUTER_BOUND ( 'NONE', #1520, .T. ) ;
#2987 = AXIS2_PLACEMENT_3D ( 'NONE', #1477, #2236, #2520 ) ;
#2988 = ADVANCED_FACE ( 'NONE', ( #2823, #1287 ), #2119, .T. ) ;
#2989 = AXIS2_PLACEMENT_3D ( 'NONE', #1901, #2940, #606 ) ;
#2990 = DIRECTION ( 'NONE',  ( 0.000000000000000000, 0.000000000000000000, -1.000000000000000000 ) ) ;
#2991 = CARTESIAN_POINT ( 'NONE',  ( 23.91823044788599972, 0.000000000000000000, 0.000000000000000000 ) ) ;
#2992 = EDGE_LOOP ( 'NONE', ( #364 ) ) ;
#2993 = AXIS2_PLACEMENT_3D ( 'NONE', #870, #2194, #840 ) ;
#2994 = FACE_OUTER_BOUND ( 'NONE', #1163, .T. ) ;
#2995 = TOROIDAL_SURFACE ( 'NONE', #445, 11.69999999996350049, 0.1999999999635140024 ) ;
#2996 = EDGE_LOOP ( 'NONE', ( #1300 ) ) ;
#2997 = VERTEX_POINT ( 'NONE', #2174 ) ;
#2998 = CARTESIAN_POINT ( 'NONE',  ( 35.57569565933260236, 0.000000000000000000, 0.000000000000000000 ) ) ;
#2999 = AXIS2_PLACEMENT_3D ( 'NONE', #905, #390, #1946 ) ;
#3000 = ORIENTED_EDGE ( 'NONE', *, *, #909, .T. ) ;
#3001 = CARTESIAN_POINT ( 'NONE',  ( 15.39286931113329970, 0.000000000000000000, -13.95000000000000107 ) ) ;
#3002 = CIRCLE ( 'NONE', #178, 14.25000000000000000 ) ;
#3003 = FACE_OUTER_BOUND ( 'NONE', #2034, .T. ) ;
#3004 = CARTESIAN_POINT ( 'NONE',  ( 37.12578691675150111, 0.000000000000000000, 0.000000000000000000 ) ) ;
#3005 = VERTEX_POINT ( 'NONE', #715 ) ;
#3006 = DIRECTION ( 'NONE',  ( 0.000000000000000000, 0.000000000000000000, -1.000000000000000000 ) ) ;
#3007 = EDGE_CURVE ( 'NONE', #1935, #1935, #1902, .T. ) ;
#3008 = CYLINDRICAL_SURFACE ( 'NONE', #1176, 14.25000000000000000 ) ;
#3009 = FACE_OUTER_BOUND ( 'NONE', #1335, .T. ) ;
#3010 = ORIENTED_EDGE ( 'NONE', *, *, #850, .F. ) ;
#3011 = DIRECTION ( 'NONE',  ( 0.000000000000000000, 0.000000000000000000, 1.000000000000000000 ) ) ;
#3012 = ORIENTED_EDGE ( 'NONE', *, *, #1304, .F. ) ;
#3013 = APPLICATION_PROTOCOL_DEFINITION ( 'international standard', 'config_control_design', 1994, #1720 ) ;
#3014 = DIRECTION ( 'NONE',  ( 0.000000000000000000, 0.000000000000000000, -1.000000000000000000 ) ) ;
#3015 = EDGE_LOOP ( 'NONE', ( #2101 ) ) ;
#3016 = ADVANCED_FACE ( 'NONE', ( #2257, #2023 ), #2335, .T. ) ;
#3017 = VERTEX_POINT ( 'NONE', #3224 ) ;
#3018 = FACE_OUTER_BOUND ( 'NONE', #815, .T. ) ;
#3019 = EDGE_CURVE ( 'NONE', #1707, #1707, #1747, .T. ) ;
#3020 = FACE_OUTER_BOUND ( 'NONE', #183, .T. ) ;
#3021 = CARTESIAN_POINT ( 'NONE',  ( 31.49213687198149714, 0.000000000000000000, -13.85871557431319978 ) ) ;
#3022 = FACE_OUTER_BOUND ( 'NONE', #262, .T. ) ;
#3023 = CIRCLE ( 'NONE', #571, 14.06743114854949894 ) ;
#3024 = CARTESIAN_POINT ( 'NONE',  ( 17.04258003775749941, 0.000000000000000000, 0.000000000000000000 ) ) ;
#3026 = ADVANCED_FACE ( 'NONE', ( #1466, #2492 ), #2173, .F. ) ;
#3025 = FACE_OUTER_BOUND ( 'NONE', #946, .T. ) ;
#3027 = EDGE_LOOP ( 'NONE', ( #289 ) ) ;
#3028 = ADVANCED_BREP_SHAPE_REPRESENTATION ( '838121_Default', ( #554, #287 ), #2781 ) ;
#3029 = FACE_OUTER_BOUND ( 'NONE', #512, .T. ) ;
#3030 = AXIS2_PLACEMENT_3D ( 'NONE', #2263, #1942, #2980 ) ;
#3031 = ORIENTED_EDGE ( 'NONE', *, *, #1409, .F. ) ;
#3032 = VERTEX_POINT ( 'NONE', #174 ) ;
#3033 = DIRECTION ( 'NONE',  ( 1.000000000000000000, 0.000000000000000000, 0.000000000000000000 ) ) ;
#3034 = ORIENTED_EDGE ( 'NONE', *, *, #2672, .T. ) ;
#3035 = AXIS2_PLACEMENT_3D ( 'NONE', #1081, #833, #1350 ) ;
#3036 = VERTEX_POINT ( 'NONE', #713 ) ;
#3037 = DIRECTION ( 'NONE',  ( 1.000000000000000000, 0.000000000000000000, 0.000000000000000000 ) ) ;
#3038 = EDGE_CURVE ( 'NONE', #1438, #1438, #1047, .T. ) ;
#3039 = FACE_OUTER_BOUND ( 'NONE', #1985, .T. ) ;
#3040 = VERTEX_POINT ( 'NONE', #1492 ) ;
#3041 = FACE_OUTER_BOUND ( 'NONE', #1246, .T. ) ;
#3042 = DIRECTION ( 'NONE',  ( 1.000000000000000000, 0.000000000000000000, 0.000000000000000000 ) ) ;
#3043 = AXIS2_PLACEMENT_3D ( 'NONE', #2133, #852, #349 ) ;
#3044 = DIRECTION ( 'NONE',  ( 1.000000000000000000, 0.000000000000000000, 0.000000000000000000 ) ) ;
#3045 = ORIENTED_EDGE ( 'NONE', *, *, #718, .T. ) ;
#3046 = CARTESIAN_POINT ( 'NONE',  ( 29.22558234097120078, 0.000000000000000000, 0.000000000000000000 ) ) ;
#3047 = ORIENTED_EDGE ( 'NONE', *, *, #1973, .T. ) ;
#3048 = COORDINATED_UNIVERSAL_TIME_OFFSET ( 5, 0, .BEHIND. ) ;
#3049 = CIRCLE ( 'NONE', #653, 13.85871557431319978 ) ;
#3050 = EDGE_LOOP ( 'NONE', ( #1813 ) ) ;
#3051 = AXIS2_PLACEMENT_3D ( 'NONE', #1416, #359, #1398 ) ;
#3052 = CARTESIAN_POINT ( 'NONE',  ( 19.39278133392880221, 0.000000000000000000, -13.95000000000000107 ) ) ;
#3053 = CONICAL_SURFACE ( 'NONE', #1534, 11.65642212862609917, 1.513166169821940077 ) ;
#3054 = DIRECTION ( 'NONE',  ( 0.000000000000000000, 0.000000000000000000, -1.000000000000000000 ) ) ;
#3055 = LOCAL_TIME ( 15, 41, 50.00000000000000000, #2259 ) ;
#3056 = CIRCLE ( 'NONE', #3333, 11.19999999999999929 ) ;
#3057 = DIRECTION ( 'NONE',  ( 1.000000000000000000, 0.000000000000000000, 0.000000000000000000 ) ) ;
#3058 = CARTESIAN_POINT ( 'NONE',  ( 8.501246195507780712, 0.000000000000000000, -11.19999999999999929 ) ) ;
#3059 = CARTESIAN_POINT ( 'NONE',  ( 23.57595959094610194, 0.000000000000000000, 0.000000000000000000 ) ) ;
#3060 = EDGE_LOOP ( 'NONE', ( #295 ) ) ;
#3061 = ADVANCED_FACE ( 'NONE', ( #3134, #52 ), #1807, .F. ) ;
#3062 = EDGE_CURVE ( 'NONE', #2159, #2159, #3166, .T. ) ;
#3063 = FACE_OUTER_BOUND ( 'NONE', #3285, .T. ) ;
#3064 = ORIENTED_EDGE ( 'NONE', *, *, #2366, .T. ) ;
#3065 = ORIENTED_EDGE ( 'NONE', *, *, #1148, .T. ) ;
#3066 = ADVANCED_FACE ( 'NONE', ( #2373, #2322 ), #987, .F. ) ;
#3067 = FACE_OUTER_BOUND ( 'NONE', #2245, .T. ) ;
#3068 = EDGE_LOOP ( 'NONE', ( #472 ) ) ;
#3069 = FACE_OUTER_BOUND ( 'NONE', #2591, .T. ) ;
#3070 = ORIENTED_EDGE ( 'NONE', *, *, #2111, .T. ) ;
#3071 = VERTEX_POINT ( 'NONE', #1275 ) ;
#3072 = APPROVAL ( #2376, 'UNSPECIFIED' ) ;
#3073 = ADVANCED_FACE ( 'NONE', ( #261, #3360 ), #3331, .F. ) ;
#3074 = DIRECTION ( 'NONE',  ( 1.000000000000000000, 0.000000000000000000, 0.000000000000000000 ) ) ;
#3075 = VERTEX_POINT ( 'NONE', #3140 ) ;
#3076 = CARTESIAN_POINT ( 'NONE',  ( 40.30922582574959989, 0.000000000000000000, 0.000000000000000000 ) ) ;
#3077 = ORIENTED_EDGE ( 'NONE', *, *, #970, .F. ) ;
#3078 = AXIS2_PLACEMENT_3D ( 'NONE', #2068, #1553, #2786 ) ;
#3079 = CARTESIAN_POINT ( 'NONE',  ( 28.50080631007180187, 0.000000000000000000, 0.000000000000000000 ) ) ;
#3080 = ADVANCED_FACE ( 'NONE', ( #2891, #305 ), #794, .T. ) ;
#3081 = EDGE_LOOP ( 'NONE', ( #3328 ) ) ;
#3082 = EDGE_LOOP ( 'NONE', ( #3116 ) ) ;
#3083 = CIRCLE ( 'NONE', #735, 13.95000000000000107 ) ;
#3084 = DIRECTION ( 'NONE',  ( 1.000000000000000000, 0.000000000000000000, 0.000000000000000000 ) ) ;
#3085 = ADVANCED_FACE ( 'NONE', ( #1091, #523 ), #2503, .T. ) ;
#3086 = CARTESIAN_POINT ( 'NONE',  ( 37.22540638656219869, 0.000000000000000000, -13.95000000000000107 ) ) ;
#3087 = DIRECTION ( 'NONE',  ( -1.000000000000000000, 0.000000000000000000, 0.000000000000000000 ) ) ;
#3088 = ORIENTED_EDGE ( 'NONE', *, *, #3334, .T. ) ;
#3089 = VERTEX_POINT ( 'NONE', #431 ) ;
#3090 = AXIS2_PLACEMENT_3D ( 'NONE', #1591, #2545, #540 ) ;
#3091 = FACE_BOUND ( 'NONE', #3068, .T. ) ;
#3092 = AXIS2_PLACEMENT_3D ( 'NONE', #2761, #2214, #142 ) ;
#3093 = FACE_OUTER_BOUND ( 'NONE', #2472, .T. ) ;
#3094 = FACE_OUTER_BOUND ( 'NONE', #1323, .T. ) ;
#3095 = ORIENTED_EDGE ( 'NONE', *, *, #661, .F. ) ;
#3096 = ADVANCED_FACE ( 'NONE', ( #1305, #2614 ), #1480, .T. ) ;
#3097 = DIRECTION ( 'NONE',  ( 0.000000000000000000, 0.000000000000000000, -1.000000000000000000 ) ) ;
#3098 = ORIENTED_EDGE ( 'NONE', *, *, #318, .T. ) ;
#3099 = EDGE_LOOP ( 'NONE', ( #2512 ) ) ;
#3100 = DIRECTION ( 'NONE',  ( 0.000000000000000000, 0.000000000000000000, -1.000000000000000000 ) ) ;
#3101 = ADVANCED_FACE ( 'NONE', ( #2642, #1855 ), #2995, .F. ) ;
#3102 = AXIS2_PLACEMENT_3D ( 'NONE', #3141, #1814, #268 ) ;
#3103 = EDGE_LOOP ( 'NONE', ( #2696 ) ) ;
#3104 = DIRECTION ( 'NONE',  ( 1.000000000000000000, 0.000000000000000000, 0.000000000000000000 ) ) ;
#3105 = EDGE_LOOP ( 'NONE', ( #3346 ) ) ;
#3106 = AXIS2_PLACEMENT_3D ( 'NONE', #2705, #1120, #2148 ) ;
#3107 = CIRCLE ( 'NONE', #1896, 13.95000000000000107 ) ;
#3108 = CARTESIAN_POINT ( 'NONE',  ( 11.39295728833779897, 0.000000000000000000, -13.95000000000000107 ) ) ;
#3109 = EDGE_CURVE ( 'NONE', #2410, #2410, #3113, .T. ) ;
#3110 = CIRCLE ( 'NONE', #1900, 14.06743114854949894 ) ;
#3111 = FACE_OUTER_BOUND ( 'NONE', #2592, .T. ) ;
#3112 = AXIS2_PLACEMENT_3D ( 'NONE', #878, #1383, #2409 ) ;
#3113 = CIRCLE ( 'NONE', #765, 14.06743114854949894 ) ;
#3114 = DIRECTION ( 'NONE',  ( 0.000000000000000000, 0.000000000000000000, -1.000000000000000000 ) ) ;
#3115 = FACE_OUTER_BOUND ( 'NONE', #272, .T. ) ;
#3116 = ORIENTED_EDGE ( 'NONE', *, *, #1089, .T. ) ;
#3117 = AXIS2_PLACEMENT_3D ( 'NONE', #2016, #1750, #2837 ) ;
#3118 = APPROVAL ( #2756, 'UNSPECIFIED' ) ;
#3119 = DIRECTION ( 'NONE',  ( 0.000000000000000000, 0.000000000000000000, -1.000000000000000000 ) ) ;
#3120 = ORIENTED_EDGE ( 'NONE', *, *, #318, .F. ) ;
#3121 = ORIENTED_EDGE ( 'NONE', *, *, #1049, .F. ) ;
#3122 = DIRECTION ( 'NONE',  ( 0.000000000000000000, 0.000000000000000000, -1.000000000000000000 ) ) ;
#3123 = EDGE_LOOP ( 'NONE', ( #1775 ) ) ;
#3124 = DIRECTION ( 'NONE',  ( 0.000000000000000000, 0.000000000000000000, -1.000000000000000000 ) ) ;
#3125 = ORIENTED_EDGE ( 'NONE', *, *, #1870, .T. ) ;
#3126 = DIRECTION ( 'NONE',  ( 0.000000000000000000, 0.000000000000000000, -1.000000000000000000 ) ) ;
#3127 = DIRECTION ( 'NONE',  ( 1.000000000000000000, 0.000000000000000000, 0.000000000000000000 ) ) ;
#3128 = CARTESIAN_POINT ( 'NONE',  ( 35.49204889477699965, 0.000000000000000000, 0.000000000000000000 ) ) ;
#3129 = DIRECTION ( 'NONE',  ( 1.000000000000000000, 0.000000000000000000, 0.000000000000000000 ) ) ;
#3130 = EDGE_LOOP ( 'NONE', ( #524 ) ) ;
#3131 = DIRECTION ( 'NONE',  ( 0.000000000000000000, 0.000000000000000000, -1.000000000000000000 ) ) ;
#3132 = ORIENTED_EDGE ( 'NONE', *, *, #1524, .F. ) ;
#3133 = EDGE_LOOP ( 'NONE', ( #26 ) ) ;
#3134 = FACE_OUTER_BOUND ( 'NONE', #1437, .T. ) ;
#3135 = DIRECTION ( 'NONE',  ( 0.000000000000000000, 0.000000000000000000, -1.000000000000000000 ) ) ;
#3136 = DIRECTION ( 'NONE',  ( 1.000000000000000000, 0.000000000000000000, 0.000000000000000000 ) ) ;
#3137 = EDGE_LOOP ( 'NONE', ( #639 ) ) ;
#3138 = AXIS2_PLACEMENT_3D ( 'NONE', #3230, #2767, #1192 ) ;
#3139 = FACE_OUTER_BOUND ( 'NONE', #1634, .T. ) ;
#3140 = CARTESIAN_POINT ( 'NONE',  ( 8.843517052548198976, 0.000000000000000000, -14.06743114854949894 ) ) ;
#3141 = CARTESIAN_POINT ( 'NONE',  ( 40.30922582574959989, 0.000000000000000000, 0.000000000000000000 ) ) ;
#3142 = ADVANCED_FACE ( 'NONE', ( #778, #27 ), #2123, .T. ) ;
#3143 = AXIS2_PLACEMENT_3D ( 'NONE', #2504, #161, #1251 ) ;
#3144 = DIRECTION ( 'NONE',  ( 0.000000000000000000, 0.000000000000000000, -1.000000000000000000 ) ) ;
#3145 = DIRECTION ( 'NONE',  ( -1.000000000000000000, 0.000000000000000000, 0.000000000000000000 ) ) ;
#3146 = ORIENTED_EDGE ( 'NONE', *, *, #519, .T. ) ;
#3147 = CIRCLE ( 'NONE', #49, 14.06743114854949894 ) ;
#3148 = DIRECTION ( 'NONE',  ( 0.000000000000000000, 0.000000000000000000, -1.000000000000000000 ) ) ;
#3149 = ORIENTED_EDGE ( 'NONE', *, *, #1148, .F. ) ;
#3150 = ORIENTED_EDGE ( 'NONE', *, *, #1888, .F. ) ;
#3151 = DIRECTION ( 'NONE',  ( 0.000000000000000000, 0.000000000000000000, -1.000000000000000000 ) ) ;
#3152 = EDGE_LOOP ( 'NONE', ( #1575 ) ) ;
#3153 = DIRECTION ( 'NONE',  ( 0.000000000000000000, 0.000000000000000000, -1.000000000000000000 ) ) ;
#3154 = EDGE_LOOP ( 'NONE', ( #3146 ) ) ;
#3155 = CARTESIAN_POINT ( 'NONE',  ( 3.576399476968569857, 0.000000000000000000, 0.000000000000000000 ) ) ;
#3156 = CIRCLE ( 'NONE', #2704, 13.95000000000000107 ) ;
#3157 = VERTEX_POINT ( 'NONE', #2555 ) ;
#3158 = DIRECTION ( 'NONE',  ( -1.000000000000000000, 0.000000000000000000, 0.000000000000000000 ) ) ;
#3159 = AXIS2_PLACEMENT_3D ( 'NONE', #361, #2364, #1400 ) ;
#3160 = TOROIDAL_SURFACE ( 'NONE', #2985, 11.70000000000000107, 0.5000000000000000000 ) ;
#3161 = CONICAL_SURFACE ( 'NONE', #1317, 11.68256885144159973, 1.510893165155730022 ) ;
#3162 = TOROIDAL_SURFACE ( 'NONE', #1264, 13.85000000004199805, 0.09999999995798609931 ) ;
#3163 = DIRECTION ( 'NONE',  ( 1.000000000000000000, 0.000000000000000000, 0.000000000000000000 ) ) ;
#3164 = AXIS2_PLACEMENT_3D ( 'NONE', #251, #1563, #1330 ) ;
#3165 = CONICAL_SURFACE ( 'NONE', #1370, 13.85871557431319978, 1.513166170031569946 ) ;
#3166 = CIRCLE ( 'NONE', #284, 14.25000000000000000 ) ;
#3167 = CARTESIAN_POINT ( 'NONE',  ( 27.77511055335989809, 0.000000000000000000, 0.000000000000000000 ) ) ;
#3168 = ADVANCED_FACE ( 'NONE', ( #2595, #1588 ), #2177, .F. ) ;
#3169 = DIRECTION ( 'NONE',  ( 1.000000000000000000, 0.000000000000000000, 0.000000000000000000 ) ) ;
#3170 = CC_DESIGN_APPROVAL ( #1695, ( #2072 ) ) ;
#3171 = AXIS2_PLACEMENT_3D ( 'NONE', #1316, #855, #1627 ) ;
#3172 = ORIENTED_EDGE ( 'NONE', *, *, #561, .F. ) ;
#3173 = CARTESIAN_POINT ( 'NONE',  ( 12.50115821888980072, 0.000000000000000000, 0.000000000000000000 ) ) ;
#3174 = EDGE_LOOP ( 'NONE', ( #1763 ) ) ;
#3175 = DIRECTION ( 'NONE',  ( 1.000000000000000000, 0.000000000000000000, 0.000000000000000000 ) ) ;
#3176 = VERTEX_POINT ( 'NONE', #574 ) ;
#3177 = DIRECTION ( 'NONE',  ( 1.000000000000000000, 0.000000000000000000, 0.000000000000000000 ) ) ;
#3178 = CARTESIAN_POINT ( 'NONE',  ( 24.11746938747149827, 0.000000000000000000, 0.000000000000000000 ) ) ;
#3179 = DIRECTION ( 'NONE',  ( 0.000000000000000000, 0.000000000000000000, -1.000000000000000000 ) ) ;
#3180 = DIRECTION ( 'NONE',  ( 0.000000000000000000, 0.000000000000000000, -1.000000000000000000 ) ) ;
#3181 = ADVANCED_FACE ( 'NONE', ( #1601, #274 ), #3215, .T. ) ;
#3182 = EDGE_LOOP ( 'NONE', ( #1502 ) ) ;
#3183 = CARTESIAN_POINT ( 'NONE',  ( 0.5014221505032849802, 0.000000000000000000, 0.000000000000000000 ) ) ;
#3184 = EDGE_CURVE ( 'NONE', #3201, #3201, #1154, .T. ) ;
#3185 = ORIENTED_EDGE ( 'NONE', *, *, #2813, .F. ) ;
#3186 = DIRECTION ( 'NONE',  ( 1.000000000000000000, 0.000000000000000000, 0.000000000000000000 ) ) ;
#3187 = VERTEX_POINT ( 'NONE', #414 ) ;
#3188 = CYLINDRICAL_SURFACE ( 'NONE', #1142, 11.50000000000000000 ) ;
#3189 = AXIS2_PLACEMENT_3D ( 'NONE', #3079, #2523, #1299 ) ;
#3190 = CIRCLE ( 'NONE', #2804, 14.25000000000000000 ) ;
#3191 = FACE_OUTER_BOUND ( 'NONE', #2490, .T. ) ;
#3192 = CIRCLE ( 'NONE', #2815, 14.25000000000000000 ) ;
#3193 = FACE_OUTER_BOUND ( 'NONE', #539, .T. ) ;
#3194 = FACE_OUTER_BOUND ( 'NONE', #2301, .T. ) ;
#3195 = AXIS2_PLACEMENT_3D ( 'NONE', #2991, #2223, #1970 ) ;
#3196 = DIRECTION ( 'NONE',  ( 1.000000000000000000, 0.000000000000000000, 0.000000000000000000 ) ) ;
#3197 = DIRECTION ( 'NONE',  ( 1.000000000000000000, 0.000000000000000000, 0.000000000000000000 ) ) ;
#3198 = CARTESIAN_POINT ( 'NONE',  ( 24.84316514373020013, 0.000000000000000000, 0.000000000000000000 ) ) ;
#3199 = EDGE_LOOP ( 'NONE', ( #678 ) ) ;
#3200 = EDGE_CURVE ( 'NONE', #1903, #1903, #708, .T. ) ;
#3201 = VERTEX_POINT ( 'NONE', #862 ) ;
#3202 = DIRECTION ( 'NONE',  ( 1.000000000000000000, 0.000000000000000000, 0.000000000000000000 ) ) ;
#3203 = FACE_OUTER_BOUND ( 'NONE', #1315, .T. ) ;
#3204 = EDGE_CURVE ( 'NONE', #156, #156, #2720, .T. ) ;
#3205 = ADVANCED_FACE ( 'NONE', ( #117, #355 ), #1374, .T. ) ;
#3206 = VERTEX_POINT ( 'NONE', #2946 ) ;
#3207 = FACE_OUTER_BOUND ( 'NONE', #442, .T. ) ;
#3208 = EDGE_CURVE ( 'NONE', #2678, #2678, #871, .T. ) ;
#3209 = CIRCLE ( 'NONE', #2493, 14.25000000000000000 ) ;
#3210 = DIRECTION ( 'NONE',  ( 0.000000000000000000, 0.000000000000000000, -1.000000000000000000 ) ) ;
#3211 = CARTESIAN_POINT ( 'NONE',  ( 40.30922582574959989, 0.000000000000000000, 0.000000000000000000 ) ) ;
#3212 = AXIS2_PLACEMENT_3D ( 'NONE', #352, #1388, #2164 ) ;
#3213 = CONICAL_SURFACE ( 'NONE', #649, 13.85871557431310030, 1.513166170031569946 ) ;
#3214 = CARTESIAN_POINT ( 'NONE',  ( 19.49240080359500027, 0.000000000000000000, 0.000000000000000000 ) ) ;
#3215 = CONICAL_SURFACE ( 'NONE', #65, 11.68256885144159973, 1.510893165155730022 ) ;
#3216 = DIRECTION ( 'NONE',  ( 1.000000000000000000, 0.000000000000000000, 0.000000000000000000 ) ) ;
#3217 = DIRECTION ( 'NONE',  ( 1.000000000000000000, 0.000000000000000000, 0.000000000000000000 ) ) ;
#3218 = ORIENTED_EDGE ( 'NONE', *, *, #3184, .F. ) ;
#3219 = LOCAL_TIME ( 15, 41, 50.00000000000000000, #1500 ) ;
#3220 = CARTESIAN_POINT ( 'NONE',  ( 8.999343544553649821, 0.000000000000000000, 0.000000000000000000 ) ) ;
#3221 = AXIS2_PLACEMENT_3D ( 'NONE', #3076, #435, #977 ) ;
#3222 = VERTEX_POINT ( 'NONE', #1179 ) ;
#3223 = DIRECTION ( 'NONE',  ( 0.000000000000000000, 0.000000000000000000, -1.000000000000000000 ) ) ;
#3224 = CARTESIAN_POINT ( 'NONE',  ( 15.61954799296800012, 0.000000000000000000, -11.65642212862609917 ) ) ;
#3225 = DIRECTION ( 'NONE',  ( 1.000000000000000000, 0.000000000000000000, 0.000000000000000000 ) ) ;
#3226 = ADVANCED_FACE ( 'NONE', ( #2986, #394 ), #3246, .F. ) ;
#3227 = FACE_OUTER_BOUND ( 'NONE', #1125, .T. ) ;
#3228 = DIRECTION ( 'NONE',  ( -1.000000000000000000, 0.000000000000000000, 0.000000000000000000 ) ) ;
#3229 = DIRECTION ( 'NONE',  ( 0.000000000000000000, 0.000000000000000000, -1.000000000000000000 ) ) ;
#3230 = CARTESIAN_POINT ( 'NONE',  ( 40.30922582574959989, 0.000000000000000000, 0.000000000000000000 ) ) ;
#3231 = CARTESIAN_POINT ( 'NONE',  ( 40.30922582574959989, 0.000000000000000000, 0.000000000000000000 ) ) ;
#3232 = CC_DESIGN_PERSON_AND_ORGANIZATION_ASSIGNMENT ( #2529, #1005, ( #2072 ) ) ;
#3233 = ORIENTED_EDGE ( 'NONE', *, *, #556, .T. ) ;
#3234 = CARTESIAN_POINT ( 'NONE',  ( 32.11729343308569895, 0.000000000000000000, 0.000000000000000000 ) ) ;
#3235 = EDGE_LOOP ( 'NONE', ( #2109 ) ) ;
#3236 = VERTEX_POINT ( 'NONE', #851 ) ;
#3237 = CARTESIAN_POINT ( 'NONE',  ( 11.49257675800400058, 0.000000000000000000, 0.000000000000000000 ) ) ;
#3238 = FACE_OUTER_BOUND ( 'NONE', #2084, .T. ) ;
#3239 = VERTEX_POINT ( 'NONE', #2741 ) ;
#3240 = CIRCLE ( 'NONE', #2042, 13.85871557427280010 ) ;
#3241 = DIRECTION ( 'NONE',  ( 0.000000000000000000, 0.000000000000000000, -1.000000000000000000 ) ) ;
#3242 = AXIS2_PLACEMENT_3D ( 'NONE', #1834, #1058, #1865 ) ;
#3243 = EDGE_CURVE ( 'NONE', #105, #105, #2779, .T. ) ;
#3244 = VERTEX_POINT ( 'NONE', #1980 ) ;
#3245 = FACE_OUTER_BOUND ( 'NONE', #2996, .T. ) ;
#3246 = CYLINDRICAL_SURFACE ( 'NONE', #1640, 11.19999999999999929 ) ;
#3247 = AXIS2_PLACEMENT_3D ( 'NONE', #2247, #1519, #1842 ) ;
#3248 = CIRCLE ( 'NONE', #1885, 11.50000000000000000 ) ;
#3249 = DIRECTION ( 'NONE',  ( -1.000000000000000000, 0.000000000000000000, 0.000000000000000000 ) ) ;
#3250 = CYLINDRICAL_SURFACE ( 'NONE', #2105, 11.50000000000000000 ) ;
#3251 = ORIENTED_EDGE ( 'NONE', *, *, #2222, .F. ) ;
#3252 = CARTESIAN_POINT ( 'NONE',  ( 1.226198181402700094, 0.000000000000000000, 0.000000000000000000 ) ) ;
#3253 = EDGE_LOOP ( 'NONE', ( #1066 ) ) ;
#3254 = CARTESIAN_POINT ( 'NONE',  ( 7.492664735208540705, 0.000000000000000000, -13.85871557431310030 ) ) ;
#3255 = DIRECTION ( 'NONE',  ( 0.000000000000000000, 0.000000000000000000, -1.000000000000000000 ) ) ;
#3256 = ORIENTED_EDGE ( 'NONE', *, *, #439, .F. ) ;
#3257 = CARTESIAN_POINT ( 'NONE',  ( 39.77484662174639851, 0.000000000000000000, -14.06743114854949894 ) ) ;
#3258 = FACE_OUTER_BOUND ( 'NONE', #243, .T. ) ;
#3259 = CIRCLE ( 'NONE', #2221, 11.65642212862609917 ) ;
#3260 = CYLINDRICAL_SURFACE ( 'NONE', #496, 11.50000000000000000 ) ;
#3261 = VERTEX_POINT ( 'NONE', #1967 ) ;
#3262 = CARTESIAN_POINT ( 'NONE',  ( 23.77519853056440269, 0.000000000000000000, 0.000000000000000000 ) ) ;
#3263 = CIRCLE ( 'NONE', #701, 11.50000000000000000 ) ;
#3264 = CONICAL_SURFACE ( 'NONE', #2227, 13.85871557431310030, 1.513166170031569946 ) ;
#3265 = CIRCLE ( 'NONE', #1533, 11.19999999999999929 ) ;
#3266 = TOROIDAL_SURFACE ( 'NONE', #760, 14.05000000000000071, 0.2000000000000080047 ) ;
#3267 = FACE_OUTER_BOUND ( 'NONE', #2531, .T. ) ;
#3268 = EDGE_CURVE ( 'NONE', #1986, #1986, #1103, .T. ) ;
#3269 = EDGE_LOOP ( 'NONE', ( #2612 ) ) ;
#3270 = DIRECTION ( 'NONE',  ( 1.000000000000000000, 0.000000000000000000, 0.000000000000000000 ) ) ;
#3271 = AXIS2_PLACEMENT_3D ( 'NONE', #2731, #2168, #1361 ) ;
#3272 = EDGE_LOOP ( 'NONE', ( #475 ) ) ;
#3273 = DIRECTION ( 'NONE',  ( 1.000000000000000000, 0.000000000000000000, 0.000000000000000000 ) ) ;
#3274 = LOCAL_TIME ( 15, 41, 50.00000000000000000, #3048 ) ;
#3275 = CIRCLE ( 'NONE', #1809, 14.06743114854949894 ) ;
#3276 = EDGE_LOOP ( 'NONE', ( #86 ) ) ;
#3277 = VERTEX_POINT ( 'NONE', #351 ) ;
#3278 = AXIS2_PLACEMENT_3D ( 'NONE', #1529, #1281, #2300 ) ;
#3279 = CARTESIAN_POINT ( 'NONE',  ( 33.04222812893949879, 0.000000000000000000, 0.000000000000000000 ) ) ;
#3280 = FACE_OUTER_BOUND ( 'NONE', #1725, .T. ) ;
#3281 = VERTEX_POINT ( 'NONE', #942 ) ;
#3282 = DIRECTION ( 'NONE',  ( 0.000000000000000000, 0.000000000000000000, -1.000000000000000000 ) ) ;
#3283 = DIRECTION ( 'NONE',  ( -1.000000000000000000, 0.000000000000000000, 0.000000000000000000 ) ) ;
#3284 = DIRECTION ( 'NONE',  ( 0.000000000000000000, 0.000000000000000000, -1.000000000000000000 ) ) ;
#3285 = EDGE_LOOP ( 'NONE', ( #665 ) ) ;
#3286 = DIRECTION ( 'NONE',  ( 0.000000000000000000, 0.000000000000000000, -1.000000000000000000 ) ) ;
#3287 = ADVANCED_FACE ( 'NONE', ( #2418, #68 ), #584, .F. ) ;
#3288 = APPLICATION_CONTEXT ( 'configuration controlled 3d designs of mechanical parts and assemblies' ) ;
#3289 = ORIENTED_EDGE ( 'NONE', *, *, #1965, .F. ) ;
#3290 = CARTESIAN_POINT ( 'NONE',  ( 4.999431521758159747, 0.000000000000000000, -11.65642212862609917 ) ) ;
#3291 = FACE_OUTER_BOUND ( 'NONE', #2598, .T. ) ;
#3292 = EDGE_LOOP ( 'NONE', ( #2210 ) ) ;
#3293 = ADVANCED_FACE ( 'NONE', ( #2451, #655 ), #2017, .F. ) ;
#3294 = CARTESIAN_POINT ( 'NONE',  ( 1.126578711592000070, 0.000000000000000000, -13.85871557427280010 ) ) ;
#3295 = FACE_OUTER_BOUND ( 'NONE', #2751, .T. ) ;
#3296 = DIRECTION ( 'NONE',  ( 0.000000000000000000, 0.000000000000000000, -1.000000000000000000 ) ) ;
#3297 = CARTESIAN_POINT ( 'NONE',  ( 36.11720545599139598, 0.000000000000000000, -11.19999999999999929 ) ) ;
#3298 = DIRECTION ( 'NONE',  ( 1.000000000000000000, 0.000000000000000000, 0.000000000000000000 ) ) ;
#3299 = CIRCLE ( 'NONE', #1346, 11.68256885140240087 ) ;
#3300 = CARTESIAN_POINT ( 'NONE',  ( 24.11746938760489911, 0.000000000000000000, 0.000000000000000000 ) ) ;
#3301 = EDGE_LOOP ( 'NONE', ( #2819 ) ) ;
#3302 = DIRECTION ( 'NONE',  ( 1.000000000000000000, 0.000000000000000000, 0.000000000000000000 ) ) ;
#3303 = TOROIDAL_SURFACE ( 'NONE', #1836, 13.84999999999850040, 0.1000000000014730078 ) ;
#3304 = EDGE_LOOP ( 'NONE', ( #34 ) ) ;
#3305 = DIRECTION ( 'NONE',  ( 0.000000000000000000, 0.000000000000000000, -1.000000000000000000 ) ) ;
#3306 = ORIENTED_EDGE ( 'NONE', *, *, #1614, .T. ) ;
#3307 = CIRCLE ( 'NONE', #2374, 14.06743114854949894 ) ;
#3308 = CARTESIAN_POINT ( 'NONE',  ( 13.22593424978920140, 0.000000000000000000, -13.95000000000000107 ) ) ;
#3309 = CARTESIAN_POINT ( 'NONE',  ( 17.22584627258470036, 0.000000000000000000, 0.000000000000000000 ) ) ;
#3310 = ADVANCED_FACE ( 'NONE', ( #889, #2138 ), #3053, .F. ) ;
#3311 = CARTESIAN_POINT ( 'NONE',  ( 12.99925556734920029, 0.000000000000000000, 0.000000000000000000 ) ) ;
#3312 = VERTEX_POINT ( 'NONE', #2197 ) ;
#3313 = DIRECTION ( 'NONE',  ( 1.000000000000000000, 0.000000000000000000, 0.000000000000000000 ) ) ;
#3314 = EDGE_CURVE ( 'NONE', #3032, #3032, #2610, .T. ) ;
#3315 = EDGE_LOOP ( 'NONE', ( #474 ) ) ;
#3316 = CIRCLE ( 'NONE', #2500, 13.95000000000000107 ) ;
#3317 = DIRECTION ( 'NONE',  ( -1.000000000000000000, 0.000000000000000000, 0.000000000000000000 ) ) ;
#3318 = AXIS2_PLACEMENT_3D ( 'NONE', #802, #547, #1846 ) ;
#3319 = EDGE_LOOP ( 'NONE', ( #36 ) ) ;
#3320 = EDGE_LOOP ( 'NONE', ( #2004 ) ) ;
#3321 = DIRECTION ( 'NONE',  ( -1.000000000000000000, 0.000000000000000000, 0.000000000000000000 ) ) ;
#3322 = AXIS2_PLACEMENT_3D ( 'NONE', #887, #872, #1925 ) ;
#3323 = ADVANCED_FACE ( 'NONE', ( #2658, #342 ), #549, .T. ) ;
#3324 = EDGE_LOOP ( 'NONE', ( #1619 ) ) ;
#3325 = PERSON_AND_ORGANIZATION ( #3363, #1808 ) ;
#3326 = DIRECTION ( 'NONE',  ( 1.000000000000000000, 0.000000000000000000, 0.000000000000000000 ) ) ;
#3327 = AXIS2_PLACEMENT_3D ( 'NONE', #3155, #1869, #1827 ) ;
#3328 = ORIENTED_EDGE ( 'NONE', *, *, #2947, .F. ) ;
#3329 = TOROIDAL_SURFACE ( 'NONE', #2887, 11.69999999999039808, 0.1999999999903639969 ) ;
#3330 = CARTESIAN_POINT ( 'NONE',  ( 33.04222812893960537, 0.000000000000000000, -14.25000000000000000 ) ) ;
#3331 = TOROIDAL_SURFACE ( 'NONE', #232, 13.84999999999850040, 0.1000000000014880097 ) ;
#3332 = CARTESIAN_POINT ( 'NONE',  ( 0.3096657117720870156, 11.50000000000000000, 0.000000000000000000 ) ) ;
#3333 = AXIS2_PLACEMENT_3D ( 'NONE', #131, #652, #1926 ) ;
#3334 = EDGE_CURVE ( 'NONE', #2564, #2564, #2128, .T. ) ;
#3335 = FACE_OUTER_BOUND ( 'NONE', #1769, .T. ) ;
#3336 = VERTEX_POINT ( 'NONE', #2030 ) ;
#3337 = FACE_BOUND ( 'NONE', #30, .T. ) ;
#3338 = ORIENTED_EDGE ( 'NONE', *, *, #3314, .T. ) ;
#3339 = ADVANCED_FACE ( 'NONE', ( #856, #1894 ), #825, .T. ) ;
#3340 = EDGE_LOOP ( 'NONE', ( #2810 ) ) ;
#3341 = EDGE_LOOP ( 'NONE', ( #2846 ) ) ;
#3342 = CARTESIAN_POINT ( 'NONE',  ( 25.22567031817569827, 0.000000000000000000, 0.000000000000000000 ) ) ;
#3343 = ORIENTED_EDGE ( 'NONE', *, *, #129, .F. ) ;
#3344 = CALENDAR_DATE ( 2025, 10, 7 ) ;
#3345 = DIRECTION ( 'NONE',  ( 0.000000000000000000, 0.000000000000000000, -1.000000000000000000 ) ) ;
#3346 = ORIENTED_EDGE ( 'NONE', *, *, #1566, .T. ) ;
#3347 = VERTEX_POINT ( 'NONE', #1796 ) ;
#3348 = DIRECTION ( 'NONE',  ( 1.000000000000000000, 0.000000000000000000, 0.000000000000000000 ) ) ;
#3349 = CARTESIAN_POINT ( 'NONE',  ( 21.04249206055310140, 0.000000000000000000, 0.000000000000000000 ) ) ;
#3350 = VERTEX_POINT ( 'NONE', #2899 ) ;
#3351 = FACE_OUTER_BOUND ( 'NONE', #985, .T. ) ;
#3352 = ORIENTED_EDGE ( 'NONE', *, *, #166, .F. ) ;
#3353 = ADVANCED_FACE ( 'NONE', ( #372, #2219 ), #1273, .T. ) ;
#3354 = AXIS2_PLACEMENT_3D ( 'NONE', #1702, #944, #875 ) ;
#3355 = DIRECTION ( 'NONE',  ( -1.000000000000000000, 0.000000000000000000, 0.000000000000000000 ) ) ;
#3356 = EDGE_LOOP ( 'NONE', ( #2736 ) ) ;
#3357 = EDGE_LOOP ( 'NONE', ( #806 ) ) ;
#3358 = EDGE_CURVE ( 'NONE', #676, #676, #1210, .T. ) ;
#3359 = CIRCLE ( 'NONE', #3242, 11.65642212862609917 ) ;
#3360 = FACE_OUTER_BOUND ( 'NONE', #1835, .T. ) ;
#3361 = EDGE_LOOP ( 'NONE', ( #2561 ) ) ;
#3362 = CARTESIAN_POINT ( 'NONE',  ( 32.50071833228080465, 0.000000000000000000, 0.000000000000000000 ) ) ;
#3363 = PERSON ( 'UNSPECIFIED', 'UNSPECIFIED', 'UNSPECIFIED', ('UNSPECIFIED'), ('UNSPECIFIED'), ('UNSPECIFIED') ) ;
#3364 = AXIS2_PLACEMENT_3D ( 'NONE', #664, #415, #1453 ) ;
#3365 = EDGE_LOOP ( 'NONE', ( #2051 ) ) ;
#3366 = CARTESIAN_POINT ( 'NONE',  ( 20.99907961294019998, 0.000000000000000000, -11.65642212862609917 ) ) ;
#3367 = TOROIDAL_SURFACE ( 'NONE', #2316, 11.70000000000000107, 0.5000000000000089928 ) ;
#3368 = DIRECTION ( 'NONE',  ( 0.000000000000000000, 0.000000000000000000, -1.000000000000000000 ) ) ;
#3369 = AXIS2_PLACEMENT_3D ( 'NONE', #2622, #2045, #1596 ) ;
ENDSEC;
END-ISO-10303-21;
