ISO-10303-21;
HEADER;
/* Generated by software containing ST-Developer
 * from STEP Tools, Inc. (www.steptools.com) 
 */
/* OPTION: using custom renumber hook */

FILE_DESCRIPTION(
/* description */ ('STEP AP242',
'CAx-IF Rec.Pracs.---Representation and Presentation of Product Manufa
cturing Information (PMI)---4.0---2014-10-13',
'CAx-IF Rec.Pracs.---3D Tessellated Geometry---0.4---2014-09-14','2;1'),

/* implementation_level */ '2;1');

FILE_NAME(
/* name */ '2.5-MSJ-IR 6_1_20LT-1_SSE-2_FA_96.00_S',
/* time_stamp */ '2026-03-06T00:31:33+01:00',
/* author */ ('License CC BY-ND 4.0'),
/* organization */ ('CADENAS'),
/* preprocessor_version */ 'ST-DEVELOPER v20',
/* originating_system */ 'PARTsolutions',
/* authorisation */ '  ');

FILE_SCHEMA (('AP242_MANAGED_MODEL_BASED_3D_ENGINEERING_MIM_LF { 1 0 10303 442 1 1 4 }'));
ENDSEC;

DATA;
#10=DRAUGHTING_PRE_DEFINED_COLOUR('black');
#11=ORIENTED_CLOSED_SHELL('',*,#12145,.F.);
#12=BREP_WITH_VOIDS('20LT',#12144,(#11));
#13=CONTEXT_DEPENDENT_SHAPE_REPRESENTATION(#23,#20700);
#14=CONTEXT_DEPENDENT_SHAPE_REPRESENTATION(#24,#20702);
#15=CONTEXT_DEPENDENT_SHAPE_REPRESENTATION(#25,#20704);
#16=CONTEXT_DEPENDENT_SHAPE_REPRESENTATION(#26,#20706);
#17=CONTEXT_DEPENDENT_SHAPE_REPRESENTATION(#27,#20708);
#18=NEXT_ASSEMBLY_USAGE_OCCURRENCE('NAUO1',
'2.5-MSJ-IR-MM-SSE92.3192.31','2.5-MSJ-IR-MM-SSE92.3192.31',#20709,#20710,
'');
#19=NEXT_ASSEMBLY_USAGE_OCCURRENCE('NAUO2','2.5-MSJX05','2.5-MSJX05',#20709,
#20711,'');
#20=NEXT_ASSEMBLY_USAGE_OCCURRENCE('NAUO3','20LT','20LT',#20709,#20712,
'');
#21=NEXT_ASSEMBLY_USAGE_OCCURRENCE('NAUO4',
'2.5-MSJ-IR92.3192.31urir_ls','2.5-MSJ-IR92.3192.31urir_ls',#20709,#20713,
'');
#22=NEXT_ASSEMBLY_USAGE_OCCURRENCE('NAUO5','2.5-MSJ-IRmsj_i',
'2.5-MSJ-IRmsj_i',#20709,#20714,'');
#23=(
REPRESENTATION_RELATIONSHIP(' ',' ',#12159,#12158)
REPRESENTATION_RELATIONSHIP_WITH_TRANSFORMATION(#28)
SHAPE_REPRESENTATION_RELATIONSHIP()
);
#24=(
REPRESENTATION_RELATIONSHIP(' ',' ',#12160,#12158)
REPRESENTATION_RELATIONSHIP_WITH_TRANSFORMATION(#29)
SHAPE_REPRESENTATION_RELATIONSHIP()
);
#25=(
REPRESENTATION_RELATIONSHIP(' ',' ',#12161,#12158)
REPRESENTATION_RELATIONSHIP_WITH_TRANSFORMATION(#30)
SHAPE_REPRESENTATION_RELATIONSHIP()
);
#26=(
REPRESENTATION_RELATIONSHIP(' ',' ',#12162,#12158)
REPRESENTATION_RELATIONSHIP_WITH_TRANSFORMATION(#31)
SHAPE_REPRESENTATION_RELATIONSHIP()
);
#27=(
REPRESENTATION_RELATIONSHIP(' ',' ',#12163,#12158)
REPRESENTATION_RELATIONSHIP_WITH_TRANSFORMATION(#32)
SHAPE_REPRESENTATION_RELATIONSHIP()
);
#28=ITEM_DEFINED_TRANSFORMATION(' ',' ',#12164,#12383);
#29=ITEM_DEFINED_TRANSFORMATION(' ',' ',#12164,#12432);
#30=ITEM_DEFINED_TRANSFORMATION(' ',' ',#12164,#13315);
#31=ITEM_DEFINED_TRANSFORMATION(' ',' ',#12164,#13327);
#32=ITEM_DEFINED_TRANSFORMATION(' ',' ',#12164,#13364);
#33=SHAPE_REPRESENTATION_RELATIONSHIP('','',#12159,#38);
#34=SHAPE_REPRESENTATION_RELATIONSHIP('','',#12160,#39);
#35=SHAPE_REPRESENTATION_RELATIONSHIP('','',#12161,#40);
#36=SHAPE_REPRESENTATION_RELATIONSHIP('','',#12162,#41);
#37=SHAPE_REPRESENTATION_RELATIONSHIP('','',#12163,#42);
#38=ADVANCED_BREP_SHAPE_REPRESENTATION('',(#12148),#20681);
#39=ADVANCED_BREP_SHAPE_REPRESENTATION('',(#12149),#20682);
#40=ADVANCED_BREP_SHAPE_REPRESENTATION('',(#12),#20683);
#41=ADVANCED_BREP_SHAPE_REPRESENTATION('',(#12150),#20684);
#42=ADVANCED_BREP_SHAPE_REPRESENTATION('',(#12151),#20685);
#43=TOROIDAL_SURFACE('',#12212,2.00000000125,0.25);
#44=TOROIDAL_SURFACE('',#12214,2.00000000125,0.25);
#45=TOROIDAL_SURFACE('',#12227,2.00000000125,0.25);
#46=TOROIDAL_SURFACE('',#12270,1.7,0.0499999999999997);
#47=TOROIDAL_SURFACE('',#12294,0.825,0.0400000000000007);
#48=TOROIDAL_SURFACE('',#12336,0.18,0.08);
#49=TOROIDAL_SURFACE('',#12393,1.555,0.319999999999999);
#50=TOROIDAL_SURFACE('',#12397,2.195,0.320000000000002);
#51=TOROIDAL_SURFACE('',#12481,1.321,0.13);
#52=TOROIDAL_SURFACE('',#12483,1.321,0.13);
#53=TOROIDAL_SURFACE('',#12485,1.30957663916549,0.100000000000001);
#54=TOROIDAL_SURFACE('',#12487,1.30957663916549,0.100000000000001);
#55=TOROIDAL_SURFACE('',#12491,1.161,0.03);
#56=TOROIDAL_SURFACE('',#12501,1.321,0.13);
#57=TOROIDAL_SURFACE('',#12503,1.321,0.13);
#58=TOROIDAL_SURFACE('',#12505,1.30957663916549,0.100000000000001);
#59=TOROIDAL_SURFACE('',#12507,1.30957663916549,0.100000000000001);
#60=TOROIDAL_SURFACE('',#12511,1.161,0.03);
#61=TOROIDAL_SURFACE('',#12513,1.161,0.03);
#62=TOROIDAL_SURFACE('',#12516,1.161,0.03);
#63=TOROIDAL_SURFACE('',#12519,1.161,0.03);
#64=TOROIDAL_SURFACE('',#12521,1.161,0.03);
#65=TOROIDAL_SURFACE('',#12524,1.161,0.03);
#66=TOROIDAL_SURFACE('',#12527,1.161,0.03);
#67=TOROIDAL_SURFACE('',#12537,1.321,0.13);
#68=TOROIDAL_SURFACE('',#12539,1.321,0.13);
#69=TOROIDAL_SURFACE('',#12541,1.321,0.13);
#70=TOROIDAL_SURFACE('',#12543,1.321,0.13);
#71=TOROIDAL_SURFACE('',#12545,1.30957663916549,0.100000000000001);
#72=TOROIDAL_SURFACE('',#12547,1.30957663916549,0.100000000000001);
#73=TOROIDAL_SURFACE('',#12549,1.30957663916549,0.100000000000001);
#74=TOROIDAL_SURFACE('',#12551,1.30957663916549,0.100000000000001);
#75=TOROIDAL_SURFACE('',#12561,1.92914687010791,0.0600000000000006);
#76=TOROIDAL_SURFACE('',#12563,1.92914687010791,0.0600000000000006);
#77=TOROIDAL_SURFACE('',#12565,1.92914687010791,0.0600000000000006);
#78=TOROIDAL_SURFACE('',#12567,1.92914687010791,0.0600000000000006);
#79=TOROIDAL_SURFACE('',#12569,1.92914687010791,0.0600000000000006);
#80=TOROIDAL_SURFACE('',#12571,1.92914687010791,0.0600000000000006);
#81=TOROIDAL_SURFACE('',#12581,2.93862473699728,0.740000000000004);
#82=TOROIDAL_SURFACE('',#12632,3.015,0.249999999999999);
#83=TOROIDAL_SURFACE('',#12633,3.295,0.0300000000000005);
#84=TOROIDAL_SURFACE('',#12635,3.295,0.0300000000000005);
#85=TOROIDAL_SURFACE('',#12637,3.295,0.0299999999999979);
#86=TOROIDAL_SURFACE('',#12639,3.295,0.0299999999999979);
#87=TOROIDAL_SURFACE('',#12649,3.39148963672186,0.0299999999999994);
#88=TOROIDAL_SURFACE('',#12651,3.39148963672186,0.0299999999999994);
#89=TOROIDAL_SURFACE('',#12661,3.76929762335568,0.499999999999983);
#90=TOROIDAL_SURFACE('',#12709,3.23168622450386,0.0199999999999965);
#91=TOROIDAL_SURFACE('',#13056,1.161,0.03);
#92=TOROIDAL_SURFACE('',#13060,1.321,0.13);
#93=TOROIDAL_SURFACE('',#13062,1.30957663916549,0.100000000000001);
#94=TOROIDAL_SURFACE('',#13066,1.92914687010791,0.0600000000000006);
#95=TOROIDAL_SURFACE('',#13226,0.499999999999999,0.275);
#96=CONICAL_SURFACE('',#12169,0.22,1.04719755119661);
#97=CONICAL_SURFACE('',#12172,0.22,1.04719755119661);
#98=CONICAL_SURFACE('',#12175,0.22,1.04719755119661);
#99=CONICAL_SURFACE('',#12178,0.22,1.04719755119661);
#100=CONICAL_SURFACE('',#12181,0.22,1.04719755119661);
#101=CONICAL_SURFACE('',#12194,0.25,1.04719755119659);
#102=CONICAL_SURFACE('',#12196,0.25,1.04719755119659);
#103=CONICAL_SURFACE('',#12198,0.25,1.04719755119659);
#104=CONICAL_SURFACE('',#12200,0.25,1.04719755119659);
#105=CONICAL_SURFACE('',#12202,0.25,1.04719755119659);
#106=CONICAL_SURFACE('',#12204,1.74975,9.99999996665535E-5);
#107=CONICAL_SURFACE('',#12209,1.74975,9.99999996665535E-5);
#108=CONICAL_SURFACE('',#12272,1.75,0.000490196039168116);
#109=CONICAL_SURFACE('',#12328,0.22,1.04719755119661);
#110=CONICAL_SURFACE('',#12332,0.25,1.04719755119659);
#111=CONICAL_SURFACE('',#12338,0.138714227958109,0.331612557878923);
#112=CONICAL_SURFACE('',#12470,0.44,0.785398163397448);
#113=CONICAL_SURFACE('',#12489,1.34377865349805,1.22173047639603);
#114=CONICAL_SURFACE('',#12509,1.34377865349805,1.22173047639603);
#115=CONICAL_SURFACE('',#12553,1.34377865349805,1.22173047639603);
#116=CONICAL_SURFACE('',#12555,1.34377865349805,1.22173047639603);
#117=CONICAL_SURFACE('',#12557,1.34377865349805,1.22173047639603);
#118=CONICAL_SURFACE('',#12559,1.34377865349805,1.22173047639603);
#119=CONICAL_SURFACE('',#12573,3.67851203141302,0.0174532925199427);
#120=CONICAL_SURFACE('',#12577,3.67851203141302,0.0174532925199427);
#121=CONICAL_SURFACE('',#12597,3.273,0.0174532925199435);
#122=CONICAL_SURFACE('',#12653,3.42147136153243,0.034906585039885);
#123=CONICAL_SURFACE('',#12655,3.42147136153243,0.034906585039885);
#124=CONICAL_SURFACE('',#12657,3.425,0.436332312998581);
#125=CONICAL_SURFACE('',#12659,3.425,0.436332312998581);
#126=CONICAL_SURFACE('',#12663,3.67851203141302,0.0174532925199427);
#127=CONICAL_SURFACE('',#12666,3.67851203141302,0.0174532925199427);
#128=CONICAL_SURFACE('',#12683,2.25,0.78539816339745);
#129=CONICAL_SURFACE('',#12707,3.26960220984615,0.0349065850398845);
#130=CONICAL_SURFACE('',#13028,0.155,0.785398163397454);
#131=CONICAL_SURFACE('',#13033,0.155,0.785398163397449);
#132=CONICAL_SURFACE('',#13038,0.155,0.785398163397454);
#133=CONICAL_SURFACE('',#13043,0.155,0.785398163397449);
#134=CONICAL_SURFACE('',#13064,1.34377865349805,1.22173047639603);
#135=CONICAL_SURFACE('',#13068,1.9891377318173,0.017453292519943);
#136=CONICAL_SURFACE('',#13135,0.615,1.22173047639603);
#137=CONICAL_SURFACE('',#13324,0.3125,0.785398163397449);
#138=CONICAL_SURFACE('',#13333,0.969,0.785398163397449);
#139=CONICAL_SURFACE('',#13337,0.75,0.785398163397448);
#140=CONICAL_SURFACE('',#13349,1.594,0.785398163397448);
#141=CONICAL_SURFACE('',#13353,1.625,0.785398163397448);
#142=PLANE('',#12168);
#143=PLANE('',#12218);
#144=PLANE('',#12222);
#145=PLANE('',#12225);
#146=PLANE('',#12231);
#147=PLANE('',#12238);
#148=PLANE('',#12247);
#149=PLANE('',#12250);
#150=PLANE('',#12253);
#151=PLANE('',#12264);
#152=PLANE('',#12265);
#153=PLANE('',#12267);
#154=PLANE('',#12277);
#155=PLANE('',#12278);
#156=PLANE('',#12279);
#157=PLANE('',#12281);
#158=PLANE('',#12283);
#159=PLANE('',#12286);
#160=PLANE('',#12291);
#161=PLANE('',#12299);
#162=PLANE('',#12303);
#163=PLANE('',#12307);
#164=PLANE('',#12311);
#165=PLANE('',#12312);
#166=PLANE('',#12317);
#167=PLANE('',#12321);
#168=PLANE('',#12326);
#169=PLANE('',#12334);
#170=PLANE('',#12340);
#171=PLANE('',#12341);
#172=PLANE('',#12342);
#173=PLANE('',#12343);
#174=PLANE('',#12344);
#175=PLANE('',#12345);
#176=PLANE('',#12346);
#177=PLANE('',#12347);
#178=PLANE('',#12352);
#179=PLANE('',#12354);
#180=PLANE('',#12359);
#181=PLANE('',#12363);
#182=PLANE('',#12367);
#183=PLANE('',#12369);
#184=PLANE('',#12372);
#185=PLANE('',#12375);
#186=PLANE('',#12380);
#187=PLANE('',#12381);
#188=PLANE('',#12382);
#189=PLANE('',#12387);
#190=PLANE('',#12399);
#191=PLANE('',#12407);
#192=PLANE('',#12415);
#193=PLANE('',#12419);
#194=PLANE('',#12433);
#195=PLANE('',#12438);
#196=PLANE('',#12442);
#197=PLANE('',#12445);
#198=PLANE('',#12448);
#199=PLANE('',#12451);
#200=PLANE('',#12454);
#201=PLANE('',#12457);
#202=PLANE('',#12460);
#203=PLANE('',#12463);
#204=PLANE('',#12464);
#205=PLANE('',#12465);
#206=PLANE('',#12472);
#207=PLANE('',#12589);
#208=PLANE('',#12614);
#209=PLANE('',#12617);
#210=PLANE('',#12620);
#211=PLANE('',#12629);
#212=PLANE('',#12645);
#213=PLANE('',#12647);
#214=PLANE('',#12669);
#215=PLANE('',#12674);
#216=PLANE('',#12675);
#217=PLANE('',#12685);
#218=PLANE('',#12690);
#219=PLANE('',#12695);
#220=PLANE('',#12700);
#221=PLANE('',#12705);
#222=PLANE('',#12714);
#223=PLANE('',#12715);
#224=PLANE('',#12719);
#225=PLANE('',#12721);
#226=PLANE('',#12722);
#227=PLANE('',#12726);
#228=PLANE('',#12727);
#229=PLANE('',#12729);
#230=PLANE('',#12733);
#231=PLANE('',#12735);
#232=PLANE('',#12740);
#233=PLANE('',#12741);
#234=PLANE('',#12742);
#235=PLANE('',#12743);
#236=PLANE('',#12744);
#237=PLANE('',#12745);
#238=PLANE('',#12748);
#239=PLANE('',#12760);
#240=PLANE('',#12763);
#241=PLANE('',#12764);
#242=PLANE('',#12765);
#243=PLANE('',#12766);
#244=PLANE('',#12767);
#245=PLANE('',#12768);
#246=PLANE('',#12769);
#247=PLANE('',#12770);
#248=PLANE('',#12773);
#249=PLANE('',#12776);
#250=PLANE('',#12777);
#251=PLANE('',#12778);
#252=PLANE('',#12779);
#253=PLANE('',#12780);
#254=PLANE('',#12781);
#255=PLANE('',#12782);
#256=PLANE('',#12783);
#257=PLANE('',#12784);
#258=PLANE('',#12785);
#259=PLANE('',#12786);
#260=PLANE('',#12787);
#261=PLANE('',#12788);
#262=PLANE('',#12789);
#263=PLANE('',#12790);
#264=PLANE('',#12794);
#265=PLANE('',#12795);
#266=PLANE('',#12797);
#267=PLANE('',#12798);
#268=PLANE('',#12799);
#269=PLANE('',#12800);
#270=PLANE('',#12801);
#271=PLANE('',#12802);
#272=PLANE('',#12804);
#273=PLANE('',#12806);
#274=PLANE('',#12819);
#275=PLANE('',#12820);
#276=PLANE('',#12821);
#277=PLANE('',#12822);
#278=PLANE('',#12823);
#279=PLANE('',#12824);
#280=PLANE('',#12825);
#281=PLANE('',#12832);
#282=PLANE('',#12835);
#283=PLANE('',#12838);
#284=PLANE('',#12841);
#285=PLANE('',#12842);
#286=PLANE('',#12843);
#287=PLANE('',#12844);
#288=PLANE('',#12845);
#289=PLANE('',#12846);
#290=PLANE('',#12847);
#291=PLANE('',#12848);
#292=PLANE('',#12849);
#293=PLANE('',#12850);
#294=PLANE('',#12851);
#295=PLANE('',#12852);
#296=PLANE('',#12853);
#297=PLANE('',#12854);
#298=PLANE('',#12855);
#299=PLANE('',#12856);
#300=PLANE('',#12857);
#301=PLANE('',#12858);
#302=PLANE('',#12859);
#303=PLANE('',#12860);
#304=PLANE('',#12861);
#305=PLANE('',#12862);
#306=PLANE('',#12863);
#307=PLANE('',#12864);
#308=PLANE('',#12865);
#309=PLANE('',#12866);
#310=PLANE('',#12867);
#311=PLANE('',#12868);
#312=PLANE('',#12869);
#313=PLANE('',#12870);
#314=PLANE('',#12873);
#315=PLANE('',#12874);
#316=PLANE('',#12875);
#317=PLANE('',#12876);
#318=PLANE('',#12877);
#319=PLANE('',#12878);
#320=PLANE('',#12879);
#321=PLANE('',#12882);
#322=PLANE('',#12883);
#323=PLANE('',#12884);
#324=PLANE('',#12885);
#325=PLANE('',#12886);
#326=PLANE('',#12887);
#327=PLANE('',#12888);
#328=PLANE('',#12889);
#329=PLANE('',#12890);
#330=PLANE('',#12892);
#331=PLANE('',#12895);
#332=PLANE('',#12896);
#333=PLANE('',#12900);
#334=PLANE('',#12901);
#335=PLANE('',#12906);
#336=PLANE('',#12907);
#337=PLANE('',#12908);
#338=PLANE('',#12910);
#339=PLANE('',#12916);
#340=PLANE('',#12917);
#341=PLANE('',#12918);
#342=PLANE('',#12923);
#343=PLANE('',#12924);
#344=PLANE('',#12925);
#345=PLANE('',#12926);
#346=PLANE('',#12951);
#347=PLANE('',#12954);
#348=PLANE('',#12957);
#349=PLANE('',#12960);
#350=PLANE('',#12963);
#351=PLANE('',#12966);
#352=PLANE('',#12969);
#353=PLANE('',#12972);
#354=PLANE('',#12975);
#355=PLANE('',#12978);
#356=PLANE('',#12981);
#357=PLANE('',#12984);
#358=PLANE('',#12987);
#359=PLANE('',#12990);
#360=PLANE('',#12993);
#361=PLANE('',#12996);
#362=PLANE('',#12999);
#363=PLANE('',#13002);
#364=PLANE('',#13005);
#365=PLANE('',#13008);
#366=PLANE('',#13011);
#367=PLANE('',#13012);
#368=PLANE('',#13015);
#369=PLANE('',#13018);
#370=PLANE('',#13023);
#371=PLANE('',#13024);
#372=PLANE('',#13029);
#373=PLANE('',#13034);
#374=PLANE('',#13039);
#375=PLANE('',#13044);
#376=PLANE('',#13071);
#377=PLANE('',#13074);
#378=PLANE('',#13077);
#379=PLANE('',#13080);
#380=PLANE('',#13081);
#381=PLANE('',#13082);
#382=PLANE('',#13083);
#383=PLANE('',#13084);
#384=PLANE('',#13085);
#385=PLANE('',#13086);
#386=PLANE('',#13087);
#387=PLANE('',#13089);
#388=PLANE('',#13090);
#389=PLANE('',#13091);
#390=PLANE('',#13092);
#391=PLANE('',#13093);
#392=PLANE('',#13094);
#393=PLANE('',#13095);
#394=PLANE('',#13096);
#395=PLANE('',#13097);
#396=PLANE('',#13098);
#397=PLANE('',#13099);
#398=PLANE('',#13100);
#399=PLANE('',#13101);
#400=PLANE('',#13102);
#401=PLANE('',#13103);
#402=PLANE('',#13104);
#403=PLANE('',#13107);
#404=PLANE('',#13111);
#405=PLANE('',#13114);
#406=PLANE('',#13118);
#407=PLANE('',#13119);
#408=PLANE('',#13120);
#409=PLANE('',#13121);
#410=PLANE('',#13122);
#411=PLANE('',#13123);
#412=PLANE('',#13124);
#413=PLANE('',#13125);
#414=PLANE('',#13126);
#415=PLANE('',#13127);
#416=PLANE('',#13128);
#417=PLANE('',#13129);
#418=PLANE('',#13130);
#419=PLANE('',#13131);
#420=PLANE('',#13132);
#421=PLANE('',#13137);
#422=PLANE('',#13138);
#423=PLANE('',#13139);
#424=PLANE('',#13140);
#425=PLANE('',#13141);
#426=PLANE('',#13142);
#427=PLANE('',#13143);
#428=PLANE('',#13145);
#429=PLANE('',#13148);
#430=PLANE('',#13152);
#431=PLANE('',#13155);
#432=PLANE('',#13157);
#433=PLANE('',#13160);
#434=PLANE('',#13162);
#435=PLANE('',#13165);
#436=PLANE('',#13168);
#437=PLANE('',#13171);
#438=PLANE('',#13173);
#439=PLANE('',#13176);
#440=PLANE('',#13178);
#441=PLANE('',#13182);
#442=PLANE('',#13184);
#443=PLANE('',#13186);
#444=PLANE('',#13188);
#445=PLANE('',#13192);
#446=PLANE('',#13194);
#447=PLANE('',#13196);
#448=PLANE('',#13199);
#449=PLANE('',#13202);
#450=PLANE('',#13205);
#451=PLANE('',#13209);
#452=PLANE('',#13212);
#453=PLANE('',#13215);
#454=PLANE('',#13218);
#455=PLANE('',#13221);
#456=PLANE('',#13223);
#457=PLANE('',#13230);
#458=PLANE('',#13234);
#459=PLANE('',#13237);
#460=PLANE('',#13240);
#461=PLANE('',#13243);
#462=PLANE('',#13246);
#463=PLANE('',#13249);
#464=PLANE('',#13252);
#465=PLANE('',#13255);
#466=PLANE('',#13258);
#467=PLANE('',#13261);
#468=PLANE('',#13264);
#469=PLANE('',#13267);
#470=PLANE('',#13268);
#471=PLANE('',#13269);
#472=PLANE('',#13270);
#473=PLANE('',#13271);
#474=PLANE('',#13272);
#475=PLANE('',#13273);
#476=PLANE('',#13274);
#477=PLANE('',#13275);
#478=PLANE('',#13276);
#479=PLANE('',#13277);
#480=PLANE('',#13278);
#481=PLANE('',#13279);
#482=PLANE('',#13280);
#483=PLANE('',#13281);
#484=PLANE('',#13282);
#485=PLANE('',#13283);
#486=PLANE('',#13284);
#487=PLANE('',#13285);
#488=PLANE('',#13286);
#489=PLANE('',#13287);
#490=PLANE('',#13288);
#491=PLANE('',#13289);
#492=PLANE('',#13290);
#493=PLANE('',#13292);
#494=PLANE('',#13298);
#495=PLANE('',#13303);
#496=PLANE('',#13306);
#497=PLANE('',#13307);
#498=PLANE('',#13312);
#499=PLANE('',#13316);
#500=PLANE('',#13320);
#501=PLANE('',#13326);
#502=PLANE('',#13331);
#503=PLANE('',#13340);
#504=PLANE('',#13343);
#505=PLANE('',#13355);
#506=B_SPLINE_CURVE_WITH_KNOTS('',3,(#16583,#16584,#16585,#16586,#16587,
#16588,#16589),.UNSPECIFIED.,.F.,.F.,(4,1,1,1,4),(0.,0.00124493503993062,
0.00248987007986123,0.00373480511979185,0.00497974015972246),
 .UNSPECIFIED.);
#507=B_SPLINE_CURVE_WITH_KNOTS('',3,(#16604,#16605,#16606,#16607),
 .UNSPECIFIED.,.F.,.F.,(4,4),(7.48614008176446E-7,0.00304821024944771),
 .UNSPECIFIED.);
#508=B_SPLINE_CURVE_WITH_KNOTS('',3,(#16611,#16612,#16613,#16614),
 .UNSPECIFIED.,.F.,.F.,(4,4),(0.00304821024944857,0.00607857634348976),
 .UNSPECIFIED.);
#509=B_SPLINE_CURVE_WITH_KNOTS('',3,(#16618,#16619,#16620,#16621),
 .UNSPECIFIED.,.F.,.F.,(4,4),(0.00304821024944771,0.0060785763434889),
 .UNSPECIFIED.);
#510=B_SPLINE_CURVE_WITH_KNOTS('',3,(#16625,#16626,#16627,#16628),
 .UNSPECIFIED.,.F.,.F.,(4,4),(7.48614008179186E-7,0.0030482102494477),
 .UNSPECIFIED.);
#511=B_SPLINE_CURVE_WITH_KNOTS('',3,(#16632,#16633,#16634,#16635),
 .UNSPECIFIED.,.F.,.F.,(4,4),(0.0030482102494477,0.0060785763434889),
 .UNSPECIFIED.);
#512=B_SPLINE_CURVE_WITH_KNOTS('',3,(#16639,#16640,#16641,#16642),
 .UNSPECIFIED.,.F.,.F.,(4,4),(7.48614009047077E-7,0.00304821024944857),
 .UNSPECIFIED.);
#513=B_SPLINE_CURVE_WITH_KNOTS('',3,(#16647,#16648,#16649,#16650),
 .UNSPECIFIED.,.F.,.F.,(4,4),(0.00304821024944771,0.0060785763434889),
 .UNSPECIFIED.);
#514=B_SPLINE_CURVE_WITH_KNOTS('',3,(#16654,#16655,#16656,#16657),
 .UNSPECIFIED.,.F.,.F.,(4,4),(7.48614008179186E-7,0.0030482102494477),
 .UNSPECIFIED.);
#515=B_SPLINE_CURVE_WITH_KNOTS('',3,(#16660,#16661,#16662,#16663),
 .UNSPECIFIED.,.F.,.F.,(4,4),(0.0030482102494477,0.0060785763434889),
 .UNSPECIFIED.);
#516=B_SPLINE_CURVE_WITH_KNOTS('',3,(#16667,#16668,#16669,#16670),
 .UNSPECIFIED.,.F.,.F.,(4,4),(7.48614009047077E-7,0.00304821024944857),
 .UNSPECIFIED.);
#517=B_SPLINE_CURVE_WITH_KNOTS('',3,(#16702,#16703,#16704,#16705),
 .UNSPECIFIED.,.F.,.F.,(4,4),(7.48614008176903E-7,0.00304821024944771),
 .UNSPECIFIED.);
#518=B_SPLINE_CURVE_WITH_KNOTS('',3,(#16709,#16710,#16711,#16712),
 .UNSPECIFIED.,.F.,.F.,(4,4),(0.00304821024944857,0.00607857634348977),
 .UNSPECIFIED.);
#519=B_SPLINE_CURVE_WITH_KNOTS('',3,(#16714,#16715,#16716,#16717),
 .UNSPECIFIED.,.F.,.F.,(4,4),(7.48614009041422E-7,0.00304821024944857),
 .UNSPECIFIED.);
#520=B_SPLINE_CURVE_WITH_KNOTS('',3,(#16720,#16721,#16722,#16723),
 .UNSPECIFIED.,.F.,.F.,(4,4),(0.00304821024944771,0.0060785763434889),
 .UNSPECIFIED.);
#521=B_SPLINE_CURVE_WITH_KNOTS('',3,(#16725,#16726,#16727,#16728),
 .UNSPECIFIED.,.F.,.F.,(4,4),(7.48614008176903E-7,0.00304821024944771),
 .UNSPECIFIED.);
#522=B_SPLINE_CURVE_WITH_KNOTS('',3,(#16732,#16733,#16734,#16735),
 .UNSPECIFIED.,.F.,.F.,(4,4),(0.00304821024944857,0.00607857634348977),
 .UNSPECIFIED.);
#523=B_SPLINE_CURVE_WITH_KNOTS('',3,(#16737,#16738,#16739,#16740),
 .UNSPECIFIED.,.F.,.F.,(4,4),(7.48614009041422E-7,0.00304821024944857),
 .UNSPECIFIED.);
#524=B_SPLINE_CURVE_WITH_KNOTS('',3,(#16743,#16744,#16745,#16746),
 .UNSPECIFIED.,.F.,.F.,(4,4),(0.0030482102494477,0.0060785763434889),
 .UNSPECIFIED.);
#525=B_SPLINE_CURVE_WITH_KNOTS('',3,(#16749,#16750,#16751,#16752),
 .UNSPECIFIED.,.F.,.F.,(4,4),(0.00304821024944771,0.0060785763434889),
 .UNSPECIFIED.);
#526=B_SPLINE_CURVE_WITH_KNOTS('',3,(#16753,#16754,#16755,#16756),
 .UNSPECIFIED.,.F.,.F.,(4,4),(7.486140081784E-7,0.0030482102494477),
 .UNSPECIFIED.);
#527=B_SPLINE_CURVE_WITH_KNOTS('',3,(#16758,#16759,#16760,#16761),
 .UNSPECIFIED.,.F.,.F.,(4,4),(0.00031770318059189,0.0638183392967834),
 .UNSPECIFIED.);
#528=B_SPLINE_CURVE_WITH_KNOTS('',3,(#16766,#16767,#16768,#16769),
 .UNSPECIFIED.,.F.,.F.,(4,4),(0.00031770318057708,0.0638183392967686),
 .UNSPECIFIED.);
#529=B_SPLINE_CURVE_WITH_KNOTS('',3,(#16773,#16774,#16775,#16776),
 .UNSPECIFIED.,.F.,.F.,(4,4),(0.10026013733374,0.146615772599651),
 .UNSPECIFIED.);
#530=B_SPLINE_CURVE_WITH_KNOTS('',3,(#16778,#16779,#16780,#16781,#16782,
#16783,#16784),.UNSPECIFIED.,.F.,.F.,(4,1,1,1,4),(2.32733533156881E-7,0.00316702195956328,
0.00633381118559339,0.00950060041162351,0.0126673896376536),
 .UNSPECIFIED.);
#531=B_SPLINE_CURVE_WITH_KNOTS('',3,(#16788,#16789,#16790,#16791,#16792,
#16793,#16794),.UNSPECIFIED.,.F.,.F.,(4,1,1,1,4),(1.97108676610042E-7,0.00316810257037446,
0.0063360080320723,0.00950391349377015,0.012671818955468),.UNSPECIFIED.);
#532=B_SPLINE_CURVE_WITH_KNOTS('',3,(#16796,#16797,#16798,#16799),
 .UNSPECIFIED.,.F.,.F.,(4,4),(0.100260137333684,0.146615772599595),
 .UNSPECIFIED.);
#533=B_SPLINE_CURVE_WITH_KNOTS('',3,(#16802,#16803,#16804,#16805,#16806,
#16807,#16808),.UNSPECIFIED.,.T.,.F.,(1,1,1,1,1,1,1,1,1,1,1),(-0.0015731987879975,
-0.00104879919199833,-0.000524399595999167,0.,0.000524399595999167,0.00104879919199833,
0.0015731987879975,0.00209759838399667,0.00262199797999583,0.003146397575995,
0.00367079717199417),.UNSPECIFIED.);
#534=B_SPLINE_CURVE_WITH_KNOTS('',3,(#16811,#16812,#16813,#16814),
 .UNSPECIFIED.,.F.,.F.,(4,4),(0.00031770318057708,0.0638183392967686),
 .UNSPECIFIED.);
#535=B_SPLINE_CURVE_WITH_KNOTS('',3,(#16819,#16820,#16821,#16822),
 .UNSPECIFIED.,.F.,.F.,(4,4),(0.00031770318059189,0.0638183392967834),
 .UNSPECIFIED.);
#536=B_SPLINE_CURVE_WITH_KNOTS('',3,(#16826,#16827,#16828,#16829,#16830,
#16831,#16832),.UNSPECIFIED.,.F.,.F.,(4,1,1,1,4),(0.00439081334025342,0.00726438856721232,
0.0101379637941712,0.0130115390211301,0.015885114248089),.UNSPECIFIED.);
#537=B_SPLINE_CURVE_WITH_KNOTS('',3,(#16836,#16837,#16838,#16839,#16840,
#16841,#16842),.UNSPECIFIED.,.F.,.F.,(4,1,1,1,4),(1.96757886045509E-7,0.00288924333890945,
0.00577828991993285,0.00866733650095626,0.0115563830819797),
 .UNSPECIFIED.);
#538=B_SPLINE_CURVE_WITH_KNOTS('',3,(#16844,#16845,#16846,#16847,#16848,
#16849,#16850),.UNSPECIFIED.,.F.,.F.,(4,1,1,1,4),(1.96757886049344E-7,0.00288924333012653,
0.00577828990236702,0.0086673364746075,0.011556383046848),.UNSPECIFIED.);
#539=B_SPLINE_CURVE_WITH_KNOTS('',3,(#16852,#16853,#16854,#16855,#16856,
#16857),.UNSPECIFIED.,.F.,.F.,(4,1,1,4),(0.0018124554350898,0.00692393152389218,
0.00947966956829337,0.0120354076126946),.UNSPECIFIED.);
#540=B_SPLINE_CURVE_WITH_KNOTS('',3,(#16876,#16877,#16878,#16879,#16880,
#16881,#16882,#16883,#16884,#16885,#16886,#16887,#16888,#16889,#16890),
 .UNSPECIFIED.,.F.,.F.,(4,1,1,1,1,1,1,1,1,1,1,1,4),(0.,0.00473849067656852,
0.00710773601485278,0.00947698135313705,0.0118462266914213,0.0142154720297056,
0.0189539627062741,0.0236924533828426,0.0284309440594111,0.0308001893976954,
0.0331694347359797,0.0355386800742639,0.0379079254125482),.UNSPECIFIED.);
#541=B_SPLINE_CURVE_WITH_KNOTS('',3,(#16898,#16899,#16900,#16901,#16902,
#16903,#16904,#16905,#16906,#16907,#16908,#16909,#16910,#16911,#16912),
 .UNSPECIFIED.,.F.,.F.,(4,1,1,1,1,1,1,1,1,1,1,1,4),(0.,0.00237364763214836,
0.00474729526429673,0.00712094289644509,0.00949459052859345,0.0142418857928902,
0.0189891810571869,0.0213628286893353,0.0237364763214836,0.0284837715857804,
0.0308574192179287,0.0332310668500771,0.0379783621143738),.UNSPECIFIED.);
#542=B_SPLINE_CURVE_WITH_KNOTS('',3,(#16936,#16937,#16938,#16939,#16940,
#16941,#16942),.UNSPECIFIED.,.F.,.F.,(4,1,1,1,4),(0.0101712211844475,0.0130475829465681,
0.0159239447086887,0.0188003064708093,0.0216766682329299),.UNSPECIFIED.);
#543=B_SPLINE_CURVE_WITH_KNOTS('',3,(#16946,#16947,#16948,#16949,#16950,
#16951),.UNSPECIFIED.,.F.,.F.,(4,1,1,4),(0.0385094824222623,0.0410636825493609,
0.0436178826764594,0.0487262829306566),.UNSPECIFIED.);
#544=B_SPLINE_CURVE_WITH_KNOTS('',3,(#17158,#17159,#17160,#17161),
 .UNSPECIFIED.,.F.,.F.,(4,4),(0.00304821024944857,0.00607857634348976),
 .UNSPECIFIED.);
#545=B_SPLINE_CURVE_WITH_KNOTS('',3,(#17165,#17166,#17167,#17168),
 .UNSPECIFIED.,.F.,.F.,(4,4),(7.48614008176446E-7,0.00304821024944771),
 .UNSPECIFIED.);
#546=B_SPLINE_CURVE_WITH_KNOTS('',3,(#17176,#17177,#17178,#17179),
 .UNSPECIFIED.,.F.,.F.,(4,4),(7.486140081784E-7,0.00304821024944771),
 .UNSPECIFIED.);
#547=B_SPLINE_CURVE_WITH_KNOTS('',3,(#17181,#17182,#17183,#17184),
 .UNSPECIFIED.,.F.,.F.,(4,4),(0.00304821024944771,0.0060785763434889),
 .UNSPECIFIED.);
#548=B_SPLINE_CURVE_WITH_KNOTS('',3,(#17452,#17453,#17454,#17455),
 .UNSPECIFIED.,.F.,.F.,(4,4),(0.00416041875669521,0.00518964999837757),
 .UNSPECIFIED.);
#549=B_SPLINE_CURVE_WITH_KNOTS('',3,(#17459,#17460,#17461,#17462),
 .UNSPECIFIED.,.F.,.F.,(4,4),(0.00411916336320322,0.00514839460488559),
 .UNSPECIFIED.);
#550=B_SPLINE_CURVE_WITH_KNOTS('',3,(#17496,#17497,#17498,#17499,#17500),
 .UNSPECIFIED.,.F.,.F.,(4,1,4),(1.96962516330722E-7,0.00194729882894496,
0.00389440069537358),.UNSPECIFIED.);
#551=B_SPLINE_CURVE_WITH_KNOTS('',3,(#17502,#17503,#17504,#17505,#17506),
 .UNSPECIFIED.,.F.,.F.,(4,1,4),(1.9716219971448E-7,0.00193749065490074,
0.00387478414760177),.UNSPECIFIED.);
#552=B_SPLINE_CURVE_WITH_KNOTS('',3,(#17510,#17511,#17512,#17513,#17514),
 .UNSPECIFIED.,.F.,.F.,(4,1,4),(5.17307126281846E-7,0.00194729872928073,
0.00389408015143517),.UNSPECIFIED.);
#553=B_SPLINE_CURVE_WITH_KNOTS('',3,(#17518,#17519,#17520,#17521,#17522),
 .UNSPECIFIED.,.F.,.F.,(4,1,4),(5.17927067218112E-7,0.00193781347172486,
0.00387510901638251),.UNSPECIFIED.);
#554=B_SPLINE_CURVE_WITH_KNOTS('',3,(#17524,#17525,#17526,#17527),
 .UNSPECIFIED.,.F.,.F.,(4,4),(0.00011322093677649,0.00203559513510783),
 .UNSPECIFIED.);
#555=B_SPLINE_CURVE_WITH_KNOTS('',3,(#17531,#17532,#17533,#17534),
 .UNSPECIFIED.,.F.,.F.,(4,4),(0.000104960969091635,0.00197339923929878),
 .UNSPECIFIED.);
#556=B_SPLINE_CURVE_WITH_KNOTS('',3,(#17536,#17537,#17538,#17539),
 .UNSPECIFIED.,.F.,.F.,(4,4),(5.17747016721937E-7,0.00192079300351653),
 .UNSPECIFIED.);
#557=B_SPLINE_CURVE_WITH_KNOTS('',3,(#17541,#17542,#17543,#17544),
 .UNSPECIFIED.,.F.,.F.,(4,4),(5.17698611953682E-7,0.00186921152644324),
 .UNSPECIFIED.);
#558=B_SPLINE_CURVE_WITH_KNOTS('',3,(#17548,#17549,#17550,#17551,#17552,
#17553,#17554),.UNSPECIFIED.,.F.,.F.,(4,1,1,1,4),(6.19685857461668E-7,0.00340843442545157,
0.00681624916504567,0.0102240639046398,0.0136318786442339),
 .UNSPECIFIED.);
#559=B_SPLINE_CURVE_WITH_KNOTS('',3,(#17555,#17556,#17557,#17558),
 .UNSPECIFIED.,.F.,.F.,(4,4),(5.8477826804697E-7,0.0163785524664564),
 .UNSPECIFIED.);
#560=B_SPLINE_CURVE_WITH_KNOTS('',3,(#17562,#17563,#17564,#17565),
 .UNSPECIFIED.,.F.,.F.,(4,4),(5.8479748665695E-7,0.0163785524856751),
 .UNSPECIFIED.);
#561=B_SPLINE_CURVE_WITH_KNOTS('',3,(#17567,#17568,#17569,#17570,#17571),
 .UNSPECIFIED.,.F.,.F.,(4,1,4),(1.97154240412473E-7,0.000605932828899813,
0.00121166850355921),.UNSPECIFIED.);
#562=B_SPLINE_CURVE_WITH_KNOTS('',3,(#17573,#17574,#17575,#17576),
 .UNSPECIFIED.,.F.,.F.,(4,4),(2.78837152019112E-7,0.00119070547318252),
 .UNSPECIFIED.);
#563=B_SPLINE_CURVE_WITH_KNOTS('',3,(#17606,#17607,#17608,#17609,#17610),
 .UNSPECIFIED.,.F.,.F.,(4,1,4),(1.96962516330722E-7,0.00194729882894496,
0.00389440069537359),.UNSPECIFIED.);
#564=B_SPLINE_CURVE_WITH_KNOTS('',3,(#17612,#17613,#17614,#17615,#17616),
 .UNSPECIFIED.,.F.,.F.,(4,1,4),(1.97162199754636E-7,0.00193749065490078,
0.00387478414760181),.UNSPECIFIED.);
#565=B_SPLINE_CURVE_WITH_KNOTS('',3,(#17620,#17621,#17622,#17623,#17624),
 .UNSPECIFIED.,.F.,.F.,(4,1,4),(5.17307126300381E-7,0.00194729872928075,
0.00389408015143519),.UNSPECIFIED.);
#566=B_SPLINE_CURVE_WITH_KNOTS('',3,(#17628,#17629,#17630,#17631,#17632),
 .UNSPECIFIED.,.F.,.F.,(4,1,4),(5.17927067334426E-7,0.00193781347172498,
0.00387510901638262),.UNSPECIFIED.);
#567=B_SPLINE_CURVE_WITH_KNOTS('',3,(#17634,#17635,#17636,#17637),
 .UNSPECIFIED.,.F.,.F.,(4,4),(5.17747016843229E-7,0.00192079300351665),
 .UNSPECIFIED.);
#568=B_SPLINE_CURVE_WITH_KNOTS('',3,(#17639,#17640,#17641,#17642),
 .UNSPECIFIED.,.F.,.F.,(4,4),(5.17698612064707E-7,0.00186921152644335),
 .UNSPECIFIED.);
#569=B_SPLINE_CURVE_WITH_KNOTS('',3,(#17646,#17647,#17648,#17649),
 .UNSPECIFIED.,.F.,.F.,(4,4),(0.000113220936776467,0.0020355951351078),
 .UNSPECIFIED.);
#570=B_SPLINE_CURVE_WITH_KNOTS('',3,(#17653,#17654,#17655,#17656),
 .UNSPECIFIED.,.F.,.F.,(4,4),(0.000104960969091529,0.00197339923929868),
 .UNSPECIFIED.);
#571=B_SPLINE_CURVE_WITH_KNOTS('',3,(#17658,#17659,#17660,#17661,#17662,
#17663,#17664),.UNSPECIFIED.,.F.,.F.,(4,1,1,1,4),(6.19685857485595E-7,0.00340843442545159,
0.0068162491650457,0.0102240639046398,0.0136318786442339),.UNSPECIFIED.);
#572=B_SPLINE_CURVE_WITH_KNOTS('',3,(#17665,#17666,#17667,#17668),
 .UNSPECIFIED.,.F.,.F.,(4,4),(5.84778268265833E-7,0.0163785524664567),
 .UNSPECIFIED.);
#573=B_SPLINE_CURVE_WITH_KNOTS('',3,(#17672,#17673,#17674,#17675),
 .UNSPECIFIED.,.F.,.F.,(4,4),(5.84797486792846E-7,0.0163785524856752),
 .UNSPECIFIED.);
#574=B_SPLINE_CURVE_WITH_KNOTS('',3,(#17677,#17678,#17679,#17680,#17681),
 .UNSPECIFIED.,.F.,.F.,(4,1,4),(0.00123111471452065,0.00183666961433791,
0.00244222451415518),.UNSPECIFIED.);
#575=B_SPLINE_CURVE_WITH_KNOTS('',3,(#17685,#17686,#17687,#17688),
 .UNSPECIFIED.,.F.,.F.,(4,4),(1.97165600121862E-7,0.00119062372448916),
 .UNSPECIFIED.);
#576=B_SPLINE_CURVE_WITH_KNOTS('',3,(#17690,#17691,#17692,#17693,#17694),
 .UNSPECIFIED.,.F.,.F.,(4,1,4),(0.00368111561393747,0.00427633555912452,
0.00487155550431157),.UNSPECIFIED.);
#577=B_SPLINE_CURVE_WITH_KNOTS('',3,(#17699,#17700,#17701,#17702),
 .UNSPECIFIED.,.F.,.F.,(4,4),(1.97165600165406E-7,0.0011906237244892),
 .UNSPECIFIED.);
#578=B_SPLINE_CURVE_WITH_KNOTS('',3,(#17706,#17707,#17708,#17709,#17710),
 .UNSPECIFIED.,.F.,.F.,(4,1,4),(0.00465775631750597,0.00525301697531446,
0.00584827763312294),.UNSPECIFIED.);
#579=B_SPLINE_CURVE_WITH_KNOTS('',3,(#17715,#17716,#17717,#17718),
 .UNSPECIFIED.,.F.,.F.,(4,4),(2.78837151969433E-7,0.00119070547318247),
 .UNSPECIFIED.);
#580=B_SPLINE_CURVE_WITH_KNOTS('',3,(#17722,#17723,#17724,#17725,#17726),
 .UNSPECIFIED.,.F.,.F.,(4,1,4),(0.00123111471452066,0.00183666961433793,
0.00244222451415519),.UNSPECIFIED.);
#581=B_SPLINE_CURVE_WITH_KNOTS('',3,(#17730,#17731,#17732,#17733),
 .UNSPECIFIED.,.F.,.F.,(4,4),(1.97165600164551E-7,0.0011906237244892),
 .UNSPECIFIED.);
#582=B_SPLINE_CURVE_WITH_KNOTS('',3,(#17735,#17736,#17737,#17738,#17739),
 .UNSPECIFIED.,.F.,.F.,(4,1,4),(0.00368187752636438,0.00427709540595109,
0.0048723132855378),.UNSPECIFIED.);
#583=B_SPLINE_CURVE_WITH_KNOTS('',3,(#17744,#17745,#17746,#17747),
 .UNSPECIFIED.,.F.,.F.,(4,4),(2.11205629192566E-7,0.00119628137735216),
 .UNSPECIFIED.);
#584=B_SPLINE_CURVE_WITH_KNOTS('',3,(#17751,#17752,#17753,#17754),
 .UNSPECIFIED.,.F.,.F.,(4,4),(1.97155307585528E-7,0.00119626041995519),
 .UNSPECIFIED.);
#585=B_SPLINE_CURVE_WITH_KNOTS('',3,(#17759,#17760,#17761,#17762),
 .UNSPECIFIED.,.F.,.F.,(4,4),(2.78837151989363E-7,0.0011907054731825),
 .UNSPECIFIED.);
#586=B_SPLINE_CURVE_WITH_KNOTS('',3,(#17766,#17767,#17768,#17769,#17770),
 .UNSPECIFIED.,.F.,.F.,(4,1,4),(1.97154240425786E-7,0.000605932828899828,
0.00121166850355923),.UNSPECIFIED.);
#587=B_SPLINE_CURVE_WITH_KNOTS('',3,(#17772,#17773,#17774,#17775),
 .UNSPECIFIED.,.F.,.F.,(4,4),(2.78837151994345E-7,0.0011907054731825),
 .UNSPECIFIED.);
#588=B_SPLINE_CURVE_WITH_KNOTS('',3,(#17806,#17807,#17808,#17809,#17810),
 .UNSPECIFIED.,.F.,.F.,(4,1,4),(0.0047950155455191,0.00673518815244979,
0.00867536075938048),.UNSPECIFIED.);
#589=B_SPLINE_CURVE_WITH_KNOTS('',3,(#17811,#17812,#17813,#17814,#17815),
 .UNSPECIFIED.,.F.,.F.,(4,1,4),(1.9716219971277E-7,0.00193749065490074,
0.00387478414760177),.UNSPECIFIED.);
#590=B_SPLINE_CURVE_WITH_KNOTS('',3,(#17817,#17818,#17819,#17820,#17821),
 .UNSPECIFIED.,.F.,.F.,(4,1,4),(0.00867536075938051,0.0106137219628772,
0.0125520831663739),.UNSPECIFIED.);
#591=B_SPLINE_CURVE_WITH_KNOTS('',3,(#17825,#17826,#17827,#17828,#17829),
 .UNSPECIFIED.,.F.,.F.,(4,1,4),(5.17927067335346E-7,0.00193781347172498,
0.00387510901638262),.UNSPECIFIED.);
#592=B_SPLINE_CURVE_WITH_KNOTS('',3,(#17831,#17832,#17833,#17834,#17835),
 .UNSPECIFIED.,.F.,.F.,(4,1,4),(0.00867536075938048,0.0106137219628772,
0.0125520831663739),.UNSPECIFIED.);
#593=B_SPLINE_CURVE_WITH_KNOTS('',3,(#17839,#17840,#17841,#17842,#17843),
 .UNSPECIFIED.,.F.,.F.,(4,1,4),(5.21539091420548E-7,0.00194370733925008,
0.00388689313940873),.UNSPECIFIED.);
#594=B_SPLINE_CURVE_WITH_KNOTS('',3,(#17845,#17846,#17847,#17848,#17849),
 .UNSPECIFIED.,.F.,.F.,(4,1,4),(1.97150804667499E-7,0.00194317807403542,
0.00388615899726616),.UNSPECIFIED.);
#595=B_SPLINE_CURVE_WITH_KNOTS('',3,(#17853,#17854,#17855,#17856,#17857),
 .UNSPECIFIED.,.F.,.F.,(4,1,4),(5.17927067213033E-7,0.00193781347172486,
0.0038751090163825),.UNSPECIFIED.);
#596=B_SPLINE_CURVE_WITH_KNOTS('',3,(#17862,#17863,#17864,#17865),
 .UNSPECIFIED.,.F.,.F.,(4,4),(0.00595395747695946,0.00782313871484163),
 .UNSPECIFIED.);
#597=B_SPLINE_CURVE_WITH_KNOTS('',3,(#17866,#17867,#17868,#17869),
 .UNSPECIFIED.,.F.,.F.,(4,4),(5.17698611948896E-7,0.00186921152644324),
 .UNSPECIFIED.);
#598=B_SPLINE_CURVE_WITH_KNOTS('',3,(#17871,#17872,#17873,#17874),
 .UNSPECIFIED.,.F.,.F.,(4,4),(0.00584944897136969,0.00771847899669459),
 .UNSPECIFIED.);
#599=B_SPLINE_CURVE_WITH_KNOTS('',3,(#17878,#17879,#17880,#17881),
 .UNSPECIFIED.,.F.,.F.,(4,4),(0.000104960969091529,0.00197339923929868),
 .UNSPECIFIED.);
#600=B_SPLINE_CURVE_WITH_KNOTS('',3,(#17883,#17884,#17885,#17886),
 .UNSPECIFIED.,.F.,.F.,(4,4),(0.00584944897137037,0.00771847899669527),
 .UNSPECIFIED.);
#601=B_SPLINE_CURVE_WITH_KNOTS('',3,(#17890,#17891,#17892,#17893),
 .UNSPECIFIED.,.F.,.F.,(4,4),(0.00010561039643094,0.00198767437606732),
 .UNSPECIFIED.);
#602=B_SPLINE_CURVE_WITH_KNOTS('',3,(#17895,#17896,#17897,#17898),
 .UNSPECIFIED.,.F.,.F.,(4,4),(5.21253473231818E-7,0.00188288323805077),
 .UNSPECIFIED.);
#603=B_SPLINE_CURVE_WITH_KNOTS('',3,(#17902,#17903,#17904,#17905),
 .UNSPECIFIED.,.F.,.F.,(4,4),(0.000104960969091635,0.00197339923929879),
 .UNSPECIFIED.);
#604=B_SPLINE_CURVE_WITH_KNOTS('',3,(#17907,#17908,#17909,#17910),
 .UNSPECIFIED.,.F.,.F.,(4,4),(0.0270786195318369,0.0434565871846178),
 .UNSPECIFIED.);
#605=B_SPLINE_CURVE_WITH_KNOTS('',3,(#17912,#17913,#17914,#17915),
 .UNSPECIFIED.,.F.,.F.,(4,4),(5.84778268046674E-7,0.0163785524664564),
 .UNSPECIFIED.);
#606=B_SPLINE_CURVE_WITH_KNOTS('',3,(#17919,#17920,#17921,#17922),
 .UNSPECIFIED.,.F.,.F.,(4,4),(0.0221402811687293,0.0385182488506186),
 .UNSPECIFIED.);
#607=B_SPLINE_CURVE_WITH_KNOTS('',3,(#17926,#17927,#17928,#17929),
 .UNSPECIFIED.,.F.,.F.,(4,4),(5.84797486792846E-7,0.0163785524856752),
 .UNSPECIFIED.);
#608=B_SPLINE_CURVE_WITH_KNOTS('',3,(#17931,#17932,#17933,#17934),
 .UNSPECIFIED.,.F.,.F.,(4,4),(0.0221402811687293,0.0385182488506186),
 .UNSPECIFIED.);
#609=B_SPLINE_CURVE_WITH_KNOTS('',3,(#17938,#17939,#17940,#17941),
 .UNSPECIFIED.,.F.,.F.,(4,4),(5.885131191068E-7,0.0164500528203295),
 .UNSPECIFIED.);
#610=B_SPLINE_CURVE_WITH_KNOTS('',3,(#17943,#17944,#17945,#17946),
 .UNSPECIFIED.,.F.,.F.,(4,4),(5.86532762214511E-7,0.0164500508399726),
 .UNSPECIFIED.);
#611=B_SPLINE_CURVE_WITH_KNOTS('',3,(#17950,#17951,#17952,#17953),
 .UNSPECIFIED.,.F.,.F.,(4,4),(5.8479748665695E-7,0.016378552485675),
 .UNSPECIFIED.);
#612=B_SPLINE_CURVE_WITH_KNOTS('',3,(#17958,#17959,#17960,#17961),
 .UNSPECIFIED.,.F.,.F.,(4,4),(0.0084971450567786,0.0103218101687807),
 .UNSPECIFIED.);
#613=B_SPLINE_CURVE_WITH_KNOTS('',3,(#17962,#17963,#17964,#17965),
 .UNSPECIFIED.,.F.,.F.,(4,4),(5.7680146894261E-7,0.00182535578418289),
 .UNSPECIFIED.);
#614=B_SPLINE_CURVE_WITH_KNOTS('',3,(#17967,#17968,#17969,#17970),
 .UNSPECIFIED.,.F.,.F.,(4,4),(0.00873694808777096,0.0105619319660939),
 .UNSPECIFIED.);
#615=B_SPLINE_CURVE_WITH_KNOTS('',3,(#17974,#17975,#17976,#17977),
 .UNSPECIFIED.,.F.,.F.,(4,4),(1.97193268819706E-7,0.00182497560710553),
 .UNSPECIFIED.);
#616=B_SPLINE_CURVE_WITH_KNOTS('',3,(#17979,#17980,#17981,#17982),
 .UNSPECIFIED.,.F.,.F.,(4,4),(5.7680146892212E-7,0.00182535578418288),
 .UNSPECIFIED.);
#617=B_SPLINE_CURVE_WITH_KNOTS('',3,(#17986,#17987,#17988,#17989),
 .UNSPECIFIED.,.F.,.F.,(4,4),(1.97193268784758E-7,0.00182497560710549),
 .UNSPECIFIED.);
#618=B_SPLINE_CURVE_WITH_KNOTS('',3,(#17991,#17992,#17993,#17994),
 .UNSPECIFIED.,.F.,.F.,(4,4),(0.00231675208335884,0.00414299347847454),
 .UNSPECIFIED.);
#619=B_SPLINE_CURVE_WITH_KNOTS('',3,(#17998,#17999,#18000,#18001),
 .UNSPECIFIED.,.F.,.F.,(4,4),(1.97189585679289E-7,0.00182723375445272),
 .UNSPECIFIED.);
#620=B_SPLINE_CURVE_WITH_KNOTS('',3,(#18003,#18004,#18005,#18006),
 .UNSPECIFIED.,.F.,.F.,(4,4),(5.78554930321135E-7,0.00182767289597855),
 .UNSPECIFIED.);
#621=B_SPLINE_CURVE_WITH_KNOTS('',3,(#18010,#18011,#18012,#18013),
 .UNSPECIFIED.,.F.,.F.,(4,4),(1.97193268784758E-7,0.00182497560710549),
 .UNSPECIFIED.);
#622=B_SPLINE_CURVE_WITH_KNOTS('',3,(#18015,#18016,#18017,#18018),
 .UNSPECIFIED.,.F.,.F.,(4,4),(5.76801468730371E-7,0.00182535578418269),
 .UNSPECIFIED.);
#623=B_SPLINE_CURVE_WITH_KNOTS('',3,(#18022,#18023,#18024,#18025),
 .UNSPECIFIED.,.F.,.F.,(4,4),(1.97193268712084E-7,0.00182497560710534),
 .UNSPECIFIED.);
#624=B_SPLINE_CURVE_WITH_KNOTS('',3,(#18027,#18028,#18029,#18030),
 .UNSPECIFIED.,.F.,.F.,(4,4),(0.0462736705102928,0.0819299909143146),
 .UNSPECIFIED.);
#625=B_SPLINE_CURVE_WITH_KNOTS('',3,(#18035,#18036,#18037,#18038),
 .UNSPECIFIED.,.F.,.F.,(4,4),(2.00030729425321E-7,0.00261463710253284),
 .UNSPECIFIED.);
#626=B_SPLINE_CURVE_WITH_KNOTS('',3,(#18042,#18043,#18044,#18045),
 .UNSPECIFIED.,.F.,.F.,(4,4),(0.000165390189443339,0.0332060218609144),
 .UNSPECIFIED.);
#627=B_SPLINE_CURVE_WITH_KNOTS('',3,(#18049,#18050,#18051,#18052),
 .UNSPECIFIED.,.F.,.F.,(4,4),(0.0462709220613956,0.0819272424654174),
 .UNSPECIFIED.);
#628=B_SPLINE_CURVE_WITH_KNOTS('',3,(#18057,#18058,#18059,#18060),
 .UNSPECIFIED.,.F.,.F.,(4,4),(0.000165418700016979,0.0332060469536637),
 .UNSPECIFIED.);
#629=B_SPLINE_CURVE_WITH_KNOTS('',3,(#18064,#18065,#18066,#18067),
 .UNSPECIFIED.,.F.,.F.,(4,4),(2.00030729647331E-7,0.00261463710253306),
 .UNSPECIFIED.);
#630=B_SPLINE_CURVE_WITH_KNOTS('',3,(#18071,#18072,#18073,#18074,#18075,
#18076,#18077,#18078,#18079,#18080,#18081),.UNSPECIFIED.,.F.,.F.,(4,1,1,
1,1,1,1,1,4),(0.0509643835696375,0.0542851309519351,0.0576058783342328,
0.0609266257165304,0.064247373098828,0.0675681204811256,0.0708888678634233,
0.0742096152457209,0.0775303626280185),.UNSPECIFIED.);
#631=B_SPLINE_CURVE_WITH_KNOTS('',3,(#18086,#18087,#18088,#18089,#18090,
#18091,#18092,#18093,#18094,#18095,#18096),.UNSPECIFIED.,.F.,.F.,(4,1,1,
1,1,1,1,1,4),(0.012439523305425,0.0157588686063251,0.0190782139072252,0.0223975592081254,
0.0257169045090255,0.0290362498099256,0.0323555951108257,0.0356749404117258,
0.0389942857126259),.UNSPECIFIED.);
#632=B_SPLINE_CURVE_WITH_KNOTS('',3,(#18100,#18101,#18102,#18103,#18104,
#18105,#18106,#18107,#18108,#18109,#18110,#18111),.UNSPECIFIED.,.F.,.F.,
(4,1,1,1,1,1,1,1,1,4),(0.025402506294759,0.0287206587902344,0.0320388112857099,
0.0353569637811853,0.0386751162766607,0.0419932687721362,0.0453114212676116,
0.0486295737630871,0.0502886500108248,0.0519477262585625),.UNSPECIFIED.);
#633=B_SPLINE_CURVE_WITH_KNOTS('',3,(#18115,#18116,#18117,#18118,#18119,
#18120,#18121,#18122,#18123,#18124,#18125),.UNSPECIFIED.,.F.,.F.,(4,1,1,
1,1,1,1,1,4),(0.0381613272473955,0.0414812324153302,0.0448011375832648,
0.0481210427511994,0.051440947919134,0.0547608530870686,0.0580807582550033,
0.0614006634229379,0.0647205685908725),.UNSPECIFIED.);
#634=B_SPLINE_CURVE_WITH_KNOTS('',3,(#18128,#18129,#18130,#18131,#18132,
#18133,#18134,#18135,#18136),.UNSPECIFIED.,.F.,.F.,(4,1,1,1,1,1,4),(0.0662994193223746,
0.0701646743588526,0.0740299293953306,0.0778951844318086,0.0817604394682866,
0.0894909495412426,0.0972214596141986),.UNSPECIFIED.);
#635=B_SPLINE_CURVE_WITH_KNOTS('',3,(#18140,#18141,#18142,#18143,#18144,
#18145,#18146,#18147,#18148,#18149),.UNSPECIFIED.,.F.,.F.,(4,1,1,1,1,1,
1,4),(0.0347896226392821,0.0425043339461687,0.046361689599612,0.0502190452530553,
0.0540764009064986,0.0579337565599418,0.0617911122133851,0.0656484678668284),
 .UNSPECIFIED.);
#636=B_SPLINE_CURVE_WITH_KNOTS('',3,(#18150,#18151,#18152,#18153,#18154,
#18155),.UNSPECIFIED.,.F.,.F.,(4,1,1,4),(1.97187305668081E-7,0.00345659839044334,
0.00691299959358101,0.0138258019998563),.UNSPECIFIED.);
#637=B_SPLINE_CURVE_WITH_KNOTS('',3,(#18157,#18158,#18159,#18160,#18161,
#18162,#18163,#18164,#18165,#18166,#18167),.UNSPECIFIED.,.F.,.F.,(4,1,1,
1,1,1,1,1,4),(5.71381176009517E-7,0.00372348687991903,0.00744640237866205,
0.0111693178774051,0.0148922333761481,0.0186151488748911,0.0223380643736341,
0.0260609798723772,0.0297838953711202),.UNSPECIFIED.);
#638=B_SPLINE_CURVE_WITH_KNOTS('',3,(#18169,#18170,#18171,#18172,#18173,
#18174),.UNSPECIFIED.,.F.,.F.,(4,1,1,4),(3.30837401780648E-7,0.00345689863671708,
0.00691346643603238,0.013826602034663),.UNSPECIFIED.);
#639=B_SPLINE_CURVE_WITH_KNOTS('',3,(#18178,#18179,#18180,#18181,#18182,
#18183,#18184),.UNSPECIFIED.,.F.,.F.,(4,1,1,1,4),(0.0353866042471579,0.0388463100469692,
0.0423060158467804,0.0457657216465916,0.0492254274464028),.UNSPECIFIED.);
#640=B_SPLINE_CURVE_WITH_KNOTS('',3,(#18186,#18187,#18188,#18189,#18190,
#18191,#18192,#18193,#18194,#18195,#18196),.UNSPECIFIED.,.F.,.F.,(4,1,1,
1,1,1,1,1,4),(2.85676197305636E-7,0.00372319746503834,0.00744610925387938,
0.0111690210427204,0.0148919328315615,0.0186148446204025,0.0223377564092435,
0.0260606681980846,0.0297835799869256),.UNSPECIFIED.);
#641=B_SPLINE_CURVE_WITH_KNOTS('',3,(#18198,#18199,#18200,#18201,#18202,
#18203,#18204),.UNSPECIFIED.,.F.,.F.,(4,1,1,1,4),(0.0208898737681734,0.0243500589787017,
0.02781024418923,0.0312704293997583,0.0347306146102866),.UNSPECIFIED.);
#642=B_SPLINE_CURVE_WITH_KNOTS('',3,(#18208,#18209,#18210,#18211,#18212,
#18213),.UNSPECIFIED.,.F.,.F.,(4,1,1,4),(1.97187305668081E-7,0.00345659839044777,
0.00691299959358987,0.0138258019998741),.UNSPECIFIED.);
#643=B_SPLINE_CURVE_WITH_KNOTS('',3,(#18215,#18216,#18217,#18218,#18219,
#18220,#18221,#18222,#18223,#18224,#18225),.UNSPECIFIED.,.F.,.F.,(4,1,1,
1,1,1,1,1,4),(3.29873528559217E-7,0.00372324286394068,0.0074461558543528,
0.0111690688447649,0.014891981835177,0.0186148948255892,0.0223378078160013,
0.0260607208064134,0.0297836337968255),.UNSPECIFIED.);
#644=B_SPLINE_CURVE_WITH_KNOTS('',3,(#18227,#18228,#18229,#18230,#18231,
#18232),.UNSPECIFIED.,.F.,.F.,(4,1,1,4),(3.30837401979345E-7,0.00345689863671729,
0.0069134664360326,0.0138266020346632),.UNSPECIFIED.);
#645=B_SPLINE_CURVE_WITH_KNOTS('',3,(#18253,#18254,#18255,#18256,#18257,
#18258,#18259,#18260,#18261,#18262,#18263),.UNSPECIFIED.,.T.,.F.,(1,1,1,
1,1,1,1,1,1,1,1,1,1,1,1),(-0.0122121584518822,-0.00814143896792148,-0.00407071948396074,
0.,0.00407071948396074,0.00814143896792148,0.0122121584518822,0.016282877935843,
0.0203535974198037,0.0244243169037644,0.0284950363877252,0.0325657558716859,
0.0366364753556467,0.0407071948396074,0.0447779143235681),.UNSPECIFIED.);
#646=B_SPLINE_CURVE_WITH_KNOTS('',3,(#18265,#18266,#18267,#18268,#18269,
#18270,#18271,#18272,#18273,#18274,#18275),.UNSPECIFIED.,.T.,.F.,(1,1,1,
1,1,1,1,1,1,1,1,1,1,1,1),(-0.0122122858340218,-0.00814152388934789,-0.00407076194467394,
0.,0.00407076194467394,0.00814152388934789,0.0122122858340218,0.0162830477786958,
0.0203538097233697,0.0244245716680437,0.0284953336127176,0.0325660955573916,
0.0366368575020655,0.0407076194467394,0.0447783813914134),.UNSPECIFIED.);
#647=B_SPLINE_CURVE_WITH_KNOTS('',3,(#18279,#18280,#18281,#18282,#18283,
#18284,#18285,#18286,#18287,#18288,#18289),.UNSPECIFIED.,.T.,.F.,(1,1,1,
1,1,1,1,1,1,1,1,1,1,1,1),(-0.0122122858340218,-0.00814152388934788,-0.00407076194467394,
0.,0.00407076194467394,0.00814152388934788,0.0122122858340218,0.0162830477786958,
0.0203538097233697,0.0244245716680436,0.0284953336127176,0.0325660955573915,
0.0366368575020655,0.0407076194467394,0.0447783813914134),.UNSPECIFIED.);
#648=B_SPLINE_CURVE_WITH_KNOTS('',3,(#18291,#18292,#18293,#18294,#18295,
#18296,#18297,#18298,#18299,#18300,#18301),.UNSPECIFIED.,.T.,.F.,(1,1,1,
1,1,1,1,1,1,1,1,1,1,1,1),(-0.0122121584518822,-0.00814143896792149,-0.00407071948396075,
0.,0.00407071948396075,0.00814143896792149,0.0122121584518822,0.016282877935843,
0.0203535974198037,0.0244243169037645,0.0284950363877252,0.032565755871686,
0.0366364753556467,0.0407071948396075,0.0447779143235682),.UNSPECIFIED.);
#649=B_SPLINE_CURVE_WITH_KNOTS('',3,(#18426,#18427,#18428,#18429,#18430,
#18431),.UNSPECIFIED.,.F.,.F.,(4,1,1,4),(0.0214623892308554,0.0240140001127239,
0.0265656109945924,0.0316688327583294),.UNSPECIFIED.);
#650=B_SPLINE_CURVE_WITH_KNOTS('',3,(#18432,#18433,#18434,#18435,#18436,
#18437),.UNSPECIFIED.,.F.,.F.,(4,1,1,4),(0.00927201484509517,0.0143825036055091,
0.0169377479857161,0.0194929923659231),.UNSPECIFIED.);
#651=B_SPLINE_CURVE_WITH_KNOTS('',3,(#18439,#18440,#18441,#18442,#18443),
 .UNSPECIFIED.,.F.,.F.,(4,1,4),(0.00404029828613766,0.00463941838629681,
0.00523853848645596),.UNSPECIFIED.);
#652=B_SPLINE_CURVE_WITH_KNOTS('',3,(#18447,#18448,#18449,#18450,#18451),
 .UNSPECIFIED.,.F.,.F.,(4,1,4),(0.00277047343194944,0.00336980334859219,
0.00396913326523494),.UNSPECIFIED.);
#653=B_SPLINE_CURVE_WITH_KNOTS('',3,(#18453,#18454,#18455,#18456,#18457),
 .UNSPECIFIED.,.F.,.F.,(4,1,4),(0.00082637180630953,0.00142611587144467,
0.00202585993657982),.UNSPECIFIED.);
#654=B_SPLINE_CURVE_WITH_KNOTS('',3,(#18461,#18462,#18463,#18464,#18465),
 .UNSPECIFIED.,.F.,.F.,(4,1,4),(0.00435225942645329,0.00495112453684663,
0.00554998964723998),.UNSPECIFIED.);
#655=B_SPLINE_CURVE_WITH_KNOTS('',3,(#18467,#18468,#18469,#18470,#18471),
 .UNSPECIFIED.,.F.,.F.,(4,1,4),(0.000544781861290577,0.00114436356550473,
0.00174394526971888),.UNSPECIFIED.);
#656=B_SPLINE_CURVE_WITH_KNOTS('',3,(#18475,#18476,#18477,#18478,#18479),
 .UNSPECIFIED.,.F.,.F.,(4,1,4),(0.0043317393929688,0.00493057156150588,
0.00552940373004296),.UNSPECIFIED.);
#657=B_SPLINE_CURVE_WITH_KNOTS('',3,(#18481,#18482,#18483,#18484,#18485),
 .UNSPECIFIED.,.F.,.F.,(4,1,4),(0.00406091795951921,0.00465997549468532,
0.00525903302985144),.UNSPECIFIED.);
#658=B_SPLINE_CURVE_WITH_KNOTS('',3,(#18489,#18490,#18491,#18492,#18493),
 .UNSPECIFIED.,.F.,.F.,(4,1,4),(0.00305215982991419,0.00365146767872182,
0.00425077552752944),.UNSPECIFIED.);
#659=B_SPLINE_CURVE_WITH_KNOTS('',3,(#18499,#18500,#18501,#18502),
 .UNSPECIFIED.,.F.,.F.,(4,4),(0.0408462616234221,0.0413475693281361),
 .UNSPECIFIED.);
#660=B_SPLINE_CURVE_WITH_KNOTS('',3,(#18506,#18507,#18508,#18509),
 .UNSPECIFIED.,.F.,.F.,(4,4),(0.,0.000502396750325923),.UNSPECIFIED.);
#661=B_SPLINE_CURVE_WITH_KNOTS('',3,(#18515,#18516,#18517,#18518),
 .UNSPECIFIED.,.F.,.F.,(4,4),(0.0408462616234221,0.0413475693281361),
 .UNSPECIFIED.);
#662=B_SPLINE_CURVE_WITH_KNOTS('',3,(#18522,#18523,#18524,#18525),
 .UNSPECIFIED.,.F.,.F.,(4,4),(0.,0.000502396750325923),.UNSPECIFIED.);
#663=B_SPLINE_CURVE_WITH_KNOTS('',3,(#18542,#18543,#18544,#18545),
 .UNSPECIFIED.,.F.,.F.,(4,4),(1.98269057322854E-7,0.00117698149018704),
 .UNSPECIFIED.);
#664=B_SPLINE_CURVE_WITH_KNOTS('',3,(#18546,#18547,#18548,#18549),
 .UNSPECIFIED.,.F.,.F.,(4,4),(0.00117040701040454,0.00234715338514302),
 .UNSPECIFIED.);
#665=B_SPLINE_CURVE_WITH_KNOTS('',3,(#18554,#18555,#18556,#18557),
 .UNSPECIFIED.,.F.,.F.,(4,4),(1.98269057322854E-7,0.00117698149018704),
 .UNSPECIFIED.);
#666=B_SPLINE_CURVE_WITH_KNOTS('',3,(#18558,#18559,#18560,#18561),
 .UNSPECIFIED.,.F.,.F.,(4,4),(0.00117040701040454,0.00234715338514302),
 .UNSPECIFIED.);
#667=B_SPLINE_CURVE_WITH_KNOTS('',3,(#18563,#18564,#18565,#18566),
 .UNSPECIFIED.,.F.,.F.,(4,4),(2.08443786007881E-7,0.00262085272787721),
 .UNSPECIFIED.);
#668=B_SPLINE_CURVE_WITH_KNOTS('',3,(#18570,#18571,#18572,#18573),
 .UNSPECIFIED.,.F.,.F.,(4,4),(2.00134238833727E-7,0.00262084441833004),
 .UNSPECIFIED.);
#669=B_SPLINE_CURVE_WITH_KNOTS('',3,(#18575,#18576,#18577,#18578),
 .UNSPECIFIED.,.F.,.F.,(4,4),(2.00134238833727E-7,0.00262084441833004),
 .UNSPECIFIED.);
#670=B_SPLINE_CURVE_WITH_KNOTS('',3,(#18580,#18581,#18582,#18583),
 .UNSPECIFIED.,.F.,.F.,(4,4),(2.08443786007881E-7,0.00262085272787721),
 .UNSPECIFIED.);
#671=B_SPLINE_CURVE_WITH_KNOTS('',3,(#18587,#18588,#18589,#18590,#18591),
 .UNSPECIFIED.,.F.,.F.,(4,1,4),(2.99754518411811E-7,0.00370435770205047,
0.00740841564958252),.UNSPECIFIED.);
#672=B_SPLINE_CURVE_WITH_KNOTS('',3,(#18595,#18596,#18597,#18598,#18599),
 .UNSPECIFIED.,.F.,.F.,(4,1,4),(2.22686188398673E-7,0.00370649205844197,
0.00741276143069555),.UNSPECIFIED.);
#673=B_SPLINE_CURVE_WITH_KNOTS('',3,(#18601,#18602,#18603,#18604,#18605),
 .UNSPECIFIED.,.F.,.F.,(4,1,4),(2.22686188397947E-7,0.00370649205844197,
0.00741276143069555),.UNSPECIFIED.);
#674=B_SPLINE_CURVE_WITH_KNOTS('',3,(#18607,#18608,#18609,#18610,#18611),
 .UNSPECIFIED.,.F.,.F.,(4,1,4),(2.99754518411811E-7,0.00370435770205047,
0.00740841564958252),.UNSPECIFIED.);
#675=B_SPLINE_CURVE_WITH_KNOTS('',3,(#18617,#18618,#18619,#18620,#18621,
#18622,#18623,#18624),.UNSPECIFIED.,.F.,.F.,(4,1,1,1,1,4),(2.99162243133758E-7,
0.00244360967659877,0.0048869201909544,0.00977354121966567,0.0146601622483769,
0.0195467832770882),.UNSPECIFIED.);
#676=B_SPLINE_CURVE_WITH_KNOTS('',3,(#18625,#18626,#18627,#18628,#18629,
#18630,#18631,#18632),.UNSPECIFIED.,.F.,.F.,(4,1,1,1,1,4),(2.99162243129151E-7,
0.00244360967659876,0.0048869201909544,0.00977354121966567,0.0146601622483769,
0.0195467832770882),.UNSPECIFIED.);
#677=B_SPLINE_CURVE_WITH_KNOTS('',3,(#18634,#18635,#18636,#18637),
 .UNSPECIFIED.,.F.,.F.,(4,4),(0.000165418700016924,0.0332060469536637),
 .UNSPECIFIED.);
#678=B_SPLINE_CURVE_WITH_KNOTS('',3,(#18641,#18642,#18643,#18644),
 .UNSPECIFIED.,.F.,.F.,(4,4),(2.00030729647331E-7,0.00261463710253306),
 .UNSPECIFIED.);
#679=B_SPLINE_CURVE_WITH_KNOTS('',3,(#18645,#18646,#18647,#18648),
 .UNSPECIFIED.,.F.,.F.,(4,4),(0.00670415718095908,0.00931859425276247),
 .UNSPECIFIED.);
#680=B_SPLINE_CURVE_WITH_KNOTS('',3,(#18652,#18653,#18654,#18655),
 .UNSPECIFIED.,.F.,.F.,(4,4),(0.000165390189443339,0.0332060218609144),
 .UNSPECIFIED.);
#681=B_SPLINE_CURVE_WITH_KNOTS('',3,(#18660,#18661,#18662,#18663),
 .UNSPECIFIED.,.F.,.F.,(4,4),(0.000165390189443339,0.0332060218609144),
 .UNSPECIFIED.);
#682=B_SPLINE_CURVE_WITH_KNOTS('',3,(#18664,#18665,#18666,#18667),
 .UNSPECIFIED.,.F.,.F.,(4,4),(0.000165418700016979,0.0332060469536637),
 .UNSPECIFIED.);
#683=B_SPLINE_CURVE_WITH_KNOTS('',3,(#18671,#18672,#18673,#18674),
 .UNSPECIFIED.,.F.,.F.,(4,4),(0.00670415721201135,0.00931859428381474),
 .UNSPECIFIED.);
#684=B_SPLINE_CURVE_WITH_KNOTS('',3,(#18675,#18676,#18677,#18678),
 .UNSPECIFIED.,.F.,.F.,(4,4),(2.00030729425321E-7,0.00261463710253284),
 .UNSPECIFIED.);
#685=B_SPLINE_CURVE_WITH_KNOTS('',3,(#19826,#19827,#19828,#19829),
 .UNSPECIFIED.,.F.,.F.,(4,4),(1.97165600121434E-7,0.00119062372448916),
 .UNSPECIFIED.);
#686=B_SPLINE_CURVE_WITH_KNOTS('',3,(#19833,#19834,#19835,#19836,#19837),
 .UNSPECIFIED.,.F.,.F.,(4,1,4),(0.00465698956498371,0.00525224863690895,
0.00584750770883418),.UNSPECIFIED.);
#687=B_SPLINE_CURVE_WITH_KNOTS('',3,(#19845,#19846,#19847,#19848,#19849),
 .UNSPECIFIED.,.F.,.F.,(4,1,4),(1.97162199754636E-7,0.00193749065490079,
0.00387478414760182),.UNSPECIFIED.);
#688=B_SPLINE_CURVE_WITH_KNOTS('',3,(#19853,#19854,#19855,#19856,#19857),
 .UNSPECIFIED.,.F.,.F.,(4,1,4),(0.00479501554551909,0.00673518815244978,
0.00867536075938047),.UNSPECIFIED.);
#689=B_SPLINE_CURVE_WITH_KNOTS('',3,(#19859,#19860,#19861,#19862),
 .UNSPECIFIED.,.F.,.F.,(4,4),(5.17698612069493E-7,0.00186921152644335),
 .UNSPECIFIED.);
#690=B_SPLINE_CURVE_WITH_KNOTS('',3,(#19866,#19867,#19868,#19869),
 .UNSPECIFIED.,.F.,.F.,(4,4),(0.005953957476959,0.00782313871484117),
 .UNSPECIFIED.);
#691=B_SPLINE_CURVE_WITH_KNOTS('',3,(#19871,#19872,#19873,#19874),
 .UNSPECIFIED.,.F.,.F.,(4,4),(5.8477826824561E-7,0.0163785524664566),
 .UNSPECIFIED.);
#692=B_SPLINE_CURVE_WITH_KNOTS('',3,(#19878,#19879,#19880,#19881),
 .UNSPECIFIED.,.F.,.F.,(4,4),(0.0270786195318369,0.0434565871846178),
 .UNSPECIFIED.);
#693=B_SPLINE_CURVE_WITH_KNOTS('',3,(#19883,#19884,#19885,#19886),
 .UNSPECIFIED.,.F.,.F.,(4,4),(5.76801459768084E-7,0.00182535578417364),
 .UNSPECIFIED.);
#694=B_SPLINE_CURVE_WITH_KNOTS('',3,(#19890,#19891,#19892,#19893),
 .UNSPECIFIED.,.F.,.F.,(4,4),(0.00538712448178036,0.00721336416653586),
 .UNSPECIFIED.);
#695=B_SPLINE_CURVE_WITH_KNOTS('',3,(#19895,#19896,#19897,#19898),
 .UNSPECIFIED.,.F.,.F.,(4,4),(2.0003046759405E-7,0.00294321592411872),
 .UNSPECIFIED.);
#696=B_SPLINE_CURVE_WITH_KNOTS('',3,(#19899,#19900,#19901,#19902),
 .UNSPECIFIED.,.F.,.F.,(4,4),(2.00030467575838E-7,0.00294321592411863),
 .UNSPECIFIED.);
#697=B_SPLINE_CURVE_WITH_KNOTS('',3,(#19903,#19904,#19905,#19906),
 .UNSPECIFIED.,.F.,.F.,(4,4),(2.00030467666897E-7,0.00294321592411872),
 .UNSPECIFIED.);
#698=B_SPLINE_CURVE_WITH_KNOTS('',3,(#19907,#19908,#19909,#19910),
 .UNSPECIFIED.,.F.,.F.,(4,4),(0.0213932287066864,0.0243362446003374),
 .UNSPECIFIED.);
#699=B_SPLINE_CURVE_WITH_KNOTS('',3,(#19911,#19912,#19913,#19914),
 .UNSPECIFIED.,.F.,.F.,(4,4),(0.0213932287102259,0.0243362446038769),
 .UNSPECIFIED.);
#700=B_SPLINE_CURVE_WITH_KNOTS('',3,(#19915,#19916,#19917,#19918),
 .UNSPECIFIED.,.F.,.F.,(4,4),(2.00030467576272E-7,0.00294321592411863),
 .UNSPECIFIED.);
#701=B_SPLINE_CURVE_WITH_KNOTS('',3,(#19919,#19920,#19921,#19922),
 .UNSPECIFIED.,.F.,.F.,(4,4),(2.00030467666897E-7,0.00294321592411872),
 .UNSPECIFIED.);
#702=B_SPLINE_CURVE_WITH_KNOTS('',3,(#19923,#19924,#19925,#19926),
 .UNSPECIFIED.,.F.,.F.,(4,4),(2.00030467575838E-7,0.0029432159241187),
 .UNSPECIFIED.);
#703=B_SPLINE_CURVE_WITH_KNOTS('',3,(#19927,#19928,#19929,#19930),
 .UNSPECIFIED.,.F.,.F.,(4,4),(2.0003046759405E-7,0.00294321592411872),
 .UNSPECIFIED.);
#704=B_SPLINE_CURVE_WITH_KNOTS('',3,(#19931,#19932,#19933,#19934),
 .UNSPECIFIED.,.F.,.F.,(4,4),(2.00030666313819E-7,0.0029432188513041),
 .UNSPECIFIED.);
#705=B_SPLINE_CURVE_WITH_KNOTS('',3,(#19935,#19936,#19937,#19938),
 .UNSPECIFIED.,.F.,.F.,(4,4),(2.00030666725947E-7,0.00294321885130452),
 .UNSPECIFIED.);
#706=B_SPLINE_CURVE_WITH_KNOTS('',3,(#19939,#19940,#19941,#19942),
 .UNSPECIFIED.,.F.,.F.,(4,4),(0.0213932287066864,0.0243362446003375),
 .UNSPECIFIED.);
#707=B_SPLINE_CURVE_WITH_KNOTS('',3,(#19943,#19944,#19945,#19946),
 .UNSPECIFIED.,.F.,.F.,(4,4),(0.0213932287102258,0.0243362446038769),
 .UNSPECIFIED.);
#708=B_SPLINE_CURVE_WITH_KNOTS('',3,(#19947,#19948,#19949,#19950),
 .UNSPECIFIED.,.F.,.F.,(4,4),(2.00030467575838E-7,0.0029432159241187),
 .UNSPECIFIED.);
#709=LINE('',#16581,#1518);
#710=LINE('',#16591,#1519);
#711=LINE('',#16595,#1520);
#712=LINE('',#16597,#1521);
#713=LINE('',#16599,#1522);
#714=LINE('',#16672,#1523);
#715=LINE('',#16676,#1524);
#716=LINE('',#16678,#1525);
#717=LINE('',#16682,#1526);
#718=LINE('',#16684,#1527);
#719=LINE('',#16688,#1528);
#720=LINE('',#16690,#1529);
#721=LINE('',#16694,#1530);
#722=LINE('',#16699,#1531);
#723=LINE('',#16700,#1532);
#724=LINE('',#16861,#1533);
#725=LINE('',#16863,#1534);
#726=LINE('',#16867,#1535);
#727=LINE('',#16870,#1536);
#728=LINE('',#16872,#1537);
#729=LINE('',#16874,#1538);
#730=LINE('',#16894,#1539);
#731=LINE('',#16916,#1540);
#732=LINE('',#16919,#1541);
#733=LINE('',#16920,#1542);
#734=LINE('',#16924,#1543);
#735=LINE('',#16926,#1544);
#736=LINE('',#16928,#1545);
#737=LINE('',#16930,#1546);
#738=LINE('',#16934,#1547);
#739=LINE('',#16953,#1548);
#740=LINE('',#16955,#1549);
#741=LINE('',#16960,#1550);
#742=LINE('',#16962,#1551);
#743=LINE('',#16966,#1552);
#744=LINE('',#16970,#1553);
#745=LINE('',#16972,#1554);
#746=LINE('',#16979,#1555);
#747=LINE('',#16984,#1556);
#748=LINE('',#16989,#1557);
#749=LINE('',#17000,#1558);
#750=LINE('',#17001,#1559);
#751=LINE('',#17003,#1560);
#752=LINE('',#17005,#1561);
#753=LINE('',#17009,#1562);
#754=LINE('',#17011,#1563);
#755=LINE('',#17013,#1564);
#756=LINE('',#17014,#1565);
#757=LINE('',#17018,#1566);
#758=LINE('',#17020,#1567);
#759=LINE('',#17022,#1568);
#760=LINE('',#17026,#1569);
#761=LINE('',#17040,#1570);
#762=LINE('',#17041,#1571);
#763=LINE('',#17057,#1572);
#764=LINE('',#17058,#1573);
#765=LINE('',#17060,#1574);
#766=LINE('',#17061,#1575);
#767=LINE('',#17063,#1576);
#768=LINE('',#17065,#1577);
#769=LINE('',#17089,#1578);
#770=LINE('',#17093,#1579);
#771=LINE('',#17095,#1580);
#772=LINE('',#17097,#1581);
#773=LINE('',#17099,#1582);
#774=LINE('',#17103,#1583);
#775=LINE('',#17107,#1584);
#776=LINE('',#17109,#1585);
#777=LINE('',#17111,#1586);
#778=LINE('',#17115,#1587);
#779=LINE('',#17119,#1588);
#780=LINE('',#17121,#1589);
#781=LINE('',#17123,#1590);
#782=LINE('',#17127,#1591);
#783=LINE('',#17131,#1592);
#784=LINE('',#17132,#1593);
#785=LINE('',#17170,#1594);
#786=LINE('',#17174,#1595);
#787=LINE('',#17246,#1596);
#788=LINE('',#17250,#1597);
#789=LINE('',#17252,#1598);
#790=LINE('',#17254,#1599);
#791=LINE('',#17335,#1600);
#792=LINE('',#17340,#1601);
#793=LINE('',#17344,#1602);
#794=LINE('',#17350,#1603);
#795=LINE('',#17362,#1604);
#796=LINE('',#17366,#1605);
#797=LINE('',#17371,#1606);
#798=LINE('',#17375,#1607);
#799=LINE('',#17380,#1608);
#800=LINE('',#17384,#1609);
#801=LINE('',#17386,#1610);
#802=LINE('',#17391,#1611);
#803=LINE('',#17398,#1612);
#804=LINE('',#17402,#1613);
#805=LINE('',#17407,#1614);
#806=LINE('',#17411,#1615);
#807=LINE('',#17416,#1616);
#808=LINE('',#17420,#1617);
#809=LINE('',#17422,#1618);
#810=LINE('',#17425,#1619);
#811=LINE('',#17427,#1620);
#812=LINE('',#17429,#1621);
#813=LINE('',#17431,#1622);
#814=LINE('',#17434,#1623);
#815=LINE('',#17436,#1624);
#816=LINE('',#17438,#1625);
#817=LINE('',#17440,#1626);
#818=LINE('',#17441,#1627);
#819=LINE('',#17444,#1628);
#820=LINE('',#17448,#1629);
#821=LINE('',#17464,#1630);
#822=LINE('',#17466,#1631);
#823=LINE('',#17468,#1632);
#824=LINE('',#17473,#1633);
#825=LINE('',#17477,#1634);
#826=LINE('',#17481,#1635);
#827=LINE('',#17486,#1636);
#828=LINE('',#17490,#1637);
#829=LINE('',#17494,#1638);
#830=LINE('',#17583,#1639);
#831=LINE('',#17587,#1640);
#832=LINE('',#17591,#1641);
#833=LINE('',#17596,#1642);
#834=LINE('',#17600,#1643);
#835=LINE('',#17604,#1644);
#836=LINE('',#17779,#1645);
#837=LINE('',#17781,#1646);
#838=LINE('',#17785,#1647);
#839=LINE('',#17789,#1648);
#840=LINE('',#17791,#1649);
#841=LINE('',#17795,#1650);
#842=LINE('',#17797,#1651);
#843=LINE('',#17801,#1652);
#844=LINE('',#18236,#1653);
#845=LINE('',#18247,#1654);
#846=LINE('',#18306,#1655);
#847=LINE('',#18311,#1656);
#848=LINE('',#18315,#1657);
#849=LINE('',#18319,#1658);
#850=LINE('',#18323,#1659);
#851=LINE('',#18327,#1660);
#852=LINE('',#18330,#1661);
#853=LINE('',#18335,#1662);
#854=LINE('',#18339,#1663);
#855=LINE('',#18343,#1664);
#856=LINE('',#18347,#1665);
#857=LINE('',#18351,#1666);
#858=LINE('',#18357,#1667);
#859=LINE('',#18359,#1668);
#860=LINE('',#18361,#1669);
#861=LINE('',#18365,#1670);
#862=LINE('',#18371,#1671);
#863=LINE('',#18373,#1672);
#864=LINE('',#18375,#1673);
#865=LINE('',#18380,#1674);
#866=LINE('',#18382,#1675);
#867=LINE('',#18383,#1676);
#868=LINE('',#18386,#1677);
#869=LINE('',#18388,#1678);
#870=LINE('',#18390,#1679);
#871=LINE('',#18395,#1680);
#872=LINE('',#18399,#1681);
#873=LINE('',#18403,#1682);
#874=LINE('',#18407,#1683);
#875=LINE('',#18408,#1684);
#876=LINE('',#18413,#1685);
#877=LINE('',#18420,#1686);
#878=LINE('',#18424,#1687);
#879=LINE('',#18495,#1688);
#880=LINE('',#18497,#1689);
#881=LINE('',#18511,#1690);
#882=LINE('',#18513,#1691);
#883=LINE('',#18527,#1692);
#884=LINE('',#18531,#1693);
#885=LINE('',#18533,#1694);
#886=LINE('',#18535,#1695);
#887=LINE('',#18746,#1696);
#888=LINE('',#18750,#1697);
#889=LINE('',#18752,#1698);
#890=LINE('',#18754,#1699);
#891=LINE('',#18760,#1700);
#892=LINE('',#18764,#1701);
#893=LINE('',#18766,#1702);
#894=LINE('',#18768,#1703);
#895=LINE('',#18773,#1704);
#896=LINE('',#18777,#1705);
#897=LINE('',#18780,#1706);
#898=LINE('',#18782,#1707);
#899=LINE('',#18788,#1708);
#900=LINE('',#18789,#1709);
#901=LINE('',#18791,#1710);
#902=LINE('',#18793,#1711);
#903=LINE('',#18796,#1712);
#904=LINE('',#18798,#1713);
#905=LINE('',#18800,#1714);
#906=LINE('',#18802,#1715);
#907=LINE('',#18804,#1716);
#908=LINE('',#18806,#1717);
#909=LINE('',#18808,#1718);
#910=LINE('',#18810,#1719);
#911=LINE('',#18812,#1720);
#912=LINE('',#18816,#1721);
#913=LINE('',#18820,#1722);
#914=LINE('',#18824,#1723);
#915=LINE('',#18828,#1724);
#916=LINE('',#18832,#1725);
#917=LINE('',#18836,#1726);
#918=LINE('',#18840,#1727);
#919=LINE('',#18844,#1728);
#920=LINE('',#18848,#1729);
#921=LINE('',#18852,#1730);
#922=LINE('',#18856,#1731);
#923=LINE('',#18860,#1732);
#924=LINE('',#18864,#1733);
#925=LINE('',#18867,#1734);
#926=LINE('',#18869,#1735);
#927=LINE('',#18871,#1736);
#928=LINE('',#18873,#1737);
#929=LINE('',#18875,#1738);
#930=LINE('',#18878,#1739);
#931=LINE('',#18881,#1740);
#932=LINE('',#18882,#1741);
#933=LINE('',#18884,#1742);
#934=LINE('',#18886,#1743);
#935=LINE('',#18888,#1744);
#936=LINE('',#18890,#1745);
#937=LINE('',#18892,#1746);
#938=LINE('',#18894,#1747);
#939=LINE('',#18896,#1748);
#940=LINE('',#18898,#1749);
#941=LINE('',#18900,#1750);
#942=LINE('',#18905,#1751);
#943=LINE('',#18908,#1752);
#944=LINE('',#18910,#1753);
#945=LINE('',#18912,#1754);
#946=LINE('',#18914,#1755);
#947=LINE('',#18916,#1756);
#948=LINE('',#18921,#1757);
#949=LINE('',#18924,#1758);
#950=LINE('',#18926,#1759);
#951=LINE('',#18928,#1760);
#952=LINE('',#18930,#1761);
#953=LINE('',#18932,#1762);
#954=LINE('',#18935,#1763);
#955=LINE('',#18938,#1764);
#956=LINE('',#18939,#1765);
#957=LINE('',#18941,#1766);
#958=LINE('',#18943,#1767);
#959=LINE('',#18945,#1768);
#960=LINE('',#18947,#1769);
#961=LINE('',#18949,#1770);
#962=LINE('',#18951,#1771);
#963=LINE('',#18953,#1772);
#964=LINE('',#18955,#1773);
#965=LINE('',#18957,#1774);
#966=LINE('',#18960,#1775);
#967=LINE('',#18963,#1776);
#968=LINE('',#18964,#1777);
#969=LINE('',#18966,#1778);
#970=LINE('',#18968,#1779);
#971=LINE('',#18970,#1780);
#972=LINE('',#18972,#1781);
#973=LINE('',#18974,#1782);
#974=LINE('',#18976,#1783);
#975=LINE('',#18978,#1784);
#976=LINE('',#18980,#1785);
#977=LINE('',#18982,#1786);
#978=LINE('',#18985,#1787);
#979=LINE('',#18990,#1788);
#980=LINE('',#18993,#1789);
#981=LINE('',#18997,#1790);
#982=LINE('',#18999,#1791);
#983=LINE('',#19001,#1792);
#984=LINE('',#19004,#1793);
#985=LINE('',#19006,#1794);
#986=LINE('',#19008,#1795);
#987=LINE('',#19010,#1796);
#988=LINE('',#19012,#1797);
#989=LINE('',#19014,#1798);
#990=LINE('',#19016,#1799);
#991=LINE('',#19018,#1800);
#992=LINE('',#19021,#1801);
#993=LINE('',#19023,#1802);
#994=LINE('',#19025,#1803);
#995=LINE('',#19026,#1804);
#996=LINE('',#19028,#1805);
#997=LINE('',#19030,#1806);
#998=LINE('',#19034,#1807);
#999=LINE('',#19036,#1808);
#1000=LINE('',#19038,#1809);
#1001=LINE('',#19040,#1810);
#1002=LINE('',#19041,#1811);
#1003=LINE('',#19043,#1812);
#1004=LINE('',#19047,#1813);
#1005=LINE('',#19052,#1814);
#1006=LINE('',#19056,#1815);
#1007=LINE('',#19060,#1816);
#1008=LINE('',#19064,#1817);
#1009=LINE('',#19068,#1818);
#1010=LINE('',#19072,#1819);
#1011=LINE('',#19076,#1820);
#1012=LINE('',#19080,#1821);
#1013=LINE('',#19084,#1822);
#1014=LINE('',#19088,#1823);
#1015=LINE('',#19092,#1824);
#1016=LINE('',#19095,#1825);
#1017=LINE('',#19097,#1826);
#1018=LINE('',#19099,#1827);
#1019=LINE('',#19102,#1828);
#1020=LINE('',#19104,#1829);
#1021=LINE('',#19106,#1830);
#1022=LINE('',#19108,#1831);
#1023=LINE('',#19111,#1832);
#1024=LINE('',#19112,#1833);
#1025=LINE('',#19114,#1834);
#1026=LINE('',#19116,#1835);
#1027=LINE('',#19118,#1836);
#1028=LINE('',#19120,#1837);
#1029=LINE('',#19122,#1838);
#1030=LINE('',#19136,#1839);
#1031=LINE('',#19139,#1840);
#1032=LINE('',#19141,#1841);
#1033=LINE('',#19143,#1842);
#1034=LINE('',#19145,#1843);
#1035=LINE('',#19147,#1844);
#1036=LINE('',#19152,#1845);
#1037=LINE('',#19155,#1846);
#1038=LINE('',#19157,#1847);
#1039=LINE('',#19159,#1848);
#1040=LINE('',#19161,#1849);
#1041=LINE('',#19163,#1850);
#1042=LINE('',#19168,#1851);
#1043=LINE('',#19171,#1852);
#1044=LINE('',#19173,#1853);
#1045=LINE('',#19175,#1854);
#1046=LINE('',#19177,#1855);
#1047=LINE('',#19179,#1856);
#1048=LINE('',#19184,#1857);
#1049=LINE('',#19187,#1858);
#1050=LINE('',#19189,#1859);
#1051=LINE('',#19191,#1860);
#1052=LINE('',#19193,#1861);
#1053=LINE('',#19195,#1862);
#1054=LINE('',#19197,#1863);
#1055=LINE('',#19199,#1864);
#1056=LINE('',#19201,#1865);
#1057=LINE('',#19203,#1866);
#1058=LINE('',#19205,#1867);
#1059=LINE('',#19207,#1868);
#1060=LINE('',#19209,#1869);
#1061=LINE('',#19211,#1870);
#1062=LINE('',#19213,#1871);
#1063=LINE('',#19215,#1872);
#1064=LINE('',#19217,#1873);
#1065=LINE('',#19219,#1874);
#1066=LINE('',#19222,#1875);
#1067=LINE('',#19224,#1876);
#1068=LINE('',#19226,#1877);
#1069=LINE('',#19228,#1878);
#1070=LINE('',#19230,#1879);
#1071=LINE('',#19232,#1880);
#1072=LINE('',#19234,#1881);
#1073=LINE('',#19236,#1882);
#1074=LINE('',#19238,#1883);
#1075=LINE('',#19240,#1884);
#1076=LINE('',#19242,#1885);
#1077=LINE('',#19244,#1886);
#1078=LINE('',#19247,#1887);
#1079=LINE('',#19249,#1888);
#1080=LINE('',#19251,#1889);
#1081=LINE('',#19253,#1890);
#1082=LINE('',#19255,#1891);
#1083=LINE('',#19257,#1892);
#1084=LINE('',#19259,#1893);
#1085=LINE('',#19261,#1894);
#1086=LINE('',#19263,#1895);
#1087=LINE('',#19265,#1896);
#1088=LINE('',#19267,#1897);
#1089=LINE('',#19269,#1898);
#1090=LINE('',#19272,#1899);
#1091=LINE('',#19274,#1900);
#1092=LINE('',#19276,#1901);
#1093=LINE('',#19278,#1902);
#1094=LINE('',#19280,#1903);
#1095=LINE('',#19282,#1904);
#1096=LINE('',#19284,#1905);
#1097=LINE('',#19286,#1906);
#1098=LINE('',#19288,#1907);
#1099=LINE('',#19290,#1908);
#1100=LINE('',#19292,#1909);
#1101=LINE('',#19294,#1910);
#1102=LINE('',#19299,#1911);
#1103=LINE('',#19302,#1912);
#1104=LINE('',#19304,#1913);
#1105=LINE('',#19306,#1914);
#1106=LINE('',#19308,#1915);
#1107=LINE('',#19310,#1916);
#1108=LINE('',#19313,#1917);
#1109=LINE('',#19316,#1918);
#1110=LINE('',#19317,#1919);
#1111=LINE('',#19319,#1920);
#1112=LINE('',#19321,#1921);
#1113=LINE('',#19323,#1922);
#1114=LINE('',#19325,#1923);
#1115=LINE('',#19327,#1924);
#1116=LINE('',#19329,#1925);
#1117=LINE('',#19331,#1926);
#1118=LINE('',#19333,#1927);
#1119=LINE('',#19335,#1928);
#1120=LINE('',#19341,#1929);
#1121=LINE('',#19344,#1930);
#1122=LINE('',#19346,#1931);
#1123=LINE('',#19348,#1932);
#1124=LINE('',#19350,#1933);
#1125=LINE('',#19352,#1934);
#1126=LINE('',#19354,#1935);
#1127=LINE('',#19357,#1936);
#1128=LINE('',#19358,#1937);
#1129=LINE('',#19360,#1938);
#1130=LINE('',#19362,#1939);
#1131=LINE('',#19364,#1940);
#1132=LINE('',#19366,#1941);
#1133=LINE('',#19368,#1942);
#1134=LINE('',#19370,#1943);
#1135=LINE('',#19372,#1944);
#1136=LINE('',#19374,#1945);
#1137=LINE('',#19376,#1946);
#1138=LINE('',#19381,#1947);
#1139=LINE('',#19383,#1948);
#1140=LINE('',#19387,#1949);
#1141=LINE('',#19390,#1950);
#1142=LINE('',#19392,#1951);
#1143=LINE('',#19394,#1952);
#1144=LINE('',#19401,#1953);
#1145=LINE('',#19407,#1954);
#1146=LINE('',#19409,#1955);
#1147=LINE('',#19411,#1956);
#1148=LINE('',#19413,#1957);
#1149=LINE('',#19415,#1958);
#1150=LINE('',#19417,#1959);
#1151=LINE('',#19419,#1960);
#1152=LINE('',#19423,#1961);
#1153=LINE('',#19426,#1962);
#1154=LINE('',#19431,#1963);
#1155=LINE('',#19435,#1964);
#1156=LINE('',#19437,#1965);
#1157=LINE('',#19439,#1966);
#1158=LINE('',#19441,#1967);
#1159=LINE('',#19443,#1968);
#1160=LINE('',#19445,#1969);
#1161=LINE('',#19449,#1970);
#1162=LINE('',#19453,#1971);
#1163=LINE('',#19455,#1972);
#1164=LINE('',#19457,#1973);
#1165=LINE('',#19459,#1974);
#1166=LINE('',#19461,#1975);
#1167=LINE('',#19463,#1976);
#1168=LINE('',#19465,#1977);
#1169=LINE('',#19470,#1978);
#1170=LINE('',#19474,#1979);
#1171=LINE('',#19478,#1980);
#1172=LINE('',#19482,#1981);
#1173=LINE('',#19486,#1982);
#1174=LINE('',#19490,#1983);
#1175=LINE('',#19494,#1984);
#1176=LINE('',#19498,#1985);
#1177=LINE('',#19502,#1986);
#1178=LINE('',#19506,#1987);
#1179=LINE('',#19510,#1988);
#1180=LINE('',#19516,#1989);
#1181=LINE('',#19520,#1990);
#1182=LINE('',#19521,#1991);
#1183=LINE('',#19526,#1992);
#1184=LINE('',#19532,#1993);
#1185=LINE('',#19536,#1994);
#1186=LINE('',#19537,#1995);
#1187=LINE('',#19542,#1996);
#1188=LINE('',#19548,#1997);
#1189=LINE('',#19552,#1998);
#1190=LINE('',#19553,#1999);
#1191=LINE('',#19558,#2000);
#1192=LINE('',#19562,#2001);
#1193=LINE('',#19565,#2002);
#1194=LINE('',#19566,#2003);
#1195=LINE('',#19570,#2004);
#1196=LINE('',#19572,#2005);
#1197=LINE('',#19574,#2006);
#1198=LINE('',#19578,#2007);
#1199=LINE('',#19580,#2008);
#1200=LINE('',#19582,#2009);
#1201=LINE('',#19586,#2010);
#1202=LINE('',#19588,#2011);
#1203=LINE('',#19590,#2012);
#1204=LINE('',#19594,#2013);
#1205=LINE('',#19596,#2014);
#1206=LINE('',#19598,#2015);
#1207=LINE('',#19602,#2016);
#1208=LINE('',#19604,#2017);
#1209=LINE('',#19606,#2018);
#1210=LINE('',#19610,#2019);
#1211=LINE('',#19612,#2020);
#1212=LINE('',#19614,#2021);
#1213=LINE('',#19618,#2022);
#1214=LINE('',#19620,#2023);
#1215=LINE('',#19622,#2024);
#1216=LINE('',#19626,#2025);
#1217=LINE('',#19628,#2026);
#1218=LINE('',#19630,#2027);
#1219=LINE('',#19634,#2028);
#1220=LINE('',#19636,#2029);
#1221=LINE('',#19638,#2030);
#1222=LINE('',#19642,#2031);
#1223=LINE('',#19644,#2032);
#1224=LINE('',#19646,#2033);
#1225=LINE('',#19650,#2034);
#1226=LINE('',#19652,#2035);
#1227=LINE('',#19654,#2036);
#1228=LINE('',#19659,#2037);
#1229=LINE('',#19660,#2038);
#1230=LINE('',#19662,#2039);
#1231=LINE('',#19664,#2040);
#1232=LINE('',#19668,#2041);
#1233=LINE('',#19670,#2042);
#1234=LINE('',#19673,#2043);
#1235=LINE('',#19674,#2044);
#1236=LINE('',#19678,#2045);
#1237=LINE('',#19680,#2046);
#1238=LINE('',#19682,#2047);
#1239=LINE('',#19687,#2048);
#1240=LINE('',#19688,#2049);
#1241=LINE('',#19690,#2050);
#1242=LINE('',#19692,#2051);
#1243=LINE('',#19696,#2052);
#1244=LINE('',#19698,#2053);
#1245=LINE('',#19701,#2054);
#1246=LINE('',#19702,#2055);
#1247=LINE('',#19706,#2056);
#1248=LINE('',#19708,#2057);
#1249=LINE('',#19710,#2058);
#1250=LINE('',#19715,#2059);
#1251=LINE('',#19716,#2060);
#1252=LINE('',#19718,#2061);
#1253=LINE('',#19720,#2062);
#1254=LINE('',#19724,#2063);
#1255=LINE('',#19726,#2064);
#1256=LINE('',#19729,#2065);
#1257=LINE('',#19730,#2066);
#1258=LINE('',#19734,#2067);
#1259=LINE('',#19736,#2068);
#1260=LINE('',#19738,#2069);
#1261=LINE('',#19740,#2070);
#1262=LINE('',#19744,#2071);
#1263=LINE('',#19748,#2072);
#1264=LINE('',#19784,#2073);
#1265=LINE('',#19788,#2074);
#1266=LINE('',#19792,#2075);
#1267=LINE('',#19796,#2076);
#1268=LINE('',#19797,#2077);
#1269=LINE('',#19801,#2078);
#1270=LINE('',#19802,#2079);
#1271=LINE('',#19806,#2080);
#1272=LINE('',#19808,#2081);
#1273=LINE('',#19812,#2082);
#1274=LINE('',#19813,#2083);
#1275=LINE('',#19817,#2084);
#1276=LINE('',#19818,#2085);
#1277=LINE('',#19822,#2086);
#1278=LINE('',#19839,#2087);
#1279=LINE('',#19843,#2088);
#1280=LINE('',#19955,#2089);
#1281=LINE('',#19958,#2090);
#1282=LINE('',#19960,#2091);
#1283=LINE('',#19962,#2092);
#1284=LINE('',#19964,#2093);
#1285=LINE('',#19966,#2094);
#1286=LINE('',#19971,#2095);
#1287=LINE('',#19974,#2096);
#1288=LINE('',#19976,#2097);
#1289=LINE('',#19978,#2098);
#1290=LINE('',#19980,#2099);
#1291=LINE('',#19982,#2100);
#1292=LINE('',#19987,#2101);
#1293=LINE('',#19990,#2102);
#1294=LINE('',#19992,#2103);
#1295=LINE('',#19994,#2104);
#1296=LINE('',#19996,#2105);
#1297=LINE('',#19998,#2106);
#1298=LINE('',#20003,#2107);
#1299=LINE('',#20006,#2108);
#1300=LINE('',#20008,#2109);
#1301=LINE('',#20010,#2110);
#1302=LINE('',#20012,#2111);
#1303=LINE('',#20014,#2112);
#1304=LINE('',#20016,#2113);
#1305=LINE('',#20019,#2114);
#1306=LINE('',#20020,#2115);
#1307=LINE('',#20022,#2116);
#1308=LINE('',#20024,#2117);
#1309=LINE('',#20026,#2118);
#1310=LINE('',#20028,#2119);
#1311=LINE('',#20030,#2120);
#1312=LINE('',#20032,#2121);
#1313=LINE('',#20034,#2122);
#1314=LINE('',#20036,#2123);
#1315=LINE('',#20038,#2124);
#1316=LINE('',#20041,#2125);
#1317=LINE('',#20042,#2126);
#1318=LINE('',#20067,#2127);
#1319=LINE('',#20070,#2128);
#1320=LINE('',#20072,#2129);
#1321=LINE('',#20074,#2130);
#1322=LINE('',#20076,#2131);
#1323=LINE('',#20078,#2132);
#1324=LINE('',#20087,#2133);
#1325=LINE('',#20090,#2134);
#1326=LINE('',#20092,#2135);
#1327=LINE('',#20094,#2136);
#1328=LINE('',#20096,#2137);
#1329=LINE('',#20098,#2138);
#1330=LINE('',#20100,#2139);
#1331=LINE('',#20102,#2140);
#1332=LINE('',#20104,#2141);
#1333=LINE('',#20106,#2142);
#1334=LINE('',#20108,#2143);
#1335=LINE('',#20110,#2144);
#1336=LINE('',#20112,#2145);
#1337=LINE('',#20114,#2146);
#1338=LINE('',#20116,#2147);
#1339=LINE('',#20118,#2148);
#1340=LINE('',#20120,#2149);
#1341=LINE('',#20122,#2150);
#1342=LINE('',#20125,#2151);
#1343=LINE('',#20127,#2152);
#1344=LINE('',#20129,#2153);
#1345=LINE('',#20131,#2154);
#1346=LINE('',#20133,#2155);
#1347=LINE('',#20135,#2156);
#1348=LINE('',#20137,#2157);
#1349=LINE('',#20139,#2158);
#1350=LINE('',#20141,#2159);
#1351=LINE('',#20143,#2160);
#1352=LINE('',#20145,#2161);
#1353=LINE('',#20147,#2162);
#1354=LINE('',#20158,#2163);
#1355=LINE('',#20160,#2164);
#1356=LINE('',#20162,#2165);
#1357=LINE('',#20164,#2166);
#1358=LINE('',#20166,#2167);
#1359=LINE('',#20169,#2168);
#1360=LINE('',#20171,#2169);
#1361=LINE('',#20172,#2170);
#1362=LINE('',#20174,#2171);
#1363=LINE('',#20176,#2172);
#1364=LINE('',#20178,#2173);
#1365=LINE('',#20182,#2174);
#1366=LINE('',#20184,#2175);
#1367=LINE('',#20185,#2176);
#1368=LINE('',#20191,#2177);
#1369=LINE('',#20193,#2178);
#1370=LINE('',#20195,#2179);
#1371=LINE('',#20197,#2180);
#1372=LINE('',#20201,#2181);
#1373=LINE('',#20203,#2182);
#1374=LINE('',#20204,#2183);
#1375=LINE('',#20206,#2184);
#1376=LINE('',#20208,#2185);
#1377=LINE('',#20210,#2186);
#1378=LINE('',#20214,#2187);
#1379=LINE('',#20216,#2188);
#1380=LINE('',#20217,#2189);
#1381=LINE('',#20219,#2190);
#1382=LINE('',#20221,#2191);
#1383=LINE('',#20223,#2192);
#1384=LINE('',#20227,#2193);
#1385=LINE('',#20229,#2194);
#1386=LINE('',#20230,#2195);
#1387=LINE('',#20233,#2196);
#1388=LINE('',#20235,#2197);
#1389=LINE('',#20237,#2198);
#1390=LINE('',#20241,#2199);
#1391=LINE('',#20243,#2200);
#1392=LINE('',#20244,#2201);
#1393=LINE('',#20246,#2202);
#1394=LINE('',#20248,#2203);
#1395=LINE('',#20250,#2204);
#1396=LINE('',#20254,#2205);
#1397=LINE('',#20260,#2206);
#1398=LINE('',#20264,#2207);
#1399=LINE('',#20270,#2208);
#1400=LINE('',#20274,#2209);
#1401=LINE('',#20280,#2210);
#1402=LINE('',#20284,#2211);
#1403=LINE('',#20290,#2212);
#1404=LINE('',#20294,#2213);
#1405=LINE('',#20296,#2214);
#1406=LINE('',#20298,#2215);
#1407=LINE('',#20300,#2216);
#1408=LINE('',#20302,#2217);
#1409=LINE('',#20306,#2218);
#1410=LINE('',#20308,#2219);
#1411=LINE('',#20310,#2220);
#1412=LINE('',#20314,#2221);
#1413=LINE('',#20316,#2222);
#1414=LINE('',#20318,#2223);
#1415=LINE('',#20322,#2224);
#1416=LINE('',#20324,#2225);
#1417=LINE('',#20327,#2226);
#1418=LINE('',#20331,#2227);
#1419=LINE('',#20333,#2228);
#1420=LINE('',#20335,#2229);
#1421=LINE('',#20339,#2230);
#1422=LINE('',#20341,#2231);
#1423=LINE('',#20343,#2232);
#1424=LINE('',#20347,#2233);
#1425=LINE('',#20349,#2234);
#1426=LINE('',#20351,#2235);
#1427=LINE('',#20355,#2236);
#1428=LINE('',#20357,#2237);
#1429=LINE('',#20374,#2238);
#1430=LINE('',#20376,#2239);
#1431=LINE('',#20378,#2240);
#1432=LINE('',#20380,#2241);
#1433=LINE('',#20384,#2242);
#1434=LINE('',#20388,#2243);
#1435=LINE('',#20389,#2244);
#1436=LINE('',#20391,#2245);
#1437=LINE('',#20393,#2246);
#1438=LINE('',#20397,#2247);
#1439=LINE('',#20399,#2248);
#1440=LINE('',#20401,#2249);
#1441=LINE('',#20405,#2250);
#1442=LINE('',#20407,#2251);
#1443=LINE('',#20409,#2252);
#1444=LINE('',#20413,#2253);
#1445=LINE('',#20415,#2254);
#1446=LINE('',#20417,#2255);
#1447=LINE('',#20421,#2256);
#1448=LINE('',#20423,#2257);
#1449=LINE('',#20425,#2258);
#1450=LINE('',#20429,#2259);
#1451=LINE('',#20431,#2260);
#1452=LINE('',#20433,#2261);
#1453=LINE('',#20437,#2262);
#1454=LINE('',#20439,#2263);
#1455=LINE('',#20441,#2264);
#1456=LINE('',#20445,#2265);
#1457=LINE('',#20447,#2266);
#1458=LINE('',#20449,#2267);
#1459=LINE('',#20453,#2268);
#1460=LINE('',#20455,#2269);
#1461=LINE('',#20457,#2270);
#1462=LINE('',#20461,#2271);
#1463=LINE('',#20463,#2272);
#1464=LINE('',#20465,#2273);
#1465=LINE('',#20469,#2274);
#1466=LINE('',#20471,#2275);
#1467=LINE('',#20477,#2276);
#1468=LINE('',#20480,#2277);
#1469=LINE('',#20481,#2278);
#1470=LINE('',#20483,#2279);
#1471=LINE('',#20485,#2280);
#1472=LINE('',#20487,#2281);
#1473=LINE('',#20489,#2282);
#1474=LINE('',#20491,#2283);
#1475=LINE('',#20493,#2284);
#1476=LINE('',#20495,#2285);
#1477=LINE('',#20497,#2286);
#1478=LINE('',#20499,#2287);
#1479=LINE('',#20502,#2288);
#1480=LINE('',#20505,#2289);
#1481=LINE('',#20506,#2290);
#1482=LINE('',#20508,#2291);
#1483=LINE('',#20510,#2292);
#1484=LINE('',#20512,#2293);
#1485=LINE('',#20514,#2294);
#1486=LINE('',#20516,#2295);
#1487=LINE('',#20518,#2296);
#1488=LINE('',#20520,#2297);
#1489=LINE('',#20522,#2298);
#1490=LINE('',#20524,#2299);
#1491=LINE('',#20527,#2300);
#1492=LINE('',#20530,#2301);
#1493=LINE('',#20531,#2302);
#1494=LINE('',#20533,#2303);
#1495=LINE('',#20535,#2304);
#1496=LINE('',#20537,#2305);
#1497=LINE('',#20539,#2306);
#1498=LINE('',#20541,#2307);
#1499=LINE('',#20543,#2308);
#1500=LINE('',#20545,#2309);
#1501=LINE('',#20547,#2310);
#1502=LINE('',#20549,#2311);
#1503=LINE('',#20552,#2312);
#1504=LINE('',#20553,#2313);
#1505=LINE('',#20555,#2314);
#1506=LINE('',#20557,#2315);
#1507=LINE('',#20559,#2316);
#1508=LINE('',#20561,#2317);
#1509=LINE('',#20565,#2318);
#1510=LINE('',#20566,#2319);
#1511=LINE('',#20570,#2320);
#1512=LINE('',#20572,#2321);
#1513=LINE('',#20576,#2322);
#1514=LINE('',#20578,#2323);
#1515=LINE('',#20582,#2324);
#1516=LINE('',#20586,#2325);
#1517=LINE('',#20588,#2326);
#1518=VECTOR('',#13371,39.3700787401575);
#1519=VECTOR('',#13372,39.3700787401575);
#1520=VECTOR('',#13377,39.3700787401575);
#1521=VECTOR('',#13378,39.3700787401575);
#1522=VECTOR('',#13379,39.3700787401575);
#1523=VECTOR('',#13412,39.3700787401575);
#1524=VECTOR('',#13415,39.3700787401575);
#1525=VECTOR('',#13418,39.3700787401575);
#1526=VECTOR('',#13421,39.3700787401575);
#1527=VECTOR('',#13424,39.3700787401575);
#1528=VECTOR('',#13427,39.3700787401575);
#1529=VECTOR('',#13430,39.3700787401575);
#1530=VECTOR('',#13433,39.3700787401575);
#1531=VECTOR('',#13438,39.3700787401575);
#1532=VECTOR('',#13439,39.3700787401575);
#1533=VECTOR('',#13486,39.3700787401575);
#1534=VECTOR('',#13487,39.3700787401575);
#1535=VECTOR('',#13492,39.3700787401575);
#1536=VECTOR('',#13493,39.3700787401575);
#1537=VECTOR('',#13494,39.3700787401575);
#1538=VECTOR('',#13495,39.3700787401575);
#1539=VECTOR('',#13500,39.3700787401575);
#1540=VECTOR('',#13507,39.3700787401575);
#1541=VECTOR('',#13508,39.3700787401575);
#1542=VECTOR('',#13509,39.3700787401575);
#1543=VECTOR('',#13512,39.3700787401575);
#1544=VECTOR('',#13515,39.3700787401575);
#1545=VECTOR('',#13516,39.3700787401575);
#1546=VECTOR('',#13517,39.3700787401575);
#1547=VECTOR('',#13520,39.3700787401575);
#1548=VECTOR('',#13527,39.3700787401575);
#1549=VECTOR('',#13528,39.3700787401575);
#1550=VECTOR('',#13535,39.3700787401575);
#1551=VECTOR('',#13536,39.3700787401575);
#1552=VECTOR('',#13539,39.3700787401575);
#1553=VECTOR('',#13542,39.3700787401575);
#1554=VECTOR('',#13543,39.3700787401575);
#1555=VECTOR('',#13552,39.3700787401575);
#1556=VECTOR('',#13555,39.3700787401575);
#1557=VECTOR('',#13560,39.3700787401575);
#1558=VECTOR('',#13571,39.3700787401575);
#1559=VECTOR('',#13572,39.3700787401575);
#1560=VECTOR('',#13575,39.3700787401575);
#1561=VECTOR('',#13576,39.3700787401575);
#1562=VECTOR('',#13581,39.3700787401575);
#1563=VECTOR('',#13584,39.3700787401575);
#1564=VECTOR('',#13585,39.3700787401575);
#1565=VECTOR('',#13586,39.3700787401575);
#1566=VECTOR('',#13591,39.3700787401575);
#1567=VECTOR('',#13594,39.3700787401575);
#1568=VECTOR('',#13595,39.3700787401575);
#1569=VECTOR('',#13600,39.3700787401575);
#1570=VECTOR('',#13619,39.3700787401575);
#1571=VECTOR('',#13620,39.3700787401575);
#1572=VECTOR('',#13643,39.3700787401575);
#1573=VECTOR('',#13644,39.3700787401575);
#1574=VECTOR('',#13647,39.3700787401575);
#1575=VECTOR('',#13648,39.3700787401575);
#1576=VECTOR('',#13651,39.3700787401575);
#1577=VECTOR('',#13654,39.3700787401575);
#1578=VECTOR('',#13693,39.3700787401575);
#1579=VECTOR('',#13696,39.3700787401575);
#1580=VECTOR('',#13699,39.3700787401575);
#1581=VECTOR('',#13700,39.3700787401575);
#1582=VECTOR('',#13701,39.3700787401575);
#1583=VECTOR('',#13706,39.3700787401575);
#1584=VECTOR('',#13711,39.3700787401575);
#1585=VECTOR('',#13712,39.3700787401575);
#1586=VECTOR('',#13713,39.3700787401575);
#1587=VECTOR('',#13718,39.3700787401575);
#1588=VECTOR('',#13723,39.3700787401575);
#1589=VECTOR('',#13724,39.3700787401575);
#1590=VECTOR('',#13725,39.3700787401575);
#1591=VECTOR('',#13730,39.3700787401575);
#1592=VECTOR('',#13735,39.3700787401575);
#1593=VECTOR('',#13736,39.3700787401575);
#1594=VECTOR('',#13775,39.3700787401575);
#1595=VECTOR('',#13778,39.3700787401575);
#1596=VECTOR('',#13873,39.3700787401575);
#1597=VECTOR('',#13876,39.3700787401575);
#1598=VECTOR('',#13879,39.3700787401575);
#1599=VECTOR('',#13882,39.3700787401575);
#1600=VECTOR('',#13987,39.3700787401575);
#1601=VECTOR('',#13990,39.3700787401575);
#1602=VECTOR('',#13993,39.3700787401575);
#1603=VECTOR('',#14000,39.3700787401575);
#1604=VECTOR('',#14011,39.3700787401575);
#1605=VECTOR('',#14014,39.3700787401575);
#1606=VECTOR('',#14019,39.3700787401575);
#1607=VECTOR('',#14022,39.3700787401575);
#1608=VECTOR('',#14027,39.3700787401575);
#1609=VECTOR('',#14030,39.3700787401575);
#1610=VECTOR('',#14033,39.3700787401575);
#1611=VECTOR('',#14036,39.3700787401575);
#1612=VECTOR('',#14043,39.3700787401575);
#1613=VECTOR('',#14046,39.3700787401575);
#1614=VECTOR('',#14051,39.3700787401575);
#1615=VECTOR('',#14054,39.3700787401575);
#1616=VECTOR('',#14059,39.3700787401575);
#1617=VECTOR('',#14062,39.3700787401575);
#1618=VECTOR('',#14065,39.3700787401575);
#1619=VECTOR('',#14066,39.3700787401575);
#1620=VECTOR('',#14067,39.3700787401575);
#1621=VECTOR('',#14068,39.3700787401575);
#1622=VECTOR('',#14071,39.3700787401575);
#1623=VECTOR('',#14072,39.3700787401575);
#1624=VECTOR('',#14073,39.3700787401575);
#1625=VECTOR('',#14074,39.3700787401575);
#1626=VECTOR('',#14077,39.3700787401575);
#1627=VECTOR('',#14078,39.3700787401575);
#1628=VECTOR('',#14083,39.3700787401575);
#1629=VECTOR('',#14086,39.3700787401575);
#1630=VECTOR('',#14095,39.3700787401575);
#1631=VECTOR('',#14096,39.3700787401575);
#1632=VECTOR('',#14097,39.3700787401575);
#1633=VECTOR('',#14102,39.3700787401575);
#1634=VECTOR('',#14105,39.3700787401575);
#1635=VECTOR('',#14108,39.3700787401575);
#1636=VECTOR('',#14113,39.3700787401575);
#1637=VECTOR('',#14116,39.3700787401575);
#1638=VECTOR('',#14119,39.3700787401575);
#1639=VECTOR('',#14148,39.3700787401575);
#1640=VECTOR('',#14151,39.3700787401575);
#1641=VECTOR('',#14154,39.3700787401575);
#1642=VECTOR('',#14159,39.3700787401575);
#1643=VECTOR('',#14162,39.3700787401575);
#1644=VECTOR('',#14165,39.3700787401575);
#1645=VECTOR('',#14224,39.3700787401575);
#1646=VECTOR('',#14225,39.3700787401575);
#1647=VECTOR('',#14230,39.3700787401575);
#1648=VECTOR('',#14233,39.3700787401575);
#1649=VECTOR('',#14236,39.3700787401575);
#1650=VECTOR('',#14239,39.3700787401575);
#1651=VECTOR('',#14242,39.3700787401575);
#1652=VECTOR('',#14245,39.3700787401575);
#1653=VECTOR('',#14354,39.3700787401575);
#1654=VECTOR('',#14365,39.3700787401575);
#1655=VECTOR('',#14378,39.3700787401575);
#1656=VECTOR('',#14381,39.3700787401575);
#1657=VECTOR('',#14384,39.3700787401575);
#1658=VECTOR('',#14387,39.3700787401575);
#1659=VECTOR('',#14390,39.3700787401575);
#1660=VECTOR('',#14393,39.3700787401575);
#1661=VECTOR('',#14396,39.3700787401575);
#1662=VECTOR('',#14399,39.3700787401575);
#1663=VECTOR('',#14402,39.3700787401575);
#1664=VECTOR('',#14405,39.3700787401575);
#1665=VECTOR('',#14408,39.3700787401575);
#1666=VECTOR('',#14411,39.3700787401575);
#1667=VECTOR('',#14418,39.3700787401575);
#1668=VECTOR('',#14419,39.3700787401575);
#1669=VECTOR('',#14420,39.3700787401575);
#1670=VECTOR('',#14425,39.3700787401575);
#1671=VECTOR('',#14430,39.3700787401575);
#1672=VECTOR('',#14431,39.3700787401575);
#1673=VECTOR('',#14434,39.3700787401575);
#1674=VECTOR('',#14437,39.3700787401575);
#1675=VECTOR('',#14438,39.3700787401575);
#1676=VECTOR('',#14439,39.3700787401575);
#1677=VECTOR('',#14440,39.3700787401575);
#1678=VECTOR('',#14441,39.3700787401575);
#1679=VECTOR('',#14442,39.3700787401575);
#1680=VECTOR('',#14447,39.3700787401575);
#1681=VECTOR('',#14450,39.3700787401575);
#1682=VECTOR('',#14453,39.3700787401575);
#1683=VECTOR('',#14456,39.3700787401575);
#1684=VECTOR('',#14457,39.3700787401575);
#1685=VECTOR('',#14460,39.3700787401575);
#1686=VECTOR('',#14467,39.3700787401575);
#1687=VECTOR('',#14470,39.3700787401575);
#1688=VECTOR('',#14491,39.3700787401575);
#1689=VECTOR('',#14492,39.3700787401575);
#1690=VECTOR('',#14497,39.3700787401575);
#1691=VECTOR('',#14498,39.3700787401575);
#1692=VECTOR('',#14503,39.3700787401575);
#1693=VECTOR('',#14506,39.3700787401575);
#1694=VECTOR('',#14509,39.3700787401575);
#1695=VECTOR('',#14510,39.3700787401575);
#1696=VECTOR('',#14651,39.3700787401575);
#1697=VECTOR('',#14654,39.3700787401575);
#1698=VECTOR('',#14657,39.3700787401575);
#1699=VECTOR('',#14660,39.3700787401575);
#1700=VECTOR('',#14669,39.3700787401575);
#1701=VECTOR('',#14672,39.3700787401575);
#1702=VECTOR('',#14675,39.3700787401575);
#1703=VECTOR('',#14678,39.3700787401575);
#1704=VECTOR('',#14685,39.3700787401575);
#1705=VECTOR('',#14688,39.3700787401575);
#1706=VECTOR('',#14693,39.3700787401575);
#1707=VECTOR('',#14696,39.3700787401575);
#1708=VECTOR('',#14707,39.3700787401575);
#1709=VECTOR('',#14708,39.3700787401575);
#1710=VECTOR('',#14711,39.3700787401575);
#1711=VECTOR('',#14714,39.3700787401575);
#1712=VECTOR('',#14719,39.3700787401575);
#1713=VECTOR('',#14720,39.3700787401575);
#1714=VECTOR('',#14721,39.3700787401575);
#1715=VECTOR('',#14722,39.3700787401575);
#1716=VECTOR('',#14723,39.3700787401575);
#1717=VECTOR('',#14726,39.3700787401575);
#1718=VECTOR('',#14727,39.3700787401575);
#1719=VECTOR('',#14730,39.3700787401575);
#1720=VECTOR('',#14731,39.3700787401575);
#1721=VECTOR('',#14738,39.3700787401575);
#1722=VECTOR('',#14741,39.3700787401575);
#1723=VECTOR('',#14744,39.3700787401575);
#1724=VECTOR('',#14747,39.3700787401575);
#1725=VECTOR('',#14750,39.3700787401575);
#1726=VECTOR('',#14753,39.3700787401575);
#1727=VECTOR('',#14756,39.3700787401575);
#1728=VECTOR('',#14759,39.3700787401575);
#1729=VECTOR('',#14762,39.3700787401575);
#1730=VECTOR('',#14765,39.3700787401575);
#1731=VECTOR('',#14768,39.3700787401575);
#1732=VECTOR('',#14771,39.3700787401575);
#1733=VECTOR('',#14776,39.3700787401575);
#1734=VECTOR('',#14777,39.3700787401575);
#1735=VECTOR('',#14778,39.3700787401575);
#1736=VECTOR('',#14779,39.3700787401575);
#1737=VECTOR('',#14780,39.3700787401575);
#1738=VECTOR('',#14781,39.3700787401575);
#1739=VECTOR('',#14786,39.3700787401575);
#1740=VECTOR('',#14787,39.3700787401575);
#1741=VECTOR('',#14788,39.3700787401575);
#1742=VECTOR('',#14791,39.3700787401575);
#1743=VECTOR('',#14792,39.3700787401575);
#1744=VECTOR('',#14795,39.3700787401575);
#1745=VECTOR('',#14796,39.3700787401575);
#1746=VECTOR('',#14799,39.3700787401575);
#1747=VECTOR('',#14800,39.3700787401575);
#1748=VECTOR('',#14803,39.3700787401575);
#1749=VECTOR('',#14804,39.3700787401575);
#1750=VECTOR('',#14807,39.3700787401575);
#1751=VECTOR('',#14814,39.3700787401575);
#1752=VECTOR('',#14815,39.3700787401575);
#1753=VECTOR('',#14816,39.3700787401575);
#1754=VECTOR('',#14817,39.3700787401575);
#1755=VECTOR('',#14818,39.3700787401575);
#1756=VECTOR('',#14819,39.3700787401575);
#1757=VECTOR('',#14826,39.3700787401575);
#1758=VECTOR('',#14827,39.3700787401575);
#1759=VECTOR('',#14828,39.3700787401575);
#1760=VECTOR('',#14829,39.3700787401575);
#1761=VECTOR('',#14830,39.3700787401575);
#1762=VECTOR('',#14831,39.3700787401575);
#1763=VECTOR('',#14836,39.3700787401575);
#1764=VECTOR('',#14837,39.3700787401575);
#1765=VECTOR('',#14838,39.3700787401575);
#1766=VECTOR('',#14841,39.3700787401575);
#1767=VECTOR('',#14842,39.3700787401575);
#1768=VECTOR('',#14845,39.3700787401575);
#1769=VECTOR('',#14846,39.3700787401575);
#1770=VECTOR('',#14849,39.3700787401575);
#1771=VECTOR('',#14850,39.3700787401575);
#1772=VECTOR('',#14853,39.3700787401575);
#1773=VECTOR('',#14854,39.3700787401575);
#1774=VECTOR('',#14857,39.3700787401575);
#1775=VECTOR('',#14862,39.3700787401575);
#1776=VECTOR('',#14863,39.3700787401575);
#1777=VECTOR('',#14864,39.3700787401575);
#1778=VECTOR('',#14867,39.3700787401575);
#1779=VECTOR('',#14868,39.3700787401575);
#1780=VECTOR('',#14871,39.3700787401575);
#1781=VECTOR('',#14872,39.3700787401575);
#1782=VECTOR('',#14875,39.3700787401575);
#1783=VECTOR('',#14876,39.3700787401575);
#1784=VECTOR('',#14879,39.3700787401575);
#1785=VECTOR('',#14880,39.3700787401575);
#1786=VECTOR('',#14883,39.3700787401575);
#1787=VECTOR('',#14888,39.3700787401575);
#1788=VECTOR('',#14891,39.3700787401575);
#1789=VECTOR('',#14894,39.3700787401575);
#1790=VECTOR('',#14897,39.3700787401575);
#1791=VECTOR('',#14900,39.3700787401575);
#1792=VECTOR('',#14903,39.3700787401575);
#1793=VECTOR('',#14908,39.3700787401575);
#1794=VECTOR('',#14909,39.3700787401575);
#1795=VECTOR('',#14910,39.3700787401575);
#1796=VECTOR('',#14913,39.3700787401575);
#1797=VECTOR('',#14914,39.3700787401575);
#1798=VECTOR('',#14917,39.3700787401575);
#1799=VECTOR('',#14918,39.3700787401575);
#1800=VECTOR('',#14921,39.3700787401575);
#1801=VECTOR('',#14926,39.3700787401575);
#1802=VECTOR('',#14927,39.3700787401575);
#1803=VECTOR('',#14928,39.3700787401575);
#1804=VECTOR('',#14929,39.3700787401575);
#1805=VECTOR('',#14930,39.3700787401575);
#1806=VECTOR('',#14931,39.3700787401575);
#1807=VECTOR('',#14936,39.3700787401575);
#1808=VECTOR('',#14937,39.3700787401575);
#1809=VECTOR('',#14938,39.3700787401575);
#1810=VECTOR('',#14939,39.3700787401575);
#1811=VECTOR('',#14940,39.3700787401575);
#1812=VECTOR('',#14941,39.3700787401575);
#1813=VECTOR('',#14946,39.3700787401575);
#1814=VECTOR('',#14949,39.3700787401575);
#1815=VECTOR('',#14952,39.3700787401575);
#1816=VECTOR('',#14955,39.3700787401575);
#1817=VECTOR('',#14958,39.3700787401575);
#1818=VECTOR('',#14961,39.3700787401575);
#1819=VECTOR('',#14964,39.3700787401575);
#1820=VECTOR('',#14967,39.3700787401575);
#1821=VECTOR('',#14970,39.3700787401575);
#1822=VECTOR('',#14973,39.3700787401575);
#1823=VECTOR('',#14976,39.3700787401575);
#1824=VECTOR('',#14979,39.3700787401575);
#1825=VECTOR('',#14982,39.3700787401575);
#1826=VECTOR('',#14985,39.3700787401575);
#1827=VECTOR('',#14988,39.3700787401575);
#1828=VECTOR('',#14989,39.3700787401575);
#1829=VECTOR('',#14990,39.3700787401575);
#1830=VECTOR('',#14991,39.3700787401575);
#1831=VECTOR('',#14994,39.3700787401575);
#1832=VECTOR('',#14995,39.3700787401575);
#1833=VECTOR('',#14996,39.3700787401575);
#1834=VECTOR('',#14999,39.3700787401575);
#1835=VECTOR('',#15000,39.3700787401575);
#1836=VECTOR('',#15003,39.3700787401575);
#1837=VECTOR('',#15004,39.3700787401575);
#1838=VECTOR('',#15007,39.3700787401575);
#1839=VECTOR('',#15024,39.3700787401575);
#1840=VECTOR('',#15025,39.3700787401575);
#1841=VECTOR('',#15026,39.3700787401575);
#1842=VECTOR('',#15027,39.3700787401575);
#1843=VECTOR('',#15028,39.3700787401575);
#1844=VECTOR('',#15029,39.3700787401575);
#1845=VECTOR('',#15036,39.3700787401575);
#1846=VECTOR('',#15037,39.3700787401575);
#1847=VECTOR('',#15038,39.3700787401575);
#1848=VECTOR('',#15039,39.3700787401575);
#1849=VECTOR('',#15040,39.3700787401575);
#1850=VECTOR('',#15041,39.3700787401575);
#1851=VECTOR('',#15048,39.3700787401575);
#1852=VECTOR('',#15049,39.3700787401575);
#1853=VECTOR('',#15050,39.3700787401575);
#1854=VECTOR('',#15051,39.3700787401575);
#1855=VECTOR('',#15052,39.3700787401575);
#1856=VECTOR('',#15053,39.3700787401575);
#1857=VECTOR('',#15060,39.3700787401575);
#1858=VECTOR('',#15061,39.3700787401575);
#1859=VECTOR('',#15062,39.3700787401575);
#1860=VECTOR('',#15063,39.3700787401575);
#1861=VECTOR('',#15064,39.3700787401575);
#1862=VECTOR('',#15065,39.3700787401575);
#1863=VECTOR('',#15068,39.3700787401575);
#1864=VECTOR('',#15069,39.3700787401575);
#1865=VECTOR('',#15070,39.3700787401575);
#1866=VECTOR('',#15073,39.3700787401575);
#1867=VECTOR('',#15074,39.3700787401575);
#1868=VECTOR('',#15077,39.3700787401575);
#1869=VECTOR('',#15078,39.3700787401575);
#1870=VECTOR('',#15081,39.3700787401575);
#1871=VECTOR('',#15082,39.3700787401575);
#1872=VECTOR('',#15085,39.3700787401575);
#1873=VECTOR('',#15086,39.3700787401575);
#1874=VECTOR('',#15089,39.3700787401575);
#1875=VECTOR('',#15094,39.3700787401575);
#1876=VECTOR('',#15095,39.3700787401575);
#1877=VECTOR('',#15096,39.3700787401575);
#1878=VECTOR('',#15099,39.3700787401575);
#1879=VECTOR('',#15100,39.3700787401575);
#1880=VECTOR('',#15103,39.3700787401575);
#1881=VECTOR('',#15104,39.3700787401575);
#1882=VECTOR('',#15107,39.3700787401575);
#1883=VECTOR('',#15108,39.3700787401575);
#1884=VECTOR('',#15111,39.3700787401575);
#1885=VECTOR('',#15112,39.3700787401575);
#1886=VECTOR('',#15115,39.3700787401575);
#1887=VECTOR('',#15120,39.3700787401575);
#1888=VECTOR('',#15121,39.3700787401575);
#1889=VECTOR('',#15122,39.3700787401575);
#1890=VECTOR('',#15125,39.3700787401575);
#1891=VECTOR('',#15126,39.3700787401575);
#1892=VECTOR('',#15129,39.3700787401575);
#1893=VECTOR('',#15130,39.3700787401575);
#1894=VECTOR('',#15133,39.3700787401575);
#1895=VECTOR('',#15134,39.3700787401575);
#1896=VECTOR('',#15137,39.3700787401575);
#1897=VECTOR('',#15138,39.3700787401575);
#1898=VECTOR('',#15141,39.3700787401575);
#1899=VECTOR('',#15146,39.3700787401575);
#1900=VECTOR('',#15147,39.3700787401575);
#1901=VECTOR('',#15148,39.3700787401575);
#1902=VECTOR('',#15151,39.3700787401575);
#1903=VECTOR('',#15152,39.3700787401575);
#1904=VECTOR('',#15155,39.3700787401575);
#1905=VECTOR('',#15156,39.3700787401575);
#1906=VECTOR('',#15159,39.3700787401575);
#1907=VECTOR('',#15160,39.3700787401575);
#1908=VECTOR('',#15163,39.3700787401575);
#1909=VECTOR('',#15164,39.3700787401575);
#1910=VECTOR('',#15167,39.3700787401575);
#1911=VECTOR('',#15174,39.3700787401575);
#1912=VECTOR('',#15175,39.3700787401575);
#1913=VECTOR('',#15176,39.3700787401575);
#1914=VECTOR('',#15177,39.3700787401575);
#1915=VECTOR('',#15178,39.3700787401575);
#1916=VECTOR('',#15179,39.3700787401575);
#1917=VECTOR('',#15184,39.3700787401575);
#1918=VECTOR('',#15185,39.3700787401575);
#1919=VECTOR('',#15186,39.3700787401575);
#1920=VECTOR('',#15189,39.3700787401575);
#1921=VECTOR('',#15190,39.3700787401575);
#1922=VECTOR('',#15193,39.3700787401575);
#1923=VECTOR('',#15194,39.3700787401575);
#1924=VECTOR('',#15197,39.3700787401575);
#1925=VECTOR('',#15198,39.3700787401575);
#1926=VECTOR('',#15201,39.3700787401575);
#1927=VECTOR('',#15202,39.3700787401575);
#1928=VECTOR('',#15205,39.3700787401575);
#1929=VECTOR('',#15214,39.3700787401575);
#1930=VECTOR('',#15215,39.3700787401575);
#1931=VECTOR('',#15216,39.3700787401575);
#1932=VECTOR('',#15217,39.3700787401575);
#1933=VECTOR('',#15218,39.3700787401575);
#1934=VECTOR('',#15219,39.3700787401575);
#1935=VECTOR('',#15222,39.3700787401575);
#1936=VECTOR('',#15223,39.3700787401575);
#1937=VECTOR('',#15224,39.3700787401575);
#1938=VECTOR('',#15227,39.3700787401575);
#1939=VECTOR('',#15228,39.3700787401575);
#1940=VECTOR('',#15231,39.3700787401575);
#1941=VECTOR('',#15232,39.3700787401575);
#1942=VECTOR('',#15235,39.3700787401575);
#1943=VECTOR('',#15236,39.3700787401575);
#1944=VECTOR('',#15239,39.3700787401575);
#1945=VECTOR('',#15240,39.3700787401575);
#1946=VECTOR('',#15243,39.3700787401575);
#1947=VECTOR('',#15250,39.3700787401575);
#1948=VECTOR('',#15253,39.3700787401575);
#1949=VECTOR('',#15258,39.3700787401575);
#1950=VECTOR('',#15263,39.3700787401575);
#1951=VECTOR('',#15264,39.3700787401575);
#1952=VECTOR('',#15265,39.3700787401575);
#1953=VECTOR('',#15278,39.3700787401575);
#1954=VECTOR('',#15285,39.3700787401575);
#1955=VECTOR('',#15288,39.3700787401575);
#1956=VECTOR('',#15289,39.3700787401575);
#1957=VECTOR('',#15290,39.3700787401575);
#1958=VECTOR('',#15293,39.3700787401575);
#1959=VECTOR('',#15296,39.3700787401575);
#1960=VECTOR('',#15297,39.3700787401575);
#1961=VECTOR('',#15302,39.3700787401575);
#1962=VECTOR('',#15303,39.3700787401575);
#1963=VECTOR('',#15310,39.3700787401575);
#1964=VECTOR('',#15315,39.3700787401575);
#1965=VECTOR('',#15318,39.3700787401575);
#1966=VECTOR('',#15319,39.3700787401575);
#1967=VECTOR('',#15322,39.3700787401575);
#1968=VECTOR('',#15323,39.3700787401575);
#1969=VECTOR('',#15326,39.3700787401575);
#1970=VECTOR('',#15331,39.3700787401575);
#1971=VECTOR('',#15336,39.3700787401575);
#1972=VECTOR('',#15339,39.3700787401575);
#1973=VECTOR('',#15340,39.3700787401575);
#1974=VECTOR('',#15343,39.3700787401575);
#1975=VECTOR('',#15344,39.3700787401575);
#1976=VECTOR('',#15347,39.3700787401575);
#1977=VECTOR('',#15350,39.3700787401575);
#1978=VECTOR('',#15353,39.3700787401575);
#1979=VECTOR('',#15356,39.3700787401575);
#1980=VECTOR('',#15359,39.3700787401575);
#1981=VECTOR('',#15362,39.3700787401575);
#1982=VECTOR('',#15365,39.3700787401575);
#1983=VECTOR('',#15368,39.3700787401575);
#1984=VECTOR('',#15371,39.3700787401575);
#1985=VECTOR('',#15374,39.3700787401575);
#1986=VECTOR('',#15377,39.3700787401575);
#1987=VECTOR('',#15380,39.3700787401575);
#1988=VECTOR('',#15383,39.3700787401575);
#1989=VECTOR('',#15388,39.3700787401575);
#1990=VECTOR('',#15391,39.3700787401575);
#1991=VECTOR('',#15392,39.3700787401575);
#1992=VECTOR('',#15395,39.3700787401575);
#1993=VECTOR('',#15400,39.3700787401575);
#1994=VECTOR('',#15403,39.3700787401575);
#1995=VECTOR('',#15404,39.3700787401575);
#1996=VECTOR('',#15407,39.3700787401575);
#1997=VECTOR('',#15412,39.3700787401575);
#1998=VECTOR('',#15415,39.3700787401575);
#1999=VECTOR('',#15416,39.3700787401575);
#2000=VECTOR('',#15419,39.3700787401575);
#2001=VECTOR('',#15424,39.3700787401575);
#2002=VECTOR('',#15425,39.3700787401575);
#2003=VECTOR('',#15426,39.3700787401575);
#2004=VECTOR('',#15431,39.3700787401575);
#2005=VECTOR('',#15434,39.3700787401575);
#2006=VECTOR('',#15435,39.3700787401575);
#2007=VECTOR('',#15440,39.3700787401575);
#2008=VECTOR('',#15443,39.3700787401575);
#2009=VECTOR('',#15444,39.3700787401575);
#2010=VECTOR('',#15449,39.3700787401575);
#2011=VECTOR('',#15452,39.3700787401575);
#2012=VECTOR('',#15453,39.3700787401575);
#2013=VECTOR('',#15458,39.3700787401575);
#2014=VECTOR('',#15461,39.3700787401575);
#2015=VECTOR('',#15462,39.3700787401575);
#2016=VECTOR('',#15467,39.3700787401575);
#2017=VECTOR('',#15470,39.3700787401575);
#2018=VECTOR('',#15471,39.3700787401575);
#2019=VECTOR('',#15476,39.3700787401575);
#2020=VECTOR('',#15479,39.3700787401575);
#2021=VECTOR('',#15480,39.3700787401575);
#2022=VECTOR('',#15485,39.3700787401575);
#2023=VECTOR('',#15488,39.3700787401575);
#2024=VECTOR('',#15489,39.3700787401575);
#2025=VECTOR('',#15494,39.3700787401575);
#2026=VECTOR('',#15497,39.3700787401575);
#2027=VECTOR('',#15498,39.3700787401575);
#2028=VECTOR('',#15503,39.3700787401575);
#2029=VECTOR('',#15506,39.3700787401575);
#2030=VECTOR('',#15507,39.3700787401575);
#2031=VECTOR('',#15512,39.3700787401575);
#2032=VECTOR('',#15515,39.3700787401575);
#2033=VECTOR('',#15516,39.3700787401575);
#2034=VECTOR('',#15521,39.3700787401575);
#2035=VECTOR('',#15524,39.3700787401575);
#2036=VECTOR('',#15525,39.3700787401575);
#2037=VECTOR('',#15530,39.3700787401575);
#2038=VECTOR('',#15531,39.3700787401575);
#2039=VECTOR('',#15534,39.3700787401575);
#2040=VECTOR('',#15535,39.3700787401575);
#2041=VECTOR('',#15540,39.3700787401575);
#2042=VECTOR('',#15543,39.3700787401575);
#2043=VECTOR('',#15544,39.3700787401575);
#2044=VECTOR('',#15545,39.3700787401575);
#2045=VECTOR('',#15550,39.3700787401575);
#2046=VECTOR('',#15553,39.3700787401575);
#2047=VECTOR('',#15554,39.3700787401575);
#2048=VECTOR('',#15559,39.3700787401575);
#2049=VECTOR('',#15560,39.3700787401575);
#2050=VECTOR('',#15563,39.3700787401575);
#2051=VECTOR('',#15564,39.3700787401575);
#2052=VECTOR('',#15569,39.3700787401575);
#2053=VECTOR('',#15572,39.3700787401575);
#2054=VECTOR('',#15573,39.3700787401575);
#2055=VECTOR('',#15574,39.3700787401575);
#2056=VECTOR('',#15579,39.3700787401575);
#2057=VECTOR('',#15582,39.3700787401575);
#2058=VECTOR('',#15583,39.3700787401575);
#2059=VECTOR('',#15588,39.3700787401575);
#2060=VECTOR('',#15589,39.3700787401575);
#2061=VECTOR('',#15592,39.3700787401575);
#2062=VECTOR('',#15593,39.3700787401575);
#2063=VECTOR('',#15598,39.3700787401575);
#2064=VECTOR('',#15601,39.3700787401575);
#2065=VECTOR('',#15602,39.3700787401575);
#2066=VECTOR('',#15603,39.3700787401575);
#2067=VECTOR('',#15608,39.3700787401575);
#2068=VECTOR('',#15611,39.3700787401575);
#2069=VECTOR('',#15612,39.3700787401575);
#2070=VECTOR('',#15615,39.3700787401575);
#2071=VECTOR('',#15622,39.3700787401575);
#2072=VECTOR('',#15629,39.3700787401575);
#2073=VECTOR('',#15684,39.3700787401575);
#2074=VECTOR('',#15687,39.3700787401575);
#2075=VECTOR('',#15690,39.3700787401575);
#2076=VECTOR('',#15693,39.3700787401575);
#2077=VECTOR('',#15694,39.3700787401575);
#2078=VECTOR('',#15697,39.3700787401575);
#2079=VECTOR('',#15698,39.3700787401575);
#2080=VECTOR('',#15701,39.3700787401575);
#2081=VECTOR('',#15704,39.3700787401575);
#2082=VECTOR('',#15707,39.3700787401575);
#2083=VECTOR('',#15708,39.3700787401575);
#2084=VECTOR('',#15711,39.3700787401575);
#2085=VECTOR('',#15712,39.3700787401575);
#2086=VECTOR('',#15715,39.3700787401575);
#2087=VECTOR('',#15724,39.3700787401575);
#2088=VECTOR('',#15727,39.3700787401575);
#2089=VECTOR('',#15752,39.3700787401575);
#2090=VECTOR('',#15753,39.3700787401575);
#2091=VECTOR('',#15754,39.3700787401575);
#2092=VECTOR('',#15755,39.3700787401575);
#2093=VECTOR('',#15756,39.3700787401575);
#2094=VECTOR('',#15757,39.3700787401575);
#2095=VECTOR('',#15764,39.3700787401575);
#2096=VECTOR('',#15765,39.3700787401575);
#2097=VECTOR('',#15766,39.3700787401575);
#2098=VECTOR('',#15767,39.3700787401575);
#2099=VECTOR('',#15768,39.3700787401575);
#2100=VECTOR('',#15769,39.3700787401575);
#2101=VECTOR('',#15776,39.3700787401575);
#2102=VECTOR('',#15777,39.3700787401575);
#2103=VECTOR('',#15778,39.3700787401575);
#2104=VECTOR('',#15779,39.3700787401575);
#2105=VECTOR('',#15780,39.3700787401575);
#2106=VECTOR('',#15781,39.3700787401575);
#2107=VECTOR('',#15788,39.3700787401575);
#2108=VECTOR('',#15789,39.3700787401575);
#2109=VECTOR('',#15790,39.3700787401575);
#2110=VECTOR('',#15791,39.3700787401575);
#2111=VECTOR('',#15792,39.3700787401575);
#2112=VECTOR('',#15793,39.3700787401575);
#2113=VECTOR('',#15796,39.3700787401575);
#2114=VECTOR('',#15797,39.3700787401575);
#2115=VECTOR('',#15798,39.3700787401575);
#2116=VECTOR('',#15801,39.3700787401575);
#2117=VECTOR('',#15802,39.3700787401575);
#2118=VECTOR('',#15805,39.3700787401575);
#2119=VECTOR('',#15806,39.3700787401575);
#2120=VECTOR('',#15809,39.3700787401575);
#2121=VECTOR('',#15810,39.3700787401575);
#2122=VECTOR('',#15813,39.3700787401575);
#2123=VECTOR('',#15814,39.3700787401575);
#2124=VECTOR('',#15817,39.3700787401575);
#2125=VECTOR('',#15822,39.3700787401575);
#2126=VECTOR('',#15823,39.3700787401575);
#2127=VECTOR('',#15870,39.3700787401575);
#2128=VECTOR('',#15871,39.3700787401575);
#2129=VECTOR('',#15872,39.3700787401575);
#2130=VECTOR('',#15873,39.3700787401575);
#2131=VECTOR('',#15874,39.3700787401575);
#2132=VECTOR('',#15875,39.3700787401575);
#2133=VECTOR('',#15890,39.3700787401575);
#2134=VECTOR('',#15891,39.3700787401575);
#2135=VECTOR('',#15892,39.3700787401575);
#2136=VECTOR('',#15893,39.3700787401575);
#2137=VECTOR('',#15894,39.3700787401575);
#2138=VECTOR('',#15895,39.3700787401575);
#2139=VECTOR('',#15898,39.3700787401575);
#2140=VECTOR('',#15899,39.3700787401575);
#2141=VECTOR('',#15900,39.3700787401575);
#2142=VECTOR('',#15903,39.3700787401575);
#2143=VECTOR('',#15904,39.3700787401575);
#2144=VECTOR('',#15907,39.3700787401575);
#2145=VECTOR('',#15908,39.3700787401575);
#2146=VECTOR('',#15911,39.3700787401575);
#2147=VECTOR('',#15912,39.3700787401575);
#2148=VECTOR('',#15915,39.3700787401575);
#2149=VECTOR('',#15916,39.3700787401575);
#2150=VECTOR('',#15919,39.3700787401575);
#2151=VECTOR('',#15924,39.3700787401575);
#2152=VECTOR('',#15925,39.3700787401575);
#2153=VECTOR('',#15926,39.3700787401575);
#2154=VECTOR('',#15929,39.3700787401575);
#2155=VECTOR('',#15930,39.3700787401575);
#2156=VECTOR('',#15933,39.3700787401575);
#2157=VECTOR('',#15934,39.3700787401575);
#2158=VECTOR('',#15937,39.3700787401575);
#2159=VECTOR('',#15938,39.3700787401575);
#2160=VECTOR('',#15941,39.3700787401575);
#2161=VECTOR('',#15942,39.3700787401575);
#2162=VECTOR('',#15945,39.3700787401575);
#2163=VECTOR('',#15962,39.3700787401575);
#2164=VECTOR('',#15963,39.3700787401575);
#2165=VECTOR('',#15966,39.3700787401575);
#2166=VECTOR('',#15967,39.3700787401575);
#2167=VECTOR('',#15970,39.3700787401575);
#2168=VECTOR('',#15975,39.3700787401575);
#2169=VECTOR('',#15976,39.3700787401575);
#2170=VECTOR('',#15977,39.3700787401575);
#2171=VECTOR('',#15980,39.3700787401575);
#2172=VECTOR('',#15983,39.3700787401575);
#2173=VECTOR('',#15984,39.3700787401575);
#2174=VECTOR('',#15989,39.3700787401575);
#2175=VECTOR('',#15992,39.3700787401575);
#2176=VECTOR('',#15993,39.3700787401575);
#2177=VECTOR('',#16000,39.3700787401575);
#2178=VECTOR('',#16003,39.3700787401575);
#2179=VECTOR('',#16004,39.3700787401575);
#2180=VECTOR('',#16005,39.3700787401575);
#2181=VECTOR('',#16010,39.3700787401575);
#2182=VECTOR('',#16013,39.3700787401575);
#2183=VECTOR('',#16014,39.3700787401575);
#2184=VECTOR('',#16017,39.3700787401575);
#2185=VECTOR('',#16020,39.3700787401575);
#2186=VECTOR('',#16021,39.3700787401575);
#2187=VECTOR('',#16026,39.3700787401575);
#2188=VECTOR('',#16029,39.3700787401575);
#2189=VECTOR('',#16030,39.3700787401575);
#2190=VECTOR('',#16033,39.3700787401575);
#2191=VECTOR('',#16036,39.3700787401575);
#2192=VECTOR('',#16037,39.3700787401575);
#2193=VECTOR('',#16042,39.3700787401575);
#2194=VECTOR('',#16045,39.3700787401575);
#2195=VECTOR('',#16046,39.3700787401575);
#2196=VECTOR('',#16051,39.3700787401575);
#2197=VECTOR('',#16054,39.3700787401575);
#2198=VECTOR('',#16055,39.3700787401575);
#2199=VECTOR('',#16060,39.3700787401575);
#2200=VECTOR('',#16063,39.3700787401575);
#2201=VECTOR('',#16064,39.3700787401575);
#2202=VECTOR('',#16067,39.3700787401575);
#2203=VECTOR('',#16070,39.3700787401575);
#2204=VECTOR('',#16071,39.3700787401575);
#2205=VECTOR('',#16078,39.3700787401575);
#2206=VECTOR('',#16085,39.3700787401575);
#2207=VECTOR('',#16088,39.3700787401575);
#2208=VECTOR('',#16097,39.3700787401575);
#2209=VECTOR('',#16100,39.3700787401575);
#2210=VECTOR('',#16109,39.3700787401575);
#2211=VECTOR('',#16112,39.3700787401575);
#2212=VECTOR('',#16121,39.3700787401575);
#2213=VECTOR('',#16124,39.3700787401575);
#2214=VECTOR('',#16127,39.3700787401575);
#2215=VECTOR('',#16128,39.3700787401575);
#2216=VECTOR('',#16129,39.3700787401575);
#2217=VECTOR('',#16132,39.3700787401575);
#2218=VECTOR('',#16137,39.3700787401575);
#2219=VECTOR('',#16138,39.3700787401575);
#2220=VECTOR('',#16141,39.3700787401575);
#2221=VECTOR('',#16146,39.3700787401575);
#2222=VECTOR('',#16147,39.3700787401575);
#2223=VECTOR('',#16150,39.3700787401575);
#2224=VECTOR('',#16155,39.3700787401575);
#2225=VECTOR('',#16156,39.3700787401575);
#2226=VECTOR('',#16161,39.3700787401575);
#2227=VECTOR('',#16166,39.3700787401575);
#2228=VECTOR('',#16167,39.3700787401575);
#2229=VECTOR('',#16170,39.3700787401575);
#2230=VECTOR('',#16175,39.3700787401575);
#2231=VECTOR('',#16176,39.3700787401575);
#2232=VECTOR('',#16179,39.3700787401575);
#2233=VECTOR('',#16184,39.3700787401575);
#2234=VECTOR('',#16185,39.3700787401575);
#2235=VECTOR('',#16188,39.3700787401575);
#2236=VECTOR('',#16193,39.3700787401575);
#2237=VECTOR('',#16194,39.3700787401575);
#2238=VECTOR('',#16219,39.3700787401575);
#2239=VECTOR('',#16220,39.3700787401575);
#2240=VECTOR('',#16221,39.3700787401575);
#2241=VECTOR('',#16222,39.3700787401575);
#2242=VECTOR('',#16227,39.3700787401575);
#2243=VECTOR('',#16232,39.3700787401575);
#2244=VECTOR('',#16233,39.3700787401575);
#2245=VECTOR('',#16234,39.3700787401575);
#2246=VECTOR('',#16237,39.3700787401575);
#2247=VECTOR('',#16242,39.3700787401575);
#2248=VECTOR('',#16243,39.3700787401575);
#2249=VECTOR('',#16246,39.3700787401575);
#2250=VECTOR('',#16251,39.3700787401575);
#2251=VECTOR('',#16252,39.3700787401575);
#2252=VECTOR('',#16255,39.3700787401575);
#2253=VECTOR('',#16260,39.3700787401575);
#2254=VECTOR('',#16261,39.3700787401575);
#2255=VECTOR('',#16264,39.3700787401575);
#2256=VECTOR('',#16269,39.3700787401575);
#2257=VECTOR('',#16270,39.3700787401575);
#2258=VECTOR('',#16273,39.3700787401575);
#2259=VECTOR('',#16278,39.3700787401575);
#2260=VECTOR('',#16279,39.3700787401575);
#2261=VECTOR('',#16282,39.3700787401575);
#2262=VECTOR('',#16287,39.3700787401575);
#2263=VECTOR('',#16288,39.3700787401575);
#2264=VECTOR('',#16291,39.3700787401575);
#2265=VECTOR('',#16296,39.3700787401575);
#2266=VECTOR('',#16297,39.3700787401575);
#2267=VECTOR('',#16300,39.3700787401575);
#2268=VECTOR('',#16305,39.3700787401575);
#2269=VECTOR('',#16306,39.3700787401575);
#2270=VECTOR('',#16309,39.3700787401575);
#2271=VECTOR('',#16314,39.3700787401575);
#2272=VECTOR('',#16315,39.3700787401575);
#2273=VECTOR('',#16318,39.3700787401575);
#2274=VECTOR('',#16323,39.3700787401575);
#2275=VECTOR('',#16324,39.3700787401575);
#2276=VECTOR('',#16335,39.3700787401575);
#2277=VECTOR('',#16336,39.3700787401575);
#2278=VECTOR('',#16337,39.3700787401575);
#2279=VECTOR('',#16340,39.3700787401575);
#2280=VECTOR('',#16341,39.3700787401575);
#2281=VECTOR('',#16344,39.3700787401575);
#2282=VECTOR('',#16345,39.3700787401575);
#2283=VECTOR('',#16348,39.3700787401575);
#2284=VECTOR('',#16349,39.3700787401575);
#2285=VECTOR('',#16352,39.3700787401575);
#2286=VECTOR('',#16353,39.3700787401575);
#2287=VECTOR('',#16356,39.3700787401575);
#2288=VECTOR('',#16361,39.3700787401575);
#2289=VECTOR('',#16362,39.3700787401575);
#2290=VECTOR('',#16363,39.3700787401575);
#2291=VECTOR('',#16366,39.3700787401575);
#2292=VECTOR('',#16367,39.3700787401575);
#2293=VECTOR('',#16370,39.3700787401575);
#2294=VECTOR('',#16371,39.3700787401575);
#2295=VECTOR('',#16374,39.3700787401575);
#2296=VECTOR('',#16375,39.3700787401575);
#2297=VECTOR('',#16378,39.3700787401575);
#2298=VECTOR('',#16379,39.3700787401575);
#2299=VECTOR('',#16382,39.3700787401575);
#2300=VECTOR('',#16387,39.3700787401575);
#2301=VECTOR('',#16388,39.3700787401575);
#2302=VECTOR('',#16389,39.3700787401575);
#2303=VECTOR('',#16392,39.3700787401575);
#2304=VECTOR('',#16393,39.3700787401575);
#2305=VECTOR('',#16396,39.3700787401575);
#2306=VECTOR('',#16397,39.3700787401575);
#2307=VECTOR('',#16400,39.3700787401575);
#2308=VECTOR('',#16401,39.3700787401575);
#2309=VECTOR('',#16404,39.3700787401575);
#2310=VECTOR('',#16405,39.3700787401575);
#2311=VECTOR('',#16408,39.3700787401575);
#2312=VECTOR('',#16413,39.3700787401575);
#2313=VECTOR('',#16414,39.3700787401575);
#2314=VECTOR('',#16415,39.3700787401575);
#2315=VECTOR('',#16416,39.3700787401575);
#2316=VECTOR('',#16419,39.3700787401575);
#2317=VECTOR('',#16422,39.3700787401575);
#2318=VECTOR('',#16427,39.3700787401575);
#2319=VECTOR('',#16428,39.3700787401575);
#2320=VECTOR('',#16431,39.3700787401575);
#2321=VECTOR('',#16434,39.3700787401575);
#2322=VECTOR('',#16439,39.3700787401575);
#2323=VECTOR('',#16440,39.3700787401575);
#2324=VECTOR('',#16447,39.3700787401575);
#2325=VECTOR('',#16452,39.3700787401575);
#2326=VECTOR('',#16453,39.3700787401575);
#2327=ORIENTED_EDGE('',*,*,#5435,.F.);
#2328=ORIENTED_EDGE('',*,*,#5436,.F.);
#2329=ORIENTED_EDGE('',*,*,#5437,.F.);
#2330=ORIENTED_EDGE('',*,*,#5438,.F.);
#2331=ORIENTED_EDGE('',*,*,#5439,.F.);
#2332=ORIENTED_EDGE('',*,*,#5440,.F.);
#2333=ORIENTED_EDGE('',*,*,#5435,.T.);
#2334=ORIENTED_EDGE('',*,*,#5441,.F.);
#2335=ORIENTED_EDGE('',*,*,#5442,.F.);
#2336=ORIENTED_EDGE('',*,*,#5443,.F.);
#2337=ORIENTED_EDGE('',*,*,#5444,.T.);
#2338=ORIENTED_EDGE('',*,*,#5445,.T.);
#2339=ORIENTED_EDGE('',*,*,#5446,.T.);
#2340=ORIENTED_EDGE('',*,*,#5447,.T.);
#2341=ORIENTED_EDGE('',*,*,#5448,.T.);
#2342=ORIENTED_EDGE('',*,*,#5449,.F.);
#2343=ORIENTED_EDGE('',*,*,#5450,.T.);
#2344=ORIENTED_EDGE('',*,*,#5451,.T.);
#2345=ORIENTED_EDGE('',*,*,#5452,.T.);
#2346=ORIENTED_EDGE('',*,*,#5453,.F.);
#2347=ORIENTED_EDGE('',*,*,#5454,.T.);
#2348=ORIENTED_EDGE('',*,*,#5455,.T.);
#2349=ORIENTED_EDGE('',*,*,#5456,.T.);
#2350=ORIENTED_EDGE('',*,*,#5457,.F.);
#2351=ORIENTED_EDGE('',*,*,#5458,.T.);
#2352=ORIENTED_EDGE('',*,*,#5459,.T.);
#2353=ORIENTED_EDGE('',*,*,#5460,.T.);
#2354=ORIENTED_EDGE('',*,*,#5461,.F.);
#2355=ORIENTED_EDGE('',*,*,#5462,.T.);
#2356=ORIENTED_EDGE('',*,*,#5449,.T.);
#2357=ORIENTED_EDGE('',*,*,#5463,.T.);
#2358=ORIENTED_EDGE('',*,*,#5464,.F.);
#2359=ORIENTED_EDGE('',*,*,#5465,.T.);
#2360=ORIENTED_EDGE('',*,*,#5453,.T.);
#2361=ORIENTED_EDGE('',*,*,#5466,.T.);
#2362=ORIENTED_EDGE('',*,*,#5467,.F.);
#2363=ORIENTED_EDGE('',*,*,#5468,.T.);
#2364=ORIENTED_EDGE('',*,*,#5457,.T.);
#2365=ORIENTED_EDGE('',*,*,#5469,.T.);
#2366=ORIENTED_EDGE('',*,*,#5470,.F.);
#2367=ORIENTED_EDGE('',*,*,#5471,.T.);
#2368=ORIENTED_EDGE('',*,*,#5461,.T.);
#2369=ORIENTED_EDGE('',*,*,#5472,.T.);
#2370=ORIENTED_EDGE('',*,*,#5473,.F.);
#2371=ORIENTED_EDGE('',*,*,#5474,.T.);
#2372=ORIENTED_EDGE('',*,*,#5475,.F.);
#2373=ORIENTED_EDGE('',*,*,#5476,.T.);
#2374=ORIENTED_EDGE('',*,*,#5443,.T.);
#2375=ORIENTED_EDGE('',*,*,#5477,.T.);
#2376=ORIENTED_EDGE('',*,*,#5464,.T.);
#2377=ORIENTED_EDGE('',*,*,#5478,.T.);
#2378=ORIENTED_EDGE('',*,*,#5479,.F.);
#2379=ORIENTED_EDGE('',*,*,#5480,.T.);
#2380=ORIENTED_EDGE('',*,*,#5467,.T.);
#2381=ORIENTED_EDGE('',*,*,#5481,.T.);
#2382=ORIENTED_EDGE('',*,*,#5482,.F.);
#2383=ORIENTED_EDGE('',*,*,#5483,.T.);
#2384=ORIENTED_EDGE('',*,*,#5470,.T.);
#2385=ORIENTED_EDGE('',*,*,#5484,.T.);
#2386=ORIENTED_EDGE('',*,*,#5485,.F.);
#2387=ORIENTED_EDGE('',*,*,#5486,.T.);
#2388=ORIENTED_EDGE('',*,*,#5473,.T.);
#2389=ORIENTED_EDGE('',*,*,#5487,.T.);
#2390=ORIENTED_EDGE('',*,*,#5488,.F.);
#2391=ORIENTED_EDGE('',*,*,#5489,.T.);
#2392=ORIENTED_EDGE('',*,*,#5490,.F.);
#2393=ORIENTED_EDGE('',*,*,#5491,.T.);
#2394=ORIENTED_EDGE('',*,*,#5475,.T.);
#2395=ORIENTED_EDGE('',*,*,#5492,.T.);
#2396=ORIENTED_EDGE('',*,*,#5493,.F.);
#2397=ORIENTED_EDGE('',*,*,#5494,.T.);
#2398=ORIENTED_EDGE('',*,*,#5495,.F.);
#2399=ORIENTED_EDGE('',*,*,#5496,.F.);
#2400=ORIENTED_EDGE('',*,*,#5497,.F.);
#2401=ORIENTED_EDGE('',*,*,#5498,.F.);
#2402=ORIENTED_EDGE('',*,*,#5499,.F.);
#2403=ORIENTED_EDGE('',*,*,#5500,.F.);
#2404=ORIENTED_EDGE('',*,*,#5501,.F.);
#2405=ORIENTED_EDGE('',*,*,#5502,.F.);
#2406=ORIENTED_EDGE('',*,*,#5503,.F.);
#2407=ORIENTED_EDGE('',*,*,#5504,.F.);
#2408=ORIENTED_EDGE('',*,*,#5505,.F.);
#2409=ORIENTED_EDGE('',*,*,#5506,.F.);
#2410=ORIENTED_EDGE('',*,*,#5507,.T.);
#2411=ORIENTED_EDGE('',*,*,#5508,.F.);
#2412=ORIENTED_EDGE('',*,*,#5509,.F.);
#2413=ORIENTED_EDGE('',*,*,#5510,.F.);
#2414=ORIENTED_EDGE('',*,*,#5505,.T.);
#2415=ORIENTED_EDGE('',*,*,#5511,.F.);
#2416=ORIENTED_EDGE('',*,*,#5502,.T.);
#2417=ORIENTED_EDGE('',*,*,#5512,.F.);
#2418=ORIENTED_EDGE('',*,*,#5513,.F.);
#2419=ORIENTED_EDGE('',*,*,#5514,.F.);
#2420=ORIENTED_EDGE('',*,*,#5507,.F.);
#2421=ORIENTED_EDGE('',*,*,#5515,.F.);
#2422=ORIENTED_EDGE('',*,*,#5516,.T.);
#2423=ORIENTED_EDGE('',*,*,#5517,.F.);
#2424=ORIENTED_EDGE('',*,*,#5518,.F.);
#2425=ORIENTED_EDGE('',*,*,#5519,.F.);
#2426=ORIENTED_EDGE('',*,*,#5520,.T.);
#2427=ORIENTED_EDGE('',*,*,#5521,.F.);
#2428=ORIENTED_EDGE('',*,*,#5522,.T.);
#2429=ORIENTED_EDGE('',*,*,#5523,.F.);
#2430=ORIENTED_EDGE('',*,*,#5524,.F.);
#2431=ORIENTED_EDGE('',*,*,#5525,.F.);
#2432=ORIENTED_EDGE('',*,*,#5518,.T.);
#2433=ORIENTED_EDGE('',*,*,#5526,.F.);
#2434=ORIENTED_EDGE('',*,*,#5527,.T.);
#2435=ORIENTED_EDGE('',*,*,#5528,.T.);
#2436=ORIENTED_EDGE('',*,*,#5524,.T.);
#2437=ORIENTED_EDGE('',*,*,#5529,.T.);
#2438=ORIENTED_EDGE('',*,*,#5530,.T.);
#2439=ORIENTED_EDGE('',*,*,#5531,.T.);
#2440=ORIENTED_EDGE('',*,*,#5532,.F.);
#2441=ORIENTED_EDGE('',*,*,#5533,.F.);
#2442=ORIENTED_EDGE('',*,*,#5534,.F.);
#2443=ORIENTED_EDGE('',*,*,#5535,.F.);
#2444=ORIENTED_EDGE('',*,*,#5536,.F.);
#2445=ORIENTED_EDGE('',*,*,#5522,.F.);
#2446=ORIENTED_EDGE('',*,*,#5537,.F.);
#2447=ORIENTED_EDGE('',*,*,#5538,.F.);
#2448=ORIENTED_EDGE('',*,*,#5539,.F.);
#2449=ORIENTED_EDGE('',*,*,#5496,.T.);
#2450=ORIENTED_EDGE('',*,*,#5540,.F.);
#2451=ORIENTED_EDGE('',*,*,#5494,.F.);
#2452=ORIENTED_EDGE('',*,*,#5541,.F.);
#2453=ORIENTED_EDGE('',*,*,#5542,.T.);
#2454=ORIENTED_EDGE('',*,*,#5509,.T.);
#2455=ORIENTED_EDGE('',*,*,#5543,.T.);
#2456=ORIENTED_EDGE('',*,*,#5513,.T.);
#2457=ORIENTED_EDGE('',*,*,#5544,.T.);
#2458=ORIENTED_EDGE('',*,*,#5545,.T.);
#2459=ORIENTED_EDGE('',*,*,#5546,.T.);
#2460=ORIENTED_EDGE('',*,*,#5547,.T.);
#2461=ORIENTED_EDGE('',*,*,#5548,.T.);
#2462=ORIENTED_EDGE('',*,*,#5549,.T.);
#2463=ORIENTED_EDGE('',*,*,#5550,.T.);
#2464=ORIENTED_EDGE('',*,*,#5538,.T.);
#2465=ORIENTED_EDGE('',*,*,#5551,.T.);
#2466=ORIENTED_EDGE('',*,*,#5552,.F.);
#2467=ORIENTED_EDGE('',*,*,#5553,.F.);
#2468=ORIENTED_EDGE('',*,*,#5554,.T.);
#2469=ORIENTED_EDGE('',*,*,#5555,.T.);
#2470=ORIENTED_EDGE('',*,*,#5556,.T.);
#2471=ORIENTED_EDGE('',*,*,#5557,.T.);
#2472=ORIENTED_EDGE('',*,*,#5520,.F.);
#2473=ORIENTED_EDGE('',*,*,#5558,.T.);
#2474=ORIENTED_EDGE('',*,*,#5559,.T.);
#2475=ORIENTED_EDGE('',*,*,#5560,.T.);
#2476=ORIENTED_EDGE('',*,*,#5561,.F.);
#2477=ORIENTED_EDGE('',*,*,#5562,.F.);
#2478=ORIENTED_EDGE('',*,*,#5563,.T.);
#2479=ORIENTED_EDGE('',*,*,#5564,.F.);
#2480=ORIENTED_EDGE('',*,*,#5546,.F.);
#2481=ORIENTED_EDGE('',*,*,#5565,.T.);
#2482=ORIENTED_EDGE('',*,*,#5566,.T.);
#2483=ORIENTED_EDGE('',*,*,#5567,.F.);
#2484=ORIENTED_EDGE('',*,*,#5547,.F.);
#2485=ORIENTED_EDGE('',*,*,#5564,.T.);
#2486=ORIENTED_EDGE('',*,*,#5568,.T.);
#2487=ORIENTED_EDGE('',*,*,#5569,.F.);
#2488=ORIENTED_EDGE('',*,*,#5548,.F.);
#2489=ORIENTED_EDGE('',*,*,#5567,.T.);
#2490=ORIENTED_EDGE('',*,*,#5570,.T.);
#2491=ORIENTED_EDGE('',*,*,#5571,.F.);
#2492=ORIENTED_EDGE('',*,*,#5559,.F.);
#2493=ORIENTED_EDGE('',*,*,#5572,.F.);
#2494=ORIENTED_EDGE('',*,*,#5549,.F.);
#2495=ORIENTED_EDGE('',*,*,#5569,.T.);
#2496=ORIENTED_EDGE('',*,*,#5573,.T.);
#2497=ORIENTED_EDGE('',*,*,#5574,.F.);
#2498=ORIENTED_EDGE('',*,*,#5560,.F.);
#2499=ORIENTED_EDGE('',*,*,#5571,.T.);
#2500=ORIENTED_EDGE('',*,*,#5575,.T.);
#2501=ORIENTED_EDGE('',*,*,#5576,.F.);
#2502=ORIENTED_EDGE('',*,*,#5554,.F.);
#2503=ORIENTED_EDGE('',*,*,#5574,.T.);
#2504=ORIENTED_EDGE('',*,*,#5577,.T.);
#2505=ORIENTED_EDGE('',*,*,#5578,.F.);
#2506=ORIENTED_EDGE('',*,*,#5555,.F.);
#2507=ORIENTED_EDGE('',*,*,#5576,.T.);
#2508=ORIENTED_EDGE('',*,*,#5561,.T.);
#2509=ORIENTED_EDGE('',*,*,#5579,.F.);
#2510=ORIENTED_EDGE('',*,*,#5562,.T.);
#2511=ORIENTED_EDGE('',*,*,#5580,.F.);
#2512=ORIENTED_EDGE('',*,*,#5552,.T.);
#2513=ORIENTED_EDGE('',*,*,#5581,.F.);
#2514=ORIENTED_EDGE('',*,*,#5553,.T.);
#2515=ORIENTED_EDGE('',*,*,#5582,.F.);
#2516=ORIENTED_EDGE('',*,*,#5583,.T.);
#2517=ORIENTED_EDGE('',*,*,#5565,.F.);
#2518=ORIENTED_EDGE('',*,*,#5545,.F.);
#2519=ORIENTED_EDGE('',*,*,#5584,.F.);
#2520=ORIENTED_EDGE('',*,*,#5556,.F.);
#2521=ORIENTED_EDGE('',*,*,#5578,.T.);
#2522=ORIENTED_EDGE('',*,*,#5585,.F.);
#2523=ORIENTED_EDGE('',*,*,#5582,.T.);
#2524=ORIENTED_EDGE('',*,*,#5581,.T.);
#2525=ORIENTED_EDGE('',*,*,#5580,.T.);
#2526=ORIENTED_EDGE('',*,*,#5579,.T.);
#2527=ORIENTED_EDGE('',*,*,#5563,.F.);
#2528=ORIENTED_EDGE('',*,*,#5583,.F.);
#2529=ORIENTED_EDGE('',*,*,#5577,.F.);
#2530=ORIENTED_EDGE('',*,*,#5575,.F.);
#2531=ORIENTED_EDGE('',*,*,#5573,.F.);
#2532=ORIENTED_EDGE('',*,*,#5570,.F.);
#2533=ORIENTED_EDGE('',*,*,#5568,.F.);
#2534=ORIENTED_EDGE('',*,*,#5566,.F.);
#2535=ORIENTED_EDGE('',*,*,#5586,.F.);
#2536=ORIENTED_EDGE('',*,*,#5587,.T.);
#2537=ORIENTED_EDGE('',*,*,#5586,.T.);
#2538=ORIENTED_EDGE('',*,*,#5588,.F.);
#2539=ORIENTED_EDGE('',*,*,#5542,.F.);
#2540=ORIENTED_EDGE('',*,*,#5589,.F.);
#2541=ORIENTED_EDGE('',*,*,#5516,.F.);
#2542=ORIENTED_EDGE('',*,*,#5590,.F.);
#2543=ORIENTED_EDGE('',*,*,#5588,.T.);
#2544=ORIENTED_EDGE('',*,*,#5591,.T.);
#2545=ORIENTED_EDGE('',*,*,#5498,.T.);
#2546=ORIENTED_EDGE('',*,*,#5592,.F.);
#2547=ORIENTED_EDGE('',*,*,#5530,.F.);
#2548=ORIENTED_EDGE('',*,*,#5593,.F.);
#2549=ORIENTED_EDGE('',*,*,#5500,.T.);
#2550=ORIENTED_EDGE('',*,*,#5594,.T.);
#2551=ORIENTED_EDGE('',*,*,#5535,.T.);
#2552=ORIENTED_EDGE('',*,*,#5512,.T.);
#2553=ORIENTED_EDGE('',*,*,#5501,.T.);
#2554=ORIENTED_EDGE('',*,*,#5593,.T.);
#2555=ORIENTED_EDGE('',*,*,#5534,.T.);
#2556=ORIENTED_EDGE('',*,*,#5595,.F.);
#2557=ORIENTED_EDGE('',*,*,#5544,.F.);
#2558=ORIENTED_EDGE('',*,*,#5592,.T.);
#2559=ORIENTED_EDGE('',*,*,#5497,.T.);
#2560=ORIENTED_EDGE('',*,*,#5539,.T.);
#2561=ORIENTED_EDGE('',*,*,#5550,.F.);
#2562=ORIENTED_EDGE('',*,*,#5596,.F.);
#2563=ORIENTED_EDGE('',*,*,#5531,.F.);
#2564=ORIENTED_EDGE('',*,*,#5597,.T.);
#2565=ORIENTED_EDGE('',*,*,#5527,.F.);
#2566=ORIENTED_EDGE('',*,*,#5596,.T.);
#2567=ORIENTED_EDGE('',*,*,#5572,.T.);
#2568=ORIENTED_EDGE('',*,*,#5598,.T.);
#2569=ORIENTED_EDGE('',*,*,#5584,.T.);
#2570=ORIENTED_EDGE('',*,*,#5595,.T.);
#2571=ORIENTED_EDGE('',*,*,#5533,.T.);
#2572=ORIENTED_EDGE('',*,*,#5594,.F.);
#2573=ORIENTED_EDGE('',*,*,#5499,.T.);
#2574=ORIENTED_EDGE('',*,*,#5591,.F.);
#2575=ORIENTED_EDGE('',*,*,#5529,.F.);
#2576=ORIENTED_EDGE('',*,*,#5523,.T.);
#2577=ORIENTED_EDGE('',*,*,#5536,.T.);
#2578=ORIENTED_EDGE('',*,*,#5510,.T.);
#2579=ORIENTED_EDGE('',*,*,#5551,.F.);
#2580=ORIENTED_EDGE('',*,*,#5537,.T.);
#2581=ORIENTED_EDGE('',*,*,#5495,.T.);
#2582=ORIENTED_EDGE('',*,*,#5540,.T.);
#2583=ORIENTED_EDGE('',*,*,#5599,.T.);
#2584=ORIENTED_EDGE('',*,*,#5515,.T.);
#2585=ORIENTED_EDGE('',*,*,#5506,.T.);
#2586=ORIENTED_EDGE('',*,*,#5599,.F.);
#2587=ORIENTED_EDGE('',*,*,#5590,.T.);
#2588=ORIENTED_EDGE('',*,*,#5517,.T.);
#2589=ORIENTED_EDGE('',*,*,#5557,.F.);
#2590=ORIENTED_EDGE('',*,*,#5598,.F.);
#2591=ORIENTED_EDGE('',*,*,#5532,.T.);
#2592=ORIENTED_EDGE('',*,*,#5521,.T.);
#2593=ORIENTED_EDGE('',*,*,#5519,.T.);
#2594=ORIENTED_EDGE('',*,*,#5525,.T.);
#2595=ORIENTED_EDGE('',*,*,#5528,.F.);
#2596=ORIENTED_EDGE('',*,*,#5597,.F.);
#2597=ORIENTED_EDGE('',*,*,#5558,.F.);
#2598=ORIENTED_EDGE('',*,*,#5511,.T.);
#2599=ORIENTED_EDGE('',*,*,#5543,.F.);
#2600=ORIENTED_EDGE('',*,*,#5508,.T.);
#2601=ORIENTED_EDGE('',*,*,#5504,.T.);
#2602=ORIENTED_EDGE('',*,*,#5514,.T.);
#2603=ORIENTED_EDGE('',*,*,#5600,.T.);
#2604=ORIENTED_EDGE('',*,*,#5541,.T.);
#2605=ORIENTED_EDGE('',*,*,#5493,.T.);
#2606=ORIENTED_EDGE('',*,*,#5600,.F.);
#2607=ORIENTED_EDGE('',*,*,#5589,.T.);
#2608=ORIENTED_EDGE('',*,*,#5601,.F.);
#2609=ORIENTED_EDGE('',*,*,#5526,.T.);
#2610=ORIENTED_EDGE('',*,*,#5602,.F.);
#2611=ORIENTED_EDGE('',*,*,#5601,.T.);
#2612=ORIENTED_EDGE('',*,*,#5603,.T.);
#2613=ORIENTED_EDGE('',*,*,#5604,.F.);
#2614=ORIENTED_EDGE('',*,*,#5605,.F.);
#2615=ORIENTED_EDGE('',*,*,#5606,.T.);
#2616=ORIENTED_EDGE('',*,*,#5607,.T.);
#2617=ORIENTED_EDGE('',*,*,#5608,.F.);
#2618=ORIENTED_EDGE('',*,*,#5609,.F.);
#2619=ORIENTED_EDGE('',*,*,#5604,.T.);
#2620=ORIENTED_EDGE('',*,*,#5610,.T.);
#2621=ORIENTED_EDGE('',*,*,#5611,.F.);
#2622=ORIENTED_EDGE('',*,*,#5612,.F.);
#2623=ORIENTED_EDGE('',*,*,#5608,.T.);
#2624=ORIENTED_EDGE('',*,*,#5613,.T.);
#2625=ORIENTED_EDGE('',*,*,#5614,.F.);
#2626=ORIENTED_EDGE('',*,*,#5615,.F.);
#2627=ORIENTED_EDGE('',*,*,#5611,.T.);
#2628=ORIENTED_EDGE('',*,*,#5616,.T.);
#2629=ORIENTED_EDGE('',*,*,#5617,.F.);
#2630=ORIENTED_EDGE('',*,*,#5618,.F.);
#2631=ORIENTED_EDGE('',*,*,#5614,.T.);
#2632=ORIENTED_EDGE('',*,*,#5619,.T.);
#2633=ORIENTED_EDGE('',*,*,#5620,.F.);
#2634=ORIENTED_EDGE('',*,*,#5621,.F.);
#2635=ORIENTED_EDGE('',*,*,#5617,.T.);
#2636=ORIENTED_EDGE('',*,*,#5622,.T.);
#2637=ORIENTED_EDGE('',*,*,#5623,.F.);
#2638=ORIENTED_EDGE('',*,*,#5624,.F.);
#2639=ORIENTED_EDGE('',*,*,#5620,.T.);
#2640=ORIENTED_EDGE('',*,*,#5625,.T.);
#2641=ORIENTED_EDGE('',*,*,#5606,.F.);
#2642=ORIENTED_EDGE('',*,*,#5626,.F.);
#2643=ORIENTED_EDGE('',*,*,#5623,.T.);
#2644=ORIENTED_EDGE('',*,*,#5439,.T.);
#2645=ORIENTED_EDGE('',*,*,#5627,.F.);
#2646=ORIENTED_EDGE('',*,*,#5628,.F.);
#2647=ORIENTED_EDGE('',*,*,#5629,.F.);
#2648=ORIENTED_EDGE('',*,*,#5630,.F.);
#2649=ORIENTED_EDGE('',*,*,#5605,.T.);
#2650=ORIENTED_EDGE('',*,*,#5609,.T.);
#2651=ORIENTED_EDGE('',*,*,#5612,.T.);
#2652=ORIENTED_EDGE('',*,*,#5615,.T.);
#2653=ORIENTED_EDGE('',*,*,#5618,.T.);
#2654=ORIENTED_EDGE('',*,*,#5621,.T.);
#2655=ORIENTED_EDGE('',*,*,#5624,.T.);
#2656=ORIENTED_EDGE('',*,*,#5626,.T.);
#2657=ORIENTED_EDGE('',*,*,#5602,.T.);
#2658=ORIENTED_EDGE('',*,*,#5603,.F.);
#2659=ORIENTED_EDGE('',*,*,#5625,.F.);
#2660=ORIENTED_EDGE('',*,*,#5622,.F.);
#2661=ORIENTED_EDGE('',*,*,#5619,.F.);
#2662=ORIENTED_EDGE('',*,*,#5616,.F.);
#2663=ORIENTED_EDGE('',*,*,#5613,.F.);
#2664=ORIENTED_EDGE('',*,*,#5610,.F.);
#2665=ORIENTED_EDGE('',*,*,#5607,.F.);
#2666=ORIENTED_EDGE('',*,*,#5631,.T.);
#2667=ORIENTED_EDGE('',*,*,#5632,.T.);
#2668=ORIENTED_EDGE('',*,*,#5633,.T.);
#2669=ORIENTED_EDGE('',*,*,#5631,.F.);
#2670=ORIENTED_EDGE('',*,*,#5585,.T.);
#2671=ORIENTED_EDGE('',*,*,#5633,.F.);
#2672=ORIENTED_EDGE('',*,*,#5634,.F.);
#2673=ORIENTED_EDGE('',*,*,#5503,.T.);
#2674=ORIENTED_EDGE('',*,*,#5635,.F.);
#2675=ORIENTED_EDGE('',*,*,#5455,.F.);
#2676=ORIENTED_EDGE('',*,*,#5459,.F.);
#2677=ORIENTED_EDGE('',*,*,#5445,.F.);
#2678=ORIENTED_EDGE('',*,*,#5447,.F.);
#2679=ORIENTED_EDGE('',*,*,#5451,.F.);
#2680=ORIENTED_EDGE('',*,*,#5634,.T.);
#2681=ORIENTED_EDGE('',*,*,#5635,.T.);
#2682=ORIENTED_EDGE('',*,*,#5636,.T.);
#2683=ORIENTED_EDGE('',*,*,#5637,.F.);
#2684=ORIENTED_EDGE('',*,*,#5638,.T.);
#2685=ORIENTED_EDGE('',*,*,#5637,.T.);
#2686=ORIENTED_EDGE('',*,*,#5639,.T.);
#2687=ORIENTED_EDGE('',*,*,#5640,.F.);
#2688=ORIENTED_EDGE('',*,*,#5641,.T.);
#2689=ORIENTED_EDGE('',*,*,#5640,.T.);
#2690=ORIENTED_EDGE('',*,*,#5642,.T.);
#2691=ORIENTED_EDGE('',*,*,#5643,.F.);
#2692=ORIENTED_EDGE('',*,*,#5644,.T.);
#2693=ORIENTED_EDGE('',*,*,#5645,.F.);
#2694=ORIENTED_EDGE('',*,*,#5485,.T.);
#2695=ORIENTED_EDGE('',*,*,#5643,.T.);
#2696=ORIENTED_EDGE('',*,*,#5482,.T.);
#2697=ORIENTED_EDGE('',*,*,#5479,.T.);
#2698=ORIENTED_EDGE('',*,*,#5490,.T.);
#2699=ORIENTED_EDGE('',*,*,#5488,.T.);
#2700=ORIENTED_EDGE('',*,*,#5646,.F.);
#2701=ORIENTED_EDGE('',*,*,#5645,.T.);
#2702=ORIENTED_EDGE('',*,*,#5647,.F.);
#2703=ORIENTED_EDGE('',*,*,#5646,.T.);
#2704=ORIENTED_EDGE('',*,*,#5647,.T.);
#2705=ORIENTED_EDGE('',*,*,#5474,.F.);
#2706=ORIENTED_EDGE('',*,*,#5489,.F.);
#2707=ORIENTED_EDGE('',*,*,#5492,.F.);
#2708=ORIENTED_EDGE('',*,*,#5477,.F.);
#2709=ORIENTED_EDGE('',*,*,#5446,.F.);
#2710=ORIENTED_EDGE('',*,*,#5462,.F.);
#2711=ORIENTED_EDGE('',*,*,#5471,.F.);
#2712=ORIENTED_EDGE('',*,*,#5486,.F.);
#2713=ORIENTED_EDGE('',*,*,#5487,.F.);
#2714=ORIENTED_EDGE('',*,*,#5472,.F.);
#2715=ORIENTED_EDGE('',*,*,#5460,.F.);
#2716=ORIENTED_EDGE('',*,*,#5458,.F.);
#2717=ORIENTED_EDGE('',*,*,#5641,.F.);
#2718=ORIENTED_EDGE('',*,*,#5644,.F.);
#2719=ORIENTED_EDGE('',*,*,#5484,.F.);
#2720=ORIENTED_EDGE('',*,*,#5469,.F.);
#2721=ORIENTED_EDGE('',*,*,#5456,.F.);
#2722=ORIENTED_EDGE('',*,*,#5638,.F.);
#2723=ORIENTED_EDGE('',*,*,#5468,.F.);
#2724=ORIENTED_EDGE('',*,*,#5483,.F.);
#2725=ORIENTED_EDGE('',*,*,#5642,.F.);
#2726=ORIENTED_EDGE('',*,*,#5639,.F.);
#2727=ORIENTED_EDGE('',*,*,#5636,.F.);
#2728=ORIENTED_EDGE('',*,*,#5454,.F.);
#2729=ORIENTED_EDGE('',*,*,#5465,.F.);
#2730=ORIENTED_EDGE('',*,*,#5480,.F.);
#2731=ORIENTED_EDGE('',*,*,#5481,.F.);
#2732=ORIENTED_EDGE('',*,*,#5466,.F.);
#2733=ORIENTED_EDGE('',*,*,#5452,.F.);
#2734=ORIENTED_EDGE('',*,*,#5450,.F.);
#2735=ORIENTED_EDGE('',*,*,#5476,.F.);
#2736=ORIENTED_EDGE('',*,*,#5491,.F.);
#2737=ORIENTED_EDGE('',*,*,#5478,.F.);
#2738=ORIENTED_EDGE('',*,*,#5463,.F.);
#2739=ORIENTED_EDGE('',*,*,#5448,.F.);
#2740=ORIENTED_EDGE('',*,*,#5444,.F.);
#2741=ORIENTED_EDGE('',*,*,#5648,.F.);
#2742=ORIENTED_EDGE('',*,*,#5632,.F.);
#2743=ORIENTED_EDGE('',*,*,#5587,.F.);
#2744=ORIENTED_EDGE('',*,*,#5648,.T.);
#2745=ORIENTED_EDGE('',*,*,#5649,.F.);
#2746=ORIENTED_EDGE('',*,*,#5630,.T.);
#2747=ORIENTED_EDGE('',*,*,#5650,.F.);
#2748=ORIENTED_EDGE('',*,*,#5649,.T.);
#2749=ORIENTED_EDGE('',*,*,#5651,.T.);
#2750=ORIENTED_EDGE('',*,*,#5650,.T.);
#2751=ORIENTED_EDGE('',*,*,#5651,.F.);
#2752=ORIENTED_EDGE('',*,*,#5652,.F.);
#2753=ORIENTED_EDGE('',*,*,#5627,.T.);
#2754=ORIENTED_EDGE('',*,*,#5653,.F.);
#2755=ORIENTED_EDGE('',*,*,#5652,.T.);
#2756=ORIENTED_EDGE('',*,*,#5654,.F.);
#2757=ORIENTED_EDGE('',*,*,#5628,.T.);
#2758=ORIENTED_EDGE('',*,*,#5655,.F.);
#2759=ORIENTED_EDGE('',*,*,#5654,.T.);
#2760=ORIENTED_EDGE('',*,*,#5656,.F.);
#2761=ORIENTED_EDGE('',*,*,#5629,.T.);
#2762=ORIENTED_EDGE('',*,*,#5657,.F.);
#2763=ORIENTED_EDGE('',*,*,#5656,.T.);
#2764=ORIENTED_EDGE('',*,*,#5658,.T.);
#2765=ORIENTED_EDGE('',*,*,#5653,.T.);
#2766=ORIENTED_EDGE('',*,*,#5658,.F.);
#2767=ORIENTED_EDGE('',*,*,#5659,.T.);
#2768=ORIENTED_EDGE('',*,*,#5655,.T.);
#2769=ORIENTED_EDGE('',*,*,#5659,.F.);
#2770=ORIENTED_EDGE('',*,*,#5660,.T.);
#2771=ORIENTED_EDGE('',*,*,#5657,.T.);
#2772=ORIENTED_EDGE('',*,*,#5660,.F.);
#2773=ORIENTED_EDGE('',*,*,#5437,.T.);
#2774=ORIENTED_EDGE('',*,*,#5661,.T.);
#2775=ORIENTED_EDGE('',*,*,#5662,.F.);
#2776=ORIENTED_EDGE('',*,*,#5663,.F.);
#2777=ORIENTED_EDGE('',*,*,#5436,.T.);
#2778=ORIENTED_EDGE('',*,*,#5440,.T.);
#2779=ORIENTED_EDGE('',*,*,#5664,.F.);
#2780=ORIENTED_EDGE('',*,*,#5661,.F.);
#2781=ORIENTED_EDGE('',*,*,#5438,.T.);
#2782=ORIENTED_EDGE('',*,*,#5663,.T.);
#2783=ORIENTED_EDGE('',*,*,#5665,.F.);
#2784=ORIENTED_EDGE('',*,*,#5441,.T.);
#2785=ORIENTED_EDGE('',*,*,#5662,.T.);
#2786=ORIENTED_EDGE('',*,*,#5664,.T.);
#2787=ORIENTED_EDGE('',*,*,#5442,.T.);
#2788=ORIENTED_EDGE('',*,*,#5665,.T.);
#2789=ORIENTED_EDGE('',*,*,#5666,.T.);
#2790=ORIENTED_EDGE('',*,*,#5667,.F.);
#2791=ORIENTED_EDGE('',*,*,#5668,.T.);
#2792=ORIENTED_EDGE('',*,*,#5669,.T.);
#2793=ORIENTED_EDGE('',*,*,#5670,.T.);
#2794=ORIENTED_EDGE('',*,*,#5671,.T.);
#2795=ORIENTED_EDGE('',*,*,#5672,.T.);
#2796=ORIENTED_EDGE('',*,*,#5666,.F.);
#2797=ORIENTED_EDGE('',*,*,#5673,.T.);
#2798=ORIENTED_EDGE('',*,*,#5668,.F.);
#2799=ORIENTED_EDGE('',*,*,#5674,.T.);
#2800=ORIENTED_EDGE('',*,*,#5673,.F.);
#2801=ORIENTED_EDGE('',*,*,#5674,.F.);
#2802=ORIENTED_EDGE('',*,*,#5675,.T.);
#2803=ORIENTED_EDGE('',*,*,#5676,.T.);
#2804=ORIENTED_EDGE('',*,*,#5677,.T.);
#2805=ORIENTED_EDGE('',*,*,#5678,.T.);
#2806=ORIENTED_EDGE('',*,*,#5679,.T.);
#2807=ORIENTED_EDGE('',*,*,#5680,.T.);
#2808=ORIENTED_EDGE('',*,*,#5675,.F.);
#2809=ORIENTED_EDGE('',*,*,#5681,.T.);
#2810=ORIENTED_EDGE('',*,*,#5676,.F.);
#2811=ORIENTED_EDGE('',*,*,#5682,.T.);
#2812=ORIENTED_EDGE('',*,*,#5683,.T.);
#2813=ORIENTED_EDGE('',*,*,#5684,.T.);
#2814=ORIENTED_EDGE('',*,*,#5685,.T.);
#2815=ORIENTED_EDGE('',*,*,#5686,.T.);
#2816=ORIENTED_EDGE('',*,*,#5681,.F.);
#2817=ORIENTED_EDGE('',*,*,#5687,.T.);
#2818=ORIENTED_EDGE('',*,*,#5682,.F.);
#2819=ORIENTED_EDGE('',*,*,#5688,.T.);
#2820=ORIENTED_EDGE('',*,*,#5687,.F.);
#2821=ORIENTED_EDGE('',*,*,#5689,.T.);
#2822=ORIENTED_EDGE('',*,*,#5688,.F.);
#2823=ORIENTED_EDGE('',*,*,#5667,.T.);
#2824=ORIENTED_EDGE('',*,*,#5690,.T.);
#2825=ORIENTED_EDGE('',*,*,#5691,.T.);
#2826=ORIENTED_EDGE('',*,*,#5692,.T.);
#2827=ORIENTED_EDGE('',*,*,#5693,.T.);
#2828=ORIENTED_EDGE('',*,*,#5689,.F.);
#2829=ORIENTED_EDGE('',*,*,#5680,.F.);
#2830=ORIENTED_EDGE('',*,*,#5686,.F.);
#2831=ORIENTED_EDGE('',*,*,#5679,.F.);
#2832=ORIENTED_EDGE('',*,*,#5685,.F.);
#2833=ORIENTED_EDGE('',*,*,#5678,.F.);
#2834=ORIENTED_EDGE('',*,*,#5684,.F.);
#2835=ORIENTED_EDGE('',*,*,#5677,.F.);
#2836=ORIENTED_EDGE('',*,*,#5683,.F.);
#2837=ORIENTED_EDGE('',*,*,#5693,.F.);
#2838=ORIENTED_EDGE('',*,*,#5672,.F.);
#2839=ORIENTED_EDGE('',*,*,#5692,.F.);
#2840=ORIENTED_EDGE('',*,*,#5671,.F.);
#2841=ORIENTED_EDGE('',*,*,#5691,.F.);
#2842=ORIENTED_EDGE('',*,*,#5670,.F.);
#2843=ORIENTED_EDGE('',*,*,#5690,.F.);
#2844=ORIENTED_EDGE('',*,*,#5669,.F.);
#2845=ORIENTED_EDGE('',*,*,#5694,.T.);
#2846=ORIENTED_EDGE('',*,*,#5695,.T.);
#2847=ORIENTED_EDGE('',*,*,#5696,.T.);
#2848=ORIENTED_EDGE('',*,*,#5697,.T.);
#2849=ORIENTED_EDGE('',*,*,#5698,.T.);
#2850=ORIENTED_EDGE('',*,*,#5699,.T.);
#2851=ORIENTED_EDGE('',*,*,#5700,.T.);
#2852=ORIENTED_EDGE('',*,*,#5701,.T.);
#2853=ORIENTED_EDGE('',*,*,#5702,.T.);
#2854=ORIENTED_EDGE('',*,*,#5703,.T.);
#2855=ORIENTED_EDGE('',*,*,#5704,.T.);
#2856=ORIENTED_EDGE('',*,*,#5705,.F.);
#2857=ORIENTED_EDGE('',*,*,#5706,.F.);
#2858=ORIENTED_EDGE('',*,*,#5707,.F.);
#2859=ORIENTED_EDGE('',*,*,#5708,.F.);
#2860=ORIENTED_EDGE('',*,*,#5709,.F.);
#2861=ORIENTED_EDGE('',*,*,#5710,.F.);
#2862=ORIENTED_EDGE('',*,*,#5711,.F.);
#2863=ORIENTED_EDGE('',*,*,#5712,.F.);
#2864=ORIENTED_EDGE('',*,*,#5713,.F.);
#2865=ORIENTED_EDGE('',*,*,#5714,.F.);
#2866=ORIENTED_EDGE('',*,*,#5715,.F.);
#2867=ORIENTED_EDGE('',*,*,#5716,.F.);
#2868=ORIENTED_EDGE('',*,*,#5717,.F.);
#2869=ORIENTED_EDGE('',*,*,#5718,.F.);
#2870=ORIENTED_EDGE('',*,*,#5719,.F.);
#2871=ORIENTED_EDGE('',*,*,#5720,.F.);
#2872=ORIENTED_EDGE('',*,*,#5721,.F.);
#2873=ORIENTED_EDGE('',*,*,#5722,.F.);
#2874=ORIENTED_EDGE('',*,*,#5723,.F.);
#2875=ORIENTED_EDGE('',*,*,#5724,.F.);
#2876=ORIENTED_EDGE('',*,*,#5725,.F.);
#2877=ORIENTED_EDGE('',*,*,#5726,.F.);
#2878=ORIENTED_EDGE('',*,*,#5727,.F.);
#2879=ORIENTED_EDGE('',*,*,#5728,.F.);
#2880=ORIENTED_EDGE('',*,*,#5729,.F.);
#2881=ORIENTED_EDGE('',*,*,#5730,.F.);
#2882=ORIENTED_EDGE('',*,*,#5731,.F.);
#2883=ORIENTED_EDGE('',*,*,#5732,.F.);
#2884=ORIENTED_EDGE('',*,*,#5733,.F.);
#2885=ORIENTED_EDGE('',*,*,#5734,.F.);
#2886=ORIENTED_EDGE('',*,*,#5735,.T.);
#2887=ORIENTED_EDGE('',*,*,#5736,.T.);
#2888=ORIENTED_EDGE('',*,*,#5737,.T.);
#2889=ORIENTED_EDGE('',*,*,#5738,.T.);
#2890=ORIENTED_EDGE('',*,*,#5739,.F.);
#2891=ORIENTED_EDGE('',*,*,#5740,.F.);
#2892=ORIENTED_EDGE('',*,*,#5739,.T.);
#2893=ORIENTED_EDGE('',*,*,#5741,.F.);
#2894=ORIENTED_EDGE('',*,*,#5733,.T.);
#2895=ORIENTED_EDGE('',*,*,#5742,.T.);
#2896=ORIENTED_EDGE('',*,*,#5743,.F.);
#2897=ORIENTED_EDGE('',*,*,#5735,.F.);
#2898=ORIENTED_EDGE('',*,*,#5744,.F.);
#2899=ORIENTED_EDGE('',*,*,#5745,.F.);
#2900=ORIENTED_EDGE('',*,*,#5746,.F.);
#2901=ORIENTED_EDGE('',*,*,#5737,.F.);
#2902=ORIENTED_EDGE('',*,*,#5747,.T.);
#2903=ORIENTED_EDGE('',*,*,#5748,.F.);
#2904=ORIENTED_EDGE('',*,*,#5749,.F.);
#2905=ORIENTED_EDGE('',*,*,#5750,.F.);
#2906=ORIENTED_EDGE('',*,*,#5745,.T.);
#2907=ORIENTED_EDGE('',*,*,#5749,.T.);
#2908=ORIENTED_EDGE('',*,*,#5751,.F.);
#2909=ORIENTED_EDGE('',*,*,#5752,.F.);
#2910=ORIENTED_EDGE('',*,*,#5753,.T.);
#2911=ORIENTED_EDGE('',*,*,#5754,.T.);
#2912=ORIENTED_EDGE('',*,*,#5755,.T.);
#2913=ORIENTED_EDGE('',*,*,#5756,.T.);
#2914=ORIENTED_EDGE('',*,*,#5757,.F.);
#2915=ORIENTED_EDGE('',*,*,#5758,.F.);
#2916=ORIENTED_EDGE('',*,*,#5759,.F.);
#2917=ORIENTED_EDGE('',*,*,#5760,.T.);
#2918=ORIENTED_EDGE('',*,*,#5761,.T.);
#2919=ORIENTED_EDGE('',*,*,#5762,.T.);
#2920=ORIENTED_EDGE('',*,*,#5763,.F.);
#2921=ORIENTED_EDGE('',*,*,#5764,.F.);
#2922=ORIENTED_EDGE('',*,*,#5765,.F.);
#2923=ORIENTED_EDGE('',*,*,#5766,.F.);
#2924=ORIENTED_EDGE('',*,*,#5760,.F.);
#2925=ORIENTED_EDGE('',*,*,#5767,.T.);
#2926=ORIENTED_EDGE('',*,*,#5768,.T.);
#2927=ORIENTED_EDGE('',*,*,#5769,.F.);
#2928=ORIENTED_EDGE('',*,*,#5770,.T.);
#2929=ORIENTED_EDGE('',*,*,#5771,.T.);
#2930=ORIENTED_EDGE('',*,*,#5756,.F.);
#2931=ORIENTED_EDGE('',*,*,#5772,.F.);
#2932=ORIENTED_EDGE('',*,*,#5773,.T.);
#2933=ORIENTED_EDGE('',*,*,#5774,.T.);
#2934=ORIENTED_EDGE('',*,*,#5770,.F.);
#2935=ORIENTED_EDGE('',*,*,#5775,.F.);
#2936=ORIENTED_EDGE('',*,*,#5768,.F.);
#2937=ORIENTED_EDGE('',*,*,#5776,.T.);
#2938=ORIENTED_EDGE('',*,*,#5777,.T.);
#2939=ORIENTED_EDGE('',*,*,#5773,.F.);
#2940=ORIENTED_EDGE('',*,*,#5778,.T.);
#2941=ORIENTED_EDGE('',*,*,#5777,.F.);
#2942=ORIENTED_EDGE('',*,*,#5779,.F.);
#2943=ORIENTED_EDGE('',*,*,#5780,.T.);
#2944=ORIENTED_EDGE('',*,*,#5781,.F.);
#2945=ORIENTED_EDGE('',*,*,#5782,.F.);
#2946=ORIENTED_EDGE('',*,*,#5758,.T.);
#2947=ORIENTED_EDGE('',*,*,#5783,.F.);
#2948=ORIENTED_EDGE('',*,*,#5784,.F.);
#2949=ORIENTED_EDGE('',*,*,#5785,.T.);
#2950=ORIENTED_EDGE('',*,*,#5786,.T.);
#2951=ORIENTED_EDGE('',*,*,#5787,.T.);
#2952=ORIENTED_EDGE('',*,*,#5788,.F.);
#2953=ORIENTED_EDGE('',*,*,#5789,.F.);
#2954=ORIENTED_EDGE('',*,*,#5790,.F.);
#2955=ORIENTED_EDGE('',*,*,#5791,.T.);
#2956=ORIENTED_EDGE('',*,*,#5792,.T.);
#2957=ORIENTED_EDGE('',*,*,#5793,.T.);
#2958=ORIENTED_EDGE('',*,*,#5794,.F.);
#2959=ORIENTED_EDGE('',*,*,#5795,.F.);
#2960=ORIENTED_EDGE('',*,*,#5796,.F.);
#2961=ORIENTED_EDGE('',*,*,#5797,.F.);
#2962=ORIENTED_EDGE('',*,*,#5791,.F.);
#2963=ORIENTED_EDGE('',*,*,#5798,.T.);
#2964=ORIENTED_EDGE('',*,*,#5799,.T.);
#2965=ORIENTED_EDGE('',*,*,#5800,.F.);
#2966=ORIENTED_EDGE('',*,*,#5801,.T.);
#2967=ORIENTED_EDGE('',*,*,#5802,.T.);
#2968=ORIENTED_EDGE('',*,*,#5787,.F.);
#2969=ORIENTED_EDGE('',*,*,#5803,.F.);
#2970=ORIENTED_EDGE('',*,*,#5799,.F.);
#2971=ORIENTED_EDGE('',*,*,#5804,.T.);
#2972=ORIENTED_EDGE('',*,*,#5805,.T.);
#2973=ORIENTED_EDGE('',*,*,#5806,.F.);
#2974=ORIENTED_EDGE('',*,*,#5807,.T.);
#2975=ORIENTED_EDGE('',*,*,#5808,.T.);
#2976=ORIENTED_EDGE('',*,*,#5801,.F.);
#2977=ORIENTED_EDGE('',*,*,#5807,.F.);
#2978=ORIENTED_EDGE('',*,*,#5809,.T.);
#2979=ORIENTED_EDGE('',*,*,#5805,.F.);
#2980=ORIENTED_EDGE('',*,*,#5810,.F.);
#2981=ORIENTED_EDGE('',*,*,#5811,.T.);
#2982=ORIENTED_EDGE('',*,*,#5812,.F.);
#2983=ORIENTED_EDGE('',*,*,#5813,.F.);
#2984=ORIENTED_EDGE('',*,*,#5814,.F.);
#2985=ORIENTED_EDGE('',*,*,#5815,.F.);
#2986=ORIENTED_EDGE('',*,*,#5795,.T.);
#2987=ORIENTED_EDGE('',*,*,#5816,.F.);
#2988=ORIENTED_EDGE('',*,*,#5817,.F.);
#2989=ORIENTED_EDGE('',*,*,#5818,.F.);
#2990=ORIENTED_EDGE('',*,*,#5819,.T.);
#2991=ORIENTED_EDGE('',*,*,#5820,.F.);
#2992=ORIENTED_EDGE('',*,*,#5821,.T.);
#2993=ORIENTED_EDGE('',*,*,#5822,.F.);
#2994=ORIENTED_EDGE('',*,*,#5823,.F.);
#2995=ORIENTED_EDGE('',*,*,#5824,.F.);
#2996=ORIENTED_EDGE('',*,*,#5825,.F.);
#2997=ORIENTED_EDGE('',*,*,#5826,.F.);
#2998=ORIENTED_EDGE('',*,*,#5764,.T.);
#2999=ORIENTED_EDGE('',*,*,#5827,.F.);
#3000=ORIENTED_EDGE('',*,*,#5828,.T.);
#3001=ORIENTED_EDGE('',*,*,#5829,.F.);
#3002=ORIENTED_EDGE('',*,*,#5830,.F.);
#3003=ORIENTED_EDGE('',*,*,#5831,.F.);
#3004=ORIENTED_EDGE('',*,*,#5832,.T.);
#3005=ORIENTED_EDGE('',*,*,#5833,.F.);
#3006=ORIENTED_EDGE('',*,*,#5834,.F.);
#3007=ORIENTED_EDGE('',*,*,#5835,.F.);
#3008=ORIENTED_EDGE('',*,*,#5789,.T.);
#3009=ORIENTED_EDGE('',*,*,#5836,.F.);
#3010=ORIENTED_EDGE('',*,*,#5837,.F.);
#3011=ORIENTED_EDGE('',*,*,#5838,.F.);
#3012=ORIENTED_EDGE('',*,*,#5819,.F.);
#3013=ORIENTED_EDGE('',*,*,#5839,.F.);
#3014=ORIENTED_EDGE('',*,*,#5840,.T.);
#3015=ORIENTED_EDGE('',*,*,#5841,.F.);
#3016=ORIENTED_EDGE('',*,*,#5842,.T.);
#3017=ORIENTED_EDGE('',*,*,#5843,.F.);
#3018=ORIENTED_EDGE('',*,*,#5821,.F.);
#3019=ORIENTED_EDGE('',*,*,#5844,.F.);
#3020=ORIENTED_EDGE('',*,*,#5845,.T.);
#3021=ORIENTED_EDGE('',*,*,#5846,.F.);
#3022=ORIENTED_EDGE('',*,*,#5828,.F.);
#3023=ORIENTED_EDGE('',*,*,#5847,.F.);
#3024=ORIENTED_EDGE('',*,*,#5848,.T.);
#3025=ORIENTED_EDGE('',*,*,#5849,.F.);
#3026=ORIENTED_EDGE('',*,*,#5832,.F.);
#3027=ORIENTED_EDGE('',*,*,#5850,.T.);
#3028=ORIENTED_EDGE('',*,*,#5851,.T.);
#3029=ORIENTED_EDGE('',*,*,#5840,.F.);
#3030=ORIENTED_EDGE('',*,*,#5852,.T.);
#3031=ORIENTED_EDGE('',*,*,#5842,.F.);
#3032=ORIENTED_EDGE('',*,*,#5853,.T.);
#3033=ORIENTED_EDGE('',*,*,#5854,.T.);
#3034=ORIENTED_EDGE('',*,*,#5855,.T.);
#3035=ORIENTED_EDGE('',*,*,#5845,.F.);
#3036=ORIENTED_EDGE('',*,*,#5856,.T.);
#3037=ORIENTED_EDGE('',*,*,#5857,.T.);
#3038=ORIENTED_EDGE('',*,*,#5858,.T.);
#3039=ORIENTED_EDGE('',*,*,#5848,.F.);
#3040=ORIENTED_EDGE('',*,*,#5859,.T.);
#3041=ORIENTED_EDGE('',*,*,#5860,.T.);
#3042=ORIENTED_EDGE('',*,*,#5861,.T.);
#3043=ORIENTED_EDGE('',*,*,#5862,.T.);
#3044=ORIENTED_EDGE('',*,*,#5863,.T.);
#3045=ORIENTED_EDGE('',*,*,#5850,.F.);
#3046=ORIENTED_EDGE('',*,*,#5864,.T.);
#3047=ORIENTED_EDGE('',*,*,#5854,.F.);
#3048=ORIENTED_EDGE('',*,*,#5865,.T.);
#3049=ORIENTED_EDGE('',*,*,#5866,.T.);
#3050=ORIENTED_EDGE('',*,*,#5867,.T.);
#3051=ORIENTED_EDGE('',*,*,#5857,.F.);
#3052=ORIENTED_EDGE('',*,*,#5868,.T.);
#3053=ORIENTED_EDGE('',*,*,#5869,.T.);
#3054=ORIENTED_EDGE('',*,*,#5870,.T.);
#3055=ORIENTED_EDGE('',*,*,#5860,.F.);
#3056=ORIENTED_EDGE('',*,*,#5871,.T.);
#3057=ORIENTED_EDGE('',*,*,#5872,.T.);
#3058=ORIENTED_EDGE('',*,*,#5873,.T.);
#3059=ORIENTED_EDGE('',*,*,#5874,.F.);
#3060=ORIENTED_EDGE('',*,*,#5862,.F.);
#3061=ORIENTED_EDGE('',*,*,#5875,.F.);
#3062=ORIENTED_EDGE('',*,*,#5876,.T.);
#3063=ORIENTED_EDGE('',*,*,#5877,.F.);
#3064=ORIENTED_EDGE('',*,*,#5878,.T.);
#3065=ORIENTED_EDGE('',*,*,#5879,.F.);
#3066=ORIENTED_EDGE('',*,*,#5866,.F.);
#3067=ORIENTED_EDGE('',*,*,#5880,.F.);
#3068=ORIENTED_EDGE('',*,*,#5881,.T.);
#3069=ORIENTED_EDGE('',*,*,#5882,.F.);
#3070=ORIENTED_EDGE('',*,*,#5869,.F.);
#3071=ORIENTED_EDGE('',*,*,#5883,.F.);
#3072=ORIENTED_EDGE('',*,*,#5884,.T.);
#3073=ORIENTED_EDGE('',*,*,#5885,.F.);
#3074=ORIENTED_EDGE('',*,*,#5872,.F.);
#3075=ORIENTED_EDGE('',*,*,#5886,.T.);
#3076=ORIENTED_EDGE('',*,*,#5887,.T.);
#3077=ORIENTED_EDGE('',*,*,#5876,.F.);
#3078=ORIENTED_EDGE('',*,*,#5888,.T.);
#3079=ORIENTED_EDGE('',*,*,#5878,.F.);
#3080=ORIENTED_EDGE('',*,*,#5889,.T.);
#3081=ORIENTED_EDGE('',*,*,#5890,.T.);
#3082=ORIENTED_EDGE('',*,*,#5891,.T.);
#3083=ORIENTED_EDGE('',*,*,#5780,.F.);
#3084=ORIENTED_EDGE('',*,*,#5892,.T.);
#3085=ORIENTED_EDGE('',*,*,#5893,.T.);
#3086=ORIENTED_EDGE('',*,*,#5894,.T.);
#3087=ORIENTED_EDGE('',*,*,#5881,.F.);
#3088=ORIENTED_EDGE('',*,*,#5895,.T.);
#3089=ORIENTED_EDGE('',*,*,#5896,.T.);
#3090=ORIENTED_EDGE('',*,*,#5897,.T.);
#3091=ORIENTED_EDGE('',*,*,#5884,.F.);
#3092=ORIENTED_EDGE('',*,*,#5898,.T.);
#3093=ORIENTED_EDGE('',*,*,#5899,.T.);
#3094=ORIENTED_EDGE('',*,*,#5900,.T.);
#3095=ORIENTED_EDGE('',*,*,#5811,.F.);
#3096=ORIENTED_EDGE('',*,*,#5901,.T.);
#3097=ORIENTED_EDGE('',*,*,#5902,.T.);
#3098=ORIENTED_EDGE('',*,*,#5903,.T.);
#3099=ORIENTED_EDGE('',*,*,#5904,.F.);
#3100=ORIENTED_EDGE('',*,*,#5905,.T.);
#3101=ORIENTED_EDGE('',*,*,#5906,.F.);
#3102=ORIENTED_EDGE('',*,*,#5907,.T.);
#3103=ORIENTED_EDGE('',*,*,#5908,.T.);
#3104=ORIENTED_EDGE('',*,*,#5909,.F.);
#3105=ORIENTED_EDGE('',*,*,#5910,.F.);
#3106=ORIENTED_EDGE('',*,*,#5911,.F.);
#3107=ORIENTED_EDGE('',*,*,#5912,.T.);
#3108=ORIENTED_EDGE('',*,*,#5913,.T.);
#3109=ORIENTED_EDGE('',*,*,#5914,.F.);
#3110=ORIENTED_EDGE('',*,*,#5915,.T.);
#3111=ORIENTED_EDGE('',*,*,#5916,.T.);
#3112=ORIENTED_EDGE('',*,*,#5917,.T.);
#3113=ORIENTED_EDGE('',*,*,#5918,.T.);
#3114=ORIENTED_EDGE('',*,*,#5919,.T.);
#3115=ORIENTED_EDGE('',*,*,#5920,.T.);
#3116=ORIENTED_EDGE('',*,*,#5921,.T.);
#3117=ORIENTED_EDGE('',*,*,#5922,.T.);
#3118=ORIENTED_EDGE('',*,*,#5923,.T.);
#3119=ORIENTED_EDGE('',*,*,#5905,.F.);
#3120=ORIENTED_EDGE('',*,*,#5924,.T.);
#3121=ORIENTED_EDGE('',*,*,#5925,.F.);
#3122=ORIENTED_EDGE('',*,*,#5926,.T.);
#3123=ORIENTED_EDGE('',*,*,#5915,.F.);
#3124=ORIENTED_EDGE('',*,*,#5927,.T.);
#3125=ORIENTED_EDGE('',*,*,#5928,.T.);
#3126=ORIENTED_EDGE('',*,*,#5929,.T.);
#3127=ORIENTED_EDGE('',*,*,#5930,.F.);
#3128=ORIENTED_EDGE('',*,*,#5931,.T.);
#3129=ORIENTED_EDGE('',*,*,#5932,.T.);
#3130=ORIENTED_EDGE('',*,*,#5933,.T.);
#3131=ORIENTED_EDGE('',*,*,#5934,.F.);
#3132=ORIENTED_EDGE('',*,*,#5935,.T.);
#3133=ORIENTED_EDGE('',*,*,#5936,.T.);
#3134=ORIENTED_EDGE('',*,*,#5937,.T.);
#3135=ORIENTED_EDGE('',*,*,#5938,.F.);
#3136=ORIENTED_EDGE('',*,*,#5939,.F.);
#3137=ORIENTED_EDGE('',*,*,#5909,.T.);
#3138=ORIENTED_EDGE('',*,*,#5940,.T.);
#3139=ORIENTED_EDGE('',*,*,#5941,.T.);
#3140=ORIENTED_EDGE('',*,*,#5942,.T.);
#3141=ORIENTED_EDGE('',*,*,#5943,.T.);
#3142=ORIENTED_EDGE('',*,*,#5944,.T.);
#3143=ORIENTED_EDGE('',*,*,#5911,.T.);
#3144=ORIENTED_EDGE('',*,*,#5945,.F.);
#3145=ORIENTED_EDGE('',*,*,#5946,.T.);
#3146=ORIENTED_EDGE('',*,*,#5947,.F.);
#3147=ORIENTED_EDGE('',*,*,#5948,.F.);
#3148=ORIENTED_EDGE('',*,*,#5949,.F.);
#3149=ORIENTED_EDGE('',*,*,#5950,.T.);
#3150=ORIENTED_EDGE('',*,*,#5951,.F.);
#3151=ORIENTED_EDGE('',*,*,#5952,.F.);
#3152=ORIENTED_EDGE('',*,*,#5953,.F.);
#3153=ORIENTED_EDGE('',*,*,#5954,.F.);
#3154=ORIENTED_EDGE('',*,*,#5955,.T.);
#3155=ORIENTED_EDGE('',*,*,#5956,.T.);
#3156=ORIENTED_EDGE('',*,*,#5957,.T.);
#3157=ORIENTED_EDGE('',*,*,#5958,.T.);
#3158=ORIENTED_EDGE('',*,*,#5959,.T.);
#3159=ORIENTED_EDGE('',*,*,#5960,.F.);
#3160=ORIENTED_EDGE('',*,*,#5961,.F.);
#3161=ORIENTED_EDGE('',*,*,#5962,.T.);
#3162=ORIENTED_EDGE('',*,*,#5963,.T.);
#3163=ORIENTED_EDGE('',*,*,#5964,.T.);
#3164=ORIENTED_EDGE('',*,*,#5965,.F.);
#3165=ORIENTED_EDGE('',*,*,#5938,.T.);
#3166=ORIENTED_EDGE('',*,*,#5966,.F.);
#3167=ORIENTED_EDGE('',*,*,#5967,.T.);
#3168=ORIENTED_EDGE('',*,*,#5968,.F.);
#3169=ORIENTED_EDGE('',*,*,#5969,.F.);
#3170=ORIENTED_EDGE('',*,*,#5970,.F.);
#3171=ORIENTED_EDGE('',*,*,#5971,.F.);
#3172=ORIENTED_EDGE('',*,*,#5972,.F.);
#3173=ORIENTED_EDGE('',*,*,#5973,.F.);
#3174=ORIENTED_EDGE('',*,*,#5974,.F.);
#3175=ORIENTED_EDGE('',*,*,#5975,.T.);
#3176=ORIENTED_EDGE('',*,*,#5976,.F.);
#3177=ORIENTED_EDGE('',*,*,#5977,.T.);
#3178=ORIENTED_EDGE('',*,*,#5978,.T.);
#3179=ORIENTED_EDGE('',*,*,#5979,.T.);
#3180=ORIENTED_EDGE('',*,*,#5980,.T.);
#3181=ORIENTED_EDGE('',*,*,#5981,.T.);
#3182=ORIENTED_EDGE('',*,*,#5982,.T.);
#3183=ORIENTED_EDGE('',*,*,#5967,.F.);
#3184=ORIENTED_EDGE('',*,*,#5983,.F.);
#3185=ORIENTED_EDGE('',*,*,#5984,.F.);
#3186=ORIENTED_EDGE('',*,*,#5969,.T.);
#3187=ORIENTED_EDGE('',*,*,#5985,.F.);
#3188=ORIENTED_EDGE('',*,*,#5986,.F.);
#3189=ORIENTED_EDGE('',*,*,#5987,.F.);
#3190=ORIENTED_EDGE('',*,*,#5988,.F.);
#3191=ORIENTED_EDGE('',*,*,#5989,.F.);
#3192=ORIENTED_EDGE('',*,*,#5990,.F.);
#3193=ORIENTED_EDGE('',*,*,#5991,.F.);
#3194=ORIENTED_EDGE('',*,*,#5992,.F.);
#3195=ORIENTED_EDGE('',*,*,#5993,.F.);
#3196=ORIENTED_EDGE('',*,*,#5994,.F.);
#3197=ORIENTED_EDGE('',*,*,#5995,.F.);
#3198=ORIENTED_EDGE('',*,*,#5996,.F.);
#3199=ORIENTED_EDGE('',*,*,#5997,.F.);
#3200=ORIENTED_EDGE('',*,*,#5998,.F.);
#3201=ORIENTED_EDGE('',*,*,#5999,.F.);
#3202=ORIENTED_EDGE('',*,*,#6000,.F.);
#3203=ORIENTED_EDGE('',*,*,#6001,.F.);
#3204=ORIENTED_EDGE('',*,*,#6002,.F.);
#3205=ORIENTED_EDGE('',*,*,#6003,.F.);
#3206=ORIENTED_EDGE('',*,*,#6004,.F.);
#3207=ORIENTED_EDGE('',*,*,#6005,.T.);
#3208=ORIENTED_EDGE('',*,*,#6006,.F.);
#3209=ORIENTED_EDGE('',*,*,#6007,.T.);
#3210=ORIENTED_EDGE('',*,*,#6008,.T.);
#3211=ORIENTED_EDGE('',*,*,#6009,.T.);
#3212=ORIENTED_EDGE('',*,*,#6010,.F.);
#3213=ORIENTED_EDGE('',*,*,#6011,.T.);
#3214=ORIENTED_EDGE('',*,*,#6005,.F.);
#3215=ORIENTED_EDGE('',*,*,#6012,.T.);
#3216=ORIENTED_EDGE('',*,*,#6010,.T.);
#3217=ORIENTED_EDGE('',*,*,#6013,.T.);
#3218=ORIENTED_EDGE('',*,*,#6014,.F.);
#3219=ORIENTED_EDGE('',*,*,#6015,.F.);
#3220=ORIENTED_EDGE('',*,*,#6016,.F.);
#3221=ORIENTED_EDGE('',*,*,#5996,.T.);
#3222=ORIENTED_EDGE('',*,*,#6017,.F.);
#3223=ORIENTED_EDGE('',*,*,#6018,.F.);
#3224=ORIENTED_EDGE('',*,*,#6019,.F.);
#3225=ORIENTED_EDGE('',*,*,#6000,.T.);
#3226=ORIENTED_EDGE('',*,*,#6015,.T.);
#3227=ORIENTED_EDGE('',*,*,#6020,.T.);
#3228=ORIENTED_EDGE('',*,*,#6021,.F.);
#3229=ORIENTED_EDGE('',*,*,#6022,.T.);
#3230=ORIENTED_EDGE('',*,*,#6018,.T.);
#3231=ORIENTED_EDGE('',*,*,#6023,.T.);
#3232=ORIENTED_EDGE('',*,*,#6024,.F.);
#3233=ORIENTED_EDGE('',*,*,#6025,.T.);
#3234=ORIENTED_EDGE('',*,*,#6026,.F.);
#3235=ORIENTED_EDGE('',*,*,#6024,.T.);
#3236=ORIENTED_EDGE('',*,*,#6027,.F.);
#3237=ORIENTED_EDGE('',*,*,#6028,.F.);
#3238=ORIENTED_EDGE('',*,*,#6029,.F.);
#3239=ORIENTED_EDGE('',*,*,#6030,.F.);
#3240=ORIENTED_EDGE('',*,*,#6031,.F.);
#3241=ORIENTED_EDGE('',*,*,#6021,.T.);
#3242=ORIENTED_EDGE('',*,*,#6032,.F.);
#3243=ORIENTED_EDGE('',*,*,#6033,.F.);
#3244=ORIENTED_EDGE('',*,*,#6034,.F.);
#3245=ORIENTED_EDGE('',*,*,#6035,.F.);
#3246=ORIENTED_EDGE('',*,*,#6036,.F.);
#3247=ORIENTED_EDGE('',*,*,#6037,.F.);
#3248=ORIENTED_EDGE('',*,*,#6038,.F.);
#3249=ORIENTED_EDGE('',*,*,#6029,.T.);
#3250=ORIENTED_EDGE('',*,*,#6039,.F.);
#3251=ORIENTED_EDGE('',*,*,#6034,.T.);
#3252=ORIENTED_EDGE('',*,*,#6040,.F.);
#3253=ORIENTED_EDGE('',*,*,#6041,.F.);
#3254=ORIENTED_EDGE('',*,*,#6042,.F.);
#3255=ORIENTED_EDGE('',*,*,#6043,.T.);
#3256=ORIENTED_EDGE('',*,*,#6037,.T.);
#3257=ORIENTED_EDGE('',*,*,#6044,.T.);
#3258=ORIENTED_EDGE('',*,*,#6045,.F.);
#3259=ORIENTED_EDGE('',*,*,#6046,.T.);
#3260=ORIENTED_EDGE('',*,*,#6041,.T.);
#3261=ORIENTED_EDGE('',*,*,#6047,.T.);
#3262=ORIENTED_EDGE('',*,*,#6048,.F.);
#3263=ORIENTED_EDGE('',*,*,#6049,.F.);
#3264=ORIENTED_EDGE('',*,*,#6050,.F.);
#3265=ORIENTED_EDGE('',*,*,#6042,.T.);
#3266=ORIENTED_EDGE('',*,*,#6051,.F.);
#3267=ORIENTED_EDGE('',*,*,#6045,.T.);
#3268=ORIENTED_EDGE('',*,*,#6052,.F.);
#3269=ORIENTED_EDGE('',*,*,#6053,.F.);
#3270=ORIENTED_EDGE('',*,*,#6054,.F.);
#3271=ORIENTED_EDGE('',*,*,#6055,.F.);
#3272=ORIENTED_EDGE('',*,*,#6056,.F.);
#3273=ORIENTED_EDGE('',*,*,#6049,.T.);
#3274=ORIENTED_EDGE('',*,*,#6057,.F.);
#3275=ORIENTED_EDGE('',*,*,#6053,.T.);
#3276=ORIENTED_EDGE('',*,*,#6058,.F.);
#3277=ORIENTED_EDGE('',*,*,#6059,.F.);
#3278=ORIENTED_EDGE('',*,*,#6060,.F.);
#3279=ORIENTED_EDGE('',*,*,#6061,.F.);
#3280=ORIENTED_EDGE('',*,*,#6055,.T.);
#3281=ORIENTED_EDGE('',*,*,#6062,.F.);
#3282=ORIENTED_EDGE('',*,*,#6059,.T.);
#3283=ORIENTED_EDGE('',*,*,#5941,.F.);
#3284=ORIENTED_EDGE('',*,*,#6063,.T.);
#3285=ORIENTED_EDGE('',*,*,#6064,.T.);
#3286=ORIENTED_EDGE('',*,*,#6065,.F.);
#3287=ORIENTED_EDGE('',*,*,#5934,.T.);
#3288=ORIENTED_EDGE('',*,*,#6066,.F.);
#3289=ORIENTED_EDGE('',*,*,#6067,.T.);
#3290=ORIENTED_EDGE('',*,*,#6068,.T.);
#3291=ORIENTED_EDGE('',*,*,#6069,.T.);
#3292=ORIENTED_EDGE('',*,*,#6070,.T.);
#3293=ORIENTED_EDGE('',*,*,#5943,.F.);
#3294=ORIENTED_EDGE('',*,*,#6071,.T.);
#3295=ORIENTED_EDGE('',*,*,#6072,.T.);
#3296=ORIENTED_EDGE('',*,*,#6073,.F.);
#3297=ORIENTED_EDGE('',*,*,#5930,.T.);
#3298=ORIENTED_EDGE('',*,*,#6074,.F.);
#3299=ORIENTED_EDGE('',*,*,#5917,.F.);
#3300=ORIENTED_EDGE('',*,*,#6075,.F.);
#3301=ORIENTED_EDGE('',*,*,#5923,.F.);
#3302=ORIENTED_EDGE('',*,*,#6076,.F.);
#3303=ORIENTED_EDGE('',*,*,#5921,.F.);
#3304=ORIENTED_EDGE('',*,*,#6077,.F.);
#3305=ORIENTED_EDGE('',*,*,#5919,.F.);
#3306=ORIENTED_EDGE('',*,*,#6078,.F.);
#3307=ORIENTED_EDGE('',*,*,#5950,.F.);
#3308=ORIENTED_EDGE('',*,*,#5953,.T.);
#3309=ORIENTED_EDGE('',*,*,#6079,.F.);
#3310=ORIENTED_EDGE('',*,*,#6080,.F.);
#3311=ORIENTED_EDGE('',*,*,#6081,.F.);
#3312=ORIENTED_EDGE('',*,*,#6082,.F.);
#3313=ORIENTED_EDGE('',*,*,#6083,.F.);
#3314=ORIENTED_EDGE('',*,*,#5947,.T.);
#3315=ORIENTED_EDGE('',*,*,#6084,.F.);
#3316=ORIENTED_EDGE('',*,*,#6079,.T.);
#3317=ORIENTED_EDGE('',*,*,#6085,.F.);
#3318=ORIENTED_EDGE('',*,*,#6084,.T.);
#3319=ORIENTED_EDGE('',*,*,#6086,.F.);
#3320=ORIENTED_EDGE('',*,*,#6085,.T.);
#3321=ORIENTED_EDGE('',*,*,#6087,.T.);
#3322=ORIENTED_EDGE('',*,*,#6088,.F.);
#3323=ORIENTED_EDGE('',*,*,#5916,.F.);
#3324=ORIENTED_EDGE('',*,*,#6075,.T.);
#3325=ORIENTED_EDGE('',*,*,#6087,.F.);
#3326=ORIENTED_EDGE('',*,*,#6089,.T.);
#3327=ORIENTED_EDGE('',*,*,#5918,.F.);
#3328=ORIENTED_EDGE('',*,*,#6078,.T.);
#3329=ORIENTED_EDGE('',*,*,#6090,.T.);
#3330=ORIENTED_EDGE('',*,*,#6091,.F.);
#3331=ORIENTED_EDGE('',*,*,#6090,.F.);
#3332=ORIENTED_EDGE('',*,*,#6092,.T.);
#3333=ORIENTED_EDGE('',*,*,#5922,.F.);
#3334=ORIENTED_EDGE('',*,*,#6076,.T.);
#3335=ORIENTED_EDGE('',*,*,#6093,.T.);
#3336=ORIENTED_EDGE('',*,*,#6094,.F.);
#3337=ORIENTED_EDGE('',*,*,#6093,.F.);
#3338=ORIENTED_EDGE('',*,*,#6095,.T.);
#3339=ORIENTED_EDGE('',*,*,#5920,.F.);
#3340=ORIENTED_EDGE('',*,*,#6077,.T.);
#3341=ORIENTED_EDGE('',*,*,#6096,.T.);
#3342=ORIENTED_EDGE('',*,*,#6097,.T.);
#3343=ORIENTED_EDGE('',*,*,#6096,.F.);
#3344=ORIENTED_EDGE('',*,*,#6098,.T.);
#3345=ORIENTED_EDGE('',*,*,#6099,.F.);
#3346=ORIENTED_EDGE('',*,*,#6060,.T.);
#3347=ORIENTED_EDGE('',*,*,#6099,.T.);
#3348=ORIENTED_EDGE('',*,*,#6092,.F.);
#3349=ORIENTED_EDGE('',*,*,#6100,.F.);
#3350=ORIENTED_EDGE('',*,*,#6089,.F.);
#3351=ORIENTED_EDGE('',*,*,#6101,.F.);
#3352=ORIENTED_EDGE('',*,*,#6095,.F.);
#3353=ORIENTED_EDGE('',*,*,#6102,.F.);
#3354=ORIENTED_EDGE('',*,*,#6098,.F.);
#3355=ORIENTED_EDGE('',*,*,#6103,.F.);
#3356=ORIENTED_EDGE('',*,*,#6101,.T.);
#3357=ORIENTED_EDGE('',*,*,#6088,.T.);
#3358=ORIENTED_EDGE('',*,*,#6100,.T.);
#3359=ORIENTED_EDGE('',*,*,#6091,.T.);
#3360=ORIENTED_EDGE('',*,*,#6103,.T.);
#3361=ORIENTED_EDGE('',*,*,#6097,.F.);
#3362=ORIENTED_EDGE('',*,*,#6102,.T.);
#3363=ORIENTED_EDGE('',*,*,#6094,.T.);
#3364=ORIENTED_EDGE('',*,*,#6104,.F.);
#3365=ORIENTED_EDGE('',*,*,#6072,.F.);
#3366=ORIENTED_EDGE('',*,*,#6105,.F.);
#3367=ORIENTED_EDGE('',*,*,#6067,.F.);
#3368=ORIENTED_EDGE('',*,*,#6106,.F.);
#3369=ORIENTED_EDGE('',*,*,#6107,.F.);
#3370=ORIENTED_EDGE('',*,*,#6108,.F.);
#3371=ORIENTED_EDGE('',*,*,#6073,.T.);
#3372=ORIENTED_EDGE('',*,*,#6108,.T.);
#3373=ORIENTED_EDGE('',*,*,#6109,.T.);
#3374=ORIENTED_EDGE('',*,*,#5931,.F.);
#3375=ORIENTED_EDGE('',*,*,#6109,.F.);
#3376=ORIENTED_EDGE('',*,*,#6107,.T.);
#3377=ORIENTED_EDGE('',*,*,#6110,.T.);
#3378=ORIENTED_EDGE('',*,*,#5932,.F.);
#3379=ORIENTED_EDGE('',*,*,#6110,.F.);
#3380=ORIENTED_EDGE('',*,*,#6106,.T.);
#3381=ORIENTED_EDGE('',*,*,#6066,.T.);
#3382=ORIENTED_EDGE('',*,*,#5933,.F.);
#3383=ORIENTED_EDGE('',*,*,#6111,.F.);
#3384=ORIENTED_EDGE('',*,*,#5913,.F.);
#3385=ORIENTED_EDGE('',*,*,#6112,.F.);
#3386=ORIENTED_EDGE('',*,*,#6069,.F.);
#3387=ORIENTED_EDGE('',*,*,#6113,.F.);
#3388=ORIENTED_EDGE('',*,*,#6114,.F.);
#3389=ORIENTED_EDGE('',*,*,#6115,.F.);
#3390=ORIENTED_EDGE('',*,*,#6116,.F.);
#3391=ORIENTED_EDGE('',*,*,#6113,.T.);
#3392=ORIENTED_EDGE('',*,*,#6074,.T.);
#3393=ORIENTED_EDGE('',*,*,#5929,.F.);
#3394=ORIENTED_EDGE('',*,*,#5914,.T.);
#3395=ORIENTED_EDGE('',*,*,#6115,.T.);
#3396=ORIENTED_EDGE('',*,*,#6117,.T.);
#3397=ORIENTED_EDGE('',*,*,#5927,.F.);
#3398=ORIENTED_EDGE('',*,*,#6117,.F.);
#3399=ORIENTED_EDGE('',*,*,#6114,.T.);
#3400=ORIENTED_EDGE('',*,*,#6116,.T.);
#3401=ORIENTED_EDGE('',*,*,#5928,.F.);
#3402=ORIENTED_EDGE('',*,*,#6118,.F.);
#3403=ORIENTED_EDGE('',*,*,#5907,.F.);
#3404=ORIENTED_EDGE('',*,*,#6119,.F.);
#3405=ORIENTED_EDGE('',*,*,#6120,.F.);
#3406=ORIENTED_EDGE('',*,*,#6121,.F.);
#3407=ORIENTED_EDGE('',*,*,#6064,.F.);
#3408=ORIENTED_EDGE('',*,*,#6122,.F.);
#3409=ORIENTED_EDGE('',*,*,#6065,.T.);
#3410=ORIENTED_EDGE('',*,*,#6121,.T.);
#3411=ORIENTED_EDGE('',*,*,#6123,.T.);
#3412=ORIENTED_EDGE('',*,*,#5935,.F.);
#3413=ORIENTED_EDGE('',*,*,#6123,.F.);
#3414=ORIENTED_EDGE('',*,*,#6120,.T.);
#3415=ORIENTED_EDGE('',*,*,#6124,.T.);
#3416=ORIENTED_EDGE('',*,*,#5936,.F.);
#3417=ORIENTED_EDGE('',*,*,#6124,.F.);
#3418=ORIENTED_EDGE('',*,*,#6119,.T.);
#3419=ORIENTED_EDGE('',*,*,#5906,.T.);
#3420=ORIENTED_EDGE('',*,*,#5937,.F.);
#3421=ORIENTED_EDGE('',*,*,#6071,.F.);
#3422=ORIENTED_EDGE('',*,*,#5942,.F.);
#3423=ORIENTED_EDGE('',*,*,#6068,.F.);
#3424=ORIENTED_EDGE('',*,*,#6105,.T.);
#3425=ORIENTED_EDGE('',*,*,#5912,.F.);
#3426=ORIENTED_EDGE('',*,*,#5944,.F.);
#3427=ORIENTED_EDGE('',*,*,#6070,.F.);
#3428=ORIENTED_EDGE('',*,*,#6112,.T.);
#3429=ORIENTED_EDGE('',*,*,#6063,.F.);
#3430=ORIENTED_EDGE('',*,*,#5940,.F.);
#3431=ORIENTED_EDGE('',*,*,#5908,.F.);
#3432=ORIENTED_EDGE('',*,*,#6122,.T.);
#3433=ORIENTED_EDGE('',*,*,#6125,.F.);
#3434=ORIENTED_EDGE('',*,*,#6035,.T.);
#3435=ORIENTED_EDGE('',*,*,#6039,.T.);
#3436=ORIENTED_EDGE('',*,*,#6046,.F.);
#3437=ORIENTED_EDGE('',*,*,#6051,.T.);
#3438=ORIENTED_EDGE('',*,*,#6057,.T.);
#3439=ORIENTED_EDGE('',*,*,#6062,.T.);
#3440=ORIENTED_EDGE('',*,*,#6054,.T.);
#3441=ORIENTED_EDGE('',*,*,#6048,.T.);
#3442=ORIENTED_EDGE('',*,*,#6044,.F.);
#3443=ORIENTED_EDGE('',*,*,#6036,.T.);
#3444=ORIENTED_EDGE('',*,*,#6028,.T.);
#3445=ORIENTED_EDGE('',*,*,#6126,.T.);
#3446=ORIENTED_EDGE('',*,*,#5989,.T.);
#3447=ORIENTED_EDGE('',*,*,#6017,.T.);
#3448=ORIENTED_EDGE('',*,*,#5999,.T.);
#3449=ORIENTED_EDGE('',*,*,#6127,.T.);
#3450=ORIENTED_EDGE('',*,*,#5990,.T.);
#3451=ORIENTED_EDGE('',*,*,#6126,.F.);
#3452=ORIENTED_EDGE('',*,*,#6027,.T.);
#3453=ORIENTED_EDGE('',*,*,#6023,.F.);
#3454=ORIENTED_EDGE('',*,*,#6128,.F.);
#3455=ORIENTED_EDGE('',*,*,#5997,.T.);
#3456=ORIENTED_EDGE('',*,*,#6016,.T.);
#3457=ORIENTED_EDGE('',*,*,#6022,.F.);
#3458=ORIENTED_EDGE('',*,*,#6031,.T.);
#3459=ORIENTED_EDGE('',*,*,#6125,.T.);
#3460=ORIENTED_EDGE('',*,*,#5988,.T.);
#3461=ORIENTED_EDGE('',*,*,#6127,.F.);
#3462=ORIENTED_EDGE('',*,*,#5998,.T.);
#3463=ORIENTED_EDGE('',*,*,#6128,.T.);
#3464=ORIENTED_EDGE('',*,*,#5991,.T.);
#3465=ORIENTED_EDGE('',*,*,#6129,.T.);
#3466=ORIENTED_EDGE('',*,*,#6002,.T.);
#3467=ORIENTED_EDGE('',*,*,#6130,.F.);
#3468=ORIENTED_EDGE('',*,*,#6131,.F.);
#3469=ORIENTED_EDGE('',*,*,#6132,.F.);
#3470=ORIENTED_EDGE('',*,*,#6133,.F.);
#3471=ORIENTED_EDGE('',*,*,#6014,.T.);
#3472=ORIENTED_EDGE('',*,*,#6003,.T.);
#3473=ORIENTED_EDGE('',*,*,#6129,.F.);
#3474=ORIENTED_EDGE('',*,*,#6134,.F.);
#3475=ORIENTED_EDGE('',*,*,#6135,.T.);
#3476=ORIENTED_EDGE('',*,*,#6032,.T.);
#3477=ORIENTED_EDGE('',*,*,#6020,.F.);
#3478=ORIENTED_EDGE('',*,*,#6130,.T.);
#3479=ORIENTED_EDGE('',*,*,#6001,.T.);
#3480=ORIENTED_EDGE('',*,*,#6019,.T.);
#3481=ORIENTED_EDGE('',*,*,#6025,.F.);
#3482=ORIENTED_EDGE('',*,*,#6026,.T.);
#3483=ORIENTED_EDGE('',*,*,#6136,.F.);
#3484=ORIENTED_EDGE('',*,*,#6137,.F.);
#3485=ORIENTED_EDGE('',*,*,#6136,.T.);
#3486=ORIENTED_EDGE('',*,*,#6030,.T.);
#3487=ORIENTED_EDGE('',*,*,#6038,.T.);
#3488=ORIENTED_EDGE('',*,*,#6043,.F.);
#3489=ORIENTED_EDGE('',*,*,#6050,.T.);
#3490=ORIENTED_EDGE('',*,*,#6056,.T.);
#3491=ORIENTED_EDGE('',*,*,#6061,.T.);
#3492=ORIENTED_EDGE('',*,*,#6058,.T.);
#3493=ORIENTED_EDGE('',*,*,#6052,.T.);
#3494=ORIENTED_EDGE('',*,*,#6047,.F.);
#3495=ORIENTED_EDGE('',*,*,#6040,.T.);
#3496=ORIENTED_EDGE('',*,*,#6033,.T.);
#3497=ORIENTED_EDGE('',*,*,#6135,.F.);
#3498=ORIENTED_EDGE('',*,*,#6138,.F.);
#3499=ORIENTED_EDGE('',*,*,#6139,.F.);
#3500=ORIENTED_EDGE('',*,*,#6140,.F.);
#3501=ORIENTED_EDGE('',*,*,#6141,.F.);
#3502=ORIENTED_EDGE('',*,*,#6142,.F.);
#3503=ORIENTED_EDGE('',*,*,#6143,.F.);
#3504=ORIENTED_EDGE('',*,*,#6144,.F.);
#3505=ORIENTED_EDGE('',*,*,#6145,.F.);
#3506=ORIENTED_EDGE('',*,*,#6146,.F.);
#3507=ORIENTED_EDGE('',*,*,#6147,.F.);
#3508=ORIENTED_EDGE('',*,*,#6148,.F.);
#3509=ORIENTED_EDGE('',*,*,#6149,.F.);
#3510=ORIENTED_EDGE('',*,*,#6150,.F.);
#3511=ORIENTED_EDGE('',*,*,#6151,.F.);
#3512=ORIENTED_EDGE('',*,*,#6152,.F.);
#3513=ORIENTED_EDGE('',*,*,#6153,.F.);
#3514=ORIENTED_EDGE('',*,*,#6154,.F.);
#3515=ORIENTED_EDGE('',*,*,#6155,.F.);
#3516=ORIENTED_EDGE('',*,*,#6156,.F.);
#3517=ORIENTED_EDGE('',*,*,#6157,.F.);
#3518=ORIENTED_EDGE('',*,*,#6158,.F.);
#3519=ORIENTED_EDGE('',*,*,#6159,.F.);
#3520=ORIENTED_EDGE('',*,*,#6160,.F.);
#3521=ORIENTED_EDGE('',*,*,#6161,.F.);
#3522=ORIENTED_EDGE('',*,*,#6131,.T.);
#3523=ORIENTED_EDGE('',*,*,#6137,.T.);
#3524=ORIENTED_EDGE('',*,*,#6138,.T.);
#3525=ORIENTED_EDGE('',*,*,#6134,.T.);
#3526=ORIENTED_EDGE('',*,*,#6133,.T.);
#3527=ORIENTED_EDGE('',*,*,#6162,.F.);
#3528=ORIENTED_EDGE('',*,*,#6163,.F.);
#3529=ORIENTED_EDGE('',*,*,#6164,.F.);
#3530=ORIENTED_EDGE('',*,*,#6165,.F.);
#3531=ORIENTED_EDGE('',*,*,#6166,.F.);
#3532=ORIENTED_EDGE('',*,*,#6167,.F.);
#3533=ORIENTED_EDGE('',*,*,#6168,.F.);
#3534=ORIENTED_EDGE('',*,*,#6104,.T.);
#3535=ORIENTED_EDGE('',*,*,#6162,.T.);
#3536=ORIENTED_EDGE('',*,*,#6169,.F.);
#3537=ORIENTED_EDGE('',*,*,#6170,.F.);
#3538=ORIENTED_EDGE('',*,*,#6163,.T.);
#3539=ORIENTED_EDGE('',*,*,#6171,.T.);
#3540=ORIENTED_EDGE('',*,*,#6172,.F.);
#3541=ORIENTED_EDGE('',*,*,#6173,.F.);
#3542=ORIENTED_EDGE('',*,*,#6164,.T.);
#3543=ORIENTED_EDGE('',*,*,#6170,.T.);
#3544=ORIENTED_EDGE('',*,*,#6174,.F.);
#3545=ORIENTED_EDGE('',*,*,#6175,.F.);
#3546=ORIENTED_EDGE('',*,*,#6165,.T.);
#3547=ORIENTED_EDGE('',*,*,#6173,.T.);
#3548=ORIENTED_EDGE('',*,*,#6176,.F.);
#3549=ORIENTED_EDGE('',*,*,#6177,.F.);
#3550=ORIENTED_EDGE('',*,*,#6166,.T.);
#3551=ORIENTED_EDGE('',*,*,#6175,.T.);
#3552=ORIENTED_EDGE('',*,*,#6178,.F.);
#3553=ORIENTED_EDGE('',*,*,#6179,.F.);
#3554=ORIENTED_EDGE('',*,*,#6167,.T.);
#3555=ORIENTED_EDGE('',*,*,#6177,.T.);
#3556=ORIENTED_EDGE('',*,*,#6180,.F.);
#3557=ORIENTED_EDGE('',*,*,#6171,.F.);
#3558=ORIENTED_EDGE('',*,*,#6168,.T.);
#3559=ORIENTED_EDGE('',*,*,#6179,.T.);
#3560=ORIENTED_EDGE('',*,*,#6176,.T.);
#3561=ORIENTED_EDGE('',*,*,#6174,.T.);
#3562=ORIENTED_EDGE('',*,*,#6172,.T.);
#3563=ORIENTED_EDGE('',*,*,#6169,.T.);
#3564=ORIENTED_EDGE('',*,*,#6180,.T.);
#3565=ORIENTED_EDGE('',*,*,#6178,.T.);
#3566=ORIENTED_EDGE('',*,*,#6181,.F.);
#3567=ORIENTED_EDGE('',*,*,#6182,.F.);
#3568=ORIENTED_EDGE('',*,*,#6183,.F.);
#3569=ORIENTED_EDGE('',*,*,#6184,.F.);
#3570=ORIENTED_EDGE('',*,*,#6185,.F.);
#3571=ORIENTED_EDGE('',*,*,#6186,.F.);
#3572=ORIENTED_EDGE('',*,*,#6187,.F.);
#3573=ORIENTED_EDGE('',*,*,#6111,.T.);
#3574=ORIENTED_EDGE('',*,*,#6181,.T.);
#3575=ORIENTED_EDGE('',*,*,#6188,.F.);
#3576=ORIENTED_EDGE('',*,*,#6189,.F.);
#3577=ORIENTED_EDGE('',*,*,#6190,.F.);
#3578=ORIENTED_EDGE('',*,*,#6191,.F.);
#3579=ORIENTED_EDGE('',*,*,#6192,.F.);
#3580=ORIENTED_EDGE('',*,*,#6193,.F.);
#3581=ORIENTED_EDGE('',*,*,#6194,.F.);
#3582=ORIENTED_EDGE('',*,*,#6118,.T.);
#3583=ORIENTED_EDGE('',*,*,#6188,.T.);
#3584=ORIENTED_EDGE('',*,*,#6195,.F.);
#3585=ORIENTED_EDGE('',*,*,#6196,.F.);
#3586=ORIENTED_EDGE('',*,*,#6182,.T.);
#3587=ORIENTED_EDGE('',*,*,#6197,.T.);
#3588=ORIENTED_EDGE('',*,*,#6198,.F.);
#3589=ORIENTED_EDGE('',*,*,#6199,.F.);
#3590=ORIENTED_EDGE('',*,*,#6183,.T.);
#3591=ORIENTED_EDGE('',*,*,#6196,.T.);
#3592=ORIENTED_EDGE('',*,*,#6200,.F.);
#3593=ORIENTED_EDGE('',*,*,#6201,.F.);
#3594=ORIENTED_EDGE('',*,*,#6184,.T.);
#3595=ORIENTED_EDGE('',*,*,#6199,.T.);
#3596=ORIENTED_EDGE('',*,*,#6202,.F.);
#3597=ORIENTED_EDGE('',*,*,#6203,.F.);
#3598=ORIENTED_EDGE('',*,*,#6185,.T.);
#3599=ORIENTED_EDGE('',*,*,#6201,.T.);
#3600=ORIENTED_EDGE('',*,*,#6204,.F.);
#3601=ORIENTED_EDGE('',*,*,#6205,.F.);
#3602=ORIENTED_EDGE('',*,*,#6186,.T.);
#3603=ORIENTED_EDGE('',*,*,#6203,.T.);
#3604=ORIENTED_EDGE('',*,*,#6206,.F.);
#3605=ORIENTED_EDGE('',*,*,#6197,.F.);
#3606=ORIENTED_EDGE('',*,*,#6187,.T.);
#3607=ORIENTED_EDGE('',*,*,#6205,.T.);
#3608=ORIENTED_EDGE('',*,*,#6202,.T.);
#3609=ORIENTED_EDGE('',*,*,#6200,.T.);
#3610=ORIENTED_EDGE('',*,*,#6198,.T.);
#3611=ORIENTED_EDGE('',*,*,#6195,.T.);
#3612=ORIENTED_EDGE('',*,*,#6206,.T.);
#3613=ORIENTED_EDGE('',*,*,#6204,.T.);
#3614=ORIENTED_EDGE('',*,*,#6207,.F.);
#3615=ORIENTED_EDGE('',*,*,#6208,.F.);
#3616=ORIENTED_EDGE('',*,*,#6189,.T.);
#3617=ORIENTED_EDGE('',*,*,#6209,.T.);
#3618=ORIENTED_EDGE('',*,*,#6210,.F.);
#3619=ORIENTED_EDGE('',*,*,#6211,.F.);
#3620=ORIENTED_EDGE('',*,*,#6190,.T.);
#3621=ORIENTED_EDGE('',*,*,#6208,.T.);
#3622=ORIENTED_EDGE('',*,*,#6212,.F.);
#3623=ORIENTED_EDGE('',*,*,#6213,.F.);
#3624=ORIENTED_EDGE('',*,*,#6191,.T.);
#3625=ORIENTED_EDGE('',*,*,#6211,.T.);
#3626=ORIENTED_EDGE('',*,*,#6214,.F.);
#3627=ORIENTED_EDGE('',*,*,#6215,.F.);
#3628=ORIENTED_EDGE('',*,*,#6192,.T.);
#3629=ORIENTED_EDGE('',*,*,#6213,.T.);
#3630=ORIENTED_EDGE('',*,*,#6216,.F.);
#3631=ORIENTED_EDGE('',*,*,#6217,.F.);
#3632=ORIENTED_EDGE('',*,*,#6193,.T.);
#3633=ORIENTED_EDGE('',*,*,#6215,.T.);
#3634=ORIENTED_EDGE('',*,*,#6218,.F.);
#3635=ORIENTED_EDGE('',*,*,#6209,.F.);
#3636=ORIENTED_EDGE('',*,*,#6194,.T.);
#3637=ORIENTED_EDGE('',*,*,#6217,.T.);
#3638=ORIENTED_EDGE('',*,*,#6214,.T.);
#3639=ORIENTED_EDGE('',*,*,#6212,.T.);
#3640=ORIENTED_EDGE('',*,*,#6210,.T.);
#3641=ORIENTED_EDGE('',*,*,#6207,.T.);
#3642=ORIENTED_EDGE('',*,*,#6218,.T.);
#3643=ORIENTED_EDGE('',*,*,#6216,.T.);
#3644=ORIENTED_EDGE('',*,*,#6219,.F.);
#3645=ORIENTED_EDGE('',*,*,#6220,.F.);
#3646=ORIENTED_EDGE('',*,*,#6221,.F.);
#3647=ORIENTED_EDGE('',*,*,#6222,.F.);
#3648=ORIENTED_EDGE('',*,*,#6223,.F.);
#3649=ORIENTED_EDGE('',*,*,#6224,.F.);
#3650=ORIENTED_EDGE('',*,*,#6225,.F.);
#3651=ORIENTED_EDGE('',*,*,#6007,.F.);
#3652=ORIENTED_EDGE('',*,*,#6004,.T.);
#3653=ORIENTED_EDGE('',*,*,#6225,.T.);
#3654=ORIENTED_EDGE('',*,*,#6226,.T.);
#3655=ORIENTED_EDGE('',*,*,#6011,.F.);
#3656=ORIENTED_EDGE('',*,*,#6012,.F.);
#3657=ORIENTED_EDGE('',*,*,#6006,.T.);
#3658=ORIENTED_EDGE('',*,*,#6013,.F.);
#3659=ORIENTED_EDGE('',*,*,#6009,.F.);
#3660=ORIENTED_EDGE('',*,*,#6227,.F.);
#3661=ORIENTED_EDGE('',*,*,#6223,.T.);
#3662=ORIENTED_EDGE('',*,*,#6008,.F.);
#3663=ORIENTED_EDGE('',*,*,#6226,.F.);
#3664=ORIENTED_EDGE('',*,*,#6224,.T.);
#3665=ORIENTED_EDGE('',*,*,#6227,.T.);
#3666=ORIENTED_EDGE('',*,*,#5992,.T.);
#3667=ORIENTED_EDGE('',*,*,#6228,.F.);
#3668=ORIENTED_EDGE('',*,*,#6229,.F.);
#3669=ORIENTED_EDGE('',*,*,#6230,.T.);
#3670=ORIENTED_EDGE('',*,*,#5995,.T.);
#3671=ORIENTED_EDGE('',*,*,#6231,.F.);
#3672=ORIENTED_EDGE('',*,*,#6232,.F.);
#3673=ORIENTED_EDGE('',*,*,#6228,.T.);
#3674=ORIENTED_EDGE('',*,*,#5994,.T.);
#3675=ORIENTED_EDGE('',*,*,#6233,.F.);
#3676=ORIENTED_EDGE('',*,*,#6234,.F.);
#3677=ORIENTED_EDGE('',*,*,#6231,.T.);
#3678=ORIENTED_EDGE('',*,*,#5993,.T.);
#3679=ORIENTED_EDGE('',*,*,#6230,.F.);
#3680=ORIENTED_EDGE('',*,*,#6235,.F.);
#3681=ORIENTED_EDGE('',*,*,#6233,.T.);
#3682=ORIENTED_EDGE('',*,*,#6229,.T.);
#3683=ORIENTED_EDGE('',*,*,#6232,.T.);
#3684=ORIENTED_EDGE('',*,*,#6234,.T.);
#3685=ORIENTED_EDGE('',*,*,#6235,.T.);
#3686=ORIENTED_EDGE('',*,*,#6236,.F.);
#3687=ORIENTED_EDGE('',*,*,#6237,.T.);
#3688=ORIENTED_EDGE('',*,*,#6238,.T.);
#3689=ORIENTED_EDGE('',*,*,#5964,.F.);
#3690=ORIENTED_EDGE('',*,*,#6239,.T.);
#3691=ORIENTED_EDGE('',*,*,#6240,.F.);
#3692=ORIENTED_EDGE('',*,*,#6241,.F.);
#3693=ORIENTED_EDGE('',*,*,#5956,.F.);
#3694=ORIENTED_EDGE('',*,*,#6242,.T.);
#3695=ORIENTED_EDGE('',*,*,#6243,.F.);
#3696=ORIENTED_EDGE('',*,*,#5958,.F.);
#3697=ORIENTED_EDGE('',*,*,#6244,.T.);
#3698=ORIENTED_EDGE('',*,*,#6245,.F.);
#3699=ORIENTED_EDGE('',*,*,#6246,.F.);
#3700=ORIENTED_EDGE('',*,*,#5962,.F.);
#3701=ORIENTED_EDGE('',*,*,#6247,.T.);
#3702=ORIENTED_EDGE('',*,*,#6248,.T.);
#3703=ORIENTED_EDGE('',*,*,#6249,.T.);
#3704=ORIENTED_EDGE('',*,*,#6250,.T.);
#3705=ORIENTED_EDGE('',*,*,#6251,.T.);
#3706=ORIENTED_EDGE('',*,*,#6252,.T.);
#3707=ORIENTED_EDGE('',*,*,#6253,.T.);
#3708=ORIENTED_EDGE('',*,*,#6254,.T.);
#3709=ORIENTED_EDGE('',*,*,#6255,.T.);
#3710=ORIENTED_EDGE('',*,*,#6256,.T.);
#3711=ORIENTED_EDGE('',*,*,#6257,.T.);
#3712=ORIENTED_EDGE('',*,*,#6258,.T.);
#3713=ORIENTED_EDGE('',*,*,#6259,.T.);
#3714=ORIENTED_EDGE('',*,*,#6260,.T.);
#3715=ORIENTED_EDGE('',*,*,#6261,.T.);
#3716=ORIENTED_EDGE('',*,*,#6262,.T.);
#3717=ORIENTED_EDGE('',*,*,#6263,.T.);
#3718=ORIENTED_EDGE('',*,*,#6264,.T.);
#3719=ORIENTED_EDGE('',*,*,#6265,.T.);
#3720=ORIENTED_EDGE('',*,*,#6266,.T.);
#3721=ORIENTED_EDGE('',*,*,#6267,.T.);
#3722=ORIENTED_EDGE('',*,*,#6268,.T.);
#3723=ORIENTED_EDGE('',*,*,#6269,.T.);
#3724=ORIENTED_EDGE('',*,*,#6270,.T.);
#3725=ORIENTED_EDGE('',*,*,#6271,.T.);
#3726=ORIENTED_EDGE('',*,*,#6272,.T.);
#3727=ORIENTED_EDGE('',*,*,#6273,.T.);
#3728=ORIENTED_EDGE('',*,*,#5963,.F.);
#3729=ORIENTED_EDGE('',*,*,#6246,.T.);
#3730=ORIENTED_EDGE('',*,*,#6274,.F.);
#3731=ORIENTED_EDGE('',*,*,#6239,.F.);
#3732=ORIENTED_EDGE('',*,*,#5957,.F.);
#3733=ORIENTED_EDGE('',*,*,#6241,.T.);
#3734=ORIENTED_EDGE('',*,*,#6275,.F.);
#3735=ORIENTED_EDGE('',*,*,#6244,.F.);
#3736=ORIENTED_EDGE('',*,*,#6276,.F.);
#3737=ORIENTED_EDGE('',*,*,#6277,.F.);
#3738=ORIENTED_EDGE('',*,*,#6278,.F.);
#3739=ORIENTED_EDGE('',*,*,#6279,.F.);
#3740=ORIENTED_EDGE('',*,*,#6275,.T.);
#3741=ORIENTED_EDGE('',*,*,#6240,.T.);
#3742=ORIENTED_EDGE('',*,*,#6274,.T.);
#3743=ORIENTED_EDGE('',*,*,#6245,.T.);
#3744=ORIENTED_EDGE('',*,*,#6280,.F.);
#3745=ORIENTED_EDGE('',*,*,#6281,.F.);
#3746=ORIENTED_EDGE('',*,*,#6276,.T.);
#3747=ORIENTED_EDGE('',*,*,#6282,.T.);
#3748=ORIENTED_EDGE('',*,*,#6283,.F.);
#3749=ORIENTED_EDGE('',*,*,#6282,.F.);
#3750=ORIENTED_EDGE('',*,*,#6279,.T.);
#3751=ORIENTED_EDGE('',*,*,#6284,.T.);
#3752=ORIENTED_EDGE('',*,*,#6285,.F.);
#3753=ORIENTED_EDGE('',*,*,#6284,.F.);
#3754=ORIENTED_EDGE('',*,*,#6278,.T.);
#3755=ORIENTED_EDGE('',*,*,#6286,.T.);
#3756=ORIENTED_EDGE('',*,*,#6287,.F.);
#3757=ORIENTED_EDGE('',*,*,#6286,.F.);
#3758=ORIENTED_EDGE('',*,*,#6277,.T.);
#3759=ORIENTED_EDGE('',*,*,#6281,.T.);
#3760=ORIENTED_EDGE('',*,*,#6288,.F.);
#3761=ORIENTED_EDGE('',*,*,#6289,.F.);
#3762=ORIENTED_EDGE('',*,*,#6290,.F.);
#3763=ORIENTED_EDGE('',*,*,#6291,.F.);
#3764=ORIENTED_EDGE('',*,*,#6280,.T.);
#3765=ORIENTED_EDGE('',*,*,#6283,.T.);
#3766=ORIENTED_EDGE('',*,*,#6285,.T.);
#3767=ORIENTED_EDGE('',*,*,#6287,.T.);
#3768=ORIENTED_EDGE('',*,*,#6292,.F.);
#3769=ORIENTED_EDGE('',*,*,#6291,.T.);
#3770=ORIENTED_EDGE('',*,*,#6293,.F.);
#3771=ORIENTED_EDGE('',*,*,#6294,.F.);
#3772=ORIENTED_EDGE('',*,*,#6295,.F.);
#3773=ORIENTED_EDGE('',*,*,#6296,.F.);
#3774=ORIENTED_EDGE('',*,*,#6297,.F.);
#3775=ORIENTED_EDGE('',*,*,#6298,.F.);
#3776=ORIENTED_EDGE('',*,*,#6292,.T.);
#3777=ORIENTED_EDGE('',*,*,#6299,.F.);
#3778=ORIENTED_EDGE('',*,*,#6290,.T.);
#3779=ORIENTED_EDGE('',*,*,#6300,.F.);
#3780=ORIENTED_EDGE('',*,*,#6301,.F.);
#3781=ORIENTED_EDGE('',*,*,#6302,.F.);
#3782=ORIENTED_EDGE('',*,*,#6303,.F.);
#3783=ORIENTED_EDGE('',*,*,#6304,.F.);
#3784=ORIENTED_EDGE('',*,*,#6305,.F.);
#3785=ORIENTED_EDGE('',*,*,#6299,.T.);
#3786=ORIENTED_EDGE('',*,*,#6306,.F.);
#3787=ORIENTED_EDGE('',*,*,#6289,.T.);
#3788=ORIENTED_EDGE('',*,*,#6307,.F.);
#3789=ORIENTED_EDGE('',*,*,#6308,.F.);
#3790=ORIENTED_EDGE('',*,*,#6309,.F.);
#3791=ORIENTED_EDGE('',*,*,#6310,.F.);
#3792=ORIENTED_EDGE('',*,*,#6311,.F.);
#3793=ORIENTED_EDGE('',*,*,#6312,.F.);
#3794=ORIENTED_EDGE('',*,*,#6306,.T.);
#3795=ORIENTED_EDGE('',*,*,#6313,.F.);
#3796=ORIENTED_EDGE('',*,*,#6288,.T.);
#3797=ORIENTED_EDGE('',*,*,#6314,.F.);
#3798=ORIENTED_EDGE('',*,*,#6315,.F.);
#3799=ORIENTED_EDGE('',*,*,#6316,.F.);
#3800=ORIENTED_EDGE('',*,*,#6317,.F.);
#3801=ORIENTED_EDGE('',*,*,#6318,.F.);
#3802=ORIENTED_EDGE('',*,*,#6319,.F.);
#3803=ORIENTED_EDGE('',*,*,#6313,.T.);
#3804=ORIENTED_EDGE('',*,*,#6314,.T.);
#3805=ORIENTED_EDGE('',*,*,#6320,.F.);
#3806=ORIENTED_EDGE('',*,*,#6321,.F.);
#3807=ORIENTED_EDGE('',*,*,#6322,.T.);
#3808=ORIENTED_EDGE('',*,*,#6319,.T.);
#3809=ORIENTED_EDGE('',*,*,#6323,.F.);
#3810=ORIENTED_EDGE('',*,*,#6324,.F.);
#3811=ORIENTED_EDGE('',*,*,#6320,.T.);
#3812=ORIENTED_EDGE('',*,*,#6318,.T.);
#3813=ORIENTED_EDGE('',*,*,#6325,.F.);
#3814=ORIENTED_EDGE('',*,*,#6326,.F.);
#3815=ORIENTED_EDGE('',*,*,#6323,.T.);
#3816=ORIENTED_EDGE('',*,*,#6317,.T.);
#3817=ORIENTED_EDGE('',*,*,#6327,.F.);
#3818=ORIENTED_EDGE('',*,*,#6328,.F.);
#3819=ORIENTED_EDGE('',*,*,#6325,.T.);
#3820=ORIENTED_EDGE('',*,*,#6316,.T.);
#3821=ORIENTED_EDGE('',*,*,#6329,.F.);
#3822=ORIENTED_EDGE('',*,*,#6330,.F.);
#3823=ORIENTED_EDGE('',*,*,#6327,.T.);
#3824=ORIENTED_EDGE('',*,*,#6315,.T.);
#3825=ORIENTED_EDGE('',*,*,#6322,.F.);
#3826=ORIENTED_EDGE('',*,*,#6331,.F.);
#3827=ORIENTED_EDGE('',*,*,#6329,.T.);
#3828=ORIENTED_EDGE('',*,*,#6321,.T.);
#3829=ORIENTED_EDGE('',*,*,#6324,.T.);
#3830=ORIENTED_EDGE('',*,*,#6326,.T.);
#3831=ORIENTED_EDGE('',*,*,#6328,.T.);
#3832=ORIENTED_EDGE('',*,*,#6330,.T.);
#3833=ORIENTED_EDGE('',*,*,#6331,.T.);
#3834=ORIENTED_EDGE('',*,*,#6307,.T.);
#3835=ORIENTED_EDGE('',*,*,#6332,.F.);
#3836=ORIENTED_EDGE('',*,*,#6333,.F.);
#3837=ORIENTED_EDGE('',*,*,#6334,.T.);
#3838=ORIENTED_EDGE('',*,*,#6312,.T.);
#3839=ORIENTED_EDGE('',*,*,#6335,.F.);
#3840=ORIENTED_EDGE('',*,*,#6336,.F.);
#3841=ORIENTED_EDGE('',*,*,#6332,.T.);
#3842=ORIENTED_EDGE('',*,*,#6311,.T.);
#3843=ORIENTED_EDGE('',*,*,#6337,.F.);
#3844=ORIENTED_EDGE('',*,*,#6338,.F.);
#3845=ORIENTED_EDGE('',*,*,#6335,.T.);
#3846=ORIENTED_EDGE('',*,*,#6310,.T.);
#3847=ORIENTED_EDGE('',*,*,#6339,.F.);
#3848=ORIENTED_EDGE('',*,*,#6340,.F.);
#3849=ORIENTED_EDGE('',*,*,#6337,.T.);
#3850=ORIENTED_EDGE('',*,*,#6309,.T.);
#3851=ORIENTED_EDGE('',*,*,#6341,.F.);
#3852=ORIENTED_EDGE('',*,*,#6342,.F.);
#3853=ORIENTED_EDGE('',*,*,#6339,.T.);
#3854=ORIENTED_EDGE('',*,*,#6308,.T.);
#3855=ORIENTED_EDGE('',*,*,#6334,.F.);
#3856=ORIENTED_EDGE('',*,*,#6343,.F.);
#3857=ORIENTED_EDGE('',*,*,#6341,.T.);
#3858=ORIENTED_EDGE('',*,*,#6333,.T.);
#3859=ORIENTED_EDGE('',*,*,#6336,.T.);
#3860=ORIENTED_EDGE('',*,*,#6338,.T.);
#3861=ORIENTED_EDGE('',*,*,#6340,.T.);
#3862=ORIENTED_EDGE('',*,*,#6342,.T.);
#3863=ORIENTED_EDGE('',*,*,#6343,.T.);
#3864=ORIENTED_EDGE('',*,*,#6293,.T.);
#3865=ORIENTED_EDGE('',*,*,#6344,.F.);
#3866=ORIENTED_EDGE('',*,*,#6345,.F.);
#3867=ORIENTED_EDGE('',*,*,#6346,.T.);
#3868=ORIENTED_EDGE('',*,*,#6298,.T.);
#3869=ORIENTED_EDGE('',*,*,#6347,.F.);
#3870=ORIENTED_EDGE('',*,*,#6348,.F.);
#3871=ORIENTED_EDGE('',*,*,#6344,.T.);
#3872=ORIENTED_EDGE('',*,*,#6297,.T.);
#3873=ORIENTED_EDGE('',*,*,#6349,.F.);
#3874=ORIENTED_EDGE('',*,*,#6350,.F.);
#3875=ORIENTED_EDGE('',*,*,#6347,.T.);
#3876=ORIENTED_EDGE('',*,*,#6296,.T.);
#3877=ORIENTED_EDGE('',*,*,#6351,.F.);
#3878=ORIENTED_EDGE('',*,*,#6352,.F.);
#3879=ORIENTED_EDGE('',*,*,#6349,.T.);
#3880=ORIENTED_EDGE('',*,*,#6295,.T.);
#3881=ORIENTED_EDGE('',*,*,#6353,.F.);
#3882=ORIENTED_EDGE('',*,*,#6354,.F.);
#3883=ORIENTED_EDGE('',*,*,#6351,.T.);
#3884=ORIENTED_EDGE('',*,*,#6294,.T.);
#3885=ORIENTED_EDGE('',*,*,#6346,.F.);
#3886=ORIENTED_EDGE('',*,*,#6355,.F.);
#3887=ORIENTED_EDGE('',*,*,#6353,.T.);
#3888=ORIENTED_EDGE('',*,*,#6345,.T.);
#3889=ORIENTED_EDGE('',*,*,#6348,.T.);
#3890=ORIENTED_EDGE('',*,*,#6350,.T.);
#3891=ORIENTED_EDGE('',*,*,#6352,.T.);
#3892=ORIENTED_EDGE('',*,*,#6354,.T.);
#3893=ORIENTED_EDGE('',*,*,#6355,.T.);
#3894=ORIENTED_EDGE('',*,*,#6300,.T.);
#3895=ORIENTED_EDGE('',*,*,#6356,.F.);
#3896=ORIENTED_EDGE('',*,*,#6357,.F.);
#3897=ORIENTED_EDGE('',*,*,#6358,.T.);
#3898=ORIENTED_EDGE('',*,*,#6305,.T.);
#3899=ORIENTED_EDGE('',*,*,#6359,.F.);
#3900=ORIENTED_EDGE('',*,*,#6360,.F.);
#3901=ORIENTED_EDGE('',*,*,#6356,.T.);
#3902=ORIENTED_EDGE('',*,*,#6304,.T.);
#3903=ORIENTED_EDGE('',*,*,#6361,.F.);
#3904=ORIENTED_EDGE('',*,*,#6362,.F.);
#3905=ORIENTED_EDGE('',*,*,#6359,.T.);
#3906=ORIENTED_EDGE('',*,*,#6303,.T.);
#3907=ORIENTED_EDGE('',*,*,#6363,.F.);
#3908=ORIENTED_EDGE('',*,*,#6364,.F.);
#3909=ORIENTED_EDGE('',*,*,#6361,.T.);
#3910=ORIENTED_EDGE('',*,*,#6302,.T.);
#3911=ORIENTED_EDGE('',*,*,#6365,.F.);
#3912=ORIENTED_EDGE('',*,*,#6366,.F.);
#3913=ORIENTED_EDGE('',*,*,#6363,.T.);
#3914=ORIENTED_EDGE('',*,*,#6301,.T.);
#3915=ORIENTED_EDGE('',*,*,#6358,.F.);
#3916=ORIENTED_EDGE('',*,*,#6367,.F.);
#3917=ORIENTED_EDGE('',*,*,#6365,.T.);
#3918=ORIENTED_EDGE('',*,*,#6357,.T.);
#3919=ORIENTED_EDGE('',*,*,#6360,.T.);
#3920=ORIENTED_EDGE('',*,*,#6362,.T.);
#3921=ORIENTED_EDGE('',*,*,#6364,.T.);
#3922=ORIENTED_EDGE('',*,*,#6366,.T.);
#3923=ORIENTED_EDGE('',*,*,#6367,.T.);
#3924=ORIENTED_EDGE('',*,*,#6368,.F.);
#3925=ORIENTED_EDGE('',*,*,#6369,.F.);
#3926=ORIENTED_EDGE('',*,*,#6370,.F.);
#3927=ORIENTED_EDGE('',*,*,#6371,.F.);
#3928=ORIENTED_EDGE('',*,*,#6372,.F.);
#3929=ORIENTED_EDGE('',*,*,#6373,.F.);
#3930=ORIENTED_EDGE('',*,*,#6374,.F.);
#3931=ORIENTED_EDGE('',*,*,#6242,.F.);
#3932=ORIENTED_EDGE('',*,*,#6368,.T.);
#3933=ORIENTED_EDGE('',*,*,#6375,.F.);
#3934=ORIENTED_EDGE('',*,*,#6376,.F.);
#3935=ORIENTED_EDGE('',*,*,#6369,.T.);
#3936=ORIENTED_EDGE('',*,*,#6377,.T.);
#3937=ORIENTED_EDGE('',*,*,#6378,.F.);
#3938=ORIENTED_EDGE('',*,*,#6379,.F.);
#3939=ORIENTED_EDGE('',*,*,#6370,.T.);
#3940=ORIENTED_EDGE('',*,*,#6376,.T.);
#3941=ORIENTED_EDGE('',*,*,#6380,.F.);
#3942=ORIENTED_EDGE('',*,*,#6381,.F.);
#3943=ORIENTED_EDGE('',*,*,#6371,.T.);
#3944=ORIENTED_EDGE('',*,*,#6379,.T.);
#3945=ORIENTED_EDGE('',*,*,#6382,.F.);
#3946=ORIENTED_EDGE('',*,*,#6383,.F.);
#3947=ORIENTED_EDGE('',*,*,#6372,.T.);
#3948=ORIENTED_EDGE('',*,*,#6381,.T.);
#3949=ORIENTED_EDGE('',*,*,#6384,.F.);
#3950=ORIENTED_EDGE('',*,*,#6385,.F.);
#3951=ORIENTED_EDGE('',*,*,#6373,.T.);
#3952=ORIENTED_EDGE('',*,*,#6383,.T.);
#3953=ORIENTED_EDGE('',*,*,#6386,.F.);
#3954=ORIENTED_EDGE('',*,*,#6377,.F.);
#3955=ORIENTED_EDGE('',*,*,#6374,.T.);
#3956=ORIENTED_EDGE('',*,*,#6385,.T.);
#3957=ORIENTED_EDGE('',*,*,#6382,.T.);
#3958=ORIENTED_EDGE('',*,*,#6380,.T.);
#3959=ORIENTED_EDGE('',*,*,#6378,.T.);
#3960=ORIENTED_EDGE('',*,*,#6375,.T.);
#3961=ORIENTED_EDGE('',*,*,#6386,.T.);
#3962=ORIENTED_EDGE('',*,*,#6384,.T.);
#3963=ORIENTED_EDGE('',*,*,#6387,.F.);
#3964=ORIENTED_EDGE('',*,*,#6249,.F.);
#3965=ORIENTED_EDGE('',*,*,#6387,.T.);
#3966=ORIENTED_EDGE('',*,*,#6388,.F.);
#3967=ORIENTED_EDGE('',*,*,#6389,.F.);
#3968=ORIENTED_EDGE('',*,*,#6390,.F.);
#3969=ORIENTED_EDGE('',*,*,#6391,.F.);
#3970=ORIENTED_EDGE('',*,*,#6392,.F.);
#3971=ORIENTED_EDGE('',*,*,#6393,.F.);
#3972=ORIENTED_EDGE('',*,*,#6394,.F.);
#3973=ORIENTED_EDGE('',*,*,#6395,.F.);
#3974=ORIENTED_EDGE('',*,*,#6388,.T.);
#3975=ORIENTED_EDGE('',*,*,#6396,.T.);
#3976=ORIENTED_EDGE('',*,*,#6397,.F.);
#3977=ORIENTED_EDGE('',*,*,#6398,.F.);
#3978=ORIENTED_EDGE('',*,*,#6389,.T.);
#3979=ORIENTED_EDGE('',*,*,#6395,.T.);
#3980=ORIENTED_EDGE('',*,*,#6399,.F.);
#3981=ORIENTED_EDGE('',*,*,#6400,.F.);
#3982=ORIENTED_EDGE('',*,*,#6390,.T.);
#3983=ORIENTED_EDGE('',*,*,#6398,.T.);
#3984=ORIENTED_EDGE('',*,*,#6401,.T.);
#3985=ORIENTED_EDGE('',*,*,#6402,.F.);
#3986=ORIENTED_EDGE('',*,*,#6391,.T.);
#3987=ORIENTED_EDGE('',*,*,#6400,.T.);
#3988=ORIENTED_EDGE('',*,*,#6403,.F.);
#3989=ORIENTED_EDGE('',*,*,#6404,.F.);
#3990=ORIENTED_EDGE('',*,*,#6392,.T.);
#3991=ORIENTED_EDGE('',*,*,#6402,.T.);
#3992=ORIENTED_EDGE('',*,*,#6405,.F.);
#3993=ORIENTED_EDGE('',*,*,#6396,.F.);
#3994=ORIENTED_EDGE('',*,*,#6393,.T.);
#3995=ORIENTED_EDGE('',*,*,#6404,.T.);
#3996=ORIENTED_EDGE('',*,*,#6394,.T.);
#3997=ORIENTED_EDGE('',*,*,#6405,.T.);
#3998=ORIENTED_EDGE('',*,*,#6403,.T.);
#3999=ORIENTED_EDGE('',*,*,#6401,.F.);
#4000=ORIENTED_EDGE('',*,*,#6399,.T.);
#4001=ORIENTED_EDGE('',*,*,#6397,.T.);
#4002=ORIENTED_EDGE('',*,*,#5959,.F.);
#4003=ORIENTED_EDGE('',*,*,#6243,.T.);
#4004=ORIENTED_EDGE('',*,*,#6406,.T.);
#4005=ORIENTED_EDGE('',*,*,#6407,.T.);
#4006=ORIENTED_EDGE('',*,*,#6247,.F.);
#4007=ORIENTED_EDGE('',*,*,#5961,.T.);
#4008=ORIENTED_EDGE('',*,*,#6408,.F.);
#4009=ORIENTED_EDGE('',*,*,#6409,.F.);
#4010=ORIENTED_EDGE('',*,*,#6248,.F.);
#4011=ORIENTED_EDGE('',*,*,#6409,.T.);
#4012=ORIENTED_EDGE('',*,*,#6410,.F.);
#4013=ORIENTED_EDGE('',*,*,#6406,.F.);
#4014=ORIENTED_EDGE('',*,*,#6408,.T.);
#4015=ORIENTED_EDGE('',*,*,#5960,.T.);
#4016=ORIENTED_EDGE('',*,*,#6407,.F.);
#4017=ORIENTED_EDGE('',*,*,#6410,.T.);
#4018=ORIENTED_EDGE('',*,*,#6411,.F.);
#4019=ORIENTED_EDGE('',*,*,#5954,.T.);
#4020=ORIENTED_EDGE('',*,*,#6412,.T.);
#4021=ORIENTED_EDGE('',*,*,#6413,.F.);
#4022=ORIENTED_EDGE('',*,*,#6237,.F.);
#4023=ORIENTED_EDGE('',*,*,#6414,.F.);
#4024=ORIENTED_EDGE('',*,*,#6413,.T.);
#4025=ORIENTED_EDGE('',*,*,#6415,.T.);
#4026=ORIENTED_EDGE('',*,*,#5955,.F.);
#4027=ORIENTED_EDGE('',*,*,#6411,.T.);
#4028=ORIENTED_EDGE('',*,*,#6414,.T.);
#4029=ORIENTED_EDGE('',*,*,#6236,.T.);
#4030=ORIENTED_EDGE('',*,*,#6412,.F.);
#4031=ORIENTED_EDGE('',*,*,#5965,.T.);
#4032=ORIENTED_EDGE('',*,*,#6238,.F.);
#4033=ORIENTED_EDGE('',*,*,#6415,.F.);
#4034=ORIENTED_EDGE('',*,*,#5985,.T.);
#4035=ORIENTED_EDGE('',*,*,#5968,.T.);
#4036=ORIENTED_EDGE('',*,*,#5982,.F.);
#4037=ORIENTED_EDGE('',*,*,#6416,.T.);
#4038=ORIENTED_EDGE('',*,*,#6417,.F.);
#4039=ORIENTED_EDGE('',*,*,#5974,.T.);
#4040=ORIENTED_EDGE('',*,*,#6418,.T.);
#4041=ORIENTED_EDGE('',*,*,#6419,.F.);
#4042=ORIENTED_EDGE('',*,*,#6420,.T.);
#4043=ORIENTED_EDGE('',*,*,#6421,.F.);
#4044=ORIENTED_EDGE('',*,*,#6422,.F.);
#4045=ORIENTED_EDGE('',*,*,#6419,.T.);
#4046=ORIENTED_EDGE('',*,*,#5986,.T.);
#4047=ORIENTED_EDGE('',*,*,#6416,.F.);
#4048=ORIENTED_EDGE('',*,*,#5981,.F.);
#4049=ORIENTED_EDGE('',*,*,#6423,.T.);
#4050=ORIENTED_EDGE('',*,*,#6424,.T.);
#4051=ORIENTED_EDGE('',*,*,#6425,.T.);
#4052=ORIENTED_EDGE('',*,*,#6426,.T.);
#4053=ORIENTED_EDGE('',*,*,#5975,.F.);
#4054=ORIENTED_EDGE('',*,*,#6417,.T.);
#4055=ORIENTED_EDGE('',*,*,#6422,.T.);
#4056=ORIENTED_EDGE('',*,*,#6427,.F.);
#4057=ORIENTED_EDGE('',*,*,#6428,.F.);
#4058=ORIENTED_EDGE('',*,*,#6420,.F.);
#4059=ORIENTED_EDGE('',*,*,#6418,.F.);
#4060=ORIENTED_EDGE('',*,*,#5973,.T.);
#4061=ORIENTED_EDGE('',*,*,#6429,.F.);
#4062=ORIENTED_EDGE('',*,*,#6429,.T.);
#4063=ORIENTED_EDGE('',*,*,#5972,.T.);
#4064=ORIENTED_EDGE('',*,*,#6430,.T.);
#4065=ORIENTED_EDGE('',*,*,#6431,.F.);
#4066=ORIENTED_EDGE('',*,*,#6432,.T.);
#4067=ORIENTED_EDGE('',*,*,#5970,.T.);
#4068=ORIENTED_EDGE('',*,*,#5984,.T.);
#4069=ORIENTED_EDGE('',*,*,#6433,.T.);
#4070=ORIENTED_EDGE('',*,*,#6433,.F.);
#4071=ORIENTED_EDGE('',*,*,#5983,.T.);
#4072=ORIENTED_EDGE('',*,*,#6434,.T.);
#4073=ORIENTED_EDGE('',*,*,#6435,.T.);
#4074=ORIENTED_EDGE('',*,*,#6436,.F.);
#4075=ORIENTED_EDGE('',*,*,#6427,.T.);
#4076=ORIENTED_EDGE('',*,*,#6431,.T.);
#4077=ORIENTED_EDGE('',*,*,#6437,.T.);
#4078=ORIENTED_EDGE('',*,*,#6430,.F.);
#4079=ORIENTED_EDGE('',*,*,#5971,.T.);
#4080=ORIENTED_EDGE('',*,*,#6432,.F.);
#4081=ORIENTED_EDGE('',*,*,#6435,.F.);
#4082=ORIENTED_EDGE('',*,*,#6438,.F.);
#4083=ORIENTED_EDGE('',*,*,#6437,.F.);
#4084=ORIENTED_EDGE('',*,*,#5978,.F.);
#4085=ORIENTED_EDGE('',*,*,#5966,.T.);
#4086=ORIENTED_EDGE('',*,*,#6439,.F.);
#4087=ORIENTED_EDGE('',*,*,#6440,.T.);
#4088=ORIENTED_EDGE('',*,*,#6441,.F.);
#4089=ORIENTED_EDGE('',*,*,#5976,.T.);
#4090=ORIENTED_EDGE('',*,*,#6426,.F.);
#4091=ORIENTED_EDGE('',*,*,#6442,.F.);
#4092=ORIENTED_EDGE('',*,*,#6425,.F.);
#4093=ORIENTED_EDGE('',*,*,#6443,.F.);
#4094=ORIENTED_EDGE('',*,*,#6444,.F.);
#4095=ORIENTED_EDGE('',*,*,#6442,.T.);
#4096=ORIENTED_EDGE('',*,*,#5979,.F.);
#4097=ORIENTED_EDGE('',*,*,#6440,.F.);
#4098=ORIENTED_EDGE('',*,*,#6445,.F.);
#4099=ORIENTED_EDGE('',*,*,#6446,.T.);
#4100=ORIENTED_EDGE('',*,*,#5977,.F.);
#4101=ORIENTED_EDGE('',*,*,#6441,.T.);
#4102=ORIENTED_EDGE('',*,*,#6444,.T.);
#4103=ORIENTED_EDGE('',*,*,#6447,.T.);
#4104=ORIENTED_EDGE('',*,*,#6445,.T.);
#4105=ORIENTED_EDGE('',*,*,#6439,.T.);
#4106=ORIENTED_EDGE('',*,*,#6448,.T.);
#4107=ORIENTED_EDGE('',*,*,#6449,.T.);
#4108=ORIENTED_EDGE('',*,*,#6450,.T.);
#4109=ORIENTED_EDGE('',*,*,#6451,.F.);
#4110=ORIENTED_EDGE('',*,*,#6452,.T.);
#4111=ORIENTED_EDGE('',*,*,#6453,.F.);
#4112=ORIENTED_EDGE('',*,*,#6454,.T.);
#4113=ORIENTED_EDGE('',*,*,#6455,.T.);
#4114=ORIENTED_EDGE('',*,*,#6456,.T.);
#4115=ORIENTED_EDGE('',*,*,#6457,.T.);
#4116=ORIENTED_EDGE('',*,*,#6458,.T.);
#4117=ORIENTED_EDGE('',*,*,#6459,.T.);
#4118=ORIENTED_EDGE('',*,*,#6460,.T.);
#4119=ORIENTED_EDGE('',*,*,#6461,.T.);
#4120=ORIENTED_EDGE('',*,*,#6462,.T.);
#4121=ORIENTED_EDGE('',*,*,#6463,.F.);
#4122=ORIENTED_EDGE('',*,*,#6464,.T.);
#4123=ORIENTED_EDGE('',*,*,#6465,.F.);
#4124=ORIENTED_EDGE('',*,*,#6466,.T.);
#4125=ORIENTED_EDGE('',*,*,#6467,.T.);
#4126=ORIENTED_EDGE('',*,*,#6468,.T.);
#4127=ORIENTED_EDGE('',*,*,#6469,.T.);
#4128=ORIENTED_EDGE('',*,*,#6470,.T.);
#4129=ORIENTED_EDGE('',*,*,#6471,.T.);
#4130=ORIENTED_EDGE('',*,*,#6472,.F.);
#4131=ORIENTED_EDGE('',*,*,#6473,.F.);
#4132=ORIENTED_EDGE('',*,*,#6474,.F.);
#4133=ORIENTED_EDGE('',*,*,#6475,.F.);
#4134=ORIENTED_EDGE('',*,*,#6476,.F.);
#4135=ORIENTED_EDGE('',*,*,#6477,.F.);
#4136=ORIENTED_EDGE('',*,*,#6478,.F.);
#4137=ORIENTED_EDGE('',*,*,#6479,.F.);
#4138=ORIENTED_EDGE('',*,*,#6480,.F.);
#4139=ORIENTED_EDGE('',*,*,#6481,.F.);
#4140=ORIENTED_EDGE('',*,*,#6482,.F.);
#4141=ORIENTED_EDGE('',*,*,#6483,.F.);
#4142=ORIENTED_EDGE('',*,*,#6484,.F.);
#4143=ORIENTED_EDGE('',*,*,#6485,.F.);
#4144=ORIENTED_EDGE('',*,*,#6486,.F.);
#4145=ORIENTED_EDGE('',*,*,#6487,.F.);
#4146=ORIENTED_EDGE('',*,*,#6488,.F.);
#4147=ORIENTED_EDGE('',*,*,#6489,.F.);
#4148=ORIENTED_EDGE('',*,*,#6490,.F.);
#4149=ORIENTED_EDGE('',*,*,#6491,.F.);
#4150=ORIENTED_EDGE('',*,*,#6492,.F.);
#4151=ORIENTED_EDGE('',*,*,#6493,.F.);
#4152=ORIENTED_EDGE('',*,*,#6494,.F.);
#4153=ORIENTED_EDGE('',*,*,#6495,.F.);
#4154=ORIENTED_EDGE('',*,*,#6438,.T.);
#4155=ORIENTED_EDGE('',*,*,#6434,.F.);
#4156=ORIENTED_EDGE('',*,*,#5987,.T.);
#4157=ORIENTED_EDGE('',*,*,#6423,.F.);
#4158=ORIENTED_EDGE('',*,*,#5980,.F.);
#4159=ORIENTED_EDGE('',*,*,#6446,.F.);
#4160=ORIENTED_EDGE('',*,*,#6447,.F.);
#4161=ORIENTED_EDGE('',*,*,#6443,.T.);
#4162=ORIENTED_EDGE('',*,*,#6424,.F.);
#4163=ORIENTED_EDGE('',*,*,#6421,.T.);
#4164=ORIENTED_EDGE('',*,*,#6428,.T.);
#4165=ORIENTED_EDGE('',*,*,#6436,.T.);
#4166=ORIENTED_EDGE('',*,*,#6496,.T.);
#4167=ORIENTED_EDGE('',*,*,#6497,.F.);
#4168=ORIENTED_EDGE('',*,*,#6448,.F.);
#4169=ORIENTED_EDGE('',*,*,#6498,.T.);
#4170=ORIENTED_EDGE('',*,*,#6499,.T.);
#4171=ORIENTED_EDGE('',*,*,#6500,.F.);
#4172=ORIENTED_EDGE('',*,*,#6449,.F.);
#4173=ORIENTED_EDGE('',*,*,#6497,.T.);
#4174=ORIENTED_EDGE('',*,*,#6501,.T.);
#4175=ORIENTED_EDGE('',*,*,#6502,.F.);
#4176=ORIENTED_EDGE('',*,*,#6450,.F.);
#4177=ORIENTED_EDGE('',*,*,#6500,.T.);
#4178=ORIENTED_EDGE('',*,*,#6503,.F.);
#4179=ORIENTED_EDGE('',*,*,#6504,.F.);
#4180=ORIENTED_EDGE('',*,*,#6451,.T.);
#4181=ORIENTED_EDGE('',*,*,#6502,.T.);
#4182=ORIENTED_EDGE('',*,*,#6505,.T.);
#4183=ORIENTED_EDGE('',*,*,#6506,.F.);
#4184=ORIENTED_EDGE('',*,*,#6452,.F.);
#4185=ORIENTED_EDGE('',*,*,#6504,.T.);
#4186=ORIENTED_EDGE('',*,*,#6507,.F.);
#4187=ORIENTED_EDGE('',*,*,#6508,.F.);
#4188=ORIENTED_EDGE('',*,*,#6453,.T.);
#4189=ORIENTED_EDGE('',*,*,#6506,.T.);
#4190=ORIENTED_EDGE('',*,*,#6509,.T.);
#4191=ORIENTED_EDGE('',*,*,#6510,.F.);
#4192=ORIENTED_EDGE('',*,*,#6454,.F.);
#4193=ORIENTED_EDGE('',*,*,#6508,.T.);
#4194=ORIENTED_EDGE('',*,*,#6511,.T.);
#4195=ORIENTED_EDGE('',*,*,#6512,.F.);
#4196=ORIENTED_EDGE('',*,*,#6455,.F.);
#4197=ORIENTED_EDGE('',*,*,#6510,.T.);
#4198=ORIENTED_EDGE('',*,*,#6513,.T.);
#4199=ORIENTED_EDGE('',*,*,#6514,.F.);
#4200=ORIENTED_EDGE('',*,*,#6456,.F.);
#4201=ORIENTED_EDGE('',*,*,#6512,.T.);
#4202=ORIENTED_EDGE('',*,*,#6515,.T.);
#4203=ORIENTED_EDGE('',*,*,#6516,.F.);
#4204=ORIENTED_EDGE('',*,*,#6457,.F.);
#4205=ORIENTED_EDGE('',*,*,#6514,.T.);
#4206=ORIENTED_EDGE('',*,*,#6517,.T.);
#4207=ORIENTED_EDGE('',*,*,#6518,.F.);
#4208=ORIENTED_EDGE('',*,*,#6458,.F.);
#4209=ORIENTED_EDGE('',*,*,#6516,.T.);
#4210=ORIENTED_EDGE('',*,*,#6519,.T.);
#4211=ORIENTED_EDGE('',*,*,#6520,.F.);
#4212=ORIENTED_EDGE('',*,*,#6459,.F.);
#4213=ORIENTED_EDGE('',*,*,#6518,.T.);
#4214=ORIENTED_EDGE('',*,*,#6521,.T.);
#4215=ORIENTED_EDGE('',*,*,#6522,.F.);
#4216=ORIENTED_EDGE('',*,*,#6460,.F.);
#4217=ORIENTED_EDGE('',*,*,#6520,.T.);
#4218=ORIENTED_EDGE('',*,*,#6523,.T.);
#4219=ORIENTED_EDGE('',*,*,#6524,.F.);
#4220=ORIENTED_EDGE('',*,*,#6461,.F.);
#4221=ORIENTED_EDGE('',*,*,#6522,.T.);
#4222=ORIENTED_EDGE('',*,*,#6525,.T.);
#4223=ORIENTED_EDGE('',*,*,#6526,.F.);
#4224=ORIENTED_EDGE('',*,*,#6462,.F.);
#4225=ORIENTED_EDGE('',*,*,#6524,.T.);
#4226=ORIENTED_EDGE('',*,*,#6527,.F.);
#4227=ORIENTED_EDGE('',*,*,#6528,.F.);
#4228=ORIENTED_EDGE('',*,*,#6463,.T.);
#4229=ORIENTED_EDGE('',*,*,#6526,.T.);
#4230=ORIENTED_EDGE('',*,*,#6529,.T.);
#4231=ORIENTED_EDGE('',*,*,#6530,.F.);
#4232=ORIENTED_EDGE('',*,*,#6464,.F.);
#4233=ORIENTED_EDGE('',*,*,#6528,.T.);
#4234=ORIENTED_EDGE('',*,*,#6531,.F.);
#4235=ORIENTED_EDGE('',*,*,#6532,.F.);
#4236=ORIENTED_EDGE('',*,*,#6465,.T.);
#4237=ORIENTED_EDGE('',*,*,#6530,.T.);
#4238=ORIENTED_EDGE('',*,*,#6533,.T.);
#4239=ORIENTED_EDGE('',*,*,#6534,.F.);
#4240=ORIENTED_EDGE('',*,*,#6466,.F.);
#4241=ORIENTED_EDGE('',*,*,#6532,.T.);
#4242=ORIENTED_EDGE('',*,*,#6535,.T.);
#4243=ORIENTED_EDGE('',*,*,#6536,.F.);
#4244=ORIENTED_EDGE('',*,*,#6467,.F.);
#4245=ORIENTED_EDGE('',*,*,#6534,.T.);
#4246=ORIENTED_EDGE('',*,*,#6537,.T.);
#4247=ORIENTED_EDGE('',*,*,#6538,.F.);
#4248=ORIENTED_EDGE('',*,*,#6468,.F.);
#4249=ORIENTED_EDGE('',*,*,#6536,.T.);
#4250=ORIENTED_EDGE('',*,*,#6539,.T.);
#4251=ORIENTED_EDGE('',*,*,#6540,.F.);
#4252=ORIENTED_EDGE('',*,*,#6469,.F.);
#4253=ORIENTED_EDGE('',*,*,#6538,.T.);
#4254=ORIENTED_EDGE('',*,*,#6541,.T.);
#4255=ORIENTED_EDGE('',*,*,#6542,.F.);
#4256=ORIENTED_EDGE('',*,*,#6470,.F.);
#4257=ORIENTED_EDGE('',*,*,#6540,.T.);
#4258=ORIENTED_EDGE('',*,*,#6543,.F.);
#4259=ORIENTED_EDGE('',*,*,#6544,.F.);
#4260=ORIENTED_EDGE('',*,*,#6472,.T.);
#4261=ORIENTED_EDGE('',*,*,#6545,.T.);
#4262=ORIENTED_EDGE('',*,*,#6546,.F.);
#4263=ORIENTED_EDGE('',*,*,#6547,.F.);
#4264=ORIENTED_EDGE('',*,*,#6473,.T.);
#4265=ORIENTED_EDGE('',*,*,#6544,.T.);
#4266=ORIENTED_EDGE('',*,*,#6548,.F.);
#4267=ORIENTED_EDGE('',*,*,#6549,.F.);
#4268=ORIENTED_EDGE('',*,*,#6474,.T.);
#4269=ORIENTED_EDGE('',*,*,#6547,.T.);
#4270=ORIENTED_EDGE('',*,*,#6550,.F.);
#4271=ORIENTED_EDGE('',*,*,#6551,.F.);
#4272=ORIENTED_EDGE('',*,*,#6476,.T.);
#4273=ORIENTED_EDGE('',*,*,#6552,.T.);
#4274=ORIENTED_EDGE('',*,*,#6553,.F.);
#4275=ORIENTED_EDGE('',*,*,#6554,.F.);
#4276=ORIENTED_EDGE('',*,*,#6477,.T.);
#4277=ORIENTED_EDGE('',*,*,#6551,.T.);
#4278=ORIENTED_EDGE('',*,*,#6555,.F.);
#4279=ORIENTED_EDGE('',*,*,#6556,.F.);
#4280=ORIENTED_EDGE('',*,*,#6478,.T.);
#4281=ORIENTED_EDGE('',*,*,#6554,.T.);
#4282=ORIENTED_EDGE('',*,*,#6557,.F.);
#4283=ORIENTED_EDGE('',*,*,#6558,.F.);
#4284=ORIENTED_EDGE('',*,*,#6480,.T.);
#4285=ORIENTED_EDGE('',*,*,#6559,.T.);
#4286=ORIENTED_EDGE('',*,*,#6560,.F.);
#4287=ORIENTED_EDGE('',*,*,#6561,.F.);
#4288=ORIENTED_EDGE('',*,*,#6481,.T.);
#4289=ORIENTED_EDGE('',*,*,#6558,.T.);
#4290=ORIENTED_EDGE('',*,*,#6562,.F.);
#4291=ORIENTED_EDGE('',*,*,#6563,.F.);
#4292=ORIENTED_EDGE('',*,*,#6482,.T.);
#4293=ORIENTED_EDGE('',*,*,#6561,.T.);
#4294=ORIENTED_EDGE('',*,*,#6564,.F.);
#4295=ORIENTED_EDGE('',*,*,#6565,.F.);
#4296=ORIENTED_EDGE('',*,*,#6484,.T.);
#4297=ORIENTED_EDGE('',*,*,#6566,.T.);
#4298=ORIENTED_EDGE('',*,*,#6567,.F.);
#4299=ORIENTED_EDGE('',*,*,#6568,.F.);
#4300=ORIENTED_EDGE('',*,*,#6485,.T.);
#4301=ORIENTED_EDGE('',*,*,#6565,.T.);
#4302=ORIENTED_EDGE('',*,*,#6569,.F.);
#4303=ORIENTED_EDGE('',*,*,#6570,.F.);
#4304=ORIENTED_EDGE('',*,*,#6486,.T.);
#4305=ORIENTED_EDGE('',*,*,#6568,.T.);
#4306=ORIENTED_EDGE('',*,*,#6571,.F.);
#4307=ORIENTED_EDGE('',*,*,#6572,.F.);
#4308=ORIENTED_EDGE('',*,*,#6488,.T.);
#4309=ORIENTED_EDGE('',*,*,#6573,.T.);
#4310=ORIENTED_EDGE('',*,*,#6574,.F.);
#4311=ORIENTED_EDGE('',*,*,#6575,.F.);
#4312=ORIENTED_EDGE('',*,*,#6489,.T.);
#4313=ORIENTED_EDGE('',*,*,#6572,.T.);
#4314=ORIENTED_EDGE('',*,*,#6576,.F.);
#4315=ORIENTED_EDGE('',*,*,#6577,.F.);
#4316=ORIENTED_EDGE('',*,*,#6490,.T.);
#4317=ORIENTED_EDGE('',*,*,#6575,.T.);
#4318=ORIENTED_EDGE('',*,*,#6578,.F.);
#4319=ORIENTED_EDGE('',*,*,#6579,.F.);
#4320=ORIENTED_EDGE('',*,*,#6492,.T.);
#4321=ORIENTED_EDGE('',*,*,#6580,.T.);
#4322=ORIENTED_EDGE('',*,*,#6581,.F.);
#4323=ORIENTED_EDGE('',*,*,#6582,.F.);
#4324=ORIENTED_EDGE('',*,*,#6493,.T.);
#4325=ORIENTED_EDGE('',*,*,#6579,.T.);
#4326=ORIENTED_EDGE('',*,*,#6583,.F.);
#4327=ORIENTED_EDGE('',*,*,#6584,.F.);
#4328=ORIENTED_EDGE('',*,*,#6494,.T.);
#4329=ORIENTED_EDGE('',*,*,#6582,.T.);
#4330=ORIENTED_EDGE('',*,*,#6585,.F.);
#4331=ORIENTED_EDGE('',*,*,#6545,.F.);
#4332=ORIENTED_EDGE('',*,*,#6475,.T.);
#4333=ORIENTED_EDGE('',*,*,#6549,.T.);
#4334=ORIENTED_EDGE('',*,*,#6586,.F.);
#4335=ORIENTED_EDGE('',*,*,#6552,.F.);
#4336=ORIENTED_EDGE('',*,*,#6479,.T.);
#4337=ORIENTED_EDGE('',*,*,#6556,.T.);
#4338=ORIENTED_EDGE('',*,*,#6587,.F.);
#4339=ORIENTED_EDGE('',*,*,#6559,.F.);
#4340=ORIENTED_EDGE('',*,*,#6483,.T.);
#4341=ORIENTED_EDGE('',*,*,#6563,.T.);
#4342=ORIENTED_EDGE('',*,*,#6588,.F.);
#4343=ORIENTED_EDGE('',*,*,#6566,.F.);
#4344=ORIENTED_EDGE('',*,*,#6487,.T.);
#4345=ORIENTED_EDGE('',*,*,#6570,.T.);
#4346=ORIENTED_EDGE('',*,*,#6589,.F.);
#4347=ORIENTED_EDGE('',*,*,#6573,.F.);
#4348=ORIENTED_EDGE('',*,*,#6491,.T.);
#4349=ORIENTED_EDGE('',*,*,#6577,.T.);
#4350=ORIENTED_EDGE('',*,*,#6590,.F.);
#4351=ORIENTED_EDGE('',*,*,#6580,.F.);
#4352=ORIENTED_EDGE('',*,*,#6495,.T.);
#4353=ORIENTED_EDGE('',*,*,#6584,.T.);
#4354=ORIENTED_EDGE('',*,*,#6591,.T.);
#4355=ORIENTED_EDGE('',*,*,#6498,.F.);
#4356=ORIENTED_EDGE('',*,*,#6471,.F.);
#4357=ORIENTED_EDGE('',*,*,#6542,.T.);
#4358=ORIENTED_EDGE('',*,*,#6578,.T.);
#4359=ORIENTED_EDGE('',*,*,#6590,.T.);
#4360=ORIENTED_EDGE('',*,*,#6583,.T.);
#4361=ORIENTED_EDGE('',*,*,#6581,.T.);
#4362=ORIENTED_EDGE('',*,*,#6571,.T.);
#4363=ORIENTED_EDGE('',*,*,#6589,.T.);
#4364=ORIENTED_EDGE('',*,*,#6576,.T.);
#4365=ORIENTED_EDGE('',*,*,#6574,.T.);
#4366=ORIENTED_EDGE('',*,*,#6564,.T.);
#4367=ORIENTED_EDGE('',*,*,#6588,.T.);
#4368=ORIENTED_EDGE('',*,*,#6569,.T.);
#4369=ORIENTED_EDGE('',*,*,#6567,.T.);
#4370=ORIENTED_EDGE('',*,*,#6557,.T.);
#4371=ORIENTED_EDGE('',*,*,#6587,.T.);
#4372=ORIENTED_EDGE('',*,*,#6562,.T.);
#4373=ORIENTED_EDGE('',*,*,#6560,.T.);
#4374=ORIENTED_EDGE('',*,*,#6550,.T.);
#4375=ORIENTED_EDGE('',*,*,#6586,.T.);
#4376=ORIENTED_EDGE('',*,*,#6555,.T.);
#4377=ORIENTED_EDGE('',*,*,#6553,.T.);
#4378=ORIENTED_EDGE('',*,*,#6543,.T.);
#4379=ORIENTED_EDGE('',*,*,#6585,.T.);
#4380=ORIENTED_EDGE('',*,*,#6548,.T.);
#4381=ORIENTED_EDGE('',*,*,#6546,.T.);
#4382=ORIENTED_EDGE('',*,*,#6496,.F.);
#4383=ORIENTED_EDGE('',*,*,#6591,.F.);
#4384=ORIENTED_EDGE('',*,*,#6541,.F.);
#4385=ORIENTED_EDGE('',*,*,#6539,.F.);
#4386=ORIENTED_EDGE('',*,*,#6537,.F.);
#4387=ORIENTED_EDGE('',*,*,#6535,.F.);
#4388=ORIENTED_EDGE('',*,*,#6533,.F.);
#4389=ORIENTED_EDGE('',*,*,#6531,.T.);
#4390=ORIENTED_EDGE('',*,*,#6529,.F.);
#4391=ORIENTED_EDGE('',*,*,#6527,.T.);
#4392=ORIENTED_EDGE('',*,*,#6525,.F.);
#4393=ORIENTED_EDGE('',*,*,#6523,.F.);
#4394=ORIENTED_EDGE('',*,*,#6521,.F.);
#4395=ORIENTED_EDGE('',*,*,#6519,.F.);
#4396=ORIENTED_EDGE('',*,*,#6517,.F.);
#4397=ORIENTED_EDGE('',*,*,#6515,.F.);
#4398=ORIENTED_EDGE('',*,*,#6513,.F.);
#4399=ORIENTED_EDGE('',*,*,#6511,.F.);
#4400=ORIENTED_EDGE('',*,*,#6509,.F.);
#4401=ORIENTED_EDGE('',*,*,#6507,.T.);
#4402=ORIENTED_EDGE('',*,*,#6505,.F.);
#4403=ORIENTED_EDGE('',*,*,#6503,.T.);
#4404=ORIENTED_EDGE('',*,*,#6501,.F.);
#4405=ORIENTED_EDGE('',*,*,#6499,.F.);
#4406=ORIENTED_EDGE('',*,*,#6592,.T.);
#4407=ORIENTED_EDGE('',*,*,#6593,.T.);
#4408=ORIENTED_EDGE('',*,*,#6592,.F.);
#4409=ORIENTED_EDGE('',*,*,#6083,.T.);
#4410=ORIENTED_EDGE('',*,*,#6593,.F.);
#4411=ORIENTED_EDGE('',*,*,#6594,.T.);
#4412=ORIENTED_EDGE('',*,*,#6595,.T.);
#4413=ORIENTED_EDGE('',*,*,#6594,.F.);
#4414=ORIENTED_EDGE('',*,*,#6082,.T.);
#4415=ORIENTED_EDGE('',*,*,#6595,.F.);
#4416=ORIENTED_EDGE('',*,*,#6596,.T.);
#4417=ORIENTED_EDGE('',*,*,#6597,.T.);
#4418=ORIENTED_EDGE('',*,*,#6596,.F.);
#4419=ORIENTED_EDGE('',*,*,#6081,.T.);
#4420=ORIENTED_EDGE('',*,*,#6597,.F.);
#4421=ORIENTED_EDGE('',*,*,#6598,.T.);
#4422=ORIENTED_EDGE('',*,*,#6599,.T.);
#4423=ORIENTED_EDGE('',*,*,#6598,.F.);
#4424=ORIENTED_EDGE('',*,*,#6080,.T.);
#4425=ORIENTED_EDGE('',*,*,#6599,.F.);
#4426=ORIENTED_EDGE('',*,*,#6600,.F.);
#4427=ORIENTED_EDGE('',*,*,#5784,.T.);
#4428=ORIENTED_EDGE('',*,*,#6601,.T.);
#4429=ORIENTED_EDGE('',*,*,#6602,.T.);
#4430=ORIENTED_EDGE('',*,*,#6603,.T.);
#4431=ORIENTED_EDGE('',*,*,#6604,.T.);
#4432=ORIENTED_EDGE('',*,*,#6605,.T.);
#4433=ORIENTED_EDGE('',*,*,#6606,.T.);
#4434=ORIENTED_EDGE('',*,*,#6607,.T.);
#4435=ORIENTED_EDGE('',*,*,#5830,.T.);
#4436=ORIENTED_EDGE('',*,*,#6608,.T.);
#4437=ORIENTED_EDGE('',*,*,#6609,.T.);
#4438=ORIENTED_EDGE('',*,*,#6610,.T.);
#4439=ORIENTED_EDGE('',*,*,#5834,.T.);
#4440=ORIENTED_EDGE('',*,*,#6611,.T.);
#4441=ORIENTED_EDGE('',*,*,#6612,.T.);
#4442=ORIENTED_EDGE('',*,*,#6613,.T.);
#4443=ORIENTED_EDGE('',*,*,#5814,.T.);
#4444=ORIENTED_EDGE('',*,*,#6614,.F.);
#4445=ORIENTED_EDGE('',*,*,#5837,.T.);
#4446=ORIENTED_EDGE('',*,*,#6615,.T.);
#4447=ORIENTED_EDGE('',*,*,#6616,.T.);
#4448=ORIENTED_EDGE('',*,*,#6617,.T.);
#4449=ORIENTED_EDGE('',*,*,#5817,.T.);
#4450=ORIENTED_EDGE('',*,*,#6618,.T.);
#4451=ORIENTED_EDGE('',*,*,#6619,.T.);
#4452=ORIENTED_EDGE('',*,*,#6620,.T.);
#4453=ORIENTED_EDGE('',*,*,#5823,.T.);
#4454=ORIENTED_EDGE('',*,*,#6621,.T.);
#4455=ORIENTED_EDGE('',*,*,#6622,.T.);
#4456=ORIENTED_EDGE('',*,*,#6623,.T.);
#4457=ORIENTED_EDGE('',*,*,#5825,.T.);
#4458=ORIENTED_EDGE('',*,*,#6624,.T.);
#4459=ORIENTED_EDGE('',*,*,#6625,.F.);
#4460=ORIENTED_EDGE('',*,*,#6626,.T.);
#4461=ORIENTED_EDGE('',*,*,#6627,.F.);
#4462=ORIENTED_EDGE('',*,*,#6604,.F.);
#4463=ORIENTED_EDGE('',*,*,#6628,.F.);
#4464=ORIENTED_EDGE('',*,*,#6629,.T.);
#4465=ORIENTED_EDGE('',*,*,#6630,.F.);
#4466=ORIENTED_EDGE('',*,*,#6626,.F.);
#4467=ORIENTED_EDGE('',*,*,#6629,.F.);
#4468=ORIENTED_EDGE('',*,*,#6631,.T.);
#4469=ORIENTED_EDGE('',*,*,#6632,.T.);
#4470=ORIENTED_EDGE('',*,*,#6633,.T.);
#4471=ORIENTED_EDGE('',*,*,#6632,.F.);
#4472=ORIENTED_EDGE('',*,*,#6634,.T.);
#4473=ORIENTED_EDGE('',*,*,#6635,.T.);
#4474=ORIENTED_EDGE('',*,*,#6636,.T.);
#4475=ORIENTED_EDGE('',*,*,#6637,.F.);
#4476=ORIENTED_EDGE('',*,*,#6638,.T.);
#4477=ORIENTED_EDGE('',*,*,#6639,.F.);
#4478=ORIENTED_EDGE('',*,*,#6635,.F.);
#4479=ORIENTED_EDGE('',*,*,#6638,.F.);
#4480=ORIENTED_EDGE('',*,*,#6640,.T.);
#4481=ORIENTED_EDGE('',*,*,#6641,.T.);
#4482=ORIENTED_EDGE('',*,*,#6642,.T.);
#4483=ORIENTED_EDGE('',*,*,#6086,.T.);
#4484=ORIENTED_EDGE('',*,*,#6643,.F.);
#4485=ORIENTED_EDGE('',*,*,#5893,.F.);
#4486=ORIENTED_EDGE('',*,*,#6644,.F.);
#4487=ORIENTED_EDGE('',*,*,#6622,.F.);
#4488=ORIENTED_EDGE('',*,*,#6645,.F.);
#4489=ORIENTED_EDGE('',*,*,#5890,.F.);
#4490=ORIENTED_EDGE('',*,*,#6646,.F.);
#4491=ORIENTED_EDGE('',*,*,#6619,.F.);
#4492=ORIENTED_EDGE('',*,*,#6647,.F.);
#4493=ORIENTED_EDGE('',*,*,#5886,.F.);
#4494=ORIENTED_EDGE('',*,*,#6648,.F.);
#4495=ORIENTED_EDGE('',*,*,#6616,.F.);
#4496=ORIENTED_EDGE('',*,*,#6649,.F.);
#4497=ORIENTED_EDGE('',*,*,#5902,.F.);
#4498=ORIENTED_EDGE('',*,*,#6650,.F.);
#4499=ORIENTED_EDGE('',*,*,#6612,.F.);
#4500=ORIENTED_EDGE('',*,*,#6651,.F.);
#4501=ORIENTED_EDGE('',*,*,#5899,.F.);
#4502=ORIENTED_EDGE('',*,*,#6652,.F.);
#4503=ORIENTED_EDGE('',*,*,#6609,.F.);
#4504=ORIENTED_EDGE('',*,*,#6653,.F.);
#4505=ORIENTED_EDGE('',*,*,#5896,.F.);
#4506=ORIENTED_EDGE('',*,*,#6654,.F.);
#4507=ORIENTED_EDGE('',*,*,#6606,.F.);
#4508=ORIENTED_EDGE('',*,*,#6655,.F.);
#4509=ORIENTED_EDGE('',*,*,#6641,.F.);
#4510=ORIENTED_EDGE('',*,*,#6656,.F.);
#4511=ORIENTED_EDGE('',*,*,#6602,.F.);
#4512=ORIENTED_EDGE('',*,*,#5949,.T.);
#4513=ORIENTED_EDGE('',*,*,#6657,.T.);
#4514=ORIENTED_EDGE('',*,*,#6657,.F.);
#4515=ORIENTED_EDGE('',*,*,#6658,.F.);
#4516=ORIENTED_EDGE('',*,*,#6659,.F.);
#4517=ORIENTED_EDGE('',*,*,#6660,.F.);
#4518=ORIENTED_EDGE('',*,*,#6661,.F.);
#4519=ORIENTED_EDGE('',*,*,#6662,.F.);
#4520=ORIENTED_EDGE('',*,*,#6663,.F.);
#4521=ORIENTED_EDGE('',*,*,#5951,.T.);
#4522=ORIENTED_EDGE('',*,*,#6664,.T.);
#4523=ORIENTED_EDGE('',*,*,#6664,.F.);
#4524=ORIENTED_EDGE('',*,*,#6665,.F.);
#4525=ORIENTED_EDGE('',*,*,#6666,.F.);
#4526=ORIENTED_EDGE('',*,*,#6667,.F.);
#4527=ORIENTED_EDGE('',*,*,#6668,.F.);
#4528=ORIENTED_EDGE('',*,*,#6669,.F.);
#4529=ORIENTED_EDGE('',*,*,#6670,.F.);
#4530=ORIENTED_EDGE('',*,*,#5948,.T.);
#4531=ORIENTED_EDGE('',*,*,#6671,.T.);
#4532=ORIENTED_EDGE('',*,*,#6671,.F.);
#4533=ORIENTED_EDGE('',*,*,#6672,.F.);
#4534=ORIENTED_EDGE('',*,*,#6673,.F.);
#4535=ORIENTED_EDGE('',*,*,#6674,.F.);
#4536=ORIENTED_EDGE('',*,*,#6675,.F.);
#4537=ORIENTED_EDGE('',*,*,#6676,.F.);
#4538=ORIENTED_EDGE('',*,*,#6677,.F.);
#4539=ORIENTED_EDGE('',*,*,#5952,.T.);
#4540=ORIENTED_EDGE('',*,*,#6678,.T.);
#4541=ORIENTED_EDGE('',*,*,#6678,.F.);
#4542=ORIENTED_EDGE('',*,*,#6679,.F.);
#4543=ORIENTED_EDGE('',*,*,#6680,.F.);
#4544=ORIENTED_EDGE('',*,*,#6681,.F.);
#4545=ORIENTED_EDGE('',*,*,#6682,.F.);
#4546=ORIENTED_EDGE('',*,*,#6683,.F.);
#4547=ORIENTED_EDGE('',*,*,#6684,.F.);
#4548=ORIENTED_EDGE('',*,*,#6685,.F.);
#4549=ORIENTED_EDGE('',*,*,#6686,.F.);
#4550=ORIENTED_EDGE('',*,*,#6658,.T.);
#4551=ORIENTED_EDGE('',*,*,#6687,.T.);
#4552=ORIENTED_EDGE('',*,*,#6688,.F.);
#4553=ORIENTED_EDGE('',*,*,#6689,.F.);
#4554=ORIENTED_EDGE('',*,*,#6659,.T.);
#4555=ORIENTED_EDGE('',*,*,#6686,.T.);
#4556=ORIENTED_EDGE('',*,*,#6690,.F.);
#4557=ORIENTED_EDGE('',*,*,#6691,.F.);
#4558=ORIENTED_EDGE('',*,*,#6660,.T.);
#4559=ORIENTED_EDGE('',*,*,#6689,.T.);
#4560=ORIENTED_EDGE('',*,*,#6692,.F.);
#4561=ORIENTED_EDGE('',*,*,#6693,.F.);
#4562=ORIENTED_EDGE('',*,*,#6661,.T.);
#4563=ORIENTED_EDGE('',*,*,#6691,.T.);
#4564=ORIENTED_EDGE('',*,*,#6694,.F.);
#4565=ORIENTED_EDGE('',*,*,#6695,.F.);
#4566=ORIENTED_EDGE('',*,*,#6662,.T.);
#4567=ORIENTED_EDGE('',*,*,#6693,.T.);
#4568=ORIENTED_EDGE('',*,*,#6696,.F.);
#4569=ORIENTED_EDGE('',*,*,#6687,.F.);
#4570=ORIENTED_EDGE('',*,*,#6663,.T.);
#4571=ORIENTED_EDGE('',*,*,#6695,.T.);
#4572=ORIENTED_EDGE('',*,*,#6692,.T.);
#4573=ORIENTED_EDGE('',*,*,#6690,.T.);
#4574=ORIENTED_EDGE('',*,*,#6688,.T.);
#4575=ORIENTED_EDGE('',*,*,#6685,.T.);
#4576=ORIENTED_EDGE('',*,*,#6696,.T.);
#4577=ORIENTED_EDGE('',*,*,#6694,.T.);
#4578=ORIENTED_EDGE('',*,*,#5925,.T.);
#4579=ORIENTED_EDGE('',*,*,#6697,.F.);
#4580=ORIENTED_EDGE('',*,*,#5946,.F.);
#4581=ORIENTED_EDGE('',*,*,#6698,.T.);
#4582=ORIENTED_EDGE('',*,*,#5904,.T.);
#4583=ORIENTED_EDGE('',*,*,#5939,.T.);
#4584=ORIENTED_EDGE('',*,*,#6697,.T.);
#4585=ORIENTED_EDGE('',*,*,#5924,.F.);
#4586=ORIENTED_EDGE('',*,*,#6698,.F.);
#4587=ORIENTED_EDGE('',*,*,#5945,.T.);
#4588=ORIENTED_EDGE('',*,*,#5910,.T.);
#4589=ORIENTED_EDGE('',*,*,#5926,.F.);
#4590=ORIENTED_EDGE('',*,*,#5765,.T.);
#4591=ORIENTED_EDGE('',*,*,#5826,.T.);
#4592=ORIENTED_EDGE('',*,*,#6623,.F.);
#4593=ORIENTED_EDGE('',*,*,#6644,.T.);
#4594=ORIENTED_EDGE('',*,*,#5892,.F.);
#4595=ORIENTED_EDGE('',*,*,#5779,.T.);
#4596=ORIENTED_EDGE('',*,*,#5776,.F.);
#4597=ORIENTED_EDGE('',*,*,#5767,.F.);
#4598=ORIENTED_EDGE('',*,*,#6621,.F.);
#4599=ORIENTED_EDGE('',*,*,#5822,.T.);
#4600=ORIENTED_EDGE('',*,*,#5843,.T.);
#4601=ORIENTED_EDGE('',*,*,#5855,.F.);
#4602=ORIENTED_EDGE('',*,*,#5867,.F.);
#4603=ORIENTED_EDGE('',*,*,#5879,.T.);
#4604=ORIENTED_EDGE('',*,*,#5891,.F.);
#4605=ORIENTED_EDGE('',*,*,#6645,.T.);
#4606=ORIENTED_EDGE('',*,*,#5841,.T.);
#4607=ORIENTED_EDGE('',*,*,#5820,.T.);
#4608=ORIENTED_EDGE('',*,*,#6620,.F.);
#4609=ORIENTED_EDGE('',*,*,#6646,.T.);
#4610=ORIENTED_EDGE('',*,*,#5889,.F.);
#4611=ORIENTED_EDGE('',*,*,#5877,.T.);
#4612=ORIENTED_EDGE('',*,*,#5865,.F.);
#4613=ORIENTED_EDGE('',*,*,#5853,.F.);
#4614=ORIENTED_EDGE('',*,*,#6618,.F.);
#4615=ORIENTED_EDGE('',*,*,#5816,.T.);
#4616=ORIENTED_EDGE('',*,*,#5838,.T.);
#4617=ORIENTED_EDGE('',*,*,#5851,.F.);
#4618=ORIENTED_EDGE('',*,*,#5863,.F.);
#4619=ORIENTED_EDGE('',*,*,#5874,.T.);
#4620=ORIENTED_EDGE('',*,*,#5887,.F.);
#4621=ORIENTED_EDGE('',*,*,#6647,.T.);
#4622=ORIENTED_EDGE('',*,*,#5839,.T.);
#4623=ORIENTED_EDGE('',*,*,#5818,.T.);
#4624=ORIENTED_EDGE('',*,*,#6617,.F.);
#4625=ORIENTED_EDGE('',*,*,#6648,.T.);
#4626=ORIENTED_EDGE('',*,*,#5888,.F.);
#4627=ORIENTED_EDGE('',*,*,#5875,.T.);
#4628=ORIENTED_EDGE('',*,*,#5864,.F.);
#4629=ORIENTED_EDGE('',*,*,#5852,.F.);
#4630=ORIENTED_EDGE('',*,*,#6615,.F.);
#4631=ORIENTED_EDGE('',*,*,#5836,.T.);
#4632=ORIENTED_EDGE('',*,*,#5788,.T.);
#4633=ORIENTED_EDGE('',*,*,#5802,.F.);
#4634=ORIENTED_EDGE('',*,*,#5808,.F.);
#4635=ORIENTED_EDGE('',*,*,#5812,.T.);
#4636=ORIENTED_EDGE('',*,*,#5903,.F.);
#4637=ORIENTED_EDGE('',*,*,#6649,.T.);
#4638=ORIENTED_EDGE('',*,*,#5796,.T.);
#4639=ORIENTED_EDGE('',*,*,#5815,.T.);
#4640=ORIENTED_EDGE('',*,*,#6613,.F.);
#4641=ORIENTED_EDGE('',*,*,#6650,.T.);
#4642=ORIENTED_EDGE('',*,*,#5901,.F.);
#4643=ORIENTED_EDGE('',*,*,#5810,.T.);
#4644=ORIENTED_EDGE('',*,*,#5804,.F.);
#4645=ORIENTED_EDGE('',*,*,#5798,.F.);
#4646=ORIENTED_EDGE('',*,*,#6611,.F.);
#4647=ORIENTED_EDGE('',*,*,#5833,.T.);
#4648=ORIENTED_EDGE('',*,*,#5849,.T.);
#4649=ORIENTED_EDGE('',*,*,#5861,.F.);
#4650=ORIENTED_EDGE('',*,*,#5873,.F.);
#4651=ORIENTED_EDGE('',*,*,#5885,.T.);
#4652=ORIENTED_EDGE('',*,*,#5900,.F.);
#4653=ORIENTED_EDGE('',*,*,#6651,.T.);
#4654=ORIENTED_EDGE('',*,*,#5847,.T.);
#4655=ORIENTED_EDGE('',*,*,#5831,.T.);
#4656=ORIENTED_EDGE('',*,*,#6610,.F.);
#4657=ORIENTED_EDGE('',*,*,#6652,.T.);
#4658=ORIENTED_EDGE('',*,*,#5898,.F.);
#4659=ORIENTED_EDGE('',*,*,#5883,.T.);
#4660=ORIENTED_EDGE('',*,*,#5871,.F.);
#4661=ORIENTED_EDGE('',*,*,#5859,.F.);
#4662=ORIENTED_EDGE('',*,*,#6608,.F.);
#4663=ORIENTED_EDGE('',*,*,#5829,.T.);
#4664=ORIENTED_EDGE('',*,*,#5846,.T.);
#4665=ORIENTED_EDGE('',*,*,#5858,.F.);
#4666=ORIENTED_EDGE('',*,*,#5870,.F.);
#4667=ORIENTED_EDGE('',*,*,#5882,.T.);
#4668=ORIENTED_EDGE('',*,*,#5897,.F.);
#4669=ORIENTED_EDGE('',*,*,#6653,.T.);
#4670=ORIENTED_EDGE('',*,*,#5844,.T.);
#4671=ORIENTED_EDGE('',*,*,#5827,.T.);
#4672=ORIENTED_EDGE('',*,*,#6607,.F.);
#4673=ORIENTED_EDGE('',*,*,#6654,.T.);
#4674=ORIENTED_EDGE('',*,*,#5895,.F.);
#4675=ORIENTED_EDGE('',*,*,#5880,.T.);
#4676=ORIENTED_EDGE('',*,*,#5868,.F.);
#4677=ORIENTED_EDGE('',*,*,#5856,.F.);
#4678=ORIENTED_EDGE('',*,*,#6605,.F.);
#4679=ORIENTED_EDGE('',*,*,#6627,.T.);
#4680=ORIENTED_EDGE('',*,*,#6630,.T.);
#4681=ORIENTED_EDGE('',*,*,#6633,.F.);
#4682=ORIENTED_EDGE('',*,*,#6636,.F.);
#4683=ORIENTED_EDGE('',*,*,#6639,.T.);
#4684=ORIENTED_EDGE('',*,*,#6642,.F.);
#4685=ORIENTED_EDGE('',*,*,#6655,.T.);
#4686=ORIENTED_EDGE('',*,*,#6601,.F.);
#4687=ORIENTED_EDGE('',*,*,#5783,.T.);
#4688=ORIENTED_EDGE('',*,*,#5757,.T.);
#4689=ORIENTED_EDGE('',*,*,#5771,.F.);
#4690=ORIENTED_EDGE('',*,*,#5774,.F.);
#4691=ORIENTED_EDGE('',*,*,#5781,.T.);
#4692=ORIENTED_EDGE('',*,*,#5894,.F.);
#4693=ORIENTED_EDGE('',*,*,#6643,.T.);
#4694=ORIENTED_EDGE('',*,*,#6628,.T.);
#4695=ORIENTED_EDGE('',*,*,#6625,.T.);
#4696=ORIENTED_EDGE('',*,*,#6603,.F.);
#4697=ORIENTED_EDGE('',*,*,#6656,.T.);
#4698=ORIENTED_EDGE('',*,*,#6640,.F.);
#4699=ORIENTED_EDGE('',*,*,#6637,.T.);
#4700=ORIENTED_EDGE('',*,*,#6634,.F.);
#4701=ORIENTED_EDGE('',*,*,#6631,.F.);
#4702=ORIENTED_EDGE('',*,*,#5835,.T.);
#4703=ORIENTED_EDGE('',*,*,#6614,.T.);
#4704=ORIENTED_EDGE('',*,*,#5813,.T.);
#4705=ORIENTED_EDGE('',*,*,#5794,.T.);
#4706=ORIENTED_EDGE('',*,*,#6699,.F.);
#4707=ORIENTED_EDGE('',*,*,#5790,.T.);
#4708=ORIENTED_EDGE('',*,*,#5793,.F.);
#4709=ORIENTED_EDGE('',*,*,#6700,.T.);
#4710=ORIENTED_EDGE('',*,*,#5785,.F.);
#4711=ORIENTED_EDGE('',*,*,#6699,.T.);
#4712=ORIENTED_EDGE('',*,*,#5809,.F.);
#4713=ORIENTED_EDGE('',*,*,#5806,.T.);
#4714=ORIENTED_EDGE('',*,*,#5800,.T.);
#4715=ORIENTED_EDGE('',*,*,#5786,.F.);
#4716=ORIENTED_EDGE('',*,*,#6700,.F.);
#4717=ORIENTED_EDGE('',*,*,#5792,.F.);
#4718=ORIENTED_EDGE('',*,*,#5797,.T.);
#4719=ORIENTED_EDGE('',*,*,#5803,.T.);
#4720=ORIENTED_EDGE('',*,*,#6701,.F.);
#4721=ORIENTED_EDGE('',*,*,#6702,.F.);
#4722=ORIENTED_EDGE('',*,*,#6703,.F.);
#4723=ORIENTED_EDGE('',*,*,#6704,.F.);
#4724=ORIENTED_EDGE('',*,*,#6705,.F.);
#4725=ORIENTED_EDGE('',*,*,#6706,.F.);
#4726=ORIENTED_EDGE('',*,*,#6707,.F.);
#4727=ORIENTED_EDGE('',*,*,#6701,.T.);
#4728=ORIENTED_EDGE('',*,*,#5782,.T.);
#4729=ORIENTED_EDGE('',*,*,#6600,.T.);
#4730=ORIENTED_EDGE('',*,*,#5824,.T.);
#4731=ORIENTED_EDGE('',*,*,#5763,.T.);
#4732=ORIENTED_EDGE('',*,*,#6708,.F.);
#4733=ORIENTED_EDGE('',*,*,#5759,.T.);
#4734=ORIENTED_EDGE('',*,*,#5762,.F.);
#4735=ORIENTED_EDGE('',*,*,#6709,.T.);
#4736=ORIENTED_EDGE('',*,*,#5754,.F.);
#4737=ORIENTED_EDGE('',*,*,#6708,.T.);
#4738=ORIENTED_EDGE('',*,*,#5778,.F.);
#4739=ORIENTED_EDGE('',*,*,#5772,.T.);
#4740=ORIENTED_EDGE('',*,*,#5769,.T.);
#4741=ORIENTED_EDGE('',*,*,#5755,.F.);
#4742=ORIENTED_EDGE('',*,*,#6709,.F.);
#4743=ORIENTED_EDGE('',*,*,#5761,.F.);
#4744=ORIENTED_EDGE('',*,*,#5766,.T.);
#4745=ORIENTED_EDGE('',*,*,#5775,.T.);
#4746=ORIENTED_EDGE('',*,*,#6710,.F.);
#4747=ORIENTED_EDGE('',*,*,#6711,.F.);
#4748=ORIENTED_EDGE('',*,*,#6712,.F.);
#4749=ORIENTED_EDGE('',*,*,#6713,.F.);
#4750=ORIENTED_EDGE('',*,*,#6714,.F.);
#4751=ORIENTED_EDGE('',*,*,#6715,.F.);
#4752=ORIENTED_EDGE('',*,*,#6716,.F.);
#4753=ORIENTED_EDGE('',*,*,#6710,.T.);
#4754=ORIENTED_EDGE('',*,*,#6702,.T.);
#4755=ORIENTED_EDGE('',*,*,#6717,.F.);
#4756=ORIENTED_EDGE('',*,*,#6718,.F.);
#4757=ORIENTED_EDGE('',*,*,#6719,.T.);
#4758=ORIENTED_EDGE('',*,*,#6707,.T.);
#4759=ORIENTED_EDGE('',*,*,#6720,.F.);
#4760=ORIENTED_EDGE('',*,*,#6721,.F.);
#4761=ORIENTED_EDGE('',*,*,#6717,.T.);
#4762=ORIENTED_EDGE('',*,*,#6706,.T.);
#4763=ORIENTED_EDGE('',*,*,#6722,.F.);
#4764=ORIENTED_EDGE('',*,*,#6723,.F.);
#4765=ORIENTED_EDGE('',*,*,#6720,.T.);
#4766=ORIENTED_EDGE('',*,*,#6705,.T.);
#4767=ORIENTED_EDGE('',*,*,#6724,.F.);
#4768=ORIENTED_EDGE('',*,*,#6725,.F.);
#4769=ORIENTED_EDGE('',*,*,#6722,.T.);
#4770=ORIENTED_EDGE('',*,*,#6704,.T.);
#4771=ORIENTED_EDGE('',*,*,#6726,.F.);
#4772=ORIENTED_EDGE('',*,*,#6727,.F.);
#4773=ORIENTED_EDGE('',*,*,#6724,.T.);
#4774=ORIENTED_EDGE('',*,*,#6703,.T.);
#4775=ORIENTED_EDGE('',*,*,#6719,.F.);
#4776=ORIENTED_EDGE('',*,*,#6728,.F.);
#4777=ORIENTED_EDGE('',*,*,#6726,.T.);
#4778=ORIENTED_EDGE('',*,*,#6718,.T.);
#4779=ORIENTED_EDGE('',*,*,#6721,.T.);
#4780=ORIENTED_EDGE('',*,*,#6723,.T.);
#4781=ORIENTED_EDGE('',*,*,#6725,.T.);
#4782=ORIENTED_EDGE('',*,*,#6727,.T.);
#4783=ORIENTED_EDGE('',*,*,#6728,.T.);
#4784=ORIENTED_EDGE('',*,*,#6711,.T.);
#4785=ORIENTED_EDGE('',*,*,#6729,.F.);
#4786=ORIENTED_EDGE('',*,*,#6730,.F.);
#4787=ORIENTED_EDGE('',*,*,#6731,.T.);
#4788=ORIENTED_EDGE('',*,*,#6716,.T.);
#4789=ORIENTED_EDGE('',*,*,#6732,.F.);
#4790=ORIENTED_EDGE('',*,*,#6733,.F.);
#4791=ORIENTED_EDGE('',*,*,#6729,.T.);
#4792=ORIENTED_EDGE('',*,*,#6715,.T.);
#4793=ORIENTED_EDGE('',*,*,#6734,.F.);
#4794=ORIENTED_EDGE('',*,*,#6735,.F.);
#4795=ORIENTED_EDGE('',*,*,#6732,.T.);
#4796=ORIENTED_EDGE('',*,*,#6714,.T.);
#4797=ORIENTED_EDGE('',*,*,#6736,.F.);
#4798=ORIENTED_EDGE('',*,*,#6737,.F.);
#4799=ORIENTED_EDGE('',*,*,#6734,.T.);
#4800=ORIENTED_EDGE('',*,*,#6713,.T.);
#4801=ORIENTED_EDGE('',*,*,#6738,.F.);
#4802=ORIENTED_EDGE('',*,*,#6739,.F.);
#4803=ORIENTED_EDGE('',*,*,#6736,.T.);
#4804=ORIENTED_EDGE('',*,*,#6712,.T.);
#4805=ORIENTED_EDGE('',*,*,#6731,.F.);
#4806=ORIENTED_EDGE('',*,*,#6740,.F.);
#4807=ORIENTED_EDGE('',*,*,#6738,.T.);
#4808=ORIENTED_EDGE('',*,*,#6730,.T.);
#4809=ORIENTED_EDGE('',*,*,#6733,.T.);
#4810=ORIENTED_EDGE('',*,*,#6735,.T.);
#4811=ORIENTED_EDGE('',*,*,#6737,.T.);
#4812=ORIENTED_EDGE('',*,*,#6739,.T.);
#4813=ORIENTED_EDGE('',*,*,#6740,.T.);
#4814=ORIENTED_EDGE('',*,*,#6741,.F.);
#4815=ORIENTED_EDGE('',*,*,#6624,.F.);
#4816=ORIENTED_EDGE('',*,*,#6742,.F.);
#4817=ORIENTED_EDGE('',*,*,#6741,.T.);
#4818=ORIENTED_EDGE('',*,*,#5747,.F.);
#4819=ORIENTED_EDGE('',*,*,#6742,.T.);
#4820=ORIENTED_EDGE('',*,*,#5736,.F.);
#4821=ORIENTED_EDGE('',*,*,#5743,.T.);
#4822=ORIENTED_EDGE('',*,*,#5740,.T.);
#4823=ORIENTED_EDGE('',*,*,#5742,.F.);
#4824=ORIENTED_EDGE('',*,*,#6743,.T.);
#4825=ORIENTED_EDGE('',*,*,#5746,.T.);
#4826=ORIENTED_EDGE('',*,*,#5750,.T.);
#4827=ORIENTED_EDGE('',*,*,#5753,.F.);
#4828=ORIENTED_EDGE('',*,*,#6744,.F.);
#4829=ORIENTED_EDGE('',*,*,#5748,.T.);
#4830=ORIENTED_EDGE('',*,*,#5744,.T.);
#4831=ORIENTED_EDGE('',*,*,#6745,.F.);
#4832=ORIENTED_EDGE('',*,*,#6746,.F.);
#4833=ORIENTED_EDGE('',*,*,#5751,.T.);
#4834=ORIENTED_EDGE('',*,*,#5741,.T.);
#4835=ORIENTED_EDGE('',*,*,#5738,.F.);
#4836=ORIENTED_EDGE('',*,*,#6743,.F.);
#4837=ORIENTED_EDGE('',*,*,#6747,.F.);
#4838=ORIENTED_EDGE('',*,*,#6745,.T.);
#4839=ORIENTED_EDGE('',*,*,#5734,.T.);
#4840=ORIENTED_EDGE('',*,*,#6744,.T.);
#4841=ORIENTED_EDGE('',*,*,#5752,.T.);
#4842=ORIENTED_EDGE('',*,*,#6746,.T.);
#4843=ORIENTED_EDGE('',*,*,#6747,.T.);
#4844=ORIENTED_EDGE('',*,*,#6250,.F.);
#4845=ORIENTED_EDGE('',*,*,#6748,.F.);
#4846=ORIENTED_EDGE('',*,*,#6749,.T.);
#4847=ORIENTED_EDGE('',*,*,#5724,.T.);
#4848=ORIENTED_EDGE('',*,*,#6750,.T.);
#4849=ORIENTED_EDGE('',*,*,#6251,.F.);
#4850=ORIENTED_EDGE('',*,*,#6750,.F.);
#4851=ORIENTED_EDGE('',*,*,#5723,.T.);
#4852=ORIENTED_EDGE('',*,*,#6751,.T.);
#4853=ORIENTED_EDGE('',*,*,#6252,.F.);
#4854=ORIENTED_EDGE('',*,*,#6751,.F.);
#4855=ORIENTED_EDGE('',*,*,#5722,.T.);
#4856=ORIENTED_EDGE('',*,*,#6752,.T.);
#4857=ORIENTED_EDGE('',*,*,#6753,.T.);
#4858=ORIENTED_EDGE('',*,*,#6253,.F.);
#4859=ORIENTED_EDGE('',*,*,#6753,.F.);
#4860=ORIENTED_EDGE('',*,*,#6754,.T.);
#4861=ORIENTED_EDGE('',*,*,#6755,.T.);
#4862=ORIENTED_EDGE('',*,*,#6254,.F.);
#4863=ORIENTED_EDGE('',*,*,#6755,.F.);
#4864=ORIENTED_EDGE('',*,*,#6756,.T.);
#4865=ORIENTED_EDGE('',*,*,#5728,.T.);
#4866=ORIENTED_EDGE('',*,*,#6757,.T.);
#4867=ORIENTED_EDGE('',*,*,#6255,.F.);
#4868=ORIENTED_EDGE('',*,*,#6757,.F.);
#4869=ORIENTED_EDGE('',*,*,#5727,.T.);
#4870=ORIENTED_EDGE('',*,*,#6758,.T.);
#4871=ORIENTED_EDGE('',*,*,#6759,.T.);
#4872=ORIENTED_EDGE('',*,*,#6760,.T.);
#4873=ORIENTED_EDGE('',*,*,#6256,.F.);
#4874=ORIENTED_EDGE('',*,*,#6760,.F.);
#4875=ORIENTED_EDGE('',*,*,#6761,.T.);
#4876=ORIENTED_EDGE('',*,*,#6762,.T.);
#4877=ORIENTED_EDGE('',*,*,#6763,.T.);
#4878=ORIENTED_EDGE('',*,*,#6257,.F.);
#4879=ORIENTED_EDGE('',*,*,#6763,.F.);
#4880=ORIENTED_EDGE('',*,*,#6764,.T.);
#4881=ORIENTED_EDGE('',*,*,#6765,.T.);
#4882=ORIENTED_EDGE('',*,*,#6258,.F.);
#4883=ORIENTED_EDGE('',*,*,#6765,.F.);
#4884=ORIENTED_EDGE('',*,*,#6766,.T.);
#4885=ORIENTED_EDGE('',*,*,#5732,.T.);
#4886=ORIENTED_EDGE('',*,*,#6767,.T.);
#4887=ORIENTED_EDGE('',*,*,#6259,.F.);
#4888=ORIENTED_EDGE('',*,*,#6767,.F.);
#4889=ORIENTED_EDGE('',*,*,#5731,.T.);
#4890=ORIENTED_EDGE('',*,*,#6768,.T.);
#4891=ORIENTED_EDGE('',*,*,#6260,.F.);
#4892=ORIENTED_EDGE('',*,*,#6768,.F.);
#4893=ORIENTED_EDGE('',*,*,#5730,.T.);
#4894=ORIENTED_EDGE('',*,*,#6769,.T.);
#4895=ORIENTED_EDGE('',*,*,#6770,.T.);
#4896=ORIENTED_EDGE('',*,*,#6261,.F.);
#4897=ORIENTED_EDGE('',*,*,#6770,.F.);
#4898=ORIENTED_EDGE('',*,*,#6771,.T.);
#4899=ORIENTED_EDGE('',*,*,#6772,.T.);
#4900=ORIENTED_EDGE('',*,*,#6262,.F.);
#4901=ORIENTED_EDGE('',*,*,#6772,.F.);
#4902=ORIENTED_EDGE('',*,*,#6773,.T.);
#4903=ORIENTED_EDGE('',*,*,#5708,.T.);
#4904=ORIENTED_EDGE('',*,*,#6774,.T.);
#4905=ORIENTED_EDGE('',*,*,#6263,.F.);
#4906=ORIENTED_EDGE('',*,*,#6774,.F.);
#4907=ORIENTED_EDGE('',*,*,#5707,.T.);
#4908=ORIENTED_EDGE('',*,*,#6775,.T.);
#4909=ORIENTED_EDGE('',*,*,#6264,.F.);
#4910=ORIENTED_EDGE('',*,*,#6775,.F.);
#4911=ORIENTED_EDGE('',*,*,#5706,.T.);
#4912=ORIENTED_EDGE('',*,*,#6776,.T.);
#4913=ORIENTED_EDGE('',*,*,#6777,.T.);
#4914=ORIENTED_EDGE('',*,*,#6265,.F.);
#4915=ORIENTED_EDGE('',*,*,#6777,.F.);
#4916=ORIENTED_EDGE('',*,*,#6778,.T.);
#4917=ORIENTED_EDGE('',*,*,#6779,.T.);
#4918=ORIENTED_EDGE('',*,*,#6266,.F.);
#4919=ORIENTED_EDGE('',*,*,#6779,.F.);
#4920=ORIENTED_EDGE('',*,*,#6780,.T.);
#4921=ORIENTED_EDGE('',*,*,#5712,.T.);
#4922=ORIENTED_EDGE('',*,*,#6781,.T.);
#4923=ORIENTED_EDGE('',*,*,#6267,.F.);
#4924=ORIENTED_EDGE('',*,*,#6781,.F.);
#4925=ORIENTED_EDGE('',*,*,#5711,.T.);
#4926=ORIENTED_EDGE('',*,*,#6782,.T.);
#4927=ORIENTED_EDGE('',*,*,#5720,.T.);
#4928=ORIENTED_EDGE('',*,*,#6783,.T.);
#4929=ORIENTED_EDGE('',*,*,#6268,.F.);
#4930=ORIENTED_EDGE('',*,*,#6783,.F.);
#4931=ORIENTED_EDGE('',*,*,#5719,.T.);
#4932=ORIENTED_EDGE('',*,*,#6784,.T.);
#4933=ORIENTED_EDGE('',*,*,#6785,.T.);
#4934=ORIENTED_EDGE('',*,*,#6269,.F.);
#4935=ORIENTED_EDGE('',*,*,#6785,.F.);
#4936=ORIENTED_EDGE('',*,*,#6786,.T.);
#4937=ORIENTED_EDGE('',*,*,#6787,.T.);
#4938=ORIENTED_EDGE('',*,*,#6270,.F.);
#4939=ORIENTED_EDGE('',*,*,#6787,.F.);
#4940=ORIENTED_EDGE('',*,*,#6788,.T.);
#4941=ORIENTED_EDGE('',*,*,#5716,.T.);
#4942=ORIENTED_EDGE('',*,*,#6789,.T.);
#4943=ORIENTED_EDGE('',*,*,#6271,.F.);
#4944=ORIENTED_EDGE('',*,*,#6789,.F.);
#4945=ORIENTED_EDGE('',*,*,#5715,.T.);
#4946=ORIENTED_EDGE('',*,*,#6790,.T.);
#4947=ORIENTED_EDGE('',*,*,#6272,.F.);
#4948=ORIENTED_EDGE('',*,*,#6790,.F.);
#4949=ORIENTED_EDGE('',*,*,#5714,.T.);
#4950=ORIENTED_EDGE('',*,*,#6791,.T.);
#4951=ORIENTED_EDGE('',*,*,#6792,.T.);
#4952=ORIENTED_EDGE('',*,*,#6273,.F.);
#4953=ORIENTED_EDGE('',*,*,#6792,.F.);
#4954=ORIENTED_EDGE('',*,*,#6793,.T.);
#4955=ORIENTED_EDGE('',*,*,#6748,.T.);
#4956=ORIENTED_EDGE('',*,*,#6794,.F.);
#4957=ORIENTED_EDGE('',*,*,#6795,.F.);
#4958=ORIENTED_EDGE('',*,*,#6761,.F.);
#4959=ORIENTED_EDGE('',*,*,#6759,.F.);
#4960=ORIENTED_EDGE('',*,*,#6749,.F.);
#4961=ORIENTED_EDGE('',*,*,#6793,.F.);
#4962=ORIENTED_EDGE('',*,*,#6791,.F.);
#4963=ORIENTED_EDGE('',*,*,#6796,.F.);
#4964=ORIENTED_EDGE('',*,*,#6797,.F.);
#4965=ORIENTED_EDGE('',*,*,#6798,.F.);
#4966=ORIENTED_EDGE('',*,*,#6799,.F.);
#4967=ORIENTED_EDGE('',*,*,#6800,.F.);
#4968=ORIENTED_EDGE('',*,*,#6788,.F.);
#4969=ORIENTED_EDGE('',*,*,#6786,.F.);
#4970=ORIENTED_EDGE('',*,*,#6784,.F.);
#4971=ORIENTED_EDGE('',*,*,#6801,.F.);
#4972=ORIENTED_EDGE('',*,*,#6782,.F.);
#4973=ORIENTED_EDGE('',*,*,#6802,.F.);
#4974=ORIENTED_EDGE('',*,*,#6803,.F.);
#4975=ORIENTED_EDGE('',*,*,#6804,.F.);
#4976=ORIENTED_EDGE('',*,*,#6780,.F.);
#4977=ORIENTED_EDGE('',*,*,#6778,.F.);
#4978=ORIENTED_EDGE('',*,*,#6776,.F.);
#4979=ORIENTED_EDGE('',*,*,#6805,.F.);
#4980=ORIENTED_EDGE('',*,*,#6773,.F.);
#4981=ORIENTED_EDGE('',*,*,#6771,.F.);
#4982=ORIENTED_EDGE('',*,*,#6769,.F.);
#4983=ORIENTED_EDGE('',*,*,#6806,.F.);
#4984=ORIENTED_EDGE('',*,*,#6807,.F.);
#4985=ORIENTED_EDGE('',*,*,#6808,.F.);
#4986=ORIENTED_EDGE('',*,*,#6809,.F.);
#4987=ORIENTED_EDGE('',*,*,#6810,.F.);
#4988=ORIENTED_EDGE('',*,*,#6766,.F.);
#4989=ORIENTED_EDGE('',*,*,#6764,.F.);
#4990=ORIENTED_EDGE('',*,*,#6762,.F.);
#4991=ORIENTED_EDGE('',*,*,#6811,.F.);
#4992=ORIENTED_EDGE('',*,*,#6758,.F.);
#4993=ORIENTED_EDGE('',*,*,#6812,.F.);
#4994=ORIENTED_EDGE('',*,*,#6813,.F.);
#4995=ORIENTED_EDGE('',*,*,#6814,.F.);
#4996=ORIENTED_EDGE('',*,*,#6809,.T.);
#4997=ORIENTED_EDGE('',*,*,#6815,.F.);
#4998=ORIENTED_EDGE('',*,*,#6816,.F.);
#4999=ORIENTED_EDGE('',*,*,#6817,.T.);
#5000=ORIENTED_EDGE('',*,*,#6808,.T.);
#5001=ORIENTED_EDGE('',*,*,#6818,.F.);
#5002=ORIENTED_EDGE('',*,*,#6819,.F.);
#5003=ORIENTED_EDGE('',*,*,#6815,.T.);
#5004=ORIENTED_EDGE('',*,*,#6807,.T.);
#5005=ORIENTED_EDGE('',*,*,#6820,.F.);
#5006=ORIENTED_EDGE('',*,*,#6821,.F.);
#5007=ORIENTED_EDGE('',*,*,#6818,.T.);
#5008=ORIENTED_EDGE('',*,*,#6806,.T.);
#5009=ORIENTED_EDGE('',*,*,#5729,.T.);
#5010=ORIENTED_EDGE('',*,*,#6811,.T.);
#5011=ORIENTED_EDGE('',*,*,#6795,.T.);
#5012=ORIENTED_EDGE('',*,*,#6822,.F.);
#5013=ORIENTED_EDGE('',*,*,#6823,.F.);
#5014=ORIENTED_EDGE('',*,*,#6820,.T.);
#5015=ORIENTED_EDGE('',*,*,#6794,.T.);
#5016=ORIENTED_EDGE('',*,*,#6814,.T.);
#5017=ORIENTED_EDGE('',*,*,#6824,.F.);
#5018=ORIENTED_EDGE('',*,*,#6825,.F.);
#5019=ORIENTED_EDGE('',*,*,#6822,.T.);
#5020=ORIENTED_EDGE('',*,*,#6813,.T.);
#5021=ORIENTED_EDGE('',*,*,#6826,.F.);
#5022=ORIENTED_EDGE('',*,*,#6827,.F.);
#5023=ORIENTED_EDGE('',*,*,#6824,.T.);
#5024=ORIENTED_EDGE('',*,*,#6812,.T.);
#5025=ORIENTED_EDGE('',*,*,#5726,.T.);
#5026=ORIENTED_EDGE('',*,*,#6828,.F.);
#5027=ORIENTED_EDGE('',*,*,#6829,.F.);
#5028=ORIENTED_EDGE('',*,*,#6826,.T.);
#5029=ORIENTED_EDGE('',*,*,#5725,.T.);
#5030=ORIENTED_EDGE('',*,*,#6830,.T.);
#5031=ORIENTED_EDGE('',*,*,#5721,.T.);
#5032=ORIENTED_EDGE('',*,*,#6800,.T.);
#5033=ORIENTED_EDGE('',*,*,#6831,.F.);
#5034=ORIENTED_EDGE('',*,*,#6832,.F.);
#5035=ORIENTED_EDGE('',*,*,#6828,.T.);
#5036=ORIENTED_EDGE('',*,*,#6799,.T.);
#5037=ORIENTED_EDGE('',*,*,#6833,.F.);
#5038=ORIENTED_EDGE('',*,*,#6834,.F.);
#5039=ORIENTED_EDGE('',*,*,#6831,.T.);
#5040=ORIENTED_EDGE('',*,*,#6798,.T.);
#5041=ORIENTED_EDGE('',*,*,#6835,.F.);
#5042=ORIENTED_EDGE('',*,*,#6836,.F.);
#5043=ORIENTED_EDGE('',*,*,#6833,.T.);
#5044=ORIENTED_EDGE('',*,*,#6797,.T.);
#5045=ORIENTED_EDGE('',*,*,#6837,.F.);
#5046=ORIENTED_EDGE('',*,*,#6838,.F.);
#5047=ORIENTED_EDGE('',*,*,#6835,.T.);
#5048=ORIENTED_EDGE('',*,*,#6796,.T.);
#5049=ORIENTED_EDGE('',*,*,#5713,.T.);
#5050=ORIENTED_EDGE('',*,*,#6801,.T.);
#5051=ORIENTED_EDGE('',*,*,#5718,.T.);
#5052=ORIENTED_EDGE('',*,*,#6839,.F.);
#5053=ORIENTED_EDGE('',*,*,#6840,.F.);
#5054=ORIENTED_EDGE('',*,*,#6837,.T.);
#5055=ORIENTED_EDGE('',*,*,#5717,.T.);
#5056=ORIENTED_EDGE('',*,*,#6804,.T.);
#5057=ORIENTED_EDGE('',*,*,#6841,.F.);
#5058=ORIENTED_EDGE('',*,*,#6842,.F.);
#5059=ORIENTED_EDGE('',*,*,#6839,.T.);
#5060=ORIENTED_EDGE('',*,*,#6803,.T.);
#5061=ORIENTED_EDGE('',*,*,#6843,.F.);
#5062=ORIENTED_EDGE('',*,*,#6844,.F.);
#5063=ORIENTED_EDGE('',*,*,#6841,.T.);
#5064=ORIENTED_EDGE('',*,*,#6802,.T.);
#5065=ORIENTED_EDGE('',*,*,#5710,.T.);
#5066=ORIENTED_EDGE('',*,*,#6845,.F.);
#5067=ORIENTED_EDGE('',*,*,#6846,.F.);
#5068=ORIENTED_EDGE('',*,*,#6843,.T.);
#5069=ORIENTED_EDGE('',*,*,#5709,.T.);
#5070=ORIENTED_EDGE('',*,*,#6805,.T.);
#5071=ORIENTED_EDGE('',*,*,#5705,.T.);
#5072=ORIENTED_EDGE('',*,*,#6810,.T.);
#5073=ORIENTED_EDGE('',*,*,#6817,.F.);
#5074=ORIENTED_EDGE('',*,*,#6847,.F.);
#5075=ORIENTED_EDGE('',*,*,#6845,.T.);
#5076=ORIENTED_EDGE('',*,*,#6848,.F.);
#5077=ORIENTED_EDGE('',*,*,#6816,.T.);
#5078=ORIENTED_EDGE('',*,*,#6819,.T.);
#5079=ORIENTED_EDGE('',*,*,#6821,.T.);
#5080=ORIENTED_EDGE('',*,*,#6823,.T.);
#5081=ORIENTED_EDGE('',*,*,#6825,.T.);
#5082=ORIENTED_EDGE('',*,*,#6827,.T.);
#5083=ORIENTED_EDGE('',*,*,#6829,.T.);
#5084=ORIENTED_EDGE('',*,*,#6832,.T.);
#5085=ORIENTED_EDGE('',*,*,#6834,.T.);
#5086=ORIENTED_EDGE('',*,*,#6836,.T.);
#5087=ORIENTED_EDGE('',*,*,#6838,.T.);
#5088=ORIENTED_EDGE('',*,*,#6840,.T.);
#5089=ORIENTED_EDGE('',*,*,#6842,.T.);
#5090=ORIENTED_EDGE('',*,*,#6844,.T.);
#5091=ORIENTED_EDGE('',*,*,#6846,.T.);
#5092=ORIENTED_EDGE('',*,*,#6847,.T.);
#5093=ORIENTED_EDGE('',*,*,#6756,.F.);
#5094=ORIENTED_EDGE('',*,*,#6754,.F.);
#5095=ORIENTED_EDGE('',*,*,#6752,.F.);
#5096=ORIENTED_EDGE('',*,*,#6830,.F.);
#5097=ORIENTED_EDGE('',*,*,#6849,.F.);
#5098=ORIENTED_EDGE('',*,*,#6848,.T.);
#5099=ORIENTED_EDGE('',*,*,#6849,.T.);
#5100=ORIENTED_EDGE('',*,*,#6850,.F.);
#5101=ORIENTED_EDGE('',*,*,#6851,.T.);
#5102=ORIENTED_EDGE('',*,*,#6850,.T.);
#5103=ORIENTED_EDGE('',*,*,#6139,.T.);
#5104=ORIENTED_EDGE('',*,*,#6852,.T.);
#5105=ORIENTED_EDGE('',*,*,#6853,.F.);
#5106=ORIENTED_EDGE('',*,*,#6854,.F.);
#5107=ORIENTED_EDGE('',*,*,#6855,.T.);
#5108=ORIENTED_EDGE('',*,*,#6856,.T.);
#5109=ORIENTED_EDGE('',*,*,#6857,.F.);
#5110=ORIENTED_EDGE('',*,*,#6858,.F.);
#5111=ORIENTED_EDGE('',*,*,#6853,.T.);
#5112=ORIENTED_EDGE('',*,*,#6859,.T.);
#5113=ORIENTED_EDGE('',*,*,#6161,.T.);
#5114=ORIENTED_EDGE('',*,*,#6860,.F.);
#5115=ORIENTED_EDGE('',*,*,#6861,.F.);
#5116=ORIENTED_EDGE('',*,*,#6857,.T.);
#5117=ORIENTED_EDGE('',*,*,#6160,.T.);
#5118=ORIENTED_EDGE('',*,*,#6862,.F.);
#5119=ORIENTED_EDGE('',*,*,#6863,.F.);
#5120=ORIENTED_EDGE('',*,*,#6860,.T.);
#5121=ORIENTED_EDGE('',*,*,#6159,.T.);
#5122=ORIENTED_EDGE('',*,*,#6864,.F.);
#5123=ORIENTED_EDGE('',*,*,#6865,.F.);
#5124=ORIENTED_EDGE('',*,*,#6862,.T.);
#5125=ORIENTED_EDGE('',*,*,#6158,.T.);
#5126=ORIENTED_EDGE('',*,*,#6866,.F.);
#5127=ORIENTED_EDGE('',*,*,#6867,.F.);
#5128=ORIENTED_EDGE('',*,*,#6864,.T.);
#5129=ORIENTED_EDGE('',*,*,#6157,.T.);
#5130=ORIENTED_EDGE('',*,*,#6868,.F.);
#5131=ORIENTED_EDGE('',*,*,#6869,.F.);
#5132=ORIENTED_EDGE('',*,*,#6866,.T.);
#5133=ORIENTED_EDGE('',*,*,#6156,.T.);
#5134=ORIENTED_EDGE('',*,*,#6870,.F.);
#5135=ORIENTED_EDGE('',*,*,#6871,.F.);
#5136=ORIENTED_EDGE('',*,*,#6868,.T.);
#5137=ORIENTED_EDGE('',*,*,#6155,.T.);
#5138=ORIENTED_EDGE('',*,*,#6872,.F.);
#5139=ORIENTED_EDGE('',*,*,#6873,.F.);
#5140=ORIENTED_EDGE('',*,*,#6870,.T.);
#5141=ORIENTED_EDGE('',*,*,#6154,.T.);
#5142=ORIENTED_EDGE('',*,*,#6874,.F.);
#5143=ORIENTED_EDGE('',*,*,#6875,.F.);
#5144=ORIENTED_EDGE('',*,*,#6872,.T.);
#5145=ORIENTED_EDGE('',*,*,#6153,.T.);
#5146=ORIENTED_EDGE('',*,*,#6876,.F.);
#5147=ORIENTED_EDGE('',*,*,#6877,.F.);
#5148=ORIENTED_EDGE('',*,*,#6874,.T.);
#5149=ORIENTED_EDGE('',*,*,#6152,.T.);
#5150=ORIENTED_EDGE('',*,*,#6878,.F.);
#5151=ORIENTED_EDGE('',*,*,#6879,.F.);
#5152=ORIENTED_EDGE('',*,*,#6876,.T.);
#5153=ORIENTED_EDGE('',*,*,#6151,.T.);
#5154=ORIENTED_EDGE('',*,*,#6880,.F.);
#5155=ORIENTED_EDGE('',*,*,#6881,.F.);
#5156=ORIENTED_EDGE('',*,*,#6878,.T.);
#5157=ORIENTED_EDGE('',*,*,#6150,.T.);
#5158=ORIENTED_EDGE('',*,*,#6882,.F.);
#5159=ORIENTED_EDGE('',*,*,#6883,.F.);
#5160=ORIENTED_EDGE('',*,*,#6880,.T.);
#5161=ORIENTED_EDGE('',*,*,#6149,.T.);
#5162=ORIENTED_EDGE('',*,*,#6884,.F.);
#5163=ORIENTED_EDGE('',*,*,#6885,.F.);
#5164=ORIENTED_EDGE('',*,*,#6882,.T.);
#5165=ORIENTED_EDGE('',*,*,#6148,.T.);
#5166=ORIENTED_EDGE('',*,*,#6886,.F.);
#5167=ORIENTED_EDGE('',*,*,#6887,.F.);
#5168=ORIENTED_EDGE('',*,*,#6884,.T.);
#5169=ORIENTED_EDGE('',*,*,#6147,.T.);
#5170=ORIENTED_EDGE('',*,*,#6888,.F.);
#5171=ORIENTED_EDGE('',*,*,#6889,.F.);
#5172=ORIENTED_EDGE('',*,*,#6886,.T.);
#5173=ORIENTED_EDGE('',*,*,#6146,.T.);
#5174=ORIENTED_EDGE('',*,*,#6890,.F.);
#5175=ORIENTED_EDGE('',*,*,#6891,.F.);
#5176=ORIENTED_EDGE('',*,*,#6888,.T.);
#5177=ORIENTED_EDGE('',*,*,#6145,.T.);
#5178=ORIENTED_EDGE('',*,*,#6892,.F.);
#5179=ORIENTED_EDGE('',*,*,#6893,.F.);
#5180=ORIENTED_EDGE('',*,*,#6890,.T.);
#5181=ORIENTED_EDGE('',*,*,#6144,.T.);
#5182=ORIENTED_EDGE('',*,*,#6894,.F.);
#5183=ORIENTED_EDGE('',*,*,#6895,.F.);
#5184=ORIENTED_EDGE('',*,*,#6892,.T.);
#5185=ORIENTED_EDGE('',*,*,#6143,.T.);
#5186=ORIENTED_EDGE('',*,*,#6896,.F.);
#5187=ORIENTED_EDGE('',*,*,#6897,.F.);
#5188=ORIENTED_EDGE('',*,*,#6894,.T.);
#5189=ORIENTED_EDGE('',*,*,#6142,.T.);
#5190=ORIENTED_EDGE('',*,*,#6898,.F.);
#5191=ORIENTED_EDGE('',*,*,#6899,.F.);
#5192=ORIENTED_EDGE('',*,*,#6896,.T.);
#5193=ORIENTED_EDGE('',*,*,#6141,.T.);
#5194=ORIENTED_EDGE('',*,*,#6900,.F.);
#5195=ORIENTED_EDGE('',*,*,#6901,.F.);
#5196=ORIENTED_EDGE('',*,*,#6898,.T.);
#5197=ORIENTED_EDGE('',*,*,#6140,.T.);
#5198=ORIENTED_EDGE('',*,*,#6855,.F.);
#5199=ORIENTED_EDGE('',*,*,#6902,.F.);
#5200=ORIENTED_EDGE('',*,*,#6900,.T.);
#5201=ORIENTED_EDGE('',*,*,#6851,.F.);
#5202=ORIENTED_EDGE('',*,*,#6854,.T.);
#5203=ORIENTED_EDGE('',*,*,#6858,.T.);
#5204=ORIENTED_EDGE('',*,*,#6861,.T.);
#5205=ORIENTED_EDGE('',*,*,#6863,.T.);
#5206=ORIENTED_EDGE('',*,*,#6865,.T.);
#5207=ORIENTED_EDGE('',*,*,#6867,.T.);
#5208=ORIENTED_EDGE('',*,*,#6869,.T.);
#5209=ORIENTED_EDGE('',*,*,#6871,.T.);
#5210=ORIENTED_EDGE('',*,*,#6873,.T.);
#5211=ORIENTED_EDGE('',*,*,#6875,.T.);
#5212=ORIENTED_EDGE('',*,*,#6877,.T.);
#5213=ORIENTED_EDGE('',*,*,#6879,.T.);
#5214=ORIENTED_EDGE('',*,*,#6881,.T.);
#5215=ORIENTED_EDGE('',*,*,#6883,.T.);
#5216=ORIENTED_EDGE('',*,*,#6885,.T.);
#5217=ORIENTED_EDGE('',*,*,#6887,.T.);
#5218=ORIENTED_EDGE('',*,*,#6889,.T.);
#5219=ORIENTED_EDGE('',*,*,#6891,.T.);
#5220=ORIENTED_EDGE('',*,*,#6893,.T.);
#5221=ORIENTED_EDGE('',*,*,#6895,.T.);
#5222=ORIENTED_EDGE('',*,*,#6897,.T.);
#5223=ORIENTED_EDGE('',*,*,#6899,.T.);
#5224=ORIENTED_EDGE('',*,*,#6901,.T.);
#5225=ORIENTED_EDGE('',*,*,#6902,.T.);
#5226=ORIENTED_EDGE('',*,*,#6852,.F.);
#5227=ORIENTED_EDGE('',*,*,#6132,.T.);
#5228=ORIENTED_EDGE('',*,*,#6859,.F.);
#5229=ORIENTED_EDGE('',*,*,#6856,.F.);
#5230=ORIENTED_EDGE('',*,*,#6903,.F.);
#5231=ORIENTED_EDGE('',*,*,#6904,.F.);
#5232=ORIENTED_EDGE('',*,*,#6679,.T.);
#5233=ORIENTED_EDGE('',*,*,#6905,.T.);
#5234=ORIENTED_EDGE('',*,*,#6906,.F.);
#5235=ORIENTED_EDGE('',*,*,#6907,.F.);
#5236=ORIENTED_EDGE('',*,*,#6680,.T.);
#5237=ORIENTED_EDGE('',*,*,#6904,.T.);
#5238=ORIENTED_EDGE('',*,*,#6908,.F.);
#5239=ORIENTED_EDGE('',*,*,#6909,.F.);
#5240=ORIENTED_EDGE('',*,*,#6681,.T.);
#5241=ORIENTED_EDGE('',*,*,#6907,.T.);
#5242=ORIENTED_EDGE('',*,*,#6910,.F.);
#5243=ORIENTED_EDGE('',*,*,#6911,.F.);
#5244=ORIENTED_EDGE('',*,*,#6682,.T.);
#5245=ORIENTED_EDGE('',*,*,#6909,.T.);
#5246=ORIENTED_EDGE('',*,*,#6912,.F.);
#5247=ORIENTED_EDGE('',*,*,#6913,.F.);
#5248=ORIENTED_EDGE('',*,*,#6683,.T.);
#5249=ORIENTED_EDGE('',*,*,#6911,.T.);
#5250=ORIENTED_EDGE('',*,*,#6914,.F.);
#5251=ORIENTED_EDGE('',*,*,#6905,.F.);
#5252=ORIENTED_EDGE('',*,*,#6684,.T.);
#5253=ORIENTED_EDGE('',*,*,#6913,.T.);
#5254=ORIENTED_EDGE('',*,*,#6910,.T.);
#5255=ORIENTED_EDGE('',*,*,#6908,.T.);
#5256=ORIENTED_EDGE('',*,*,#6906,.T.);
#5257=ORIENTED_EDGE('',*,*,#6903,.T.);
#5258=ORIENTED_EDGE('',*,*,#6914,.T.);
#5259=ORIENTED_EDGE('',*,*,#6912,.T.);
#5260=ORIENTED_EDGE('',*,*,#6915,.F.);
#5261=ORIENTED_EDGE('',*,*,#6916,.F.);
#5262=ORIENTED_EDGE('',*,*,#6672,.T.);
#5263=ORIENTED_EDGE('',*,*,#6917,.T.);
#5264=ORIENTED_EDGE('',*,*,#6918,.F.);
#5265=ORIENTED_EDGE('',*,*,#6919,.F.);
#5266=ORIENTED_EDGE('',*,*,#6673,.T.);
#5267=ORIENTED_EDGE('',*,*,#6916,.T.);
#5268=ORIENTED_EDGE('',*,*,#6920,.F.);
#5269=ORIENTED_EDGE('',*,*,#6921,.F.);
#5270=ORIENTED_EDGE('',*,*,#6674,.T.);
#5271=ORIENTED_EDGE('',*,*,#6919,.T.);
#5272=ORIENTED_EDGE('',*,*,#6922,.F.);
#5273=ORIENTED_EDGE('',*,*,#6923,.F.);
#5274=ORIENTED_EDGE('',*,*,#6675,.T.);
#5275=ORIENTED_EDGE('',*,*,#6921,.T.);
#5276=ORIENTED_EDGE('',*,*,#6924,.F.);
#5277=ORIENTED_EDGE('',*,*,#6925,.F.);
#5278=ORIENTED_EDGE('',*,*,#6676,.T.);
#5279=ORIENTED_EDGE('',*,*,#6923,.T.);
#5280=ORIENTED_EDGE('',*,*,#6926,.F.);
#5281=ORIENTED_EDGE('',*,*,#6917,.F.);
#5282=ORIENTED_EDGE('',*,*,#6677,.T.);
#5283=ORIENTED_EDGE('',*,*,#6925,.T.);
#5284=ORIENTED_EDGE('',*,*,#6922,.T.);
#5285=ORIENTED_EDGE('',*,*,#6920,.T.);
#5286=ORIENTED_EDGE('',*,*,#6918,.T.);
#5287=ORIENTED_EDGE('',*,*,#6915,.T.);
#5288=ORIENTED_EDGE('',*,*,#6926,.T.);
#5289=ORIENTED_EDGE('',*,*,#6924,.T.);
#5290=ORIENTED_EDGE('',*,*,#6927,.F.);
#5291=ORIENTED_EDGE('',*,*,#6928,.F.);
#5292=ORIENTED_EDGE('',*,*,#6665,.T.);
#5293=ORIENTED_EDGE('',*,*,#6929,.T.);
#5294=ORIENTED_EDGE('',*,*,#6930,.F.);
#5295=ORIENTED_EDGE('',*,*,#6931,.F.);
#5296=ORIENTED_EDGE('',*,*,#6666,.T.);
#5297=ORIENTED_EDGE('',*,*,#6928,.T.);
#5298=ORIENTED_EDGE('',*,*,#6932,.F.);
#5299=ORIENTED_EDGE('',*,*,#6933,.F.);
#5300=ORIENTED_EDGE('',*,*,#6667,.T.);
#5301=ORIENTED_EDGE('',*,*,#6931,.T.);
#5302=ORIENTED_EDGE('',*,*,#6934,.F.);
#5303=ORIENTED_EDGE('',*,*,#6935,.F.);
#5304=ORIENTED_EDGE('',*,*,#6668,.T.);
#5305=ORIENTED_EDGE('',*,*,#6933,.T.);
#5306=ORIENTED_EDGE('',*,*,#6936,.F.);
#5307=ORIENTED_EDGE('',*,*,#6937,.F.);
#5308=ORIENTED_EDGE('',*,*,#6669,.T.);
#5309=ORIENTED_EDGE('',*,*,#6935,.T.);
#5310=ORIENTED_EDGE('',*,*,#6938,.F.);
#5311=ORIENTED_EDGE('',*,*,#6929,.F.);
#5312=ORIENTED_EDGE('',*,*,#6670,.T.);
#5313=ORIENTED_EDGE('',*,*,#6937,.T.);
#5314=ORIENTED_EDGE('',*,*,#6934,.T.);
#5315=ORIENTED_EDGE('',*,*,#6932,.T.);
#5316=ORIENTED_EDGE('',*,*,#6930,.T.);
#5317=ORIENTED_EDGE('',*,*,#6927,.T.);
#5318=ORIENTED_EDGE('',*,*,#6938,.T.);
#5319=ORIENTED_EDGE('',*,*,#6936,.T.);
#5320=ORIENTED_EDGE('',*,*,#6219,.T.);
#5321=ORIENTED_EDGE('',*,*,#6939,.F.);
#5322=ORIENTED_EDGE('',*,*,#5696,.F.);
#5323=ORIENTED_EDGE('',*,*,#6940,.F.);
#5324=ORIENTED_EDGE('',*,*,#6941,.F.);
#5325=ORIENTED_EDGE('',*,*,#6942,.T.);
#5326=ORIENTED_EDGE('',*,*,#6222,.T.);
#5327=ORIENTED_EDGE('',*,*,#6943,.F.);
#5328=ORIENTED_EDGE('',*,*,#5697,.F.);
#5329=ORIENTED_EDGE('',*,*,#6939,.T.);
#5330=ORIENTED_EDGE('',*,*,#6221,.T.);
#5331=ORIENTED_EDGE('',*,*,#6944,.F.);
#5332=ORIENTED_EDGE('',*,*,#5698,.F.);
#5333=ORIENTED_EDGE('',*,*,#6943,.T.);
#5334=ORIENTED_EDGE('',*,*,#6942,.F.);
#5335=ORIENTED_EDGE('',*,*,#6945,.F.);
#5336=ORIENTED_EDGE('',*,*,#6946,.T.);
#5337=ORIENTED_EDGE('',*,*,#5703,.F.);
#5338=ORIENTED_EDGE('',*,*,#6947,.F.);
#5339=ORIENTED_EDGE('',*,*,#6948,.F.);
#5340=ORIENTED_EDGE('',*,*,#6949,.T.);
#5341=ORIENTED_EDGE('',*,*,#5699,.F.);
#5342=ORIENTED_EDGE('',*,*,#6944,.T.);
#5343=ORIENTED_EDGE('',*,*,#6220,.T.);
#5344=ORIENTED_EDGE('',*,*,#5695,.F.);
#5345=ORIENTED_EDGE('',*,*,#6950,.F.);
#5346=ORIENTED_EDGE('',*,*,#6951,.F.);
#5347=ORIENTED_EDGE('',*,*,#6940,.T.);
#5348=ORIENTED_EDGE('',*,*,#5694,.F.);
#5349=ORIENTED_EDGE('',*,*,#6952,.F.);
#5350=ORIENTED_EDGE('',*,*,#6953,.F.);
#5351=ORIENTED_EDGE('',*,*,#6950,.T.);
#5352=ORIENTED_EDGE('',*,*,#5700,.F.);
#5353=ORIENTED_EDGE('',*,*,#6949,.F.);
#5354=ORIENTED_EDGE('',*,*,#6954,.F.);
#5355=ORIENTED_EDGE('',*,*,#6952,.T.);
#5356=ORIENTED_EDGE('',*,*,#5702,.F.);
#5357=ORIENTED_EDGE('',*,*,#6955,.F.);
#5358=ORIENTED_EDGE('',*,*,#6956,.F.);
#5359=ORIENTED_EDGE('',*,*,#6947,.T.);
#5360=ORIENTED_EDGE('',*,*,#5701,.F.);
#5361=ORIENTED_EDGE('',*,*,#6957,.F.);
#5362=ORIENTED_EDGE('',*,*,#6958,.F.);
#5363=ORIENTED_EDGE('',*,*,#6955,.T.);
#5364=ORIENTED_EDGE('',*,*,#5704,.F.);
#5365=ORIENTED_EDGE('',*,*,#6946,.F.);
#5366=ORIENTED_EDGE('',*,*,#6959,.F.);
#5367=ORIENTED_EDGE('',*,*,#6957,.T.);
#5368=ORIENTED_EDGE('',*,*,#6941,.T.);
#5369=ORIENTED_EDGE('',*,*,#6951,.T.);
#5370=ORIENTED_EDGE('',*,*,#6953,.T.);
#5371=ORIENTED_EDGE('',*,*,#6954,.T.);
#5372=ORIENTED_EDGE('',*,*,#6948,.T.);
#5373=ORIENTED_EDGE('',*,*,#6956,.T.);
#5374=ORIENTED_EDGE('',*,*,#6958,.T.);
#5375=ORIENTED_EDGE('',*,*,#6959,.T.);
#5376=ORIENTED_EDGE('',*,*,#6945,.T.);
#5377=ORIENTED_EDGE('',*,*,#6960,.T.);
#5378=ORIENTED_EDGE('',*,*,#6961,.F.);
#5379=ORIENTED_EDGE('',*,*,#6962,.F.);
#5380=ORIENTED_EDGE('',*,*,#6961,.T.);
#5381=ORIENTED_EDGE('',*,*,#6963,.T.);
#5382=ORIENTED_EDGE('',*,*,#6962,.T.);
#5383=ORIENTED_EDGE('',*,*,#6963,.F.);
#5384=ORIENTED_EDGE('',*,*,#6960,.F.);
#5385=ORIENTED_EDGE('',*,*,#6964,.F.);
#5386=ORIENTED_EDGE('',*,*,#6965,.F.);
#5387=ORIENTED_EDGE('',*,*,#6964,.T.);
#5388=ORIENTED_EDGE('',*,*,#6966,.F.);
#5389=ORIENTED_EDGE('',*,*,#6965,.T.);
#5390=ORIENTED_EDGE('',*,*,#6967,.F.);
#5391=ORIENTED_EDGE('',*,*,#6966,.T.);
#5392=ORIENTED_EDGE('',*,*,#6968,.F.);
#5393=ORIENTED_EDGE('',*,*,#6967,.T.);
#5394=ORIENTED_EDGE('',*,*,#6968,.T.);
#5395=ORIENTED_EDGE('',*,*,#6969,.T.);
#5396=ORIENTED_EDGE('',*,*,#6970,.F.);
#5397=ORIENTED_EDGE('',*,*,#6971,.T.);
#5398=ORIENTED_EDGE('',*,*,#6969,.F.);
#5399=ORIENTED_EDGE('',*,*,#6972,.T.);
#5400=ORIENTED_EDGE('',*,*,#6971,.F.);
#5401=ORIENTED_EDGE('',*,*,#6973,.T.);
#5402=ORIENTED_EDGE('',*,*,#6972,.F.);
#5403=ORIENTED_EDGE('',*,*,#6974,.T.);
#5404=ORIENTED_EDGE('',*,*,#6975,.F.);
#5405=ORIENTED_EDGE('',*,*,#6970,.T.);
#5406=ORIENTED_EDGE('',*,*,#6974,.F.);
#5407=ORIENTED_EDGE('',*,*,#6975,.T.);
#5408=ORIENTED_EDGE('',*,*,#6976,.F.);
#5409=ORIENTED_EDGE('',*,*,#6977,.T.);
#5410=ORIENTED_EDGE('',*,*,#6978,.T.);
#5411=ORIENTED_EDGE('',*,*,#6979,.T.);
#5412=ORIENTED_EDGE('',*,*,#6980,.T.);
#5413=ORIENTED_EDGE('',*,*,#6981,.T.);
#5414=ORIENTED_EDGE('',*,*,#6973,.F.);
#5415=ORIENTED_EDGE('',*,*,#6982,.T.);
#5416=ORIENTED_EDGE('',*,*,#6977,.F.);
#5417=ORIENTED_EDGE('',*,*,#6983,.T.);
#5418=ORIENTED_EDGE('',*,*,#6982,.F.);
#5419=ORIENTED_EDGE('',*,*,#6984,.T.);
#5420=ORIENTED_EDGE('',*,*,#6983,.F.);
#5421=ORIENTED_EDGE('',*,*,#6976,.T.);
#5422=ORIENTED_EDGE('',*,*,#6985,.T.);
#5423=ORIENTED_EDGE('',*,*,#6986,.F.);
#5424=ORIENTED_EDGE('',*,*,#6987,.F.);
#5425=ORIENTED_EDGE('',*,*,#6988,.F.);
#5426=ORIENTED_EDGE('',*,*,#6984,.F.);
#5427=ORIENTED_EDGE('',*,*,#6981,.F.);
#5428=ORIENTED_EDGE('',*,*,#6988,.T.);
#5429=ORIENTED_EDGE('',*,*,#6980,.F.);
#5430=ORIENTED_EDGE('',*,*,#6987,.T.);
#5431=ORIENTED_EDGE('',*,*,#6978,.F.);
#5432=ORIENTED_EDGE('',*,*,#6985,.F.);
#5433=ORIENTED_EDGE('',*,*,#6979,.F.);
#5434=ORIENTED_EDGE('',*,*,#6986,.T.);
#5435=EDGE_CURVE('',#6989,#6990,#8061,.T.);
#5436=EDGE_CURVE('',#6991,#6989,#709,.T.);
#5437=EDGE_CURVE('',#6992,#6991,#506,.T.);
#5438=EDGE_CURVE('',#6990,#6992,#710,.F.);
#5439=EDGE_CURVE('',#6993,#6993,#8062,.F.);
#5440=EDGE_CURVE('',#6989,#6994,#711,.T.);
#5441=EDGE_CURVE('',#6995,#6990,#712,.T.);
#5442=EDGE_CURVE('',#6994,#6995,#713,.T.);
#5443=EDGE_CURVE('',#6996,#6997,#8063,.T.);
#5444=EDGE_CURVE('',#6996,#6998,#507,.T.);
#5445=EDGE_CURVE('',#6998,#6999,#8064,.T.);
#5446=EDGE_CURVE('',#6999,#6997,#508,.T.);
#5447=EDGE_CURVE('',#7000,#6998,#8065,.T.);
#5448=EDGE_CURVE('',#6998,#7001,#509,.T.);
#5449=EDGE_CURVE('',#7002,#7001,#8066,.T.);
#5450=EDGE_CURVE('',#7002,#7000,#510,.T.);
#5451=EDGE_CURVE('',#7003,#7000,#8067,.T.);
#5452=EDGE_CURVE('',#7000,#7004,#511,.T.);
#5453=EDGE_CURVE('',#7005,#7004,#8068,.T.);
#5454=EDGE_CURVE('',#7005,#7003,#512,.T.);
#5455=EDGE_CURVE('',#7006,#7007,#8069,.T.);
#5456=EDGE_CURVE('',#7007,#7008,#513,.T.);
#5457=EDGE_CURVE('',#7009,#7008,#8070,.T.);
#5458=EDGE_CURVE('',#7009,#7006,#514,.T.);
#5459=EDGE_CURVE('',#6999,#7006,#8071,.T.);
#5460=EDGE_CURVE('',#7006,#7010,#515,.T.);
#5461=EDGE_CURVE('',#7011,#7010,#8072,.T.);
#5462=EDGE_CURVE('',#7011,#6999,#516,.T.);
#5463=EDGE_CURVE('',#7001,#7012,#714,.T.);
#5464=EDGE_CURVE('',#7013,#7012,#8073,.T.);
#5465=EDGE_CURVE('',#7013,#7002,#715,.F.);
#5466=EDGE_CURVE('',#7004,#7014,#716,.T.);
#5467=EDGE_CURVE('',#7015,#7014,#8074,.T.);
#5468=EDGE_CURVE('',#7015,#7005,#717,.F.);
#5469=EDGE_CURVE('',#7008,#7016,#718,.T.);
#5470=EDGE_CURVE('',#7017,#7016,#8075,.T.);
#5471=EDGE_CURVE('',#7017,#7009,#719,.F.);
#5472=EDGE_CURVE('',#7010,#7018,#720,.T.);
#5473=EDGE_CURVE('',#7019,#7018,#8076,.T.);
#5474=EDGE_CURVE('',#7019,#7011,#721,.F.);
#5475=EDGE_CURVE('',#7020,#7021,#8077,.T.);
#5476=EDGE_CURVE('',#7020,#6996,#722,.F.);
#5477=EDGE_CURVE('',#6997,#7021,#723,.T.);
#5478=EDGE_CURVE('',#7012,#7022,#517,.T.);
#5479=EDGE_CURVE('',#7023,#7022,#8078,.T.);
#5480=EDGE_CURVE('',#7023,#7013,#518,.T.);
#5481=EDGE_CURVE('',#7014,#7023,#519,.T.);
#5482=EDGE_CURVE('',#7024,#7023,#8079,.T.);
#5483=EDGE_CURVE('',#7024,#7015,#520,.T.);
#5484=EDGE_CURVE('',#7016,#7025,#521,.T.);
#5485=EDGE_CURVE('',#7026,#7025,#8080,.T.);
#5486=EDGE_CURVE('',#7026,#7017,#522,.T.);
#5487=EDGE_CURVE('',#7018,#7026,#523,.T.);
#5488=EDGE_CURVE('',#7027,#7026,#8081,.T.);
#5489=EDGE_CURVE('',#7027,#7019,#524,.T.);
#5490=EDGE_CURVE('',#7022,#7027,#8082,.T.);
#5491=EDGE_CURVE('',#7022,#7020,#525,.T.);
#5492=EDGE_CURVE('',#7021,#7027,#526,.T.);
#5493=EDGE_CURVE('',#7028,#7029,#527,.T.);
#5494=EDGE_CURVE('',#7028,#7030,#8083,.T.);
#5495=EDGE_CURVE('',#7031,#7030,#528,.T.);
#5496=EDGE_CURVE('',#7032,#7031,#8084,.T.);
#5497=EDGE_CURVE('',#7033,#7032,#529,.T.);
#5498=EDGE_CURVE('',#7034,#7033,#530,.T.);
#5499=EDGE_CURVE('',#7035,#7034,#8085,.T.);
#5500=EDGE_CURVE('',#7036,#7035,#531,.T.);
#5501=EDGE_CURVE('',#7037,#7036,#532,.T.);
#5502=EDGE_CURVE('',#7029,#7037,#8086,.T.);
#5503=EDGE_CURVE('',#7038,#7038,#533,.T.);
#5504=EDGE_CURVE('',#7039,#7040,#534,.T.);
#5505=EDGE_CURVE('',#7041,#7039,#8087,.T.);
#5506=EDGE_CURVE('',#7042,#7041,#535,.T.);
#5507=EDGE_CURVE('',#7042,#7040,#8088,.T.);
#5508=EDGE_CURVE('',#7043,#7039,#536,.T.);
#5509=EDGE_CURVE('',#7044,#7043,#8089,.T.);
#5510=EDGE_CURVE('',#7041,#7044,#537,.T.);
#5511=EDGE_CURVE('',#7029,#7045,#538,.T.);
#5512=EDGE_CURVE('',#7046,#7037,#539,.T.);
#5513=EDGE_CURVE('',#7045,#7046,#8090,.T.);
#5514=EDGE_CURVE('',#7040,#7047,#724,.F.);
#5515=EDGE_CURVE('',#7048,#7042,#725,.T.);
#5516=EDGE_CURVE('',#7048,#7047,#8091,.T.);
#5517=EDGE_CURVE('',#7049,#7050,#726,.T.);
#5518=EDGE_CURVE('',#7051,#7049,#727,.T.);
#5519=EDGE_CURVE('',#7052,#7051,#728,.F.);
#5520=EDGE_CURVE('',#7052,#7050,#729,.T.);
#5521=EDGE_CURVE('',#7053,#7049,#540,.T.);
#5522=EDGE_CURVE('',#7053,#7054,#8092,.T.);
#5523=EDGE_CURVE('',#7055,#7054,#730,.T.);
#5524=EDGE_CURVE('',#7056,#7055,#8093,.T.);
#5525=EDGE_CURVE('',#7051,#7056,#541,.T.);
#5526=EDGE_CURVE('',#7057,#7057,#8094,.T.);
#5527=EDGE_CURVE('',#7058,#7059,#731,.T.);
#5528=EDGE_CURVE('',#7059,#7056,#732,.F.);
#5529=EDGE_CURVE('',#7055,#7060,#733,.T.);
#5530=EDGE_CURVE('',#7060,#7061,#8095,.T.);
#5531=EDGE_CURVE('',#7061,#7058,#734,.T.);
#5532=EDGE_CURVE('',#7062,#7053,#735,.F.);
#5533=EDGE_CURVE('',#7063,#7062,#736,.T.);
#5534=EDGE_CURVE('',#7064,#7063,#737,.T.);
#5535=EDGE_CURVE('',#7065,#7064,#8096,.T.);
#5536=EDGE_CURVE('',#7054,#7065,#738,.T.);
#5537=EDGE_CURVE('',#7066,#7031,#542,.T.);
#5538=EDGE_CURVE('',#7067,#7066,#8097,.T.);
#5539=EDGE_CURVE('',#7032,#7067,#543,.T.);
#5540=EDGE_CURVE('',#7030,#7068,#739,.F.);
#5541=EDGE_CURVE('',#7069,#7028,#740,.T.);
#5542=EDGE_CURVE('',#7069,#7068,#8098,.T.);
#5543=EDGE_CURVE('',#7043,#7045,#8099,.T.);
#5544=EDGE_CURVE('',#7046,#7070,#741,.T.);
#5545=EDGE_CURVE('',#7070,#7071,#742,.T.);
#5546=EDGE_CURVE('',#7071,#7072,#8100,.T.);
#5547=EDGE_CURVE('',#7072,#7073,#743,.T.);
#5548=EDGE_CURVE('',#7073,#7074,#8101,.T.);
#5549=EDGE_CURVE('',#7074,#7075,#744,.T.);
#5550=EDGE_CURVE('',#7075,#7067,#745,.T.);
#5551=EDGE_CURVE('',#7066,#7044,#8102,.T.);
#5552=EDGE_CURVE('',#7076,#7076,#8103,.T.);
#5553=EDGE_CURVE('',#7077,#7077,#8104,.T.);
#5554=EDGE_CURVE('',#7078,#7079,#746,.T.);
#5555=EDGE_CURVE('',#7079,#7080,#8105,.T.);
#5556=EDGE_CURVE('',#7080,#7081,#747,.T.);
#5557=EDGE_CURVE('',#7081,#7050,#8106,.T.);
#5558=EDGE_CURVE('',#7052,#7082,#8107,.T.);
#5559=EDGE_CURVE('',#7082,#7083,#748,.T.);
#5560=EDGE_CURVE('',#7083,#7078,#8108,.T.);
#5561=EDGE_CURVE('',#7084,#7084,#8109,.T.);
#5562=EDGE_CURVE('',#7085,#7085,#8110,.T.);
#5563=EDGE_CURVE('',#7086,#7087,#8111,.T.);
#5564=EDGE_CURVE('',#7072,#7087,#749,.T.);
#5565=EDGE_CURVE('',#7071,#7086,#750,.T.);
#5566=EDGE_CURVE('',#7087,#7088,#751,.T.);
#5567=EDGE_CURVE('',#7073,#7088,#752,.T.);
#5568=EDGE_CURVE('',#7088,#7089,#8112,.T.);
#5569=EDGE_CURVE('',#7074,#7089,#753,.T.);
#5570=EDGE_CURVE('',#7089,#7090,#754,.T.);
#5571=EDGE_CURVE('',#7083,#7090,#755,.T.);
#5572=EDGE_CURVE('',#7075,#7082,#756,.T.);
#5573=EDGE_CURVE('',#7090,#7091,#8113,.T.);
#5574=EDGE_CURVE('',#7078,#7091,#757,.T.);
#5575=EDGE_CURVE('',#7091,#7092,#758,.T.);
#5576=EDGE_CURVE('',#7079,#7092,#759,.T.);
#5577=EDGE_CURVE('',#7092,#7093,#8114,.T.);
#5578=EDGE_CURVE('',#7080,#7093,#760,.T.);
#5579=EDGE_CURVE('',#7094,#7094,#8115,.T.);
#5580=EDGE_CURVE('',#7095,#7095,#8116,.T.);
#5581=EDGE_CURVE('',#7096,#7096,#8117,.T.);
#5582=EDGE_CURVE('',#7097,#7097,#8118,.T.);
#5583=EDGE_CURVE('',#7093,#7086,#761,.T.);
#5584=EDGE_CURVE('',#7081,#7070,#762,.T.);
#5585=EDGE_CURVE('',#7098,#7098,#8119,.T.);
#5586=EDGE_CURVE('',#7099,#7099,#8120,.T.);
#5587=EDGE_CURVE('',#7100,#7100,#8121,.T.);
#5588=EDGE_CURVE('',#7101,#7101,#8122,.T.);
#5589=EDGE_CURVE('',#7047,#7069,#8123,.T.);
#5590=EDGE_CURVE('',#7068,#7048,#8124,.T.);
#5591=EDGE_CURVE('',#7060,#7034,#763,.T.);
#5592=EDGE_CURVE('',#7061,#7033,#764,.T.);
#5593=EDGE_CURVE('',#7036,#7064,#765,.T.);
#5594=EDGE_CURVE('',#7035,#7065,#766,.T.);
#5595=EDGE_CURVE('',#7070,#7063,#767,.T.);
#5596=EDGE_CURVE('',#7058,#7075,#768,.T.);
#5597=EDGE_CURVE('',#7082,#7059,#8125,.T.);
#5598=EDGE_CURVE('',#7062,#7081,#8126,.T.);
#5599=EDGE_CURVE('',#7068,#7048,#8127,.T.);
#5600=EDGE_CURVE('',#7047,#7069,#8128,.T.);
#5601=EDGE_CURVE('',#7102,#7102,#8129,.T.);
#5602=EDGE_CURVE('',#7103,#7103,#8130,.T.);
#5603=EDGE_CURVE('',#7104,#7105,#8131,.T.);
#5604=EDGE_CURVE('',#7106,#7105,#769,.T.);
#5605=EDGE_CURVE('',#7107,#7106,#8132,.T.);
#5606=EDGE_CURVE('',#7107,#7104,#770,.T.);
#5607=EDGE_CURVE('',#7105,#7108,#771,.T.);
#5608=EDGE_CURVE('',#7109,#7108,#772,.T.);
#5609=EDGE_CURVE('',#7106,#7109,#773,.T.);
#5610=EDGE_CURVE('',#7108,#7110,#8133,.T.);
#5611=EDGE_CURVE('',#7111,#7110,#774,.T.);
#5612=EDGE_CURVE('',#7109,#7111,#8134,.T.);
#5613=EDGE_CURVE('',#7110,#7112,#775,.T.);
#5614=EDGE_CURVE('',#7113,#7112,#776,.T.);
#5615=EDGE_CURVE('',#7111,#7113,#777,.T.);
#5616=EDGE_CURVE('',#7112,#7114,#8135,.T.);
#5617=EDGE_CURVE('',#7115,#7114,#778,.T.);
#5618=EDGE_CURVE('',#7113,#7115,#8136,.T.);
#5619=EDGE_CURVE('',#7114,#7116,#779,.T.);
#5620=EDGE_CURVE('',#7117,#7116,#780,.T.);
#5621=EDGE_CURVE('',#7115,#7117,#781,.T.);
#5622=EDGE_CURVE('',#7116,#7118,#8137,.T.);
#5623=EDGE_CURVE('',#7119,#7118,#782,.T.);
#5624=EDGE_CURVE('',#7117,#7119,#8138,.T.);
#5625=EDGE_CURVE('',#7118,#7104,#783,.T.);
#5626=EDGE_CURVE('',#7119,#7107,#784,.T.);
#5627=EDGE_CURVE('',#7120,#7120,#8139,.T.);
#5628=EDGE_CURVE('',#7121,#7121,#8140,.T.);
#5629=EDGE_CURVE('',#7122,#7122,#8141,.T.);
#5630=EDGE_CURVE('',#7123,#7123,#8142,.T.);
#5631=EDGE_CURVE('',#7124,#7124,#8143,.T.);
#5632=EDGE_CURVE('',#7125,#7125,#8144,.F.);
#5633=EDGE_CURVE('',#7126,#7126,#8145,.T.);
#5634=EDGE_CURVE('',#7127,#7127,#8146,.T.);
#5635=EDGE_CURVE('',#7007,#7003,#8147,.T.);
#5636=EDGE_CURVE('',#7003,#7128,#544,.T.);
#5637=EDGE_CURVE('',#7129,#7128,#8148,.T.);
#5638=EDGE_CURVE('',#7129,#7007,#545,.T.);
#5639=EDGE_CURVE('',#7128,#7130,#785,.T.);
#5640=EDGE_CURVE('',#7131,#7130,#8149,.T.);
#5641=EDGE_CURVE('',#7131,#7129,#786,.F.);
#5642=EDGE_CURVE('',#7130,#7024,#546,.T.);
#5643=EDGE_CURVE('',#7025,#7024,#8150,.T.);
#5644=EDGE_CURVE('',#7025,#7131,#547,.T.);
#5645=EDGE_CURVE('',#7132,#7132,#8151,.T.);
#5646=EDGE_CURVE('',#7133,#7133,#8152,.T.);
#5647=EDGE_CURVE('',#7134,#7134,#8153,.T.);
#5648=EDGE_CURVE('',#7135,#7135,#8154,.T.);
#5649=EDGE_CURVE('',#7136,#7136,#8155,.T.);
#5650=EDGE_CURVE('',#7137,#7137,#8156,.T.);
#5651=EDGE_CURVE('',#7138,#7138,#8157,.T.);
#5652=EDGE_CURVE('',#7139,#7139,#8158,.T.);
#5653=EDGE_CURVE('',#7140,#7140,#8159,.T.);
#5654=EDGE_CURVE('',#7141,#7141,#8160,.T.);
#5655=EDGE_CURVE('',#7142,#7142,#8161,.T.);
#5656=EDGE_CURVE('',#7143,#7143,#8162,.T.);
#5657=EDGE_CURVE('',#7144,#7144,#8163,.T.);
#5658=EDGE_CURVE('',#7145,#7145,#8164,.T.);
#5659=EDGE_CURVE('',#7146,#7146,#8165,.T.);
#5660=EDGE_CURVE('',#7147,#7147,#8166,.T.);
#5661=EDGE_CURVE('',#6991,#7148,#787,.T.);
#5662=EDGE_CURVE('',#7149,#7148,#8167,.T.);
#5663=EDGE_CURVE('',#6992,#7149,#788,.T.);
#5664=EDGE_CURVE('',#7148,#6994,#789,.T.);
#5665=EDGE_CURVE('',#6995,#7149,#790,.T.);
#5666=EDGE_CURVE('',#7150,#7150,#8168,.T.);
#5667=EDGE_CURVE('',#7151,#7151,#8169,.T.);
#5668=EDGE_CURVE('',#7152,#7152,#8170,.T.);
#5669=EDGE_CURVE('',#7153,#7153,#8171,.T.);
#5670=EDGE_CURVE('',#7154,#7154,#8172,.T.);
#5671=EDGE_CURVE('',#7155,#7155,#8173,.T.);
#5672=EDGE_CURVE('',#7156,#7156,#8174,.T.);
#5673=EDGE_CURVE('',#7157,#7157,#8175,.T.);
#5674=EDGE_CURVE('',#7158,#7158,#8176,.T.);
#5675=EDGE_CURVE('',#7159,#7159,#8177,.T.);
#5676=EDGE_CURVE('',#7160,#7160,#8178,.T.);
#5677=EDGE_CURVE('',#7161,#7161,#8179,.F.);
#5678=EDGE_CURVE('',#7162,#7162,#8180,.F.);
#5679=EDGE_CURVE('',#7163,#7163,#8181,.F.);
#5680=EDGE_CURVE('',#7164,#7164,#8182,.F.);
#5681=EDGE_CURVE('',#7165,#7165,#8183,.T.);
#5682=EDGE_CURVE('',#7166,#7166,#8184,.T.);
#5683=EDGE_CURVE('',#7167,#7167,#8185,.F.);
#5684=EDGE_CURVE('',#7168,#7168,#8186,.F.);
#5685=EDGE_CURVE('',#7169,#7169,#8187,.F.);
#5686=EDGE_CURVE('',#7170,#7170,#8188,.F.);
#5687=EDGE_CURVE('',#7171,#7171,#8189,.T.);
#5688=EDGE_CURVE('',#7172,#7172,#8190,.T.);
#5689=EDGE_CURVE('',#7173,#7173,#8191,.T.);
#5690=EDGE_CURVE('',#7174,#7174,#8192,.F.);
#5691=EDGE_CURVE('',#7175,#7175,#8193,.F.);
#5692=EDGE_CURVE('',#7176,#7176,#8194,.F.);
#5693=EDGE_CURVE('',#7177,#7177,#8195,.F.);
#5694=EDGE_CURVE('',#7178,#7179,#791,.T.);
#5695=EDGE_CURVE('',#7179,#7180,#8196,.F.);
#5696=EDGE_CURVE('',#7180,#7181,#792,.T.);
#5697=EDGE_CURVE('',#7181,#7182,#8197,.T.);
#5698=EDGE_CURVE('',#7182,#7183,#793,.T.);
#5699=EDGE_CURVE('',#7183,#7184,#8198,.T.);
#5700=EDGE_CURVE('',#7184,#7178,#8199,.F.);
#5701=EDGE_CURVE('',#7185,#7186,#794,.T.);
#5702=EDGE_CURVE('',#7186,#7187,#8200,.F.);
#5703=EDGE_CURVE('',#7187,#7188,#8201,.T.);
#5704=EDGE_CURVE('',#7188,#7185,#8202,.F.);
#5705=EDGE_CURVE('',#7189,#7190,#8203,.T.);
#5706=EDGE_CURVE('',#7191,#7189,#795,.T.);
#5707=EDGE_CURVE('',#7192,#7191,#8204,.T.);
#5708=EDGE_CURVE('',#7190,#7192,#796,.T.);
#5709=EDGE_CURVE('',#7193,#7194,#8205,.T.);
#5710=EDGE_CURVE('',#7195,#7193,#797,.T.);
#5711=EDGE_CURVE('',#7196,#7195,#8206,.T.);
#5712=EDGE_CURVE('',#7194,#7196,#798,.T.);
#5713=EDGE_CURVE('',#7197,#7198,#8207,.T.);
#5714=EDGE_CURVE('',#7199,#7197,#799,.T.);
#5715=EDGE_CURVE('',#7200,#7199,#8208,.T.);
#5716=EDGE_CURVE('',#7198,#7200,#800,.T.);
#5717=EDGE_CURVE('',#7201,#7202,#801,.T.);
#5718=EDGE_CURVE('',#7203,#7201,#8209,.T.);
#5719=EDGE_CURVE('',#7204,#7203,#802,.T.);
#5720=EDGE_CURVE('',#7202,#7204,#8210,.T.);
#5721=EDGE_CURVE('',#7205,#7206,#8211,.T.);
#5722=EDGE_CURVE('',#7207,#7205,#803,.T.);
#5723=EDGE_CURVE('',#7208,#7207,#8212,.T.);
#5724=EDGE_CURVE('',#7206,#7208,#804,.T.);
#5725=EDGE_CURVE('',#7209,#7210,#8213,.T.);
#5726=EDGE_CURVE('',#7211,#7209,#805,.T.);
#5727=EDGE_CURVE('',#7212,#7211,#8214,.T.);
#5728=EDGE_CURVE('',#7210,#7212,#806,.T.);
#5729=EDGE_CURVE('',#7213,#7214,#8215,.T.);
#5730=EDGE_CURVE('',#7215,#7213,#807,.T.);
#5731=EDGE_CURVE('',#7216,#7215,#8216,.T.);
#5732=EDGE_CURVE('',#7214,#7216,#808,.T.);
#5733=EDGE_CURVE('',#7217,#7218,#809,.T.);
#5734=EDGE_CURVE('',#7219,#7217,#810,.T.);
#5735=EDGE_CURVE('',#7219,#7220,#811,.F.);
#5736=EDGE_CURVE('',#7220,#7218,#812,.T.);
#5737=EDGE_CURVE('',#7221,#7222,#813,.T.);
#5738=EDGE_CURVE('',#7222,#7223,#814,.T.);
#5739=EDGE_CURVE('',#7224,#7223,#815,.T.);
#5740=EDGE_CURVE('',#7221,#7224,#816,.T.);
#5741=EDGE_CURVE('',#7217,#7223,#817,.T.);
#5742=EDGE_CURVE('',#7218,#7224,#818,.T.);
#5743=EDGE_CURVE('',#7220,#7221,#8217,.T.);
#5744=EDGE_CURVE('',#7225,#7219,#819,.F.);
#5745=EDGE_CURVE('',#7226,#7225,#8218,.T.);
#5746=EDGE_CURVE('',#7222,#7226,#820,.T.);
#5747=EDGE_CURVE('',#7227,#7227,#8219,.T.);
#5748=EDGE_CURVE('',#7228,#7225,#548,.T.);
#5749=EDGE_CURVE('',#7229,#7228,#8220,.T.);
#5750=EDGE_CURVE('',#7226,#7229,#549,.T.);
#5751=EDGE_CURVE('',#7230,#7228,#821,.T.);
#5752=EDGE_CURVE('',#7231,#7230,#822,.T.);
#5753=EDGE_CURVE('',#7231,#7229,#823,.T.);
#5754=EDGE_CURVE('',#7232,#7233,#8221,.F.);
#5755=EDGE_CURVE('',#7233,#7234,#824,.T.);
#5756=EDGE_CURVE('',#7234,#7235,#8222,.T.);
#5757=EDGE_CURVE('',#7236,#7235,#825,.F.);
#5758=EDGE_CURVE('',#7237,#7236,#8223,.T.);
#5759=EDGE_CURVE('',#7232,#7237,#826,.T.);
#5760=EDGE_CURVE('',#7238,#7239,#8224,.T.);
#5761=EDGE_CURVE('',#7239,#7240,#827,.F.);
#5762=EDGE_CURVE('',#7240,#7241,#8225,.F.);
#5763=EDGE_CURVE('',#7242,#7241,#828,.F.);
#5764=EDGE_CURVE('',#7243,#7242,#8226,.T.);
#5765=EDGE_CURVE('',#7238,#7243,#829,.T.);
#5766=EDGE_CURVE('',#7239,#7244,#550,.T.);
#5767=EDGE_CURVE('',#7238,#7245,#551,.T.);
#5768=EDGE_CURVE('',#7245,#7244,#8227,.T.);
#5769=EDGE_CURVE('',#7246,#7234,#552,.T.);
#5770=EDGE_CURVE('',#7246,#7247,#8228,.T.);
#5771=EDGE_CURVE('',#7247,#7235,#553,.T.);
#5772=EDGE_CURVE('',#7248,#7246,#554,.T.);
#5773=EDGE_CURVE('',#7248,#7249,#8229,.T.);
#5774=EDGE_CURVE('',#7249,#7247,#555,.T.);
#5775=EDGE_CURVE('',#7244,#7250,#556,.T.);
#5776=EDGE_CURVE('',#7245,#7251,#557,.T.);
#5777=EDGE_CURVE('',#7251,#7250,#8230,.T.);
#5778=EDGE_CURVE('',#7248,#7250,#558,.T.);
#5779=EDGE_CURVE('',#7252,#7251,#559,.T.);
#5780=EDGE_CURVE('',#7252,#7253,#8231,.T.);
#5781=EDGE_CURVE('',#7249,#7253,#560,.T.);
#5782=EDGE_CURVE('',#7237,#7254,#561,.T.);
#5783=EDGE_CURVE('',#7255,#7236,#562,.T.);
#5784=EDGE_CURVE('',#7254,#7255,#8232,.T.);
#5785=EDGE_CURVE('',#7256,#7257,#8233,.F.);
#5786=EDGE_CURVE('',#7257,#7258,#830,.T.);
#5787=EDGE_CURVE('',#7258,#7259,#8234,.T.);
#5788=EDGE_CURVE('',#7260,#7259,#831,.F.);
#5789=EDGE_CURVE('',#7261,#7260,#8235,.T.);
#5790=EDGE_CURVE('',#7256,#7261,#832,.T.);
#5791=EDGE_CURVE('',#7262,#7263,#8236,.T.);
#5792=EDGE_CURVE('',#7263,#7264,#833,.F.);
#5793=EDGE_CURVE('',#7264,#7265,#8237,.F.);
#5794=EDGE_CURVE('',#7266,#7265,#834,.F.);
#5795=EDGE_CURVE('',#7267,#7266,#8238,.T.);
#5796=EDGE_CURVE('',#7262,#7267,#835,.T.);
#5797=EDGE_CURVE('',#7263,#7268,#563,.T.);
#5798=EDGE_CURVE('',#7262,#7269,#564,.T.);
#5799=EDGE_CURVE('',#7269,#7268,#8239,.T.);
#5800=EDGE_CURVE('',#7270,#7258,#565,.T.);
#5801=EDGE_CURVE('',#7270,#7271,#8240,.T.);
#5802=EDGE_CURVE('',#7271,#7259,#566,.T.);
#5803=EDGE_CURVE('',#7268,#7272,#567,.T.);
#5804=EDGE_CURVE('',#7269,#7273,#568,.T.);
#5805=EDGE_CURVE('',#7273,#7272,#8241,.T.);
#5806=EDGE_CURVE('',#7274,#7270,#569,.T.);
#5807=EDGE_CURVE('',#7274,#7275,#8242,.T.);
#5808=EDGE_CURVE('',#7275,#7271,#570,.T.);
#5809=EDGE_CURVE('',#7274,#7272,#571,.T.);
#5810=EDGE_CURVE('',#7276,#7273,#572,.T.);
#5811=EDGE_CURVE('',#7276,#7277,#8243,.T.);
#5812=EDGE_CURVE('',#7275,#7277,#573,.T.);
#5813=EDGE_CURVE('',#7278,#7266,#574,.T.);
#5814=EDGE_CURVE('',#7279,#7278,#8244,.T.);
#5815=EDGE_CURVE('',#7267,#7279,#575,.T.);
#5816=EDGE_CURVE('',#7280,#7281,#576,.T.);
#5817=EDGE_CURVE('',#7282,#7280,#8245,.T.);
#5818=EDGE_CURVE('',#7283,#7282,#577,.T.);
#5819=EDGE_CURVE('',#7283,#7281,#8246,.T.);
#5820=EDGE_CURVE('',#7284,#7285,#578,.T.);
#5821=EDGE_CURVE('',#7284,#7286,#8247,.T.);
#5822=EDGE_CURVE('',#7287,#7286,#579,.T.);
#5823=EDGE_CURVE('',#7285,#7287,#8248,.T.);
#5824=EDGE_CURVE('',#7288,#7242,#580,.T.);
#5825=EDGE_CURVE('',#7289,#7288,#8249,.T.);
#5826=EDGE_CURVE('',#7243,#7289,#581,.T.);
#5827=EDGE_CURVE('',#7290,#7291,#582,.T.);
#5828=EDGE_CURVE('',#7290,#7292,#8250,.T.);
#5829=EDGE_CURVE('',#7293,#7292,#583,.T.);
#5830=EDGE_CURVE('',#7291,#7293,#8251,.T.);
#5831=EDGE_CURVE('',#7294,#7295,#584,.T.);
#5832=EDGE_CURVE('',#7294,#7296,#8252,.T.);
#5833=EDGE_CURVE('',#7297,#7296,#585,.T.);
#5834=EDGE_CURVE('',#7295,#7297,#8253,.T.);
#5835=EDGE_CURVE('',#7261,#7298,#586,.T.);
#5836=EDGE_CURVE('',#7299,#7260,#587,.T.);
#5837=EDGE_CURVE('',#7298,#7299,#8254,.T.);
#5838=EDGE_CURVE('',#7281,#7300,#836,.F.);
#5839=EDGE_CURVE('',#7301,#7283,#837,.T.);
#5840=EDGE_CURVE('',#7301,#7300,#8255,.T.);
#5841=EDGE_CURVE('',#7302,#7284,#838,.T.);
#5842=EDGE_CURVE('',#7302,#7303,#8256,.T.);
#5843=EDGE_CURVE('',#7286,#7303,#839,.F.);
#5844=EDGE_CURVE('',#7304,#7290,#840,.T.);
#5845=EDGE_CURVE('',#7304,#7305,#8257,.T.);
#5846=EDGE_CURVE('',#7292,#7305,#841,.F.);
#5847=EDGE_CURVE('',#7306,#7294,#842,.T.);
#5848=EDGE_CURVE('',#7306,#7307,#8258,.T.);
#5849=EDGE_CURVE('',#7296,#7307,#843,.F.);
#5850=EDGE_CURVE('',#7308,#7309,#8259,.T.);
#5851=EDGE_CURVE('',#7309,#7300,#588,.T.);
#5852=EDGE_CURVE('',#7301,#7308,#589,.T.);
#5853=EDGE_CURVE('',#7302,#7310,#590,.T.);
#5854=EDGE_CURVE('',#7310,#7311,#8260,.T.);
#5855=EDGE_CURVE('',#7311,#7303,#591,.T.);
#5856=EDGE_CURVE('',#7304,#7312,#592,.T.);
#5857=EDGE_CURVE('',#7312,#7313,#8261,.T.);
#5858=EDGE_CURVE('',#7313,#7305,#593,.T.);
#5859=EDGE_CURVE('',#7306,#7314,#594,.T.);
#5860=EDGE_CURVE('',#7314,#7315,#8262,.T.);
#5861=EDGE_CURVE('',#7315,#7307,#595,.T.);
#5862=EDGE_CURVE('',#7316,#7317,#8263,.T.);
#5863=EDGE_CURVE('',#7317,#7309,#596,.T.);
#5864=EDGE_CURVE('',#7308,#7316,#597,.T.);
#5865=EDGE_CURVE('',#7310,#7318,#598,.T.);
#5866=EDGE_CURVE('',#7318,#7319,#8264,.T.);
#5867=EDGE_CURVE('',#7319,#7311,#599,.T.);
#5868=EDGE_CURVE('',#7312,#7320,#600,.T.);
#5869=EDGE_CURVE('',#7320,#7321,#8265,.T.);
#5870=EDGE_CURVE('',#7321,#7313,#601,.T.);
#5871=EDGE_CURVE('',#7314,#7322,#602,.T.);
#5872=EDGE_CURVE('',#7322,#7323,#8266,.T.);
#5873=EDGE_CURVE('',#7323,#7315,#603,.T.);
#5874=EDGE_CURVE('',#7317,#7324,#604,.T.);
#5875=EDGE_CURVE('',#7325,#7316,#605,.T.);
#5876=EDGE_CURVE('',#7325,#7324,#8267,.T.);
#5877=EDGE_CURVE('',#7326,#7318,#606,.T.);
#5878=EDGE_CURVE('',#7326,#7327,#8268,.T.);
#5879=EDGE_CURVE('',#7319,#7327,#607,.T.);
#5880=EDGE_CURVE('',#7328,#7320,#608,.T.);
#5881=EDGE_CURVE('',#7328,#7329,#8269,.T.);
#5882=EDGE_CURVE('',#7321,#7329,#609,.T.);
#5883=EDGE_CURVE('',#7330,#7322,#610,.T.);
#5884=EDGE_CURVE('',#7330,#7331,#8270,.T.);
#5885=EDGE_CURVE('',#7323,#7331,#611,.T.);
#5886=EDGE_CURVE('',#7332,#7333,#8271,.T.);
#5887=EDGE_CURVE('',#7333,#7324,#612,.T.);
#5888=EDGE_CURVE('',#7325,#7332,#613,.T.);
#5889=EDGE_CURVE('',#7326,#7334,#614,.T.);
#5890=EDGE_CURVE('',#7334,#7335,#8272,.T.);
#5891=EDGE_CURVE('',#7335,#7327,#615,.T.);
#5892=EDGE_CURVE('',#7252,#7336,#616,.T.);
#5893=EDGE_CURVE('',#7336,#7337,#8273,.T.);
#5894=EDGE_CURVE('',#7337,#7253,#617,.T.);
#5895=EDGE_CURVE('',#7328,#7338,#618,.T.);
#5896=EDGE_CURVE('',#7338,#7339,#8274,.T.);
#5897=EDGE_CURVE('',#7339,#7329,#619,.T.);
#5898=EDGE_CURVE('',#7330,#7340,#620,.T.);
#5899=EDGE_CURVE('',#7340,#7341,#8275,.T.);
#5900=EDGE_CURVE('',#7341,#7331,#621,.T.);
#5901=EDGE_CURVE('',#7276,#7342,#622,.T.);
#5902=EDGE_CURVE('',#7342,#7343,#8276,.T.);
#5903=EDGE_CURVE('',#7343,#7277,#623,.T.);
#5904=EDGE_CURVE('',#7344,#7345,#624,.T.);
#5905=EDGE_CURVE('',#7344,#7346,#8277,.T.);
#5906=EDGE_CURVE('',#7347,#7346,#625,.T.);
#5907=EDGE_CURVE('',#7347,#7348,#8278,.T.);
#5908=EDGE_CURVE('',#7348,#7349,#626,.T.);
#5909=EDGE_CURVE('',#7345,#7349,#8279,.T.);
#5910=EDGE_CURVE('',#7350,#7351,#627,.T.);
#5911=EDGE_CURVE('',#7352,#7350,#8280,.T.);
#5912=EDGE_CURVE('',#7352,#7353,#628,.T.);
#5913=EDGE_CURVE('',#7353,#7354,#8281,.T.);
#5914=EDGE_CURVE('',#7355,#7354,#629,.T.);
#5915=EDGE_CURVE('',#7355,#7351,#8282,.T.);
#5916=EDGE_CURVE('',#7356,#7357,#630,.T.);
#5917=EDGE_CURVE('',#7357,#7358,#8283,.T.);
#5918=EDGE_CURVE('',#7358,#7359,#631,.T.);
#5919=EDGE_CURVE('',#7359,#7360,#8284,.T.);
#5920=EDGE_CURVE('',#7360,#7361,#632,.T.);
#5921=EDGE_CURVE('',#7361,#7362,#8285,.T.);
#5922=EDGE_CURVE('',#7362,#7363,#633,.T.);
#5923=EDGE_CURVE('',#7363,#7356,#8286,.T.);
#5924=EDGE_CURVE('',#7344,#7364,#634,.T.);
#5925=EDGE_CURVE('',#7365,#7364,#8287,.T.);
#5926=EDGE_CURVE('',#7365,#7351,#635,.T.);
#5927=EDGE_CURVE('',#7355,#7366,#636,.T.);
#5928=EDGE_CURVE('',#7366,#7367,#637,.T.);
#5929=EDGE_CURVE('',#7367,#7368,#638,.T.);
#5930=EDGE_CURVE('',#7369,#7368,#8288,.T.);
#5931=EDGE_CURVE('',#7369,#7370,#639,.T.);
#5932=EDGE_CURVE('',#7370,#7371,#640,.T.);
#5933=EDGE_CURVE('',#7371,#7372,#641,.T.);
#5934=EDGE_CURVE('',#7373,#7372,#8289,.T.);
#5935=EDGE_CURVE('',#7373,#7374,#642,.T.);
#5936=EDGE_CURVE('',#7374,#7375,#643,.T.);
#5937=EDGE_CURVE('',#7375,#7346,#644,.T.);
#5938=EDGE_CURVE('',#7376,#7376,#8290,.T.);
#5939=EDGE_CURVE('',#7345,#7377,#844,.T.);
#5940=EDGE_CURVE('',#7349,#7378,#8291,.T.);
#5941=EDGE_CURVE('',#7378,#7379,#8292,.T.);
#5942=EDGE_CURVE('',#7379,#7380,#8293,.T.);
#5943=EDGE_CURVE('',#7380,#7381,#8294,.T.);
#5944=EDGE_CURVE('',#7381,#7352,#8295,.T.);
#5945=EDGE_CURVE('',#7382,#7350,#845,.T.);
#5946=EDGE_CURVE('',#7382,#7377,#8296,.F.);
#5947=EDGE_CURVE('',#7383,#7383,#8297,.T.);
#5948=EDGE_CURVE('',#7384,#7384,#645,.T.);
#5949=EDGE_CURVE('',#7385,#7385,#646,.T.);
#5950=EDGE_CURVE('',#7386,#7386,#8298,.T.);
#5951=EDGE_CURVE('',#7387,#7387,#647,.T.);
#5952=EDGE_CURVE('',#7388,#7388,#648,.T.);
#5953=EDGE_CURVE('',#7389,#7389,#8299,.T.);
#5954=EDGE_CURVE('',#7390,#7391,#846,.F.);
#5955=EDGE_CURVE('',#7390,#7392,#8300,.T.);
#5956=EDGE_CURVE('',#7392,#7393,#847,.T.);
#5957=EDGE_CURVE('',#7393,#7394,#8301,.T.);
#5958=EDGE_CURVE('',#7394,#7395,#848,.F.);
#5959=EDGE_CURVE('',#7395,#7396,#8302,.T.);
#5960=EDGE_CURVE('',#7397,#7396,#849,.T.);
#5961=EDGE_CURVE('',#7398,#7397,#8303,.T.);
#5962=EDGE_CURVE('',#7398,#7399,#850,.F.);
#5963=EDGE_CURVE('',#7399,#7400,#8304,.T.);
#5964=EDGE_CURVE('',#7400,#7401,#851,.T.);
#5965=EDGE_CURVE('',#7391,#7401,#8305,.T.);
#5966=EDGE_CURVE('',#7402,#7403,#852,.F.);
#5967=EDGE_CURVE('',#7402,#7404,#8306,.T.);
#5968=EDGE_CURVE('',#7405,#7404,#853,.F.);
#5969=EDGE_CURVE('',#7406,#7405,#8307,.T.);
#5970=EDGE_CURVE('',#7407,#7406,#854,.F.);
#5971=EDGE_CURVE('',#7408,#7407,#8308,.T.);
#5972=EDGE_CURVE('',#7409,#7408,#855,.T.);
#5973=EDGE_CURVE('',#7410,#7409,#8309,.T.);
#5974=EDGE_CURVE('',#7411,#7410,#856,.T.);
#5975=EDGE_CURVE('',#7411,#7412,#8310,.T.);
#5976=EDGE_CURVE('',#7413,#7412,#857,.T.);
#5977=EDGE_CURVE('',#7413,#7403,#8311,.T.);
#5978=EDGE_CURVE('',#7402,#7414,#8312,.F.);
#5979=EDGE_CURVE('',#7414,#7415,#858,.T.);
#5980=EDGE_CURVE('',#7415,#7416,#859,.T.);
#5981=EDGE_CURVE('',#7416,#7417,#860,.T.);
#5982=EDGE_CURVE('',#7417,#7404,#8313,.T.);
#5983=EDGE_CURVE('',#7418,#7419,#861,.T.);
#5984=EDGE_CURVE('',#7406,#7418,#8314,.F.);
#5985=EDGE_CURVE('',#7420,#7405,#8315,.T.);
#5986=EDGE_CURVE('',#7421,#7420,#862,.T.);
#5987=EDGE_CURVE('',#7419,#7421,#863,.T.);
#5988=EDGE_CURVE('',#7422,#7423,#864,.T.);
#5989=EDGE_CURVE('',#7424,#7422,#8316,.T.);
#5990=EDGE_CURVE('',#7425,#7424,#865,.T.);
#5991=EDGE_CURVE('',#7423,#7425,#866,.T.);
#5992=EDGE_CURVE('',#7426,#7427,#867,.T.);
#5993=EDGE_CURVE('',#7428,#7426,#868,.T.);
#5994=EDGE_CURVE('',#7429,#7428,#869,.T.);
#5995=EDGE_CURVE('',#7427,#7429,#870,.T.);
#5996=EDGE_CURVE('',#7430,#7431,#8317,.T.);
#5997=EDGE_CURVE('',#7432,#7430,#871,.T.);
#5998=EDGE_CURVE('',#7433,#7432,#8318,.T.);
#5999=EDGE_CURVE('',#7434,#7433,#872,.F.);
#6000=EDGE_CURVE('',#7435,#7434,#8319,.T.);
#6001=EDGE_CURVE('',#7436,#7435,#873,.T.);
#6002=EDGE_CURVE('',#7437,#7436,#8320,.T.);
#6003=EDGE_CURVE('',#7431,#7437,#874,.F.);
#6004=EDGE_CURVE('',#7438,#7439,#875,.T.);
#6005=EDGE_CURVE('',#7438,#7440,#8321,.T.);
#6006=EDGE_CURVE('',#7441,#7440,#876,.F.);
#6007=EDGE_CURVE('',#7441,#7439,#8322,.T.);
#6008=EDGE_CURVE('',#7442,#7443,#8323,.T.);
#6009=EDGE_CURVE('',#7443,#7444,#877,.T.);
#6010=EDGE_CURVE('',#7445,#7444,#8324,.T.);
#6011=EDGE_CURVE('',#7445,#7442,#878,.T.);
#6012=EDGE_CURVE('',#7438,#7445,#649,.T.);
#6013=EDGE_CURVE('',#7444,#7440,#650,.T.);
#6014=EDGE_CURVE('',#7446,#7431,#651,.T.);
#6015=EDGE_CURVE('',#7447,#7446,#8325,.T.);
#6016=EDGE_CURVE('',#7430,#7447,#652,.T.);
#6017=EDGE_CURVE('',#7448,#7434,#653,.T.);
#6018=EDGE_CURVE('',#7449,#7448,#8326,.T.);
#6019=EDGE_CURVE('',#7435,#7449,#654,.T.);
#6020=EDGE_CURVE('',#7446,#7450,#655,.T.);
#6021=EDGE_CURVE('',#7451,#7450,#8327,.T.);
#6022=EDGE_CURVE('',#7451,#7447,#656,.T.);
#6023=EDGE_CURVE('',#7448,#7452,#657,.T.);
#6024=EDGE_CURVE('',#7453,#7452,#8328,.T.);
#6025=EDGE_CURVE('',#7453,#7449,#658,.T.);
#6026=EDGE_CURVE('',#7453,#7454,#879,.T.);
#6027=EDGE_CURVE('',#7455,#7452,#880,.F.);
#6028=EDGE_CURVE('',#7456,#7455,#659,.T.);
#6029=EDGE_CURVE('',#7457,#7456,#8329,.T.);
#6030=EDGE_CURVE('',#7454,#7457,#660,.T.);
#6031=EDGE_CURVE('',#7451,#7458,#881,.T.);
#6032=EDGE_CURVE('',#7459,#7450,#882,.F.);
#6033=EDGE_CURVE('',#7460,#7459,#661,.T.);
#6034=EDGE_CURVE('',#7461,#7460,#8330,.T.);
#6035=EDGE_CURVE('',#7458,#7461,#662,.T.);
#6036=EDGE_CURVE('',#7462,#7456,#883,.F.);
#6037=EDGE_CURVE('',#7463,#7462,#8331,.T.);
#6038=EDGE_CURVE('',#7457,#7463,#884,.F.);
#6039=EDGE_CURVE('',#7461,#7464,#885,.T.);
#6040=EDGE_CURVE('',#7465,#7460,#886,.T.);
#6041=EDGE_CURVE('',#7464,#7465,#8332,.T.);
#6042=EDGE_CURVE('',#7466,#7467,#8333,.T.);
#6043=EDGE_CURVE('',#7466,#7463,#663,.T.);
#6044=EDGE_CURVE('',#7462,#7467,#664,.T.);
#6045=EDGE_CURVE('',#7468,#7469,#8334,.T.);
#6046=EDGE_CURVE('',#7468,#7464,#665,.T.);
#6047=EDGE_CURVE('',#7465,#7469,#666,.T.);
#6048=EDGE_CURVE('',#7470,#7467,#667,.T.);
#6049=EDGE_CURVE('',#7471,#7470,#8335,.T.);
#6050=EDGE_CURVE('',#7466,#7471,#668,.T.);
#6051=EDGE_CURVE('',#7468,#7472,#669,.T.);
#6052=EDGE_CURVE('',#7473,#7469,#670,.T.);
#6053=EDGE_CURVE('',#7472,#7473,#8336,.T.);
#6054=EDGE_CURVE('',#7474,#7470,#671,.T.);
#6055=EDGE_CURVE('',#7475,#7474,#8337,.T.);
#6056=EDGE_CURVE('',#7471,#7475,#672,.T.);
#6057=EDGE_CURVE('',#7472,#7476,#673,.T.);
#6058=EDGE_CURVE('',#7477,#7473,#674,.T.);
#6059=EDGE_CURVE('',#7476,#7477,#8338,.T.);
#6060=EDGE_CURVE('',#7478,#7478,#8339,.T.);
#6061=EDGE_CURVE('',#7475,#7477,#675,.T.);
#6062=EDGE_CURVE('',#7476,#7474,#676,.T.);
#6063=EDGE_CURVE('',#7378,#7479,#677,.T.);
#6064=EDGE_CURVE('',#7479,#7480,#8340,.T.);
#6065=EDGE_CURVE('',#7373,#7480,#678,.T.);
#6066=EDGE_CURVE('',#7481,#7372,#679,.T.);
#6067=EDGE_CURVE('',#7481,#7482,#8341,.T.);
#6068=EDGE_CURVE('',#7482,#7379,#680,.T.);
#6069=EDGE_CURVE('',#7483,#7484,#8342,.T.);
#6070=EDGE_CURVE('',#7484,#7381,#681,.T.);
#6071=EDGE_CURVE('',#7380,#7485,#682,.T.);
#6072=EDGE_CURVE('',#7485,#7486,#8343,.T.);
#6073=EDGE_CURVE('',#7369,#7486,#683,.T.);
#6074=EDGE_CURVE('',#7483,#7368,#684,.T.);
#6075=EDGE_CURVE('',#7356,#7357,#8344,.F.);
#6076=EDGE_CURVE('',#7362,#7363,#8345,.F.);
#6077=EDGE_CURVE('',#7360,#7361,#8346,.F.);
#6078=EDGE_CURVE('',#7358,#7359,#8347,.F.);
#6079=EDGE_CURVE('',#7487,#7487,#8348,.T.);
#6080=EDGE_CURVE('',#7488,#7488,#8349,.T.);
#6081=EDGE_CURVE('',#7489,#7489,#8350,.T.);
#6082=EDGE_CURVE('',#7490,#7490,#8351,.T.);
#6083=EDGE_CURVE('',#7491,#7491,#8352,.T.);
#6084=EDGE_CURVE('',#7492,#7492,#8353,.T.);
#6085=EDGE_CURVE('',#7493,#7493,#8354,.T.);
#6086=EDGE_CURVE('',#7494,#7494,#8355,.T.);
#6087=EDGE_CURVE('',#7495,#7496,#8356,.T.);
#6088=EDGE_CURVE('',#7495,#7496,#8357,.T.);
#6089=EDGE_CURVE('',#7495,#7496,#8358,.T.);
#6090=EDGE_CURVE('',#7497,#7498,#8359,.T.);
#6091=EDGE_CURVE('',#7497,#7498,#8360,.T.);
#6092=EDGE_CURVE('',#7497,#7498,#8361,.T.);
#6093=EDGE_CURVE('',#7499,#7500,#8362,.T.);
#6094=EDGE_CURVE('',#7499,#7500,#8363,.T.);
#6095=EDGE_CURVE('',#7499,#7500,#8364,.T.);
#6096=EDGE_CURVE('',#7501,#7502,#8365,.T.);
#6097=EDGE_CURVE('',#7502,#7501,#8366,.T.);
#6098=EDGE_CURVE('',#7501,#7502,#8367,.T.);
#6099=EDGE_CURVE('',#7503,#7503,#8368,.T.);
#6100=EDGE_CURVE('',#7496,#7497,#8369,.T.);
#6101=EDGE_CURVE('',#7500,#7495,#8370,.T.);
#6102=EDGE_CURVE('',#7502,#7499,#8371,.T.);
#6103=EDGE_CURVE('',#7498,#7501,#8372,.T.);
#6104=EDGE_CURVE('',#7504,#7504,#8373,.F.);
#6105=EDGE_CURVE('',#7482,#7485,#8374,.T.);
#6106=EDGE_CURVE('',#7505,#7481,#887,.T.);
#6107=EDGE_CURVE('',#7506,#7505,#8375,.T.);
#6108=EDGE_CURVE('',#7486,#7506,#888,.T.);
#6109=EDGE_CURVE('',#7506,#7370,#889,.T.);
#6110=EDGE_CURVE('',#7505,#7371,#890,.T.);
#6111=EDGE_CURVE('',#7507,#7507,#8376,.F.);
#6112=EDGE_CURVE('',#7484,#7353,#8377,.T.);
#6113=EDGE_CURVE('',#7508,#7483,#891,.T.);
#6114=EDGE_CURVE('',#7509,#7508,#8378,.T.);
#6115=EDGE_CURVE('',#7354,#7509,#892,.T.);
#6116=EDGE_CURVE('',#7508,#7367,#893,.T.);
#6117=EDGE_CURVE('',#7509,#7366,#894,.T.);
#6118=EDGE_CURVE('',#7510,#7510,#8379,.F.);
#6119=EDGE_CURVE('',#7511,#7347,#895,.T.);
#6120=EDGE_CURVE('',#7512,#7511,#8380,.T.);
#6121=EDGE_CURVE('',#7480,#7512,#896,.T.);
#6122=EDGE_CURVE('',#7348,#7479,#8381,.T.);
#6123=EDGE_CURVE('',#7512,#7374,#897,.T.);
#6124=EDGE_CURVE('',#7511,#7375,#898,.T.);
#6125=EDGE_CURVE('',#7458,#7422,#899,.T.);
#6126=EDGE_CURVE('',#7455,#7424,#900,.T.);
#6127=EDGE_CURVE('',#7433,#7425,#901,.T.);
#6128=EDGE_CURVE('',#7432,#7423,#902,.T.);
#6129=EDGE_CURVE('',#7513,#7437,#903,.T.);
#6130=EDGE_CURVE('',#7514,#7436,#904,.T.);
#6131=EDGE_CURVE('',#7515,#7514,#905,.T.);
#6132=EDGE_CURVE('',#7516,#7515,#906,.T.);
#6133=EDGE_CURVE('',#7513,#7516,#907,.T.);
#6134=EDGE_CURVE('',#7517,#7513,#908,.T.);
#6135=EDGE_CURVE('',#7517,#7459,#909,.T.);
#6136=EDGE_CURVE('',#7518,#7454,#910,.T.);
#6137=EDGE_CURVE('',#7514,#7518,#911,.T.);
#6138=EDGE_CURVE('',#7518,#7517,#8382,.T.);
#6139=EDGE_CURVE('',#7519,#7516,#912,.T.);
#6140=EDGE_CURVE('',#7520,#7519,#8383,.T.);
#6141=EDGE_CURVE('',#7521,#7520,#913,.T.);
#6142=EDGE_CURVE('',#7522,#7521,#8384,.T.);
#6143=EDGE_CURVE('',#7523,#7522,#914,.T.);
#6144=EDGE_CURVE('',#7524,#7523,#8385,.T.);
#6145=EDGE_CURVE('',#7525,#7524,#915,.T.);
#6146=EDGE_CURVE('',#7526,#7525,#8386,.T.);
#6147=EDGE_CURVE('',#7527,#7526,#916,.T.);
#6148=EDGE_CURVE('',#7528,#7527,#8387,.T.);
#6149=EDGE_CURVE('',#7529,#7528,#917,.T.);
#6150=EDGE_CURVE('',#7530,#7529,#8388,.T.);
#6151=EDGE_CURVE('',#7531,#7530,#918,.T.);
#6152=EDGE_CURVE('',#7532,#7531,#8389,.T.);
#6153=EDGE_CURVE('',#7533,#7532,#919,.T.);
#6154=EDGE_CURVE('',#7534,#7533,#8390,.T.);
#6155=EDGE_CURVE('',#7535,#7534,#920,.T.);
#6156=EDGE_CURVE('',#7536,#7535,#8391,.T.);
#6157=EDGE_CURVE('',#7537,#7536,#921,.T.);
#6158=EDGE_CURVE('',#7538,#7537,#8392,.T.);
#6159=EDGE_CURVE('',#7539,#7538,#922,.T.);
#6160=EDGE_CURVE('',#7540,#7539,#8393,.T.);
#6161=EDGE_CURVE('',#7515,#7540,#923,.T.);
#6162=EDGE_CURVE('',#7541,#7541,#8394,.T.);
#6163=EDGE_CURVE('',#7542,#7543,#924,.T.);
#6164=EDGE_CURVE('',#7544,#7542,#925,.T.);
#6165=EDGE_CURVE('',#7545,#7544,#926,.T.);
#6166=EDGE_CURVE('',#7546,#7545,#927,.T.);
#6167=EDGE_CURVE('',#7547,#7546,#928,.T.);
#6168=EDGE_CURVE('',#7543,#7547,#929,.T.);
#6169=EDGE_CURVE('',#7548,#7549,#930,.T.);
#6170=EDGE_CURVE('',#7542,#7548,#931,.T.);
#6171=EDGE_CURVE('',#7543,#7549,#932,.T.);
#6172=EDGE_CURVE('',#7550,#7548,#933,.T.);
#6173=EDGE_CURVE('',#7544,#7550,#934,.T.);
#6174=EDGE_CURVE('',#7551,#7550,#935,.T.);
#6175=EDGE_CURVE('',#7545,#7551,#936,.T.);
#6176=EDGE_CURVE('',#7552,#7551,#937,.T.);
#6177=EDGE_CURVE('',#7546,#7552,#938,.T.);
#6178=EDGE_CURVE('',#7553,#7552,#939,.T.);
#6179=EDGE_CURVE('',#7547,#7553,#940,.T.);
#6180=EDGE_CURVE('',#7549,#7553,#941,.T.);
#6181=EDGE_CURVE('',#7554,#7554,#8395,.T.);
#6182=EDGE_CURVE('',#7555,#7556,#942,.T.);
#6183=EDGE_CURVE('',#7557,#7555,#943,.T.);
#6184=EDGE_CURVE('',#7558,#7557,#944,.T.);
#6185=EDGE_CURVE('',#7559,#7558,#945,.T.);
#6186=EDGE_CURVE('',#7560,#7559,#946,.T.);
#6187=EDGE_CURVE('',#7556,#7560,#947,.T.);
#6188=EDGE_CURVE('',#7561,#7561,#8396,.T.);
#6189=EDGE_CURVE('',#7562,#7563,#948,.T.);
#6190=EDGE_CURVE('',#7564,#7562,#949,.T.);
#6191=EDGE_CURVE('',#7565,#7564,#950,.T.);
#6192=EDGE_CURVE('',#7566,#7565,#951,.T.);
#6193=EDGE_CURVE('',#7567,#7566,#952,.T.);
#6194=EDGE_CURVE('',#7563,#7567,#953,.T.);
#6195=EDGE_CURVE('',#7568,#7569,#954,.T.);
#6196=EDGE_CURVE('',#7555,#7568,#955,.T.);
#6197=EDGE_CURVE('',#7556,#7569,#956,.T.);
#6198=EDGE_CURVE('',#7570,#7568,#957,.T.);
#6199=EDGE_CURVE('',#7557,#7570,#958,.T.);
#6200=EDGE_CURVE('',#7571,#7570,#959,.T.);
#6201=EDGE_CURVE('',#7558,#7571,#960,.T.);
#6202=EDGE_CURVE('',#7572,#7571,#961,.T.);
#6203=EDGE_CURVE('',#7559,#7572,#962,.T.);
#6204=EDGE_CURVE('',#7573,#7572,#963,.T.);
#6205=EDGE_CURVE('',#7560,#7573,#964,.T.);
#6206=EDGE_CURVE('',#7569,#7573,#965,.T.);
#6207=EDGE_CURVE('',#7574,#7575,#966,.T.);
#6208=EDGE_CURVE('',#7562,#7574,#967,.T.);
#6209=EDGE_CURVE('',#7563,#7575,#968,.T.);
#6210=EDGE_CURVE('',#7576,#7574,#969,.T.);
#6211=EDGE_CURVE('',#7564,#7576,#970,.T.);
#6212=EDGE_CURVE('',#7577,#7576,#971,.T.);
#6213=EDGE_CURVE('',#7565,#7577,#972,.T.);
#6214=EDGE_CURVE('',#7578,#7577,#973,.T.);
#6215=EDGE_CURVE('',#7566,#7578,#974,.T.);
#6216=EDGE_CURVE('',#7579,#7578,#975,.T.);
#6217=EDGE_CURVE('',#7567,#7579,#976,.T.);
#6218=EDGE_CURVE('',#7575,#7579,#977,.T.);
#6219=EDGE_CURVE('',#7580,#7581,#978,.T.);
#6220=EDGE_CURVE('',#7582,#7580,#8397,.T.);
#6221=EDGE_CURVE('',#7583,#7582,#979,.T.);
#6222=EDGE_CURVE('',#7581,#7583,#8398,.T.);
#6223=EDGE_CURVE('',#7584,#7441,#980,.T.);
#6224=EDGE_CURVE('',#7585,#7584,#8399,.T.);
#6225=EDGE_CURVE('',#7439,#7585,#981,.T.);
#6226=EDGE_CURVE('',#7585,#7442,#982,.T.);
#6227=EDGE_CURVE('',#7584,#7443,#983,.T.);
#6228=EDGE_CURVE('',#7586,#7427,#984,.T.);
#6229=EDGE_CURVE('',#7587,#7586,#985,.T.);
#6230=EDGE_CURVE('',#7587,#7426,#986,.T.);
#6231=EDGE_CURVE('',#7588,#7429,#987,.T.);
#6232=EDGE_CURVE('',#7586,#7588,#988,.T.);
#6233=EDGE_CURVE('',#7589,#7428,#989,.T.);
#6234=EDGE_CURVE('',#7588,#7589,#990,.T.);
#6235=EDGE_CURVE('',#7589,#7587,#991,.T.);
#6236=EDGE_CURVE('',#7590,#7392,#992,.T.);
#6237=EDGE_CURVE('',#7590,#7591,#993,.T.);
#6238=EDGE_CURVE('',#7591,#7401,#994,.T.);
#6239=EDGE_CURVE('',#7400,#7592,#995,.T.);
#6240=EDGE_CURVE('',#7593,#7592,#996,.T.);
#6241=EDGE_CURVE('',#7393,#7593,#997,.T.);
#6242=EDGE_CURVE('',#7594,#7594,#8400,.F.);
#6243=EDGE_CURVE('',#7395,#7595,#998,.T.);
#6244=EDGE_CURVE('',#7394,#7596,#999,.T.);
#6245=EDGE_CURVE('',#7597,#7596,#1000,.T.);
#6246=EDGE_CURVE('',#7399,#7597,#1001,.T.);
#6247=EDGE_CURVE('',#7398,#7598,#1002,.T.);
#6248=EDGE_CURVE('',#7598,#7595,#1003,.F.);
#6249=EDGE_CURVE('',#7599,#7599,#8401,.F.);
#6250=EDGE_CURVE('',#7600,#7601,#1004,.T.);
#6251=EDGE_CURVE('',#7601,#7602,#8402,.T.);
#6252=EDGE_CURVE('',#7602,#7603,#1005,.T.);
#6253=EDGE_CURVE('',#7603,#7604,#8403,.T.);
#6254=EDGE_CURVE('',#7604,#7605,#1006,.T.);
#6255=EDGE_CURVE('',#7605,#7606,#8404,.T.);
#6256=EDGE_CURVE('',#7606,#7607,#1007,.T.);
#6257=EDGE_CURVE('',#7607,#7608,#8405,.T.);
#6258=EDGE_CURVE('',#7608,#7609,#1008,.T.);
#6259=EDGE_CURVE('',#7609,#7610,#8406,.T.);
#6260=EDGE_CURVE('',#7610,#7611,#1009,.T.);
#6261=EDGE_CURVE('',#7611,#7612,#8407,.T.);
#6262=EDGE_CURVE('',#7612,#7613,#1010,.T.);
#6263=EDGE_CURVE('',#7613,#7614,#8408,.T.);
#6264=EDGE_CURVE('',#7614,#7615,#1011,.T.);
#6265=EDGE_CURVE('',#7615,#7616,#8409,.T.);
#6266=EDGE_CURVE('',#7616,#7617,#1012,.T.);
#6267=EDGE_CURVE('',#7617,#7618,#8410,.T.);
#6268=EDGE_CURVE('',#7618,#7619,#1013,.T.);
#6269=EDGE_CURVE('',#7619,#7620,#8411,.T.);
#6270=EDGE_CURVE('',#7620,#7621,#1014,.T.);
#6271=EDGE_CURVE('',#7621,#7622,#8412,.T.);
#6272=EDGE_CURVE('',#7622,#7623,#1015,.T.);
#6273=EDGE_CURVE('',#7623,#7600,#8413,.T.);
#6274=EDGE_CURVE('',#7592,#7597,#1016,.T.);
#6275=EDGE_CURVE('',#7596,#7593,#1017,.T.);
#6276=EDGE_CURVE('',#7624,#7625,#1018,.T.);
#6277=EDGE_CURVE('',#7626,#7624,#1019,.T.);
#6278=EDGE_CURVE('',#7627,#7626,#1020,.T.);
#6279=EDGE_CURVE('',#7625,#7627,#1021,.T.);
#6280=EDGE_CURVE('',#7628,#7629,#1022,.T.);
#6281=EDGE_CURVE('',#7624,#7628,#1023,.T.);
#6282=EDGE_CURVE('',#7625,#7629,#1024,.T.);
#6283=EDGE_CURVE('',#7629,#7630,#1025,.T.);
#6284=EDGE_CURVE('',#7627,#7630,#1026,.T.);
#6285=EDGE_CURVE('',#7630,#7631,#1027,.T.);
#6286=EDGE_CURVE('',#7626,#7631,#1028,.T.);
#6287=EDGE_CURVE('',#7631,#7628,#1029,.T.);
#6288=EDGE_CURVE('',#7632,#7632,#8414,.T.);
#6289=EDGE_CURVE('',#7633,#7633,#8415,.T.);
#6290=EDGE_CURVE('',#7634,#7634,#8416,.T.);
#6291=EDGE_CURVE('',#7635,#7635,#8417,.T.);
#6292=EDGE_CURVE('',#7636,#7636,#8418,.T.);
#6293=EDGE_CURVE('',#7637,#7638,#1030,.T.);
#6294=EDGE_CURVE('',#7639,#7637,#1031,.T.);
#6295=EDGE_CURVE('',#7640,#7639,#1032,.T.);
#6296=EDGE_CURVE('',#7641,#7640,#1033,.T.);
#6297=EDGE_CURVE('',#7642,#7641,#1034,.T.);
#6298=EDGE_CURVE('',#7638,#7642,#1035,.T.);
#6299=EDGE_CURVE('',#7643,#7643,#8419,.T.);
#6300=EDGE_CURVE('',#7644,#7645,#1036,.T.);
#6301=EDGE_CURVE('',#7646,#7644,#1037,.T.);
#6302=EDGE_CURVE('',#7647,#7646,#1038,.T.);
#6303=EDGE_CURVE('',#7648,#7647,#1039,.T.);
#6304=EDGE_CURVE('',#7649,#7648,#1040,.T.);
#6305=EDGE_CURVE('',#7645,#7649,#1041,.T.);
#6306=EDGE_CURVE('',#7650,#7650,#8420,.T.);
#6307=EDGE_CURVE('',#7651,#7652,#1042,.T.);
#6308=EDGE_CURVE('',#7653,#7651,#1043,.T.);
#6309=EDGE_CURVE('',#7654,#7653,#1044,.T.);
#6310=EDGE_CURVE('',#7655,#7654,#1045,.T.);
#6311=EDGE_CURVE('',#7656,#7655,#1046,.T.);
#6312=EDGE_CURVE('',#7652,#7656,#1047,.T.);
#6313=EDGE_CURVE('',#7657,#7657,#8421,.T.);
#6314=EDGE_CURVE('',#7658,#7659,#1048,.T.);
#6315=EDGE_CURVE('',#7660,#7658,#1049,.T.);
#6316=EDGE_CURVE('',#7661,#7660,#1050,.T.);
#6317=EDGE_CURVE('',#7662,#7661,#1051,.T.);
#6318=EDGE_CURVE('',#7663,#7662,#1052,.T.);
#6319=EDGE_CURVE('',#7659,#7663,#1053,.T.);
#6320=EDGE_CURVE('',#7664,#7659,#1054,.T.);
#6321=EDGE_CURVE('',#7665,#7664,#1055,.T.);
#6322=EDGE_CURVE('',#7665,#7658,#1056,.T.);
#6323=EDGE_CURVE('',#7666,#7663,#1057,.T.);
#6324=EDGE_CURVE('',#7664,#7666,#1058,.T.);
#6325=EDGE_CURVE('',#7667,#7662,#1059,.T.);
#6326=EDGE_CURVE('',#7666,#7667,#1060,.T.);
#6327=EDGE_CURVE('',#7668,#7661,#1061,.T.);
#6328=EDGE_CURVE('',#7667,#7668,#1062,.T.);
#6329=EDGE_CURVE('',#7669,#7660,#1063,.T.);
#6330=EDGE_CURVE('',#7668,#7669,#1064,.T.);
#6331=EDGE_CURVE('',#7669,#7665,#1065,.T.);
#6332=EDGE_CURVE('',#7670,#7652,#1066,.T.);
#6333=EDGE_CURVE('',#7671,#7670,#1067,.T.);
#6334=EDGE_CURVE('',#7671,#7651,#1068,.T.);
#6335=EDGE_CURVE('',#7672,#7656,#1069,.T.);
#6336=EDGE_CURVE('',#7670,#7672,#1070,.T.);
#6337=EDGE_CURVE('',#7673,#7655,#1071,.T.);
#6338=EDGE_CURVE('',#7672,#7673,#1072,.T.);
#6339=EDGE_CURVE('',#7674,#7654,#1073,.T.);
#6340=EDGE_CURVE('',#7673,#7674,#1074,.T.);
#6341=EDGE_CURVE('',#7675,#7653,#1075,.T.);
#6342=EDGE_CURVE('',#7674,#7675,#1076,.T.);
#6343=EDGE_CURVE('',#7675,#7671,#1077,.T.);
#6344=EDGE_CURVE('',#7676,#7638,#1078,.T.);
#6345=EDGE_CURVE('',#7677,#7676,#1079,.T.);
#6346=EDGE_CURVE('',#7677,#7637,#1080,.T.);
#6347=EDGE_CURVE('',#7678,#7642,#1081,.T.);
#6348=EDGE_CURVE('',#7676,#7678,#1082,.T.);
#6349=EDGE_CURVE('',#7679,#7641,#1083,.T.);
#6350=EDGE_CURVE('',#7678,#7679,#1084,.T.);
#6351=EDGE_CURVE('',#7680,#7640,#1085,.T.);
#6352=EDGE_CURVE('',#7679,#7680,#1086,.T.);
#6353=EDGE_CURVE('',#7681,#7639,#1087,.T.);
#6354=EDGE_CURVE('',#7680,#7681,#1088,.T.);
#6355=EDGE_CURVE('',#7681,#7677,#1089,.T.);
#6356=EDGE_CURVE('',#7682,#7645,#1090,.T.);
#6357=EDGE_CURVE('',#7683,#7682,#1091,.T.);
#6358=EDGE_CURVE('',#7683,#7644,#1092,.T.);
#6359=EDGE_CURVE('',#7684,#7649,#1093,.T.);
#6360=EDGE_CURVE('',#7682,#7684,#1094,.T.);
#6361=EDGE_CURVE('',#7685,#7648,#1095,.T.);
#6362=EDGE_CURVE('',#7684,#7685,#1096,.T.);
#6363=EDGE_CURVE('',#7686,#7647,#1097,.T.);
#6364=EDGE_CURVE('',#7685,#7686,#1098,.T.);
#6365=EDGE_CURVE('',#7687,#7646,#1099,.T.);
#6366=EDGE_CURVE('',#7686,#7687,#1100,.T.);
#6367=EDGE_CURVE('',#7687,#7683,#1101,.T.);
#6368=EDGE_CURVE('',#7688,#7688,#8422,.T.);
#6369=EDGE_CURVE('',#7689,#7690,#1102,.T.);
#6370=EDGE_CURVE('',#7691,#7689,#1103,.T.);
#6371=EDGE_CURVE('',#7692,#7691,#1104,.T.);
#6372=EDGE_CURVE('',#7693,#7692,#1105,.T.);
#6373=EDGE_CURVE('',#7694,#7693,#1106,.T.);
#6374=EDGE_CURVE('',#7690,#7694,#1107,.T.);
#6375=EDGE_CURVE('',#7695,#7696,#1108,.T.);
#6376=EDGE_CURVE('',#7689,#7695,#1109,.T.);
#6377=EDGE_CURVE('',#7690,#7696,#1110,.T.);
#6378=EDGE_CURVE('',#7697,#7695,#1111,.T.);
#6379=EDGE_CURVE('',#7691,#7697,#1112,.T.);
#6380=EDGE_CURVE('',#7698,#7697,#1113,.T.);
#6381=EDGE_CURVE('',#7692,#7698,#1114,.T.);
#6382=EDGE_CURVE('',#7699,#7698,#1115,.T.);
#6383=EDGE_CURVE('',#7693,#7699,#1116,.T.);
#6384=EDGE_CURVE('',#7700,#7699,#1117,.T.);
#6385=EDGE_CURVE('',#7694,#7700,#1118,.T.);
#6386=EDGE_CURVE('',#7696,#7700,#1119,.T.);
#6387=EDGE_CURVE('',#7701,#7701,#8423,.T.);
#6388=EDGE_CURVE('',#7702,#7703,#1120,.T.);
#6389=EDGE_CURVE('',#7704,#7702,#1121,.T.);
#6390=EDGE_CURVE('',#7705,#7704,#1122,.T.);
#6391=EDGE_CURVE('',#7706,#7705,#1123,.T.);
#6392=EDGE_CURVE('',#7707,#7706,#1124,.T.);
#6393=EDGE_CURVE('',#7703,#7707,#1125,.T.);
#6394=EDGE_CURVE('',#7708,#7709,#1126,.T.);
#6395=EDGE_CURVE('',#7702,#7708,#1127,.T.);
#6396=EDGE_CURVE('',#7703,#7709,#1128,.T.);
#6397=EDGE_CURVE('',#7710,#7708,#1129,.T.);
#6398=EDGE_CURVE('',#7704,#7710,#1130,.T.);
#6399=EDGE_CURVE('',#7711,#7710,#1131,.T.);
#6400=EDGE_CURVE('',#7705,#7711,#1132,.T.);
#6401=EDGE_CURVE('',#7711,#7712,#1133,.T.);
#6402=EDGE_CURVE('',#7706,#7712,#1134,.T.);
#6403=EDGE_CURVE('',#7713,#7712,#1135,.T.);
#6404=EDGE_CURVE('',#7707,#7713,#1136,.T.);
#6405=EDGE_CURVE('',#7709,#7713,#1137,.T.);
#6406=EDGE_CURVE('',#7595,#7714,#8424,.T.);
#6407=EDGE_CURVE('',#7714,#7396,#1138,.T.);
#6408=EDGE_CURVE('',#7715,#7397,#1139,.T.);
#6409=EDGE_CURVE('',#7598,#7715,#8425,.T.);
#6410=EDGE_CURVE('',#7714,#7715,#1140,.T.);
#6411=EDGE_CURVE('',#7390,#7716,#1141,.T.);
#6412=EDGE_CURVE('',#7391,#7717,#1142,.T.);
#6413=EDGE_CURVE('',#7716,#7717,#1143,.T.);
#6414=EDGE_CURVE('',#7716,#7590,#8426,.T.);
#6415=EDGE_CURVE('',#7717,#7591,#8427,.T.);
#6416=EDGE_CURVE('',#7417,#7420,#1144,.T.);
#6417=EDGE_CURVE('',#7411,#7718,#8428,.T.);
#6418=EDGE_CURVE('',#7410,#7719,#8429,.T.);
#6419=EDGE_CURVE('',#7718,#7719,#1145,.T.);
#6420=EDGE_CURVE('',#7719,#7720,#1146,.T.);
#6421=EDGE_CURVE('',#7721,#7720,#1147,.T.);
#6422=EDGE_CURVE('',#7718,#7721,#1148,.T.);
#6423=EDGE_CURVE('',#7416,#7421,#1149,.T.);
#6424=EDGE_CURVE('',#7721,#7722,#1150,.T.);
#6425=EDGE_CURVE('',#7722,#7723,#1151,.T.);
#6426=EDGE_CURVE('',#7723,#7412,#8430,.F.);
#6427=EDGE_CURVE('',#7724,#7725,#1152,.T.);
#6428=EDGE_CURVE('',#7720,#7724,#1153,.T.);
#6429=EDGE_CURVE('',#7725,#7409,#8431,.F.);
#6430=EDGE_CURVE('',#7408,#7726,#8432,.T.);
#6431=EDGE_CURVE('',#7725,#7726,#1154,.T.);
#6432=EDGE_CURVE('',#7727,#7407,#8433,.T.);
#6433=EDGE_CURVE('',#7418,#7727,#1155,.T.);
#6434=EDGE_CURVE('',#7419,#7728,#1156,.T.);
#6435=EDGE_CURVE('',#7728,#7727,#1157,.T.);
#6436=EDGE_CURVE('',#7724,#7729,#1158,.T.);
#6437=EDGE_CURVE('',#7726,#7729,#1159,.T.);
#6438=EDGE_CURVE('',#7729,#7728,#1160,.T.);
#6439=EDGE_CURVE('',#7730,#7403,#8434,.T.);
#6440=EDGE_CURVE('',#7730,#7414,#1161,.T.);
#6441=EDGE_CURVE('',#7413,#7731,#8435,.T.);
#6442=EDGE_CURVE('',#7731,#7723,#1162,.T.);
#6443=EDGE_CURVE('',#7732,#7722,#1163,.T.);
#6444=EDGE_CURVE('',#7731,#7732,#1164,.T.);
#6445=EDGE_CURVE('',#7733,#7730,#1165,.T.);
#6446=EDGE_CURVE('',#7733,#7415,#1166,.T.);
#6447=EDGE_CURVE('',#7732,#7733,#1167,.T.);
#6448=EDGE_CURVE('',#7734,#7735,#1168,.T.);
#6449=EDGE_CURVE('',#7735,#7736,#8436,.T.);
#6450=EDGE_CURVE('',#7736,#7737,#1169,.T.);
#6451=EDGE_CURVE('',#7738,#7737,#8437,.T.);
#6452=EDGE_CURVE('',#7738,#7739,#1170,.T.);
#6453=EDGE_CURVE('',#7740,#7739,#8438,.T.);
#6454=EDGE_CURVE('',#7740,#7741,#1171,.T.);
#6455=EDGE_CURVE('',#7741,#7742,#8439,.T.);
#6456=EDGE_CURVE('',#7742,#7743,#1172,.T.);
#6457=EDGE_CURVE('',#7743,#7744,#8440,.T.);
#6458=EDGE_CURVE('',#7744,#7745,#1173,.T.);
#6459=EDGE_CURVE('',#7745,#7746,#8441,.T.);
#6460=EDGE_CURVE('',#7746,#7747,#1174,.T.);
#6461=EDGE_CURVE('',#7747,#7748,#8442,.T.);
#6462=EDGE_CURVE('',#7748,#7749,#1175,.T.);
#6463=EDGE_CURVE('',#7750,#7749,#8443,.T.);
#6464=EDGE_CURVE('',#7750,#7751,#1176,.T.);
#6465=EDGE_CURVE('',#7752,#7751,#8444,.T.);
#6466=EDGE_CURVE('',#7752,#7753,#1177,.T.);
#6467=EDGE_CURVE('',#7753,#7754,#8445,.T.);
#6468=EDGE_CURVE('',#7754,#7755,#1178,.T.);
#6469=EDGE_CURVE('',#7755,#7756,#8446,.T.);
#6470=EDGE_CURVE('',#7756,#7757,#1179,.T.);
#6471=EDGE_CURVE('',#7757,#7734,#8447,.T.);
#6472=EDGE_CURVE('',#7758,#7759,#8448,.T.);
#6473=EDGE_CURVE('',#7760,#7758,#1180,.T.);
#6474=EDGE_CURVE('',#7761,#7760,#8449,.T.);
#6475=EDGE_CURVE('',#7759,#7761,#1181,.T.);
#6476=EDGE_CURVE('',#7762,#7763,#1182,.T.);
#6477=EDGE_CURVE('',#7764,#7762,#8450,.T.);
#6478=EDGE_CURVE('',#7765,#7764,#1183,.T.);
#6479=EDGE_CURVE('',#7763,#7765,#8451,.T.);
#6480=EDGE_CURVE('',#7766,#7767,#8452,.T.);
#6481=EDGE_CURVE('',#7768,#7766,#1184,.T.);
#6482=EDGE_CURVE('',#7769,#7768,#8453,.T.);
#6483=EDGE_CURVE('',#7767,#7769,#1185,.T.);
#6484=EDGE_CURVE('',#7770,#7771,#1186,.T.);
#6485=EDGE_CURVE('',#7772,#7770,#8454,.T.);
#6486=EDGE_CURVE('',#7773,#7772,#1187,.T.);
#6487=EDGE_CURVE('',#7771,#7773,#8455,.T.);
#6488=EDGE_CURVE('',#7774,#7775,#8456,.T.);
#6489=EDGE_CURVE('',#7776,#7774,#1188,.T.);
#6490=EDGE_CURVE('',#7777,#7776,#8457,.T.);
#6491=EDGE_CURVE('',#7775,#7777,#1189,.T.);
#6492=EDGE_CURVE('',#7778,#7779,#1190,.T.);
#6493=EDGE_CURVE('',#7780,#7778,#8458,.T.);
#6494=EDGE_CURVE('',#7781,#7780,#1191,.T.);
#6495=EDGE_CURVE('',#7779,#7781,#8459,.T.);
#6496=EDGE_CURVE('',#7782,#7783,#1192,.T.);
#6497=EDGE_CURVE('',#7735,#7783,#1193,.T.);
#6498=EDGE_CURVE('',#7734,#7782,#1194,.T.);
#6499=EDGE_CURVE('',#7783,#7784,#8460,.T.);
#6500=EDGE_CURVE('',#7736,#7784,#1195,.T.);
#6501=EDGE_CURVE('',#7784,#7785,#1196,.T.);
#6502=EDGE_CURVE('',#7737,#7785,#1197,.T.);
#6503=EDGE_CURVE('',#7786,#7785,#8461,.T.);
#6504=EDGE_CURVE('',#7738,#7786,#1198,.T.);
#6505=EDGE_CURVE('',#7786,#7787,#1199,.T.);
#6506=EDGE_CURVE('',#7739,#7787,#1200,.T.);
#6507=EDGE_CURVE('',#7788,#7787,#8462,.T.);
#6508=EDGE_CURVE('',#7740,#7788,#1201,.T.);
#6509=EDGE_CURVE('',#7788,#7789,#1202,.T.);
#6510=EDGE_CURVE('',#7741,#7789,#1203,.T.);
#6511=EDGE_CURVE('',#7789,#7790,#8463,.T.);
#6512=EDGE_CURVE('',#7742,#7790,#1204,.T.);
#6513=EDGE_CURVE('',#7790,#7791,#1205,.T.);
#6514=EDGE_CURVE('',#7743,#7791,#1206,.T.);
#6515=EDGE_CURVE('',#7791,#7792,#8464,.T.);
#6516=EDGE_CURVE('',#7744,#7792,#1207,.T.);
#6517=EDGE_CURVE('',#7792,#7793,#1208,.T.);
#6518=EDGE_CURVE('',#7745,#7793,#1209,.T.);
#6519=EDGE_CURVE('',#7793,#7794,#8465,.T.);
#6520=EDGE_CURVE('',#7746,#7794,#1210,.T.);
#6521=EDGE_CURVE('',#7794,#7795,#1211,.T.);
#6522=EDGE_CURVE('',#7747,#7795,#1212,.T.);
#6523=EDGE_CURVE('',#7795,#7796,#8466,.T.);
#6524=EDGE_CURVE('',#7748,#7796,#1213,.T.);
#6525=EDGE_CURVE('',#7796,#7797,#1214,.T.);
#6526=EDGE_CURVE('',#7749,#7797,#1215,.T.);
#6527=EDGE_CURVE('',#7798,#7797,#8467,.T.);
#6528=EDGE_CURVE('',#7750,#7798,#1216,.T.);
#6529=EDGE_CURVE('',#7798,#7799,#1217,.T.);
#6530=EDGE_CURVE('',#7751,#7799,#1218,.T.);
#6531=EDGE_CURVE('',#7800,#7799,#8468,.T.);
#6532=EDGE_CURVE('',#7752,#7800,#1219,.T.);
#6533=EDGE_CURVE('',#7800,#7801,#1220,.T.);
#6534=EDGE_CURVE('',#7753,#7801,#1221,.T.);
#6535=EDGE_CURVE('',#7801,#7802,#8469,.T.);
#6536=EDGE_CURVE('',#7754,#7802,#1222,.T.);
#6537=EDGE_CURVE('',#7802,#7803,#1223,.T.);
#6538=EDGE_CURVE('',#7755,#7803,#1224,.T.);
#6539=EDGE_CURVE('',#7803,#7804,#8470,.T.);
#6540=EDGE_CURVE('',#7756,#7804,#1225,.T.);
#6541=EDGE_CURVE('',#7804,#7805,#1226,.T.);
#6542=EDGE_CURVE('',#7757,#7805,#1227,.T.);
#6543=EDGE_CURVE('',#7806,#7807,#8471,.T.);
#6544=EDGE_CURVE('',#7758,#7806,#1228,.T.);
#6545=EDGE_CURVE('',#7759,#7807,#1229,.T.);
#6546=EDGE_CURVE('',#7808,#7806,#1230,.T.);
#6547=EDGE_CURVE('',#7760,#7808,#1231,.T.);
#6548=EDGE_CURVE('',#7809,#7808,#8472,.T.);
#6549=EDGE_CURVE('',#7761,#7809,#1232,.T.);
#6550=EDGE_CURVE('',#7810,#7811,#1233,.T.);
#6551=EDGE_CURVE('',#7762,#7810,#1234,.T.);
#6552=EDGE_CURVE('',#7763,#7811,#1235,.T.);
#6553=EDGE_CURVE('',#7812,#7810,#8473,.T.);
#6554=EDGE_CURVE('',#7764,#7812,#1236,.T.);
#6555=EDGE_CURVE('',#7813,#7812,#1237,.T.);
#6556=EDGE_CURVE('',#7765,#7813,#1238,.T.);
#6557=EDGE_CURVE('',#7814,#7815,#8474,.T.);
#6558=EDGE_CURVE('',#7766,#7814,#1239,.T.);
#6559=EDGE_CURVE('',#7767,#7815,#1240,.T.);
#6560=EDGE_CURVE('',#7816,#7814,#1241,.T.);
#6561=EDGE_CURVE('',#7768,#7816,#1242,.T.);
#6562=EDGE_CURVE('',#7817,#7816,#8475,.T.);
#6563=EDGE_CURVE('',#7769,#7817,#1243,.T.);
#6564=EDGE_CURVE('',#7818,#7819,#1244,.T.);
#6565=EDGE_CURVE('',#7770,#7818,#1245,.T.);
#6566=EDGE_CURVE('',#7771,#7819,#1246,.T.);
#6567=EDGE_CURVE('',#7820,#7818,#8476,.T.);
#6568=EDGE_CURVE('',#7772,#7820,#1247,.T.);
#6569=EDGE_CURVE('',#7821,#7820,#1248,.T.);
#6570=EDGE_CURVE('',#7773,#7821,#1249,.T.);
#6571=EDGE_CURVE('',#7822,#7823,#8477,.T.);
#6572=EDGE_CURVE('',#7774,#7822,#1250,.T.);
#6573=EDGE_CURVE('',#7775,#7823,#1251,.T.);
#6574=EDGE_CURVE('',#7824,#7822,#1252,.T.);
#6575=EDGE_CURVE('',#7776,#7824,#1253,.T.);
#6576=EDGE_CURVE('',#7825,#7824,#8478,.T.);
#6577=EDGE_CURVE('',#7777,#7825,#1254,.T.);
#6578=EDGE_CURVE('',#7826,#7827,#1255,.T.);
#6579=EDGE_CURVE('',#7778,#7826,#1256,.T.);
#6580=EDGE_CURVE('',#7779,#7827,#1257,.T.);
#6581=EDGE_CURVE('',#7828,#7826,#8479,.T.);
#6582=EDGE_CURVE('',#7780,#7828,#1258,.T.);
#6583=EDGE_CURVE('',#7829,#7828,#1259,.T.);
#6584=EDGE_CURVE('',#7781,#7829,#1260,.T.);
#6585=EDGE_CURVE('',#7807,#7809,#1261,.T.);
#6586=EDGE_CURVE('',#7811,#7813,#8480,.T.);
#6587=EDGE_CURVE('',#7815,#7817,#1262,.T.);
#6588=EDGE_CURVE('',#7819,#7821,#8481,.T.);
#6589=EDGE_CURVE('',#7823,#7825,#1263,.T.);
#6590=EDGE_CURVE('',#7827,#7829,#8482,.T.);
#6591=EDGE_CURVE('',#7805,#7782,#8483,.T.);
#6592=EDGE_CURVE('',#7830,#7830,#8484,.T.);
#6593=EDGE_CURVE('',#7831,#7831,#8485,.T.);
#6594=EDGE_CURVE('',#7832,#7832,#8486,.T.);
#6595=EDGE_CURVE('',#7833,#7833,#8487,.T.);
#6596=EDGE_CURVE('',#7834,#7834,#8488,.T.);
#6597=EDGE_CURVE('',#7835,#7835,#8489,.T.);
#6598=EDGE_CURVE('',#7836,#7836,#8490,.T.);
#6599=EDGE_CURVE('',#7837,#7837,#8491,.T.);
#6600=EDGE_CURVE('',#7254,#7288,#8492,.T.);
#6601=EDGE_CURVE('',#7255,#7838,#1264,.T.);
#6602=EDGE_CURVE('',#7838,#7839,#8493,.T.);
#6603=EDGE_CURVE('',#7839,#7840,#1265,.T.);
#6604=EDGE_CURVE('',#7840,#7841,#8494,.T.);
#6605=EDGE_CURVE('',#7841,#7842,#1266,.T.);
#6606=EDGE_CURVE('',#7842,#7843,#8495,.T.);
#6607=EDGE_CURVE('',#7843,#7291,#1267,.T.);
#6608=EDGE_CURVE('',#7293,#7844,#1268,.T.);
#6609=EDGE_CURVE('',#7844,#7845,#8496,.T.);
#6610=EDGE_CURVE('',#7845,#7295,#1269,.T.);
#6611=EDGE_CURVE('',#7297,#7846,#1270,.T.);
#6612=EDGE_CURVE('',#7846,#7847,#8497,.T.);
#6613=EDGE_CURVE('',#7847,#7279,#1271,.T.);
#6614=EDGE_CURVE('',#7298,#7278,#8498,.T.);
#6615=EDGE_CURVE('',#7299,#7848,#1272,.T.);
#6616=EDGE_CURVE('',#7848,#7849,#8499,.T.);
#6617=EDGE_CURVE('',#7849,#7282,#1273,.T.);
#6618=EDGE_CURVE('',#7280,#7850,#1274,.T.);
#6619=EDGE_CURVE('',#7850,#7851,#8500,.T.);
#6620=EDGE_CURVE('',#7851,#7285,#1275,.T.);
#6621=EDGE_CURVE('',#7287,#7852,#1276,.T.);
#6622=EDGE_CURVE('',#7852,#7853,#8501,.T.);
#6623=EDGE_CURVE('',#7853,#7289,#1277,.T.);
#6624=EDGE_CURVE('',#7854,#7854,#8502,.F.);
#6625=EDGE_CURVE('',#7855,#7840,#685,.T.);
#6626=EDGE_CURVE('',#7855,#7856,#8503,.T.);
#6627=EDGE_CURVE('',#7841,#7856,#686,.T.);
#6628=EDGE_CURVE('',#7857,#7855,#1278,.T.);
#6629=EDGE_CURVE('',#7857,#7858,#8504,.T.);
#6630=EDGE_CURVE('',#7856,#7858,#1279,.F.);
#6631=EDGE_CURVE('',#7857,#7859,#687,.T.);
#6632=EDGE_CURVE('',#7859,#7860,#8505,.T.);
#6633=EDGE_CURVE('',#7860,#7858,#688,.T.);
#6634=EDGE_CURVE('',#7859,#7861,#689,.T.);
#6635=EDGE_CURVE('',#7861,#7862,#8506,.T.);
#6636=EDGE_CURVE('',#7862,#7860,#690,.T.);
#6637=EDGE_CURVE('',#7863,#7861,#691,.T.);
#6638=EDGE_CURVE('',#7863,#7864,#8507,.T.);
#6639=EDGE_CURVE('',#7862,#7864,#692,.T.);
#6640=EDGE_CURVE('',#7863,#7865,#693,.T.);
#6641=EDGE_CURVE('',#7865,#7866,#8508,.T.);
#6642=EDGE_CURVE('',#7866,#7864,#694,.T.);
#6643=EDGE_CURVE('',#7337,#7838,#695,.T.);
#6644=EDGE_CURVE('',#7853,#7336,#696,.T.);
#6645=EDGE_CURVE('',#7335,#7852,#697,.T.);
#6646=EDGE_CURVE('',#7851,#7334,#698,.T.);
#6647=EDGE_CURVE('',#7333,#7850,#699,.T.);
#6648=EDGE_CURVE('',#7849,#7332,#700,.T.);
#6649=EDGE_CURVE('',#7343,#7848,#701,.T.);
#6650=EDGE_CURVE('',#7847,#7342,#702,.T.);
#6651=EDGE_CURVE('',#7341,#7846,#703,.T.);
#6652=EDGE_CURVE('',#7845,#7340,#704,.T.);
#6653=EDGE_CURVE('',#7339,#7844,#705,.T.);
#6654=EDGE_CURVE('',#7843,#7338,#706,.T.);
#6655=EDGE_CURVE('',#7866,#7842,#707,.T.);
#6656=EDGE_CURVE('',#7839,#7865,#708,.T.);
#6657=EDGE_CURVE('',#7867,#7867,#8509,.T.);
#6658=EDGE_CURVE('',#7868,#7869,#1280,.T.);
#6659=EDGE_CURVE('',#7870,#7868,#1281,.T.);
#6660=EDGE_CURVE('',#7871,#7870,#1282,.T.);
#6661=EDGE_CURVE('',#7872,#7871,#1283,.T.);
#6662=EDGE_CURVE('',#7873,#7872,#1284,.T.);
#6663=EDGE_CURVE('',#7869,#7873,#1285,.T.);
#6664=EDGE_CURVE('',#7874,#7874,#8510,.T.);
#6665=EDGE_CURVE('',#7875,#7876,#1286,.T.);
#6666=EDGE_CURVE('',#7877,#7875,#1287,.T.);
#6667=EDGE_CURVE('',#7878,#7877,#1288,.T.);
#6668=EDGE_CURVE('',#7879,#7878,#1289,.T.);
#6669=EDGE_CURVE('',#7880,#7879,#1290,.T.);
#6670=EDGE_CURVE('',#7876,#7880,#1291,.T.);
#6671=EDGE_CURVE('',#7881,#7881,#8511,.T.);
#6672=EDGE_CURVE('',#7882,#7883,#1292,.T.);
#6673=EDGE_CURVE('',#7884,#7882,#1293,.T.);
#6674=EDGE_CURVE('',#7885,#7884,#1294,.T.);
#6675=EDGE_CURVE('',#7886,#7885,#1295,.T.);
#6676=EDGE_CURVE('',#7887,#7886,#1296,.T.);
#6677=EDGE_CURVE('',#7883,#7887,#1297,.T.);
#6678=EDGE_CURVE('',#7888,#7888,#8512,.T.);
#6679=EDGE_CURVE('',#7889,#7890,#1298,.T.);
#6680=EDGE_CURVE('',#7891,#7889,#1299,.T.);
#6681=EDGE_CURVE('',#7892,#7891,#1300,.T.);
#6682=EDGE_CURVE('',#7893,#7892,#1301,.T.);
#6683=EDGE_CURVE('',#7894,#7893,#1302,.T.);
#6684=EDGE_CURVE('',#7890,#7894,#1303,.T.);
#6685=EDGE_CURVE('',#7895,#7896,#1304,.T.);
#6686=EDGE_CURVE('',#7868,#7895,#1305,.T.);
#6687=EDGE_CURVE('',#7869,#7896,#1306,.T.);
#6688=EDGE_CURVE('',#7897,#7895,#1307,.T.);
#6689=EDGE_CURVE('',#7870,#7897,#1308,.T.);
#6690=EDGE_CURVE('',#7898,#7897,#1309,.T.);
#6691=EDGE_CURVE('',#7871,#7898,#1310,.T.);
#6692=EDGE_CURVE('',#7899,#7898,#1311,.T.);
#6693=EDGE_CURVE('',#7872,#7899,#1312,.T.);
#6694=EDGE_CURVE('',#7900,#7899,#1313,.T.);
#6695=EDGE_CURVE('',#7873,#7900,#1314,.T.);
#6696=EDGE_CURVE('',#7896,#7900,#1315,.T.);
#6697=EDGE_CURVE('',#7377,#7364,#1316,.T.);
#6698=EDGE_CURVE('',#7382,#7365,#1317,.T.);
#6699=EDGE_CURVE('',#7256,#7265,#8513,.T.);
#6700=EDGE_CURVE('',#7264,#7257,#8514,.F.);
#6701=EDGE_CURVE('',#7901,#7901,#8515,.T.);
#6702=EDGE_CURVE('',#7902,#7903,#1318,.T.);
#6703=EDGE_CURVE('',#7904,#7902,#1319,.T.);
#6704=EDGE_CURVE('',#7905,#7904,#1320,.T.);
#6705=EDGE_CURVE('',#7906,#7905,#1321,.T.);
#6706=EDGE_CURVE('',#7907,#7906,#1322,.T.);
#6707=EDGE_CURVE('',#7903,#7907,#1323,.T.);
#6708=EDGE_CURVE('',#7232,#7241,#8516,.T.);
#6709=EDGE_CURVE('',#7240,#7233,#8517,.F.);
#6710=EDGE_CURVE('',#7908,#7908,#8518,.T.);
#6711=EDGE_CURVE('',#7909,#7910,#1324,.T.);
#6712=EDGE_CURVE('',#7911,#7909,#1325,.T.);
#6713=EDGE_CURVE('',#7912,#7911,#1326,.T.);
#6714=EDGE_CURVE('',#7913,#7912,#1327,.T.);
#6715=EDGE_CURVE('',#7914,#7913,#1328,.T.);
#6716=EDGE_CURVE('',#7910,#7914,#1329,.T.);
#6717=EDGE_CURVE('',#7915,#7903,#1330,.T.);
#6718=EDGE_CURVE('',#7916,#7915,#1331,.T.);
#6719=EDGE_CURVE('',#7916,#7902,#1332,.T.);
#6720=EDGE_CURVE('',#7917,#7907,#1333,.T.);
#6721=EDGE_CURVE('',#7915,#7917,#1334,.T.);
#6722=EDGE_CURVE('',#7918,#7906,#1335,.T.);
#6723=EDGE_CURVE('',#7917,#7918,#1336,.T.);
#6724=EDGE_CURVE('',#7919,#7905,#1337,.T.);
#6725=EDGE_CURVE('',#7918,#7919,#1338,.T.);
#6726=EDGE_CURVE('',#7920,#7904,#1339,.T.);
#6727=EDGE_CURVE('',#7919,#7920,#1340,.T.);
#6728=EDGE_CURVE('',#7920,#7916,#1341,.T.);
#6729=EDGE_CURVE('',#7921,#7910,#1342,.T.);
#6730=EDGE_CURVE('',#7922,#7921,#1343,.T.);
#6731=EDGE_CURVE('',#7922,#7909,#1344,.T.);
#6732=EDGE_CURVE('',#7923,#7914,#1345,.T.);
#6733=EDGE_CURVE('',#7921,#7923,#1346,.T.);
#6734=EDGE_CURVE('',#7924,#7913,#1347,.T.);
#6735=EDGE_CURVE('',#7923,#7924,#1348,.T.);
#6736=EDGE_CURVE('',#7925,#7912,#1349,.T.);
#6737=EDGE_CURVE('',#7924,#7925,#1350,.T.);
#6738=EDGE_CURVE('',#7926,#7911,#1351,.T.);
#6739=EDGE_CURVE('',#7925,#7926,#1352,.T.);
#6740=EDGE_CURVE('',#7926,#7922,#1353,.T.);
#6741=EDGE_CURVE('',#7927,#7927,#8519,.T.);
#6742=EDGE_CURVE('',#7928,#7928,#8520,.T.);
#6743=EDGE_CURVE('',#7929,#7222,#1354,.T.);
#6744=EDGE_CURVE('',#7929,#7231,#1355,.T.);
#6745=EDGE_CURVE('',#7930,#7219,#1356,.T.);
#6746=EDGE_CURVE('',#7230,#7930,#1357,.T.);
#6747=EDGE_CURVE('',#7930,#7929,#1358,.T.);
#6748=EDGE_CURVE('',#7931,#7600,#1359,.T.);
#6749=EDGE_CURVE('',#7931,#7206,#1360,.T.);
#6750=EDGE_CURVE('',#7208,#7601,#1361,.T.);
#6751=EDGE_CURVE('',#7207,#7602,#1362,.T.);
#6752=EDGE_CURVE('',#7205,#7932,#1363,.T.);
#6753=EDGE_CURVE('',#7932,#7603,#1364,.T.);
#6754=EDGE_CURVE('',#7932,#7933,#8521,.T.);
#6755=EDGE_CURVE('',#7933,#7604,#1365,.T.);
#6756=EDGE_CURVE('',#7933,#7210,#1366,.T.);
#6757=EDGE_CURVE('',#7212,#7605,#1367,.T.);
#6758=EDGE_CURVE('',#7211,#7934,#8522,.T.);
#6759=EDGE_CURVE('',#7934,#7935,#8523,.T.);
#6760=EDGE_CURVE('',#7935,#7606,#1368,.T.);
#6761=EDGE_CURVE('',#7935,#7936,#1369,.T.);
#6762=EDGE_CURVE('',#7936,#7937,#1370,.T.);
#6763=EDGE_CURVE('',#7937,#7607,#1371,.T.);
#6764=EDGE_CURVE('',#7937,#7938,#8524,.T.);
#6765=EDGE_CURVE('',#7938,#7608,#1372,.T.);
#6766=EDGE_CURVE('',#7938,#7214,#1373,.T.);
#6767=EDGE_CURVE('',#7216,#7609,#1374,.T.);
#6768=EDGE_CURVE('',#7215,#7610,#1375,.T.);
#6769=EDGE_CURVE('',#7213,#7939,#1376,.T.);
#6770=EDGE_CURVE('',#7939,#7611,#1377,.T.);
#6771=EDGE_CURVE('',#7939,#7940,#8525,.T.);
#6772=EDGE_CURVE('',#7940,#7612,#1378,.T.);
#6773=EDGE_CURVE('',#7940,#7190,#1379,.T.);
#6774=EDGE_CURVE('',#7192,#7613,#1380,.T.);
#6775=EDGE_CURVE('',#7191,#7614,#1381,.T.);
#6776=EDGE_CURVE('',#7189,#7941,#1382,.T.);
#6777=EDGE_CURVE('',#7941,#7615,#1383,.T.);
#6778=EDGE_CURVE('',#7941,#7942,#8526,.T.);
#6779=EDGE_CURVE('',#7942,#7616,#1384,.T.);
#6780=EDGE_CURVE('',#7942,#7194,#1385,.T.);
#6781=EDGE_CURVE('',#7196,#7617,#1386,.T.);
#6782=EDGE_CURVE('',#7195,#7202,#8527,.T.);
#6783=EDGE_CURVE('',#7204,#7618,#1387,.T.);
#6784=EDGE_CURVE('',#7203,#7943,#1388,.T.);
#6785=EDGE_CURVE('',#7943,#7619,#1389,.T.);
#6786=EDGE_CURVE('',#7943,#7944,#8528,.T.);
#6787=EDGE_CURVE('',#7944,#7620,#1390,.T.);
#6788=EDGE_CURVE('',#7944,#7198,#1391,.T.);
#6789=EDGE_CURVE('',#7200,#7621,#1392,.T.);
#6790=EDGE_CURVE('',#7199,#7622,#1393,.T.);
#6791=EDGE_CURVE('',#7197,#7945,#1394,.T.);
#6792=EDGE_CURVE('',#7945,#7623,#1395,.T.);
#6793=EDGE_CURVE('',#7945,#7931,#8529,.T.);
#6794=EDGE_CURVE('',#7946,#7934,#1396,.T.);
#6795=EDGE_CURVE('',#7936,#7946,#8530,.T.);
#6796=EDGE_CURVE('',#7947,#7197,#8531,.T.);
#6797=EDGE_CURVE('',#7948,#7947,#1397,.T.);
#6798=EDGE_CURVE('',#7949,#7948,#8532,.T.);
#6799=EDGE_CURVE('',#7950,#7949,#1398,.T.);
#6800=EDGE_CURVE('',#7206,#7950,#8533,.T.);
#6801=EDGE_CURVE('',#7198,#7203,#8534,.T.);
#6802=EDGE_CURVE('',#7951,#7195,#1399,.T.);
#6803=EDGE_CURVE('',#7952,#7951,#8535,.T.);
#6804=EDGE_CURVE('',#7202,#7952,#1400,.T.);
#6805=EDGE_CURVE('',#7194,#7189,#8536,.T.);
#6806=EDGE_CURVE('',#7953,#7213,#8537,.T.);
#6807=EDGE_CURVE('',#7954,#7953,#1401,.T.);
#6808=EDGE_CURVE('',#7955,#7954,#8538,.T.);
#6809=EDGE_CURVE('',#7956,#7955,#1402,.T.);
#6810=EDGE_CURVE('',#7190,#7956,#8539,.T.);
#6811=EDGE_CURVE('',#7214,#7936,#8540,.T.);
#6812=EDGE_CURVE('',#7957,#7211,#1403,.T.);
#6813=EDGE_CURVE('',#7958,#7957,#8541,.T.);
#6814=EDGE_CURVE('',#7934,#7958,#1404,.T.);
#6815=EDGE_CURVE('',#7959,#7955,#1405,.T.);
#6816=EDGE_CURVE('',#7960,#7959,#1406,.T.);
#6817=EDGE_CURVE('',#7960,#7956,#1407,.T.);
#6818=EDGE_CURVE('',#7961,#7954,#1408,.T.);
#6819=EDGE_CURVE('',#7959,#7961,#8542,.T.);
#6820=EDGE_CURVE('',#7962,#7953,#1409,.T.);
#6821=EDGE_CURVE('',#7961,#7962,#1410,.T.);
#6822=EDGE_CURVE('',#7963,#7946,#1411,.T.);
#6823=EDGE_CURVE('',#7962,#7963,#8543,.T.);
#6824=EDGE_CURVE('',#7964,#7958,#1412,.T.);
#6825=EDGE_CURVE('',#7963,#7964,#1413,.T.);
#6826=EDGE_CURVE('',#7965,#7957,#1414,.T.);
#6827=EDGE_CURVE('',#7964,#7965,#8544,.T.);
#6828=EDGE_CURVE('',#7966,#7209,#1415,.T.);
#6829=EDGE_CURVE('',#7965,#7966,#1416,.T.);
#6830=EDGE_CURVE('',#7210,#7205,#8545,.T.);
#6831=EDGE_CURVE('',#7967,#7950,#1417,.T.);
#6832=EDGE_CURVE('',#7966,#7967,#8546,.T.);
#6833=EDGE_CURVE('',#7968,#7949,#1418,.T.);
#6834=EDGE_CURVE('',#7967,#7968,#1419,.T.);
#6835=EDGE_CURVE('',#7969,#7948,#1420,.T.);
#6836=EDGE_CURVE('',#7968,#7969,#8547,.T.);
#6837=EDGE_CURVE('',#7970,#7947,#1421,.T.);
#6838=EDGE_CURVE('',#7969,#7970,#1422,.T.);
#6839=EDGE_CURVE('',#7971,#7201,#1423,.T.);
#6840=EDGE_CURVE('',#7970,#7971,#8548,.T.);
#6841=EDGE_CURVE('',#7972,#7952,#1424,.T.);
#6842=EDGE_CURVE('',#7971,#7972,#1425,.T.);
#6843=EDGE_CURVE('',#7973,#7951,#1426,.T.);
#6844=EDGE_CURVE('',#7972,#7973,#8549,.T.);
#6845=EDGE_CURVE('',#7974,#7193,#1427,.T.);
#6846=EDGE_CURVE('',#7973,#7974,#1428,.T.);
#6847=EDGE_CURVE('',#7974,#7960,#8550,.T.);
#6848=EDGE_CURVE('',#7975,#7975,#8551,.T.);
#6849=EDGE_CURVE('',#7976,#7976,#8552,.T.);
#6850=EDGE_CURVE('',#7977,#7977,#8553,.T.);
#6851=EDGE_CURVE('',#7978,#7978,#8554,.T.);
#6852=EDGE_CURVE('',#7516,#7979,#1429,.T.);
#6853=EDGE_CURVE('',#7980,#7979,#1430,.T.);
#6854=EDGE_CURVE('',#7981,#7980,#1431,.T.);
#6855=EDGE_CURVE('',#7981,#7519,#1432,.T.);
#6856=EDGE_CURVE('',#7979,#7982,#8555,.T.);
#6857=EDGE_CURVE('',#7983,#7982,#1433,.T.);
#6858=EDGE_CURVE('',#7980,#7983,#8556,.T.);
#6859=EDGE_CURVE('',#7982,#7515,#1434,.T.);
#6860=EDGE_CURVE('',#7984,#7540,#1435,.T.);
#6861=EDGE_CURVE('',#7983,#7984,#1436,.T.);
#6862=EDGE_CURVE('',#7985,#7539,#1437,.T.);
#6863=EDGE_CURVE('',#7984,#7985,#8557,.T.);
#6864=EDGE_CURVE('',#7986,#7538,#1438,.T.);
#6865=EDGE_CURVE('',#7985,#7986,#1439,.T.);
#6866=EDGE_CURVE('',#7987,#7537,#1440,.T.);
#6867=EDGE_CURVE('',#7986,#7987,#8558,.T.);
#6868=EDGE_CURVE('',#7988,#7536,#1441,.T.);
#6869=EDGE_CURVE('',#7987,#7988,#1442,.T.);
#6870=EDGE_CURVE('',#7989,#7535,#1443,.T.);
#6871=EDGE_CURVE('',#7988,#7989,#8559,.T.);
#6872=EDGE_CURVE('',#7990,#7534,#1444,.T.);
#6873=EDGE_CURVE('',#7989,#7990,#1445,.T.);
#6874=EDGE_CURVE('',#7991,#7533,#1446,.T.);
#6875=EDGE_CURVE('',#7990,#7991,#8560,.T.);
#6876=EDGE_CURVE('',#7992,#7532,#1447,.T.);
#6877=EDGE_CURVE('',#7991,#7992,#1448,.T.);
#6878=EDGE_CURVE('',#7993,#7531,#1449,.T.);
#6879=EDGE_CURVE('',#7992,#7993,#8561,.T.);
#6880=EDGE_CURVE('',#7994,#7530,#1450,.T.);
#6881=EDGE_CURVE('',#7993,#7994,#1451,.T.);
#6882=EDGE_CURVE('',#7995,#7529,#1452,.T.);
#6883=EDGE_CURVE('',#7994,#7995,#8562,.T.);
#6884=EDGE_CURVE('',#7996,#7528,#1453,.T.);
#6885=EDGE_CURVE('',#7995,#7996,#1454,.T.);
#6886=EDGE_CURVE('',#7997,#7527,#1455,.T.);
#6887=EDGE_CURVE('',#7996,#7997,#8563,.T.);
#6888=EDGE_CURVE('',#7998,#7526,#1456,.T.);
#6889=EDGE_CURVE('',#7997,#7998,#1457,.T.);
#6890=EDGE_CURVE('',#7999,#7525,#1458,.T.);
#6891=EDGE_CURVE('',#7998,#7999,#8564,.T.);
#6892=EDGE_CURVE('',#8000,#7524,#1459,.T.);
#6893=EDGE_CURVE('',#7999,#8000,#1460,.T.);
#6894=EDGE_CURVE('',#8001,#7523,#1461,.T.);
#6895=EDGE_CURVE('',#8000,#8001,#8565,.T.);
#6896=EDGE_CURVE('',#8002,#7522,#1462,.T.);
#6897=EDGE_CURVE('',#8001,#8002,#1463,.T.);
#6898=EDGE_CURVE('',#8003,#7521,#1464,.T.);
#6899=EDGE_CURVE('',#8002,#8003,#8566,.T.);
#6900=EDGE_CURVE('',#8004,#7520,#1465,.T.);
#6901=EDGE_CURVE('',#8003,#8004,#1466,.T.);
#6902=EDGE_CURVE('',#8004,#7981,#8567,.T.);
#6903=EDGE_CURVE('',#8005,#8006,#1467,.T.);
#6904=EDGE_CURVE('',#7889,#8005,#1468,.T.);
#6905=EDGE_CURVE('',#7890,#8006,#1469,.T.);
#6906=EDGE_CURVE('',#8007,#8005,#1470,.T.);
#6907=EDGE_CURVE('',#7891,#8007,#1471,.T.);
#6908=EDGE_CURVE('',#8008,#8007,#1472,.T.);
#6909=EDGE_CURVE('',#7892,#8008,#1473,.T.);
#6910=EDGE_CURVE('',#8009,#8008,#1474,.T.);
#6911=EDGE_CURVE('',#7893,#8009,#1475,.T.);
#6912=EDGE_CURVE('',#8010,#8009,#1476,.T.);
#6913=EDGE_CURVE('',#7894,#8010,#1477,.T.);
#6914=EDGE_CURVE('',#8006,#8010,#1478,.T.);
#6915=EDGE_CURVE('',#8011,#8012,#1479,.T.);
#6916=EDGE_CURVE('',#7882,#8011,#1480,.T.);
#6917=EDGE_CURVE('',#7883,#8012,#1481,.T.);
#6918=EDGE_CURVE('',#8013,#8011,#1482,.T.);
#6919=EDGE_CURVE('',#7884,#8013,#1483,.T.);
#6920=EDGE_CURVE('',#8014,#8013,#1484,.T.);
#6921=EDGE_CURVE('',#7885,#8014,#1485,.T.);
#6922=EDGE_CURVE('',#8015,#8014,#1486,.T.);
#6923=EDGE_CURVE('',#7886,#8015,#1487,.T.);
#6924=EDGE_CURVE('',#8016,#8015,#1488,.T.);
#6925=EDGE_CURVE('',#7887,#8016,#1489,.T.);
#6926=EDGE_CURVE('',#8012,#8016,#1490,.T.);
#6927=EDGE_CURVE('',#8017,#8018,#1491,.T.);
#6928=EDGE_CURVE('',#7875,#8017,#1492,.T.);
#6929=EDGE_CURVE('',#7876,#8018,#1493,.T.);
#6930=EDGE_CURVE('',#8019,#8017,#1494,.T.);
#6931=EDGE_CURVE('',#7877,#8019,#1495,.T.);
#6932=EDGE_CURVE('',#8020,#8019,#1496,.T.);
#6933=EDGE_CURVE('',#7878,#8020,#1497,.T.);
#6934=EDGE_CURVE('',#8021,#8020,#1498,.T.);
#6935=EDGE_CURVE('',#7879,#8021,#1499,.T.);
#6936=EDGE_CURVE('',#8022,#8021,#1500,.T.);
#6937=EDGE_CURVE('',#7880,#8022,#1501,.T.);
#6938=EDGE_CURVE('',#8018,#8022,#1502,.T.);
#6939=EDGE_CURVE('',#7181,#7581,#1503,.T.);
#6940=EDGE_CURVE('',#8023,#7180,#1504,.T.);
#6941=EDGE_CURVE('',#8024,#8023,#1505,.T.);
#6942=EDGE_CURVE('',#8024,#7580,#1506,.T.);
#6943=EDGE_CURVE('',#7182,#7583,#1507,.T.);
#6944=EDGE_CURVE('',#7183,#7582,#1508,.T.);
#6945=EDGE_CURVE('',#8025,#8024,#8568,.T.);
#6946=EDGE_CURVE('',#8025,#7188,#1509,.T.);
#6947=EDGE_CURVE('',#8026,#7187,#1510,.T.);
#6948=EDGE_CURVE('',#8027,#8026,#8569,.T.);
#6949=EDGE_CURVE('',#8027,#7184,#1511,.T.);
#6950=EDGE_CURVE('',#8028,#7179,#1512,.T.);
#6951=EDGE_CURVE('',#8023,#8028,#8570,.T.);
#6952=EDGE_CURVE('',#8029,#7178,#1513,.T.);
#6953=EDGE_CURVE('',#8028,#8029,#1514,.T.);
#6954=EDGE_CURVE('',#8029,#8027,#8571,.T.);
#6955=EDGE_CURVE('',#8030,#7186,#1515,.T.);
#6956=EDGE_CURVE('',#8026,#8030,#8572,.T.);
#6957=EDGE_CURVE('',#8031,#7185,#1516,.T.);
#6958=EDGE_CURVE('',#8030,#8031,#1517,.T.);
#6959=EDGE_CURVE('',#8031,#8025,#8573,.T.);
#6960=EDGE_CURVE('',#8032,#8032,#8574,.T.);
#6961=EDGE_CURVE('',#8033,#8033,#8575,.T.);
#6962=EDGE_CURVE('',#8034,#8034,#8576,.T.);
#6963=EDGE_CURVE('',#8035,#8035,#8577,.F.);
#6964=EDGE_CURVE('',#8036,#8036,#8578,.T.);
#6965=EDGE_CURVE('',#8037,#8037,#8579,.T.);
#6966=EDGE_CURVE('',#8038,#8038,#8580,.T.);
#6967=EDGE_CURVE('',#8039,#8039,#8581,.T.);
#6968=EDGE_CURVE('',#8040,#8040,#8582,.T.);
#6969=EDGE_CURVE('',#8041,#8041,#8583,.T.);
#6970=EDGE_CURVE('',#8042,#8042,#8584,.T.);
#6971=EDGE_CURVE('',#8043,#8043,#8585,.T.);
#6972=EDGE_CURVE('',#8044,#8044,#8586,.T.);
#6973=EDGE_CURVE('',#8045,#8045,#8587,.T.);
#6974=EDGE_CURVE('',#8046,#8046,#8588,.T.);
#6975=EDGE_CURVE('',#8047,#8047,#8589,.T.);
#6976=EDGE_CURVE('',#8048,#8048,#8590,.T.);
#6977=EDGE_CURVE('',#8049,#8049,#8591,.T.);
#6978=EDGE_CURVE('',#8050,#8050,#8592,.F.);
#6979=EDGE_CURVE('',#8051,#8051,#8593,.F.);
#6980=EDGE_CURVE('',#8052,#8052,#8594,.F.);
#6981=EDGE_CURVE('',#8053,#8053,#8595,.F.);
#6982=EDGE_CURVE('',#8054,#8054,#8596,.T.);
#6983=EDGE_CURVE('',#8055,#8055,#8597,.T.);
#6984=EDGE_CURVE('',#8056,#8056,#8598,.T.);
#6985=EDGE_CURVE('',#8057,#8057,#8599,.F.);
#6986=EDGE_CURVE('',#8058,#8058,#8600,.T.);
#6987=EDGE_CURVE('',#8059,#8059,#8601,.T.);
#6988=EDGE_CURVE('',#8060,#8060,#8602,.T.);
#6989=VERTEX_POINT('',#16579);
#6990=VERTEX_POINT('',#16580);
#6991=VERTEX_POINT('',#16582);
#6992=VERTEX_POINT('',#16590);
#6993=VERTEX_POINT('',#16593);
#6994=VERTEX_POINT('',#16596);
#6995=VERTEX_POINT('',#16598);
#6996=VERTEX_POINT('',#16602);
#6997=VERTEX_POINT('',#16603);
#6998=VERTEX_POINT('',#16608);
#6999=VERTEX_POINT('',#16610);
#7000=VERTEX_POINT('',#16617);
#7001=VERTEX_POINT('',#16622);
#7002=VERTEX_POINT('',#16624);
#7003=VERTEX_POINT('',#16631);
#7004=VERTEX_POINT('',#16636);
#7005=VERTEX_POINT('',#16638);
#7006=VERTEX_POINT('',#16645);
#7007=VERTEX_POINT('',#16646);
#7008=VERTEX_POINT('',#16651);
#7009=VERTEX_POINT('',#16653);
#7010=VERTEX_POINT('',#16664);
#7011=VERTEX_POINT('',#16666);
#7012=VERTEX_POINT('',#16673);
#7013=VERTEX_POINT('',#16675);
#7014=VERTEX_POINT('',#16679);
#7015=VERTEX_POINT('',#16681);
#7016=VERTEX_POINT('',#16685);
#7017=VERTEX_POINT('',#16687);
#7018=VERTEX_POINT('',#16691);
#7019=VERTEX_POINT('',#16693);
#7020=VERTEX_POINT('',#16697);
#7021=VERTEX_POINT('',#16698);
#7022=VERTEX_POINT('',#16706);
#7023=VERTEX_POINT('',#16708);
#7024=VERTEX_POINT('',#16719);
#7025=VERTEX_POINT('',#16729);
#7026=VERTEX_POINT('',#16731);
#7027=VERTEX_POINT('',#16742);
#7028=VERTEX_POINT('',#16762);
#7029=VERTEX_POINT('',#16763);
#7030=VERTEX_POINT('',#16765);
#7031=VERTEX_POINT('',#16770);
#7032=VERTEX_POINT('',#16772);
#7033=VERTEX_POINT('',#16777);
#7034=VERTEX_POINT('',#16785);
#7035=VERTEX_POINT('',#16787);
#7036=VERTEX_POINT('',#16795);
#7037=VERTEX_POINT('',#16800);
#7038=VERTEX_POINT('',#16809);
#7039=VERTEX_POINT('',#16815);
#7040=VERTEX_POINT('',#16816);
#7041=VERTEX_POINT('',#16818);
#7042=VERTEX_POINT('',#16823);
#7043=VERTEX_POINT('',#16833);
#7044=VERTEX_POINT('',#16835);
#7045=VERTEX_POINT('',#16851);
#7046=VERTEX_POINT('',#16858);
#7047=VERTEX_POINT('',#16862);
#7048=VERTEX_POINT('',#16864);
#7049=VERTEX_POINT('',#16868);
#7050=VERTEX_POINT('',#16869);
#7051=VERTEX_POINT('',#16871);
#7052=VERTEX_POINT('',#16873);
#7053=VERTEX_POINT('',#16891);
#7054=VERTEX_POINT('',#16893);
#7055=VERTEX_POINT('',#16895);
#7056=VERTEX_POINT('',#16897);
#7057=VERTEX_POINT('',#16915);
#7058=VERTEX_POINT('',#16917);
#7059=VERTEX_POINT('',#16918);
#7060=VERTEX_POINT('',#16921);
#7061=VERTEX_POINT('',#16923);
#7062=VERTEX_POINT('',#16927);
#7063=VERTEX_POINT('',#16929);
#7064=VERTEX_POINT('',#16931);
#7065=VERTEX_POINT('',#16933);
#7066=VERTEX_POINT('',#16943);
#7067=VERTEX_POINT('',#16945);
#7068=VERTEX_POINT('',#16954);
#7069=VERTEX_POINT('',#16956);
#7070=VERTEX_POINT('',#16961);
#7071=VERTEX_POINT('',#16963);
#7072=VERTEX_POINT('',#16965);
#7073=VERTEX_POINT('',#16967);
#7074=VERTEX_POINT('',#16969);
#7075=VERTEX_POINT('',#16971);
#7076=VERTEX_POINT('',#16975);
#7077=VERTEX_POINT('',#16977);
#7078=VERTEX_POINT('',#16980);
#7079=VERTEX_POINT('',#16981);
#7080=VERTEX_POINT('',#16983);
#7081=VERTEX_POINT('',#16985);
#7082=VERTEX_POINT('',#16988);
#7083=VERTEX_POINT('',#16990);
#7084=VERTEX_POINT('',#16993);
#7085=VERTEX_POINT('',#16995);
#7086=VERTEX_POINT('',#16998);
#7087=VERTEX_POINT('',#16999);
#7088=VERTEX_POINT('',#17004);
#7089=VERTEX_POINT('',#17008);
#7090=VERTEX_POINT('',#17012);
#7091=VERTEX_POINT('',#17017);
#7092=VERTEX_POINT('',#17021);
#7093=VERTEX_POINT('',#17025);
#7094=VERTEX_POINT('',#17029);
#7095=VERTEX_POINT('',#17032);
#7096=VERTEX_POINT('',#17035);
#7097=VERTEX_POINT('',#17038);
#7098=VERTEX_POINT('',#17044);
#7099=VERTEX_POINT('',#17047);
#7100=VERTEX_POINT('',#17049);
#7101=VERTEX_POINT('',#17052);
#7102=VERTEX_POINT('',#17081);
#7103=VERTEX_POINT('',#17084);
#7104=VERTEX_POINT('',#17087);
#7105=VERTEX_POINT('',#17088);
#7106=VERTEX_POINT('',#17090);
#7107=VERTEX_POINT('',#17092);
#7108=VERTEX_POINT('',#17096);
#7109=VERTEX_POINT('',#17098);
#7110=VERTEX_POINT('',#17102);
#7111=VERTEX_POINT('',#17104);
#7112=VERTEX_POINT('',#17108);
#7113=VERTEX_POINT('',#17110);
#7114=VERTEX_POINT('',#17114);
#7115=VERTEX_POINT('',#17116);
#7116=VERTEX_POINT('',#17120);
#7117=VERTEX_POINT('',#17122);
#7118=VERTEX_POINT('',#17126);
#7119=VERTEX_POINT('',#17128);
#7120=VERTEX_POINT('',#17135);
#7121=VERTEX_POINT('',#17137);
#7122=VERTEX_POINT('',#17139);
#7123=VERTEX_POINT('',#17141);
#7124=VERTEX_POINT('',#17145);
#7125=VERTEX_POINT('',#17147);
#7126=VERTEX_POINT('',#17150);
#7127=VERTEX_POINT('',#17154);
#7128=VERTEX_POINT('',#17162);
#7129=VERTEX_POINT('',#17164);
#7130=VERTEX_POINT('',#17171);
#7131=VERTEX_POINT('',#17173);
#7132=VERTEX_POINT('',#17187);
#7133=VERTEX_POINT('',#17190);
#7134=VERTEX_POINT('',#17193);
#7135=VERTEX_POINT('',#17203);
#7136=VERTEX_POINT('',#17207);
#7137=VERTEX_POINT('',#17210);
#7138=VERTEX_POINT('',#17213);
#7139=VERTEX_POINT('',#17217);
#7140=VERTEX_POINT('',#17220);
#7141=VERTEX_POINT('',#17223);
#7142=VERTEX_POINT('',#17226);
#7143=VERTEX_POINT('',#17229);
#7144=VERTEX_POINT('',#17232);
#7145=VERTEX_POINT('',#17235);
#7146=VERTEX_POINT('',#17239);
#7147=VERTEX_POINT('',#17243);
#7148=VERTEX_POINT('',#17247);
#7149=VERTEX_POINT('',#17249);
#7150=VERTEX_POINT('',#17259);
#7151=VERTEX_POINT('',#17261);
#7152=VERTEX_POINT('',#17264);
#7153=VERTEX_POINT('',#17266);
#7154=VERTEX_POINT('',#17268);
#7155=VERTEX_POINT('',#17270);
#7156=VERTEX_POINT('',#17272);
#7157=VERTEX_POINT('',#17275);
#7158=VERTEX_POINT('',#17278);
#7159=VERTEX_POINT('',#17281);
#7160=VERTEX_POINT('',#17284);
#7161=VERTEX_POINT('',#17286);
#7162=VERTEX_POINT('',#17288);
#7163=VERTEX_POINT('',#17290);
#7164=VERTEX_POINT('',#17292);
#7165=VERTEX_POINT('',#17295);
#7166=VERTEX_POINT('',#17298);
#7167=VERTEX_POINT('',#17300);
#7168=VERTEX_POINT('',#17302);
#7169=VERTEX_POINT('',#17304);
#7170=VERTEX_POINT('',#17306);
#7171=VERTEX_POINT('',#17309);
#7172=VERTEX_POINT('',#17312);
#7173=VERTEX_POINT('',#17315);
#7174=VERTEX_POINT('',#17318);
#7175=VERTEX_POINT('',#17320);
#7176=VERTEX_POINT('',#17322);
#7177=VERTEX_POINT('',#17324);
#7178=VERTEX_POINT('',#17336);
#7179=VERTEX_POINT('',#17337);
#7180=VERTEX_POINT('',#17339);
#7181=VERTEX_POINT('',#17341);
#7182=VERTEX_POINT('',#17343);
#7183=VERTEX_POINT('',#17345);
#7184=VERTEX_POINT('',#17347);
#7185=VERTEX_POINT('',#17351);
#7186=VERTEX_POINT('',#17352);
#7187=VERTEX_POINT('',#17354);
#7188=VERTEX_POINT('',#17356);
#7189=VERTEX_POINT('',#17360);
#7190=VERTEX_POINT('',#17361);
#7191=VERTEX_POINT('',#17363);
#7192=VERTEX_POINT('',#17365);
#7193=VERTEX_POINT('',#17369);
#7194=VERTEX_POINT('',#17370);
#7195=VERTEX_POINT('',#17372);
#7196=VERTEX_POINT('',#17374);
#7197=VERTEX_POINT('',#17378);
#7198=VERTEX_POINT('',#17379);
#7199=VERTEX_POINT('',#17381);
#7200=VERTEX_POINT('',#17383);
#7201=VERTEX_POINT('',#17387);
#7202=VERTEX_POINT('',#17388);
#7203=VERTEX_POINT('',#17390);
#7204=VERTEX_POINT('',#17392);
#7205=VERTEX_POINT('',#17396);
#7206=VERTEX_POINT('',#17397);
#7207=VERTEX_POINT('',#17399);
#7208=VERTEX_POINT('',#17401);
#7209=VERTEX_POINT('',#17405);
#7210=VERTEX_POINT('',#17406);
#7211=VERTEX_POINT('',#17408);
#7212=VERTEX_POINT('',#17410);
#7213=VERTEX_POINT('',#17414);
#7214=VERTEX_POINT('',#17415);
#7215=VERTEX_POINT('',#17417);
#7216=VERTEX_POINT('',#17419);
#7217=VERTEX_POINT('',#17423);
#7218=VERTEX_POINT('',#17424);
#7219=VERTEX_POINT('',#17426);
#7220=VERTEX_POINT('',#17428);
#7221=VERTEX_POINT('',#17432);
#7222=VERTEX_POINT('',#17433);
#7223=VERTEX_POINT('',#17435);
#7224=VERTEX_POINT('',#17437);
#7225=VERTEX_POINT('',#17445);
#7226=VERTEX_POINT('',#17447);
#7227=VERTEX_POINT('',#17450);
#7228=VERTEX_POINT('',#17456);
#7229=VERTEX_POINT('',#17458);
#7230=VERTEX_POINT('',#17465);
#7231=VERTEX_POINT('',#17467);
#7232=VERTEX_POINT('',#17471);
#7233=VERTEX_POINT('',#17472);
#7234=VERTEX_POINT('',#17474);
#7235=VERTEX_POINT('',#17476);
#7236=VERTEX_POINT('',#17478);
#7237=VERTEX_POINT('',#17480);
#7238=VERTEX_POINT('',#17484);
#7239=VERTEX_POINT('',#17485);
#7240=VERTEX_POINT('',#17487);
#7241=VERTEX_POINT('',#17489);
#7242=VERTEX_POINT('',#17491);
#7243=VERTEX_POINT('',#17493);
#7244=VERTEX_POINT('',#17501);
#7245=VERTEX_POINT('',#17507);
#7246=VERTEX_POINT('',#17515);
#7247=VERTEX_POINT('',#17517);
#7248=VERTEX_POINT('',#17528);
#7249=VERTEX_POINT('',#17530);
#7250=VERTEX_POINT('',#17540);
#7251=VERTEX_POINT('',#17545);
#7252=VERTEX_POINT('',#17559);
#7253=VERTEX_POINT('',#17561);
#7254=VERTEX_POINT('',#17572);
#7255=VERTEX_POINT('',#17577);
#7256=VERTEX_POINT('',#17581);
#7257=VERTEX_POINT('',#17582);
#7258=VERTEX_POINT('',#17584);
#7259=VERTEX_POINT('',#17586);
#7260=VERTEX_POINT('',#17588);
#7261=VERTEX_POINT('',#17590);
#7262=VERTEX_POINT('',#17594);
#7263=VERTEX_POINT('',#17595);
#7264=VERTEX_POINT('',#17597);
#7265=VERTEX_POINT('',#17599);
#7266=VERTEX_POINT('',#17601);
#7267=VERTEX_POINT('',#17603);
#7268=VERTEX_POINT('',#17611);
#7269=VERTEX_POINT('',#17617);
#7270=VERTEX_POINT('',#17625);
#7271=VERTEX_POINT('',#17627);
#7272=VERTEX_POINT('',#17638);
#7273=VERTEX_POINT('',#17643);
#7274=VERTEX_POINT('',#17650);
#7275=VERTEX_POINT('',#17652);
#7276=VERTEX_POINT('',#17669);
#7277=VERTEX_POINT('',#17671);
#7278=VERTEX_POINT('',#17682);
#7279=VERTEX_POINT('',#17684);
#7280=VERTEX_POINT('',#17695);
#7281=VERTEX_POINT('',#17696);
#7282=VERTEX_POINT('',#17698);
#7283=VERTEX_POINT('',#17703);
#7284=VERTEX_POINT('',#17711);
#7285=VERTEX_POINT('',#17712);
#7286=VERTEX_POINT('',#17714);
#7287=VERTEX_POINT('',#17719);
#7288=VERTEX_POINT('',#17727);
#7289=VERTEX_POINT('',#17729);
#7290=VERTEX_POINT('',#17740);
#7291=VERTEX_POINT('',#17741);
#7292=VERTEX_POINT('',#17743);
#7293=VERTEX_POINT('',#17748);
#7294=VERTEX_POINT('',#17755);
#7295=VERTEX_POINT('',#17756);
#7296=VERTEX_POINT('',#17758);
#7297=VERTEX_POINT('',#17763);
#7298=VERTEX_POINT('',#17771);
#7299=VERTEX_POINT('',#17776);
#7300=VERTEX_POINT('',#17780);
#7301=VERTEX_POINT('',#17782);
#7302=VERTEX_POINT('',#17786);
#7303=VERTEX_POINT('',#17788);
#7304=VERTEX_POINT('',#17792);
#7305=VERTEX_POINT('',#17794);
#7306=VERTEX_POINT('',#17798);
#7307=VERTEX_POINT('',#17800);
#7308=VERTEX_POINT('',#17804);
#7309=VERTEX_POINT('',#17805);
#7310=VERTEX_POINT('',#17822);
#7311=VERTEX_POINT('',#17824);
#7312=VERTEX_POINT('',#17836);
#7313=VERTEX_POINT('',#17838);
#7314=VERTEX_POINT('',#17850);
#7315=VERTEX_POINT('',#17852);
#7316=VERTEX_POINT('',#17860);
#7317=VERTEX_POINT('',#17861);
#7318=VERTEX_POINT('',#17875);
#7319=VERTEX_POINT('',#17877);
#7320=VERTEX_POINT('',#17887);
#7321=VERTEX_POINT('',#17889);
#7322=VERTEX_POINT('',#17899);
#7323=VERTEX_POINT('',#17901);
#7324=VERTEX_POINT('',#17911);
#7325=VERTEX_POINT('',#17916);
#7326=VERTEX_POINT('',#17923);
#7327=VERTEX_POINT('',#17925);
#7328=VERTEX_POINT('',#17935);
#7329=VERTEX_POINT('',#17937);
#7330=VERTEX_POINT('',#17947);
#7331=VERTEX_POINT('',#17949);
#7332=VERTEX_POINT('',#17956);
#7333=VERTEX_POINT('',#17957);
#7334=VERTEX_POINT('',#17971);
#7335=VERTEX_POINT('',#17973);
#7336=VERTEX_POINT('',#17983);
#7337=VERTEX_POINT('',#17985);
#7338=VERTEX_POINT('',#17995);
#7339=VERTEX_POINT('',#17997);
#7340=VERTEX_POINT('',#18007);
#7341=VERTEX_POINT('',#18009);
#7342=VERTEX_POINT('',#18019);
#7343=VERTEX_POINT('',#18021);
#7344=VERTEX_POINT('',#18031);
#7345=VERTEX_POINT('',#18032);
#7346=VERTEX_POINT('',#18034);
#7347=VERTEX_POINT('',#18039);
#7348=VERTEX_POINT('',#18041);
#7349=VERTEX_POINT('',#18046);
#7350=VERTEX_POINT('',#18053);
#7351=VERTEX_POINT('',#18054);
#7352=VERTEX_POINT('',#18056);
#7353=VERTEX_POINT('',#18061);
#7354=VERTEX_POINT('',#18063);
#7355=VERTEX_POINT('',#18068);
#7356=VERTEX_POINT('',#18082);
#7357=VERTEX_POINT('',#18083);
#7358=VERTEX_POINT('',#18085);
#7359=VERTEX_POINT('',#18097);
#7360=VERTEX_POINT('',#18099);
#7361=VERTEX_POINT('',#18112);
#7362=VERTEX_POINT('',#18114);
#7363=VERTEX_POINT('',#18126);
#7364=VERTEX_POINT('',#18137);
#7365=VERTEX_POINT('',#18139);
#7366=VERTEX_POINT('',#18156);
#7367=VERTEX_POINT('',#18168);
#7368=VERTEX_POINT('',#18175);
#7369=VERTEX_POINT('',#18177);
#7370=VERTEX_POINT('',#18185);
#7371=VERTEX_POINT('',#18197);
#7372=VERTEX_POINT('',#18205);
#7373=VERTEX_POINT('',#18207);
#7374=VERTEX_POINT('',#18214);
#7375=VERTEX_POINT('',#18226);
#7376=VERTEX_POINT('',#18235);
#7377=VERTEX_POINT('',#18237);
#7378=VERTEX_POINT('',#18239);
#7379=VERTEX_POINT('',#18241);
#7380=VERTEX_POINT('',#18243);
#7381=VERTEX_POINT('',#18245);
#7382=VERTEX_POINT('',#18248);
#7383=VERTEX_POINT('',#18252);
#7384=VERTEX_POINT('',#18264);
#7385=VERTEX_POINT('',#18276);
#7386=VERTEX_POINT('',#18278);
#7387=VERTEX_POINT('',#18290);
#7388=VERTEX_POINT('',#18302);
#7389=VERTEX_POINT('',#18305);
#7390=VERTEX_POINT('',#18307);
#7391=VERTEX_POINT('',#18308);
#7392=VERTEX_POINT('',#18310);
#7393=VERTEX_POINT('',#18312);
#7394=VERTEX_POINT('',#18314);
#7395=VERTEX_POINT('',#18316);
#7396=VERTEX_POINT('',#18318);
#7397=VERTEX_POINT('',#18320);
#7398=VERTEX_POINT('',#18322);
#7399=VERTEX_POINT('',#18324);
#7400=VERTEX_POINT('',#18326);
#7401=VERTEX_POINT('',#18328);
#7402=VERTEX_POINT('',#18331);
#7403=VERTEX_POINT('',#18332);
#7404=VERTEX_POINT('',#18334);
#7405=VERTEX_POINT('',#18336);
#7406=VERTEX_POINT('',#18338);
#7407=VERTEX_POINT('',#18340);
#7408=VERTEX_POINT('',#18342);
#7409=VERTEX_POINT('',#18344);
#7410=VERTEX_POINT('',#18346);
#7411=VERTEX_POINT('',#18348);
#7412=VERTEX_POINT('',#18350);
#7413=VERTEX_POINT('',#18352);
#7414=VERTEX_POINT('',#18356);
#7415=VERTEX_POINT('',#18358);
#7416=VERTEX_POINT('',#18360);
#7417=VERTEX_POINT('',#18362);
#7418=VERTEX_POINT('',#18366);
#7419=VERTEX_POINT('',#18367);
#7420=VERTEX_POINT('',#18370);
#7421=VERTEX_POINT('',#18372);
#7422=VERTEX_POINT('',#18376);
#7423=VERTEX_POINT('',#18377);
#7424=VERTEX_POINT('',#18379);
#7425=VERTEX_POINT('',#18381);
#7426=VERTEX_POINT('',#18384);
#7427=VERTEX_POINT('',#18385);
#7428=VERTEX_POINT('',#18387);
#7429=VERTEX_POINT('',#18389);
#7430=VERTEX_POINT('',#18393);
#7431=VERTEX_POINT('',#18394);
#7432=VERTEX_POINT('',#18396);
#7433=VERTEX_POINT('',#18398);
#7434=VERTEX_POINT('',#18400);
#7435=VERTEX_POINT('',#18402);
#7436=VERTEX_POINT('',#18404);
#7437=VERTEX_POINT('',#18406);
#7438=VERTEX_POINT('',#18409);
#7439=VERTEX_POINT('',#18410);
#7440=VERTEX_POINT('',#18412);
#7441=VERTEX_POINT('',#18414);
#7442=VERTEX_POINT('',#18418);
#7443=VERTEX_POINT('',#18419);
#7444=VERTEX_POINT('',#18421);
#7445=VERTEX_POINT('',#18423);
#7446=VERTEX_POINT('',#18444);
#7447=VERTEX_POINT('',#18446);
#7448=VERTEX_POINT('',#18458);
#7449=VERTEX_POINT('',#18460);
#7450=VERTEX_POINT('',#18472);
#7451=VERTEX_POINT('',#18474);
#7452=VERTEX_POINT('',#18486);
#7453=VERTEX_POINT('',#18488);
#7454=VERTEX_POINT('',#18496);
#7455=VERTEX_POINT('',#18498);
#7456=VERTEX_POINT('',#18503);
#7457=VERTEX_POINT('',#18505);
#7458=VERTEX_POINT('',#18512);
#7459=VERTEX_POINT('',#18514);
#7460=VERTEX_POINT('',#18519);
#7461=VERTEX_POINT('',#18521);
#7462=VERTEX_POINT('',#18528);
#7463=VERTEX_POINT('',#18530);
#7464=VERTEX_POINT('',#18534);
#7465=VERTEX_POINT('',#18536);
#7466=VERTEX_POINT('',#18540);
#7467=VERTEX_POINT('',#18541);
#7468=VERTEX_POINT('',#18552);
#7469=VERTEX_POINT('',#18553);
#7470=VERTEX_POINT('',#18567);
#7471=VERTEX_POINT('',#18569);
#7472=VERTEX_POINT('',#18579);
#7473=VERTEX_POINT('',#18584);
#7474=VERTEX_POINT('',#18592);
#7475=VERTEX_POINT('',#18594);
#7476=VERTEX_POINT('',#18606);
#7477=VERTEX_POINT('',#18612);
#7478=VERTEX_POINT('',#18616);
#7479=VERTEX_POINT('',#18638);
#7480=VERTEX_POINT('',#18640);
#7481=VERTEX_POINT('',#18649);
#7482=VERTEX_POINT('',#18651);
#7483=VERTEX_POINT('',#18658);
#7484=VERTEX_POINT('',#18659);
#7485=VERTEX_POINT('',#18668);
#7486=VERTEX_POINT('',#18670);
#7487=VERTEX_POINT('',#18687);
#7488=VERTEX_POINT('',#18689);
#7489=VERTEX_POINT('',#18691);
#7490=VERTEX_POINT('',#18693);
#7491=VERTEX_POINT('',#18695);
#7492=VERTEX_POINT('',#18698);
#7493=VERTEX_POINT('',#18701);
#7494=VERTEX_POINT('',#18704);
#7495=VERTEX_POINT('',#18707);
#7496=VERTEX_POINT('',#18708);
#7497=VERTEX_POINT('',#18714);
#7498=VERTEX_POINT('',#18715);
#7499=VERTEX_POINT('',#18721);
#7500=VERTEX_POINT('',#18722);
#7501=VERTEX_POINT('',#18728);
#7502=VERTEX_POINT('',#18729);
#7503=VERTEX_POINT('',#18735);
#7504=VERTEX_POINT('',#18744);
#7505=VERTEX_POINT('',#18747);
#7506=VERTEX_POINT('',#18749);
#7507=VERTEX_POINT('',#18758);
#7508=VERTEX_POINT('',#18761);
#7509=VERTEX_POINT('',#18763);
#7510=VERTEX_POINT('',#18772);
#7511=VERTEX_POINT('',#18774);
#7512=VERTEX_POINT('',#18776);
#7513=VERTEX_POINT('',#18797);
#7514=VERTEX_POINT('',#18799);
#7515=VERTEX_POINT('',#18801);
#7516=VERTEX_POINT('',#18803);
#7517=VERTEX_POINT('',#18807);
#7518=VERTEX_POINT('',#18811);
#7519=VERTEX_POINT('',#18817);
#7520=VERTEX_POINT('',#18819);
#7521=VERTEX_POINT('',#18821);
#7522=VERTEX_POINT('',#18823);
#7523=VERTEX_POINT('',#18825);
#7524=VERTEX_POINT('',#18827);
#7525=VERTEX_POINT('',#18829);
#7526=VERTEX_POINT('',#18831);
#7527=VERTEX_POINT('',#18833);
#7528=VERTEX_POINT('',#18835);
#7529=VERTEX_POINT('',#18837);
#7530=VERTEX_POINT('',#18839);
#7531=VERTEX_POINT('',#18841);
#7532=VERTEX_POINT('',#18843);
#7533=VERTEX_POINT('',#18845);
#7534=VERTEX_POINT('',#18847);
#7535=VERTEX_POINT('',#18849);
#7536=VERTEX_POINT('',#18851);
#7537=VERTEX_POINT('',#18853);
#7538=VERTEX_POINT('',#18855);
#7539=VERTEX_POINT('',#18857);
#7540=VERTEX_POINT('',#18859);
#7541=VERTEX_POINT('',#18863);
#7542=VERTEX_POINT('',#18865);
#7543=VERTEX_POINT('',#18866);
#7544=VERTEX_POINT('',#18868);
#7545=VERTEX_POINT('',#18870);
#7546=VERTEX_POINT('',#18872);
#7547=VERTEX_POINT('',#18874);
#7548=VERTEX_POINT('',#18879);
#7549=VERTEX_POINT('',#18880);
#7550=VERTEX_POINT('',#18885);
#7551=VERTEX_POINT('',#18889);
#7552=VERTEX_POINT('',#18893);
#7553=VERTEX_POINT('',#18897);
#7554=VERTEX_POINT('',#18904);
#7555=VERTEX_POINT('',#18906);
#7556=VERTEX_POINT('',#18907);
#7557=VERTEX_POINT('',#18909);
#7558=VERTEX_POINT('',#18911);
#7559=VERTEX_POINT('',#18913);
#7560=VERTEX_POINT('',#18915);
#7561=VERTEX_POINT('',#18920);
#7562=VERTEX_POINT('',#18922);
#7563=VERTEX_POINT('',#18923);
#7564=VERTEX_POINT('',#18925);
#7565=VERTEX_POINT('',#18927);
#7566=VERTEX_POINT('',#18929);
#7567=VERTEX_POINT('',#18931);
#7568=VERTEX_POINT('',#18936);
#7569=VERTEX_POINT('',#18937);
#7570=VERTEX_POINT('',#18942);
#7571=VERTEX_POINT('',#18946);
#7572=VERTEX_POINT('',#18950);
#7573=VERTEX_POINT('',#18954);
#7574=VERTEX_POINT('',#18961);
#7575=VERTEX_POINT('',#18962);
#7576=VERTEX_POINT('',#18967);
#7577=VERTEX_POINT('',#18971);
#7578=VERTEX_POINT('',#18975);
#7579=VERTEX_POINT('',#18979);
#7580=VERTEX_POINT('',#18986);
#7581=VERTEX_POINT('',#18987);
#7582=VERTEX_POINT('',#18989);
#7583=VERTEX_POINT('',#18991);
#7584=VERTEX_POINT('',#18994);
#7585=VERTEX_POINT('',#18996);
#7586=VERTEX_POINT('',#19005);
#7587=VERTEX_POINT('',#19007);
#7588=VERTEX_POINT('',#19011);
#7589=VERTEX_POINT('',#19015);
#7590=VERTEX_POINT('',#19022);
#7591=VERTEX_POINT('',#19024);
#7592=VERTEX_POINT('',#19027);
#7593=VERTEX_POINT('',#19029);
#7594=VERTEX_POINT('',#19032);
#7595=VERTEX_POINT('',#19035);
#7596=VERTEX_POINT('',#19037);
#7597=VERTEX_POINT('',#19039);
#7598=VERTEX_POINT('',#19042);
#7599=VERTEX_POINT('',#19045);
#7600=VERTEX_POINT('',#19048);
#7601=VERTEX_POINT('',#19049);
#7602=VERTEX_POINT('',#19051);
#7603=VERTEX_POINT('',#19053);
#7604=VERTEX_POINT('',#19055);
#7605=VERTEX_POINT('',#19057);
#7606=VERTEX_POINT('',#19059);
#7607=VERTEX_POINT('',#19061);
#7608=VERTEX_POINT('',#19063);
#7609=VERTEX_POINT('',#19065);
#7610=VERTEX_POINT('',#19067);
#7611=VERTEX_POINT('',#19069);
#7612=VERTEX_POINT('',#19071);
#7613=VERTEX_POINT('',#19073);
#7614=VERTEX_POINT('',#19075);
#7615=VERTEX_POINT('',#19077);
#7616=VERTEX_POINT('',#19079);
#7617=VERTEX_POINT('',#19081);
#7618=VERTEX_POINT('',#19083);
#7619=VERTEX_POINT('',#19085);
#7620=VERTEX_POINT('',#19087);
#7621=VERTEX_POINT('',#19089);
#7622=VERTEX_POINT('',#19091);
#7623=VERTEX_POINT('',#19093);
#7624=VERTEX_POINT('',#19100);
#7625=VERTEX_POINT('',#19101);
#7626=VERTEX_POINT('',#19103);
#7627=VERTEX_POINT('',#19105);
#7628=VERTEX_POINT('',#19109);
#7629=VERTEX_POINT('',#19110);
#7630=VERTEX_POINT('',#19115);
#7631=VERTEX_POINT('',#19119);
#7632=VERTEX_POINT('',#19125);
#7633=VERTEX_POINT('',#19127);
#7634=VERTEX_POINT('',#19129);
#7635=VERTEX_POINT('',#19131);
#7636=VERTEX_POINT('',#19134);
#7637=VERTEX_POINT('',#19137);
#7638=VERTEX_POINT('',#19138);
#7639=VERTEX_POINT('',#19140);
#7640=VERTEX_POINT('',#19142);
#7641=VERTEX_POINT('',#19144);
#7642=VERTEX_POINT('',#19146);
#7643=VERTEX_POINT('',#19150);
#7644=VERTEX_POINT('',#19153);
#7645=VERTEX_POINT('',#19154);
#7646=VERTEX_POINT('',#19156);
#7647=VERTEX_POINT('',#19158);
#7648=VERTEX_POINT('',#19160);
#7649=VERTEX_POINT('',#19162);
#7650=VERTEX_POINT('',#19166);
#7651=VERTEX_POINT('',#19169);
#7652=VERTEX_POINT('',#19170);
#7653=VERTEX_POINT('',#19172);
#7654=VERTEX_POINT('',#19174);
#7655=VERTEX_POINT('',#19176);
#7656=VERTEX_POINT('',#19178);
#7657=VERTEX_POINT('',#19182);
#7658=VERTEX_POINT('',#19185);
#7659=VERTEX_POINT('',#19186);
#7660=VERTEX_POINT('',#19188);
#7661=VERTEX_POINT('',#19190);
#7662=VERTEX_POINT('',#19192);
#7663=VERTEX_POINT('',#19194);
#7664=VERTEX_POINT('',#19198);
#7665=VERTEX_POINT('',#19200);
#7666=VERTEX_POINT('',#19204);
#7667=VERTEX_POINT('',#19208);
#7668=VERTEX_POINT('',#19212);
#7669=VERTEX_POINT('',#19216);
#7670=VERTEX_POINT('',#19223);
#7671=VERTEX_POINT('',#19225);
#7672=VERTEX_POINT('',#19229);
#7673=VERTEX_POINT('',#19233);
#7674=VERTEX_POINT('',#19237);
#7675=VERTEX_POINT('',#19241);
#7676=VERTEX_POINT('',#19248);
#7677=VERTEX_POINT('',#19250);
#7678=VERTEX_POINT('',#19254);
#7679=VERTEX_POINT('',#19258);
#7680=VERTEX_POINT('',#19262);
#7681=VERTEX_POINT('',#19266);
#7682=VERTEX_POINT('',#19273);
#7683=VERTEX_POINT('',#19275);
#7684=VERTEX_POINT('',#19279);
#7685=VERTEX_POINT('',#19283);
#7686=VERTEX_POINT('',#19287);
#7687=VERTEX_POINT('',#19291);
#7688=VERTEX_POINT('',#19298);
#7689=VERTEX_POINT('',#19300);
#7690=VERTEX_POINT('',#19301);
#7691=VERTEX_POINT('',#19303);
#7692=VERTEX_POINT('',#19305);
#7693=VERTEX_POINT('',#19307);
#7694=VERTEX_POINT('',#19309);
#7695=VERTEX_POINT('',#19314);
#7696=VERTEX_POINT('',#19315);
#7697=VERTEX_POINT('',#19320);
#7698=VERTEX_POINT('',#19324);
#7699=VERTEX_POINT('',#19328);
#7700=VERTEX_POINT('',#19332);
#7701=VERTEX_POINT('',#19339);
#7702=VERTEX_POINT('',#19342);
#7703=VERTEX_POINT('',#19343);
#7704=VERTEX_POINT('',#19345);
#7705=VERTEX_POINT('',#19347);
#7706=VERTEX_POINT('',#19349);
#7707=VERTEX_POINT('',#19351);
#7708=VERTEX_POINT('',#19355);
#7709=VERTEX_POINT('',#19356);
#7710=VERTEX_POINT('',#19361);
#7711=VERTEX_POINT('',#19365);
#7712=VERTEX_POINT('',#19369);
#7713=VERTEX_POINT('',#19373);
#7714=VERTEX_POINT('',#19380);
#7715=VERTEX_POINT('',#19384);
#7716=VERTEX_POINT('',#19391);
#7717=VERTEX_POINT('',#19393);
#7718=VERTEX_POINT('',#19404);
#7719=VERTEX_POINT('',#19406);
#7720=VERTEX_POINT('',#19410);
#7721=VERTEX_POINT('',#19412);
#7722=VERTEX_POINT('',#19418);
#7723=VERTEX_POINT('',#19420);
#7724=VERTEX_POINT('',#19424);
#7725=VERTEX_POINT('',#19425);
#7726=VERTEX_POINT('',#19430);
#7727=VERTEX_POINT('',#19434);
#7728=VERTEX_POINT('',#19438);
#7729=VERTEX_POINT('',#19442);
#7730=VERTEX_POINT('',#19448);
#7731=VERTEX_POINT('',#19452);
#7732=VERTEX_POINT('',#19456);
#7733=VERTEX_POINT('',#19460);
#7734=VERTEX_POINT('',#19466);
#7735=VERTEX_POINT('',#19467);
#7736=VERTEX_POINT('',#19469);
#7737=VERTEX_POINT('',#19471);
#7738=VERTEX_POINT('',#19473);
#7739=VERTEX_POINT('',#19475);
#7740=VERTEX_POINT('',#19477);
#7741=VERTEX_POINT('',#19479);
#7742=VERTEX_POINT('',#19481);
#7743=VERTEX_POINT('',#19483);
#7744=VERTEX_POINT('',#19485);
#7745=VERTEX_POINT('',#19487);
#7746=VERTEX_POINT('',#19489);
#7747=VERTEX_POINT('',#19491);
#7748=VERTEX_POINT('',#19493);
#7749=VERTEX_POINT('',#19495);
#7750=VERTEX_POINT('',#19497);
#7751=VERTEX_POINT('',#19499);
#7752=VERTEX_POINT('',#19501);
#7753=VERTEX_POINT('',#19503);
#7754=VERTEX_POINT('',#19505);
#7755=VERTEX_POINT('',#19507);
#7756=VERTEX_POINT('',#19509);
#7757=VERTEX_POINT('',#19511);
#7758=VERTEX_POINT('',#19514);
#7759=VERTEX_POINT('',#19515);
#7760=VERTEX_POINT('',#19517);
#7761=VERTEX_POINT('',#19519);
#7762=VERTEX_POINT('',#19522);
#7763=VERTEX_POINT('',#19523);
#7764=VERTEX_POINT('',#19525);
#7765=VERTEX_POINT('',#19527);
#7766=VERTEX_POINT('',#19530);
#7767=VERTEX_POINT('',#19531);
#7768=VERTEX_POINT('',#19533);
#7769=VERTEX_POINT('',#19535);
#7770=VERTEX_POINT('',#19538);
#7771=VERTEX_POINT('',#19539);
#7772=VERTEX_POINT('',#19541);
#7773=VERTEX_POINT('',#19543);
#7774=VERTEX_POINT('',#19546);
#7775=VERTEX_POINT('',#19547);
#7776=VERTEX_POINT('',#19549);
#7777=VERTEX_POINT('',#19551);
#7778=VERTEX_POINT('',#19554);
#7779=VERTEX_POINT('',#19555);
#7780=VERTEX_POINT('',#19557);
#7781=VERTEX_POINT('',#19559);
#7782=VERTEX_POINT('',#19563);
#7783=VERTEX_POINT('',#19564);
#7784=VERTEX_POINT('',#19569);
#7785=VERTEX_POINT('',#19573);
#7786=VERTEX_POINT('',#19577);
#7787=VERTEX_POINT('',#19581);
#7788=VERTEX_POINT('',#19585);
#7789=VERTEX_POINT('',#19589);
#7790=VERTEX_POINT('',#19593);
#7791=VERTEX_POINT('',#19597);
#7792=VERTEX_POINT('',#19601);
#7793=VERTEX_POINT('',#19605);
#7794=VERTEX_POINT('',#19609);
#7795=VERTEX_POINT('',#19613);
#7796=VERTEX_POINT('',#19617);
#7797=VERTEX_POINT('',#19621);
#7798=VERTEX_POINT('',#19625);
#7799=VERTEX_POINT('',#19629);
#7800=VERTEX_POINT('',#19633);
#7801=VERTEX_POINT('',#19637);
#7802=VERTEX_POINT('',#19641);
#7803=VERTEX_POINT('',#19645);
#7804=VERTEX_POINT('',#19649);
#7805=VERTEX_POINT('',#19653);
#7806=VERTEX_POINT('',#19657);
#7807=VERTEX_POINT('',#19658);
#7808=VERTEX_POINT('',#19663);
#7809=VERTEX_POINT('',#19667);
#7810=VERTEX_POINT('',#19671);
#7811=VERTEX_POINT('',#19672);
#7812=VERTEX_POINT('',#19677);
#7813=VERTEX_POINT('',#19681);
#7814=VERTEX_POINT('',#19685);
#7815=VERTEX_POINT('',#19686);
#7816=VERTEX_POINT('',#19691);
#7817=VERTEX_POINT('',#19695);
#7818=VERTEX_POINT('',#19699);
#7819=VERTEX_POINT('',#19700);
#7820=VERTEX_POINT('',#19705);
#7821=VERTEX_POINT('',#19709);
#7822=VERTEX_POINT('',#19713);
#7823=VERTEX_POINT('',#19714);
#7824=VERTEX_POINT('',#19719);
#7825=VERTEX_POINT('',#19723);
#7826=VERTEX_POINT('',#19727);
#7827=VERTEX_POINT('',#19728);
#7828=VERTEX_POINT('',#19733);
#7829=VERTEX_POINT('',#19737);
#7830=VERTEX_POINT('',#19756);
#7831=VERTEX_POINT('',#19759);
#7832=VERTEX_POINT('',#19763);
#7833=VERTEX_POINT('',#19766);
#7834=VERTEX_POINT('',#19770);
#7835=VERTEX_POINT('',#19773);
#7836=VERTEX_POINT('',#19777);
#7837=VERTEX_POINT('',#19780);
#7838=VERTEX_POINT('',#19785);
#7839=VERTEX_POINT('',#19787);
#7840=VERTEX_POINT('',#19789);
#7841=VERTEX_POINT('',#19791);
#7842=VERTEX_POINT('',#19793);
#7843=VERTEX_POINT('',#19795);
#7844=VERTEX_POINT('',#19798);
#7845=VERTEX_POINT('',#19800);
#7846=VERTEX_POINT('',#19803);
#7847=VERTEX_POINT('',#19805);
#7848=VERTEX_POINT('',#19809);
#7849=VERTEX_POINT('',#19811);
#7850=VERTEX_POINT('',#19814);
#7851=VERTEX_POINT('',#19816);
#7852=VERTEX_POINT('',#19819);
#7853=VERTEX_POINT('',#19821);
#7854=VERTEX_POINT('',#19824);
#7855=VERTEX_POINT('',#19830);
#7856=VERTEX_POINT('',#19832);
#7857=VERTEX_POINT('',#19840);
#7858=VERTEX_POINT('',#19842);
#7859=VERTEX_POINT('',#19850);
#7860=VERTEX_POINT('',#19852);
#7861=VERTEX_POINT('',#19863);
#7862=VERTEX_POINT('',#19865);
#7863=VERTEX_POINT('',#19875);
#7864=VERTEX_POINT('',#19877);
#7865=VERTEX_POINT('',#19887);
#7866=VERTEX_POINT('',#19889);
#7867=VERTEX_POINT('',#19953);
#7868=VERTEX_POINT('',#19956);
#7869=VERTEX_POINT('',#19957);
#7870=VERTEX_POINT('',#19959);
#7871=VERTEX_POINT('',#19961);
#7872=VERTEX_POINT('',#19963);
#7873=VERTEX_POINT('',#19965);
#7874=VERTEX_POINT('',#19969);
#7875=VERTEX_POINT('',#19972);
#7876=VERTEX_POINT('',#19973);
#7877=VERTEX_POINT('',#19975);
#7878=VERTEX_POINT('',#19977);
#7879=VERTEX_POINT('',#19979);
#7880=VERTEX_POINT('',#19981);
#7881=VERTEX_POINT('',#19985);
#7882=VERTEX_POINT('',#19988);
#7883=VERTEX_POINT('',#19989);
#7884=VERTEX_POINT('',#19991);
#7885=VERTEX_POINT('',#19993);
#7886=VERTEX_POINT('',#19995);
#7887=VERTEX_POINT('',#19997);
#7888=VERTEX_POINT('',#20001);
#7889=VERTEX_POINT('',#20004);
#7890=VERTEX_POINT('',#20005);
#7891=VERTEX_POINT('',#20007);
#7892=VERTEX_POINT('',#20009);
#7893=VERTEX_POINT('',#20011);
#7894=VERTEX_POINT('',#20013);
#7895=VERTEX_POINT('',#20017);
#7896=VERTEX_POINT('',#20018);
#7897=VERTEX_POINT('',#20023);
#7898=VERTEX_POINT('',#20027);
#7899=VERTEX_POINT('',#20031);
#7900=VERTEX_POINT('',#20035);
#7901=VERTEX_POINT('',#20065);
#7902=VERTEX_POINT('',#20068);
#7903=VERTEX_POINT('',#20069);
#7904=VERTEX_POINT('',#20071);
#7905=VERTEX_POINT('',#20073);
#7906=VERTEX_POINT('',#20075);
#7907=VERTEX_POINT('',#20077);
#7908=VERTEX_POINT('',#20085);
#7909=VERTEX_POINT('',#20088);
#7910=VERTEX_POINT('',#20089);
#7911=VERTEX_POINT('',#20091);
#7912=VERTEX_POINT('',#20093);
#7913=VERTEX_POINT('',#20095);
#7914=VERTEX_POINT('',#20097);
#7915=VERTEX_POINT('',#20101);
#7916=VERTEX_POINT('',#20103);
#7917=VERTEX_POINT('',#20107);
#7918=VERTEX_POINT('',#20111);
#7919=VERTEX_POINT('',#20115);
#7920=VERTEX_POINT('',#20119);
#7921=VERTEX_POINT('',#20126);
#7922=VERTEX_POINT('',#20128);
#7923=VERTEX_POINT('',#20132);
#7924=VERTEX_POINT('',#20136);
#7925=VERTEX_POINT('',#20140);
#7926=VERTEX_POINT('',#20144);
#7927=VERTEX_POINT('',#20151);
#7928=VERTEX_POINT('',#20154);
#7929=VERTEX_POINT('',#20159);
#7930=VERTEX_POINT('',#20163);
#7931=VERTEX_POINT('',#20170);
#7932=VERTEX_POINT('',#20177);
#7933=VERTEX_POINT('',#20181);
#7934=VERTEX_POINT('',#20188);
#7935=VERTEX_POINT('',#20190);
#7936=VERTEX_POINT('',#20194);
#7937=VERTEX_POINT('',#20196);
#7938=VERTEX_POINT('',#20200);
#7939=VERTEX_POINT('',#20209);
#7940=VERTEX_POINT('',#20213);
#7941=VERTEX_POINT('',#20222);
#7942=VERTEX_POINT('',#20226);
#7943=VERTEX_POINT('',#20236);
#7944=VERTEX_POINT('',#20240);
#7945=VERTEX_POINT('',#20249);
#7946=VERTEX_POINT('',#20255);
#7947=VERTEX_POINT('',#20259);
#7948=VERTEX_POINT('',#20261);
#7949=VERTEX_POINT('',#20263);
#7950=VERTEX_POINT('',#20265);
#7951=VERTEX_POINT('',#20271);
#7952=VERTEX_POINT('',#20273);
#7953=VERTEX_POINT('',#20279);
#7954=VERTEX_POINT('',#20281);
#7955=VERTEX_POINT('',#20283);
#7956=VERTEX_POINT('',#20285);
#7957=VERTEX_POINT('',#20291);
#7958=VERTEX_POINT('',#20293);
#7959=VERTEX_POINT('',#20297);
#7960=VERTEX_POINT('',#20299);
#7961=VERTEX_POINT('',#20303);
#7962=VERTEX_POINT('',#20307);
#7963=VERTEX_POINT('',#20311);
#7964=VERTEX_POINT('',#20315);
#7965=VERTEX_POINT('',#20319);
#7966=VERTEX_POINT('',#20323);
#7967=VERTEX_POINT('',#20328);
#7968=VERTEX_POINT('',#20332);
#7969=VERTEX_POINT('',#20336);
#7970=VERTEX_POINT('',#20340);
#7971=VERTEX_POINT('',#20344);
#7972=VERTEX_POINT('',#20348);
#7973=VERTEX_POINT('',#20352);
#7974=VERTEX_POINT('',#20356);
#7975=VERTEX_POINT('',#20362);
#7976=VERTEX_POINT('',#20366);
#7977=VERTEX_POINT('',#20369);
#7978=VERTEX_POINT('',#20372);
#7979=VERTEX_POINT('',#20375);
#7980=VERTEX_POINT('',#20377);
#7981=VERTEX_POINT('',#20379);
#7982=VERTEX_POINT('',#20383);
#7983=VERTEX_POINT('',#20385);
#7984=VERTEX_POINT('',#20390);
#7985=VERTEX_POINT('',#20394);
#7986=VERTEX_POINT('',#20398);
#7987=VERTEX_POINT('',#20402);
#7988=VERTEX_POINT('',#20406);
#7989=VERTEX_POINT('',#20410);
#7990=VERTEX_POINT('',#20414);
#7991=VERTEX_POINT('',#20418);
#7992=VERTEX_POINT('',#20422);
#7993=VERTEX_POINT('',#20426);
#7994=VERTEX_POINT('',#20430);
#7995=VERTEX_POINT('',#20434);
#7996=VERTEX_POINT('',#20438);
#7997=VERTEX_POINT('',#20442);
#7998=VERTEX_POINT('',#20446);
#7999=VERTEX_POINT('',#20450);
#8000=VERTEX_POINT('',#20454);
#8001=VERTEX_POINT('',#20458);
#8002=VERTEX_POINT('',#20462);
#8003=VERTEX_POINT('',#20466);
#8004=VERTEX_POINT('',#20470);
#8005=VERTEX_POINT('',#20478);
#8006=VERTEX_POINT('',#20479);
#8007=VERTEX_POINT('',#20484);
#8008=VERTEX_POINT('',#20488);
#8009=VERTEX_POINT('',#20492);
#8010=VERTEX_POINT('',#20496);
#8011=VERTEX_POINT('',#20503);
#8012=VERTEX_POINT('',#20504);
#8013=VERTEX_POINT('',#20509);
#8014=VERTEX_POINT('',#20513);
#8015=VERTEX_POINT('',#20517);
#8016=VERTEX_POINT('',#20521);
#8017=VERTEX_POINT('',#20528);
#8018=VERTEX_POINT('',#20529);
#8019=VERTEX_POINT('',#20534);
#8020=VERTEX_POINT('',#20538);
#8021=VERTEX_POINT('',#20542);
#8022=VERTEX_POINT('',#20546);
#8023=VERTEX_POINT('',#20554);
#8024=VERTEX_POINT('',#20556);
#8025=VERTEX_POINT('',#20564);
#8026=VERTEX_POINT('',#20567);
#8027=VERTEX_POINT('',#20569);
#8028=VERTEX_POINT('',#20573);
#8029=VERTEX_POINT('',#20577);
#8030=VERTEX_POINT('',#20583);
#8031=VERTEX_POINT('',#20587);
#8032=VERTEX_POINT('',#20594);
#8033=VERTEX_POINT('',#20596);
#8034=VERTEX_POINT('',#20599);
#8035=VERTEX_POINT('',#20602);
#8036=VERTEX_POINT('',#20607);
#8037=VERTEX_POINT('',#20610);
#8038=VERTEX_POINT('',#20613);
#8039=VERTEX_POINT('',#20616);
#8040=VERTEX_POINT('',#20619);
#8041=VERTEX_POINT('',#20624);
#8042=VERTEX_POINT('',#20626);
#8043=VERTEX_POINT('',#20629);
#8044=VERTEX_POINT('',#20632);
#8045=VERTEX_POINT('',#20635);
#8046=VERTEX_POINT('',#20638);
#8047=VERTEX_POINT('',#20640);
#8048=VERTEX_POINT('',#20644);
#8049=VERTEX_POINT('',#20647);
#8050=VERTEX_POINT('',#20649);
#8051=VERTEX_POINT('',#20651);
#8052=VERTEX_POINT('',#20653);
#8053=VERTEX_POINT('',#20655);
#8054=VERTEX_POINT('',#20658);
#8055=VERTEX_POINT('',#20661);
#8056=VERTEX_POINT('',#20664);
#8057=VERTEX_POINT('',#20667);
#8058=VERTEX_POINT('',#20669);
#8059=VERTEX_POINT('',#20671);
#8060=VERTEX_POINT('',#20673);
#8061=CIRCLE('',#12166,0.25);
#8062=CIRCLE('',#12167,0.25);
#8063=CIRCLE('',#12170,0.25);
#8064=CIRCLE('',#12171,0.22);
#8065=CIRCLE('',#12173,0.22);
#8066=CIRCLE('',#12174,0.25);
#8067=CIRCLE('',#12176,0.22);
#8068=CIRCLE('',#12177,0.25);
#8069=CIRCLE('',#12179,0.22);
#8070=CIRCLE('',#12180,0.25);
#8071=CIRCLE('',#12182,0.22);
#8072=CIRCLE('',#12183,0.25);
#8073=CIRCLE('',#12185,0.25);
#8074=CIRCLE('',#12187,0.25);
#8075=CIRCLE('',#12189,0.25);
#8076=CIRCLE('',#12191,0.25);
#8077=CIRCLE('',#12193,0.25);
#8078=CIRCLE('',#12195,0.22);
#8079=CIRCLE('',#12197,0.22);
#8080=CIRCLE('',#12199,0.22);
#8081=CIRCLE('',#12201,0.22);
#8082=CIRCLE('',#12203,0.22);
#8083=CIRCLE('',#12205,1.74975);
#8084=CIRCLE('',#12206,1.7500000025);
#8085=CIRCLE('',#12207,1.7497875);
#8086=CIRCLE('',#12208,1.7500000025);
#8087=CIRCLE('',#12210,1.7500000025);
#8088=CIRCLE('',#12211,1.74975);
#8089=CIRCLE('',#12213,2.);
#8090=CIRCLE('',#12215,2.);
#8091=CIRCLE('',#12217,1.74975);
#8092=CIRCLE('',#12220,0.299999999999998);
#8093=CIRCLE('',#12221,0.299999999999998);
#8094=CIRCLE('',#12223,0.784999999999999);
#8095=CIRCLE('',#12224,0.3);
#8096=CIRCLE('',#12226,0.3);
#8097=CIRCLE('',#12228,2.);
#8098=CIRCLE('',#12230,1.74975);
#8099=CIRCLE('',#12232,0.775);
#8100=CIRCLE('',#12233,0.5);
#8101=CIRCLE('',#12234,0.5);
#8102=CIRCLE('',#12235,0.775);
#8103=CIRCLE('',#12236,0.203125);
#8104=CIRCLE('',#12237,0.203125);
#8105=CIRCLE('',#12239,0.499999999999999);
#8106=CIRCLE('',#12240,0.775);
#8107=CIRCLE('',#12241,0.775);
#8108=CIRCLE('',#12242,0.500000000000001);
#8109=CIRCLE('',#12243,0.203125);
#8110=CIRCLE('',#12244,0.203125);
#8111=CIRCLE('',#12246,0.5);
#8112=CIRCLE('',#12249,0.5);
#8113=CIRCLE('',#12252,0.500000000000001);
#8114=CIRCLE('',#12255,0.499999999999999);
#8115=CIRCLE('',#12257,0.203125);
#8116=CIRCLE('',#12259,0.203125);
#8117=CIRCLE('',#12261,0.203125);
#8118=CIRCLE('',#12263,0.203125);
#8119=CIRCLE('',#12266,0.875);
#8120=CIRCLE('',#12268,1.7);
#8121=CIRCLE('',#12269,1.5);
#8122=CIRCLE('',#12271,1.75);
#8123=CIRCLE('',#12273,1.74975);
#8124=CIRCLE('',#12274,1.74975);
#8125=CIRCLE('',#12280,0.775);
#8126=CIRCLE('',#12282,0.775);
#8127=CIRCLE('',#12285,0.775);
#8128=CIRCLE('',#12290,0.775);
#8129=CIRCLE('',#12293,0.784999999999999);
#8130=CIRCLE('',#12295,0.825);
#8131=CIRCLE('',#12297,1.32000000000001);
#8132=CIRCLE('',#12298,1.32000000000001);
#8133=CIRCLE('',#12301,1.32);
#8134=CIRCLE('',#12302,1.32);
#8135=CIRCLE('',#12305,1.32);
#8136=CIRCLE('',#12306,1.32);
#8137=CIRCLE('',#12309,1.32);
#8138=CIRCLE('',#12310,1.32);
#8139=CIRCLE('',#12313,0.243);
#8140=CIRCLE('',#12314,0.243);
#8141=CIRCLE('',#12315,0.243);
#8142=CIRCLE('',#12316,0.243);
#8143=CIRCLE('',#12319,0.5);
#8144=CIRCLE('',#12320,0.5);
#8145=CIRCLE('',#12322,0.875);
#8146=CIRCLE('',#12325,0.013208501750344);
#8147=CIRCLE('',#12327,0.22);
#8148=CIRCLE('',#12329,0.25);
#8149=CIRCLE('',#12331,0.25);
#8150=CIRCLE('',#12333,0.22);
#8151=CIRCLE('',#12335,0.18);
#8152=CIRCLE('',#12337,0.138714227958109);
#8153=CIRCLE('',#12339,0.0899999999999999);
#8154=CIRCLE('',#12348,1.5);
#8155=CIRCLE('',#12351,0.243);
#8156=CIRCLE('',#12353,0.156);
#8157=CIRCLE('',#12355,0.156);
#8158=CIRCLE('',#12358,0.243);
#8159=CIRCLE('',#12360,0.156);
#8160=CIRCLE('',#12362,0.243);
#8161=CIRCLE('',#12364,0.156);
#8162=CIRCLE('',#12366,0.243);
#8163=CIRCLE('',#12368,0.156);
#8164=CIRCLE('',#12370,0.156);
#8165=CIRCLE('',#12373,0.156);
#8166=CIRCLE('',#12376,0.156);
#8167=CIRCLE('',#12379,0.0624999999999997);
#8168=CIRCLE('',#12385,0.375);
#8169=CIRCLE('',#12386,0.375);
#8170=CIRCLE('',#12388,1.555);
#8171=CIRCLE('',#12389,0.125);
#8172=CIRCLE('',#12390,0.125);
#8173=CIRCLE('',#12391,0.125);
#8174=CIRCLE('',#12392,0.125);
#8175=CIRCLE('',#12394,1.875);
#8176=CIRCLE('',#12396,1.875);
#8177=CIRCLE('',#12398,2.195);
#8178=CIRCLE('',#12400,3.315);
#8179=CIRCLE('',#12401,0.2165);
#8180=CIRCLE('',#12402,0.2165);
#8181=CIRCLE('',#12403,0.2165);
#8182=CIRCLE('',#12404,0.2165);
#8183=CIRCLE('',#12406,3.315);
#8184=CIRCLE('',#12408,2.25);
#8185=CIRCLE('',#12409,0.2165);
#8186=CIRCLE('',#12410,0.2165);
#8187=CIRCLE('',#12411,0.2165);
#8188=CIRCLE('',#12412,0.2165);
#8189=CIRCLE('',#12414,2.25);
#8190=CIRCLE('',#12416,1.555);
#8191=CIRCLE('',#12418,1.555);
#8192=CIRCLE('',#12420,0.125);
#8193=CIRCLE('',#12421,0.125);
#8194=CIRCLE('',#12422,0.125);
#8195=CIRCLE('',#12423,0.125);
#8196=CIRCLE('',#12434,0.03);
#8197=CIRCLE('',#12435,0.13);
#8198=CIRCLE('',#12436,0.57);
#8199=CIRCLE('',#12437,0.03);
#8200=CIRCLE('',#12439,0.03);
#8201=CIRCLE('',#12440,0.57);
#8202=CIRCLE('',#12441,0.0299999999999998);
#8203=CIRCLE('',#12443,0.48);
#8204=CIRCLE('',#12444,0.500000000000005);
#8205=CIRCLE('',#12446,0.48);
#8206=CIRCLE('',#12447,0.500000000000006);
#8207=CIRCLE('',#12449,0.48);
#8208=CIRCLE('',#12450,0.500000000000032);
#8209=CIRCLE('',#12452,0.48);
#8210=CIRCLE('',#12453,0.500000000000006);
#8211=CIRCLE('',#12455,0.48);
#8212=CIRCLE('',#12456,0.500000000000001);
#8213=CIRCLE('',#12458,0.48);
#8214=CIRCLE('',#12459,0.500000000000006);
#8215=CIRCLE('',#12461,0.48);
#8216=CIRCLE('',#12462,0.500000000000004);
#8217=CIRCLE('',#12467,0.44);
#8218=CIRCLE('',#12468,0.44);
#8219=CIRCLE('',#12469,0.44);
#8220=CIRCLE('',#12471,0.411715728752538);
#8221=CIRCLE('',#12474,1.191);
#8222=CIRCLE('',#12475,1.191);
#8223=CIRCLE('',#12476,1.191);
#8224=CIRCLE('',#12478,1.191);
#8225=CIRCLE('',#12479,1.191);
#8226=CIRCLE('',#12480,1.191);
#8227=CIRCLE('',#12482,1.2714987697171);
#8228=CIRCLE('',#12484,1.2714987697171);
#8229=CIRCLE('',#12486,1.34377865349805);
#8230=CIRCLE('',#12488,1.34377865349805);
#8231=CIRCLE('',#12490,1.94966807870745);
#8232=CIRCLE('',#12492,1.161);
#8233=CIRCLE('',#12494,1.191);
#8234=CIRCLE('',#12495,1.191);
#8235=CIRCLE('',#12496,1.191);
#8236=CIRCLE('',#12498,1.191);
#8237=CIRCLE('',#12499,1.191);
#8238=CIRCLE('',#12500,1.191);
#8239=CIRCLE('',#12502,1.2714987697171);
#8240=CIRCLE('',#12504,1.2714987697171);
#8241=CIRCLE('',#12506,1.34377865349805);
#8242=CIRCLE('',#12508,1.34377865349805);
#8243=CIRCLE('',#12510,1.94966807870745);
#8244=CIRCLE('',#12512,1.161);
#8245=CIRCLE('',#12514,1.161);
#8246=CIRCLE('',#12515,1.191);
#8247=CIRCLE('',#12517,1.191);
#8248=CIRCLE('',#12518,1.161);
#8249=CIRCLE('',#12520,1.161);
#8250=CIRCLE('',#12522,1.191);
#8251=CIRCLE('',#12523,1.161);
#8252=CIRCLE('',#12525,1.191);
#8253=CIRCLE('',#12526,1.161);
#8254=CIRCLE('',#12528,1.161);
#8255=CIRCLE('',#12530,1.191);
#8256=CIRCLE('',#12532,1.191);
#8257=CIRCLE('',#12534,1.191);
#8258=CIRCLE('',#12536,1.191);
#8259=CIRCLE('',#12538,1.2714987697171);
#8260=CIRCLE('',#12540,1.2714987697171);
#8261=CIRCLE('',#12542,1.2714987697171);
#8262=CIRCLE('',#12544,1.2714987697171);
#8263=CIRCLE('',#12546,1.34377865349805);
#8264=CIRCLE('',#12548,1.34377865349805);
#8265=CIRCLE('',#12550,1.34377865349805);
#8266=CIRCLE('',#12552,1.34377865349805);
#8267=CIRCLE('',#12554,1.94966807870745);
#8268=CIRCLE('',#12556,1.94966807870745);
#8269=CIRCLE('',#12558,1.94966807870745);
#8270=CIRCLE('',#12560,1.94966807870745);
#8271=CIRCLE('',#12562,1.9891377318173);
#8272=CIRCLE('',#12564,1.9891377318173);
#8273=CIRCLE('',#12566,1.9891377318173);
#8274=CIRCLE('',#12568,1.9891377318173);
#8275=CIRCLE('',#12570,1.9891377318173);
#8276=CIRCLE('',#12572,1.9891377318173);
#8277=CIRCLE('',#12574,3.67851203141302);
#8278=CIRCLE('',#12575,3.68030841559332);
#8279=CIRCLE('',#12576,3.703);
#8280=CIRCLE('',#12578,3.703);
#8281=CIRCLE('',#12579,3.68030841559332);
#8282=CIRCLE('',#12580,3.67851203141302);
#8283=CIRCLE('',#12582,2.93862473699729);
#8284=CIRCLE('',#12583,2.93862473699729);
#8285=CIRCLE('',#12584,2.93862473699729);
#8286=CIRCLE('',#12585,2.93862473699729);
#8287=CIRCLE('',#12586,3.318);
#8288=CIRCLE('',#12587,3.67851203141302);
#8289=CIRCLE('',#12588,3.67851203141302);
#8290=CIRCLE('',#12590,3.263);
#8291=CIRCLE('',#12591,0.52);
#8292=CIRCLE('',#12592,3.703);
#8293=CIRCLE('',#12593,0.52);
#8294=CIRCLE('',#12594,3.703);
#8295=CIRCLE('',#12595,0.52);
#8296=CIRCLE('',#12596,3.318);
#8297=CIRCLE('',#12598,3.244548244167);
#8298=CIRCLE('',#12599,3.273);
#8299=CIRCLE('',#12601,3.263);
#8300=CIRCLE('',#12602,3.263);
#8301=CIRCLE('',#12603,3.263);
#8302=CIRCLE('',#12604,3.263);
#8303=CIRCLE('',#12605,3.263);
#8304=CIRCLE('',#12606,3.263);
#8305=CIRCLE('',#12607,3.263);
#8306=CIRCLE('',#12608,3.263);
#8307=CIRCLE('',#12609,3.263);
#8308=CIRCLE('',#12610,3.263);
#8309=CIRCLE('',#12611,3.263);
#8310=CIRCLE('',#12612,3.263);
#8311=CIRCLE('',#12613,3.263);
#8312=CIRCLE('',#12615,0.309999999999999);
#8313=CIRCLE('',#12616,0.31);
#8314=CIRCLE('',#12618,0.309999999999999);
#8315=CIRCLE('',#12619,0.31);
#8316=CIRCLE('',#12621,0.52);
#8317=CIRCLE('',#12623,3.265);
#8318=CIRCLE('',#12624,3.265);
#8319=CIRCLE('',#12625,3.265);
#8320=CIRCLE('',#12626,3.265);
#8321=CIRCLE('',#12627,3.265);
#8322=CIRCLE('',#12628,3.265);
#8323=CIRCLE('',#12630,1.006);
#8324=CIRCLE('',#12631,3.015);
#8325=CIRCLE('',#12634,3.29499999380478);
#8326=CIRCLE('',#12636,3.29499999380478);
#8327=CIRCLE('',#12638,3.325);
#8328=CIRCLE('',#12640,3.325);
#8329=CIRCLE('',#12642,3.325);
#8330=CIRCLE('',#12644,3.325);
#8331=CIRCLE('',#12646,3.39148963672186);
#8332=CIRCLE('',#12648,3.39148963672186);
#8333=CIRCLE('',#12650,3.42147136153243);
#8334=CIRCLE('',#12652,3.42147136153243);
#8335=CIRCLE('',#12654,3.425);
#8336=CIRCLE('',#12656,3.425);
#8337=CIRCLE('',#12658,3.31614372983737);
#8338=CIRCLE('',#12660,3.31614372983737);
#8339=CIRCLE('',#12662,3.26960220984615);
#8340=CIRCLE('',#12664,3.68030841559332);
#8341=CIRCLE('',#12665,3.68030841559332);
#8342=CIRCLE('',#12667,3.68030841559332);
#8343=CIRCLE('',#12668,3.68030841559332);
#8344=CIRCLE('',#12670,0.32);
#8345=CIRCLE('',#12671,0.32);
#8346=CIRCLE('',#12672,0.32);
#8347=CIRCLE('',#12673,0.32);
#8348=CIRCLE('',#12676,2.25);
#8349=CIRCLE('',#12677,0.195);
#8350=CIRCLE('',#12678,0.195);
#8351=CIRCLE('',#12679,0.195);
#8352=CIRCLE('',#12680,0.195);
#8353=CIRCLE('',#12682,2.25);
#8354=CIRCLE('',#12684,2.23);
#8355=CIRCLE('',#12686,1.995);
#8356=CIRCLE('',#12688,0.32);
#8357=CIRCLE('',#12689,0.32);
#8358=CIRCLE('',#12691,3.23168622450386);
#8359=CIRCLE('',#12693,0.32);
#8360=CIRCLE('',#12694,0.32);
#8361=CIRCLE('',#12696,3.23168622450386);
#8362=CIRCLE('',#12698,0.32);
#8363=CIRCLE('',#12699,0.32);
#8364=CIRCLE('',#12701,3.23168622450386);
#8365=CIRCLE('',#12703,0.32);
#8366=CIRCLE('',#12704,0.32);
#8367=CIRCLE('',#12706,3.23168622450386);
#8368=CIRCLE('',#12708,3.25167404104424);
#8369=CIRCLE('',#12710,3.23168622450386);
#8370=CIRCLE('',#12711,3.23168622450386);
#8371=CIRCLE('',#12712,3.23168622450386);
#8372=CIRCLE('',#12713,3.23168622450386);
#8373=CIRCLE('',#12716,0.205);
#8374=CIRCLE('',#12717,0.52);
#8375=CIRCLE('',#12718,0.341);
#8376=CIRCLE('',#12723,0.205);
#8377=CIRCLE('',#12724,0.52);
#8378=CIRCLE('',#12725,0.341);
#8379=CIRCLE('',#12730,0.205);
#8380=CIRCLE('',#12731,0.341);
#8381=CIRCLE('',#12732,0.52);
#8382=CIRCLE('',#12747,0.52);
#8383=CIRCLE('',#12749,0.440000000000001);
#8384=CIRCLE('',#12750,0.5);
#8385=CIRCLE('',#12751,0.44);
#8386=CIRCLE('',#12752,0.500000000000005);
#8387=CIRCLE('',#12753,0.439999999999998);
#8388=CIRCLE('',#12754,0.500000000000001);
#8389=CIRCLE('',#12755,0.440000000000002);
#8390=CIRCLE('',#12756,0.500000000000001);
#8391=CIRCLE('',#12757,0.439999999999999);
#8392=CIRCLE('',#12758,0.499999999999998);
#8393=CIRCLE('',#12759,0.439999999999998);
#8394=CIRCLE('',#12761,0.205);
#8395=CIRCLE('',#12771,0.205);
#8396=CIRCLE('',#12774,0.205);
#8397=CIRCLE('',#12791,0.57);
#8398=CIRCLE('',#12792,0.13);
#8399=CIRCLE('',#12793,1.006);
#8400=CIRCLE('',#12803,0.205);
#8401=CIRCLE('',#12805,0.205);
#8402=CIRCLE('',#12807,0.500000000000001);
#8403=CIRCLE('',#12808,0.439999999999994);
#8404=CIRCLE('',#12809,0.500000000000006);
#8405=CIRCLE('',#12810,0.439999999999995);
#8406=CIRCLE('',#12811,0.500000000000004);
#8407=CIRCLE('',#12812,0.439999999999989);
#8408=CIRCLE('',#12813,0.500000000000005);
#8409=CIRCLE('',#12814,0.439999999999994);
#8410=CIRCLE('',#12815,0.500000000000006);
#8411=CIRCLE('',#12816,0.439999999999982);
#8412=CIRCLE('',#12817,0.500000000000032);
#8413=CIRCLE('',#12818,0.43999999999999);
#8414=CIRCLE('',#12826,0.175);
#8415=CIRCLE('',#12827,0.175);
#8416=CIRCLE('',#12828,0.175);
#8417=CIRCLE('',#12829,0.175);
#8418=CIRCLE('',#12831,0.175);
#8419=CIRCLE('',#12834,0.175);
#8420=CIRCLE('',#12837,0.175);
#8421=CIRCLE('',#12840,0.175);
#8422=CIRCLE('',#12871,0.205);
#8423=CIRCLE('',#12881,0.205);
#8424=CIRCLE('',#12891,3.38);
#8425=CIRCLE('',#12893,3.38);
#8426=CIRCLE('',#12898,3.38);
#8427=CIRCLE('',#12899,3.38);
#8428=CIRCLE('',#12904,0.31);
#8429=CIRCLE('',#12905,0.31);
#8430=CIRCLE('',#12909,0.309999999999999);
#8431=CIRCLE('',#12911,0.309999999999999);
#8432=CIRCLE('',#12913,0.309999999999999);
#8433=CIRCLE('',#12915,0.309999999999999);
#8434=CIRCLE('',#12920,0.309999999999999);
#8435=CIRCLE('',#12922,0.309999999999999);
#8436=CIRCLE('',#12927,1.99999999999986);
#8437=CIRCLE('',#12928,2.00000000000013);
#8438=CIRCLE('',#12929,1.99999999999989);
#8439=CIRCLE('',#12930,2.00000000000016);
#8440=CIRCLE('',#12931,0.380000000000001);
#8441=CIRCLE('',#12932,0.38);
#8442=CIRCLE('',#12933,2.);
#8443=CIRCLE('',#12934,2.00000000000002);
#8444=CIRCLE('',#12935,2.00000000000002);
#8445=CIRCLE('',#12936,1.99999999999999);
#8446=CIRCLE('',#12937,0.380000000000001);
#8447=CIRCLE('',#12938,0.38);
#8448=CIRCLE('',#12939,0.17);
#8449=CIRCLE('',#12940,0.169999999999997);
#8450=CIRCLE('',#12941,0.17);
#8451=CIRCLE('',#12942,0.17);
#8452=CIRCLE('',#12943,0.17);
#8453=CIRCLE('',#12944,0.169999999999996);
#8454=CIRCLE('',#12945,0.170000000000001);
#8455=CIRCLE('',#12946,0.17);
#8456=CIRCLE('',#12947,0.17);
#8457=CIRCLE('',#12948,0.169999999999996);
#8458=CIRCLE('',#12949,0.17);
#8459=CIRCLE('',#12950,0.17);
#8460=CIRCLE('',#12953,1.99999999999986);
#8461=CIRCLE('',#12956,2.00000000000013);
#8462=CIRCLE('',#12959,1.99999999999989);
#8463=CIRCLE('',#12962,2.00000000000016);
#8464=CIRCLE('',#12965,0.380000000000001);
#8465=CIRCLE('',#12968,0.38);
#8466=CIRCLE('',#12971,2.);
#8467=CIRCLE('',#12974,2.00000000000002);
#8468=CIRCLE('',#12977,2.00000000000002);
#8469=CIRCLE('',#12980,1.99999999999999);
#8470=CIRCLE('',#12983,0.380000000000001);
#8471=CIRCLE('',#12986,0.17);
#8472=CIRCLE('',#12989,0.169999999999997);
#8473=CIRCLE('',#12992,0.17);
#8474=CIRCLE('',#12995,0.17);
#8475=CIRCLE('',#12998,0.169999999999996);
#8476=CIRCLE('',#13001,0.170000000000001);
#8477=CIRCLE('',#13004,0.17);
#8478=CIRCLE('',#13007,0.169999999999996);
#8479=CIRCLE('',#13010,0.17);
#8480=CIRCLE('',#13014,0.17);
#8481=CIRCLE('',#13017,0.17);
#8482=CIRCLE('',#13020,0.17);
#8483=CIRCLE('',#13022,0.38);
#8484=CIRCLE('',#13025,0.155);
#8485=CIRCLE('',#13027,0.155);
#8486=CIRCLE('',#13030,0.155);
#8487=CIRCLE('',#13032,0.155);
#8488=CIRCLE('',#13035,0.155);
#8489=CIRCLE('',#13037,0.155);
#8490=CIRCLE('',#13040,0.155);
#8491=CIRCLE('',#13042,0.155);
#8492=CIRCLE('',#13045,0.295);
#8493=CIRCLE('',#13046,1.99115988571579);
#8494=CIRCLE('',#13047,1.161);
#8495=CIRCLE('',#13048,1.99115988571579);
#8496=CIRCLE('',#13049,1.99115988571579);
#8497=CIRCLE('',#13050,1.99115988571579);
#8498=CIRCLE('',#13051,0.295);
#8499=CIRCLE('',#13052,1.99115988571579);
#8500=CIRCLE('',#13053,1.99115988571579);
#8501=CIRCLE('',#13054,1.99115988571579);
#8502=CIRCLE('',#13055,0.615);
#8503=CIRCLE('',#13057,1.191);
#8504=CIRCLE('',#13059,1.191);
#8505=CIRCLE('',#13061,1.2714987697171);
#8506=CIRCLE('',#13063,1.34377865349805);
#8507=CIRCLE('',#13065,1.94966807870745);
#8508=CIRCLE('',#13067,1.9891377318173);
#8509=CIRCLE('',#13070,0.205);
#8510=CIRCLE('',#13073,0.205);
#8511=CIRCLE('',#13076,0.205);
#8512=CIRCLE('',#13079,0.205);
#8513=CIRCLE('',#13106,0.295);
#8514=CIRCLE('',#13108,0.2);
#8515=CIRCLE('',#13110,0.2);
#8516=CIRCLE('',#13113,0.295);
#8517=CIRCLE('',#13115,0.2);
#8518=CIRCLE('',#13117,0.2);
#8519=CIRCLE('',#13134,0.615);
#8520=CIRCLE('',#13136,0.455);
#8521=CIRCLE('',#13147,0.439999999999994);
#8522=CIRCLE('',#13150,0.500000000000006);
#8523=CIRCLE('',#13151,0.500000000000006);
#8524=CIRCLE('',#13154,0.439999999999995);
#8525=CIRCLE('',#13159,0.439999999999989);
#8526=CIRCLE('',#13164,0.439999999999994);
#8527=CIRCLE('',#13167,0.500000000000006);
#8528=CIRCLE('',#13170,0.439999999999982);
#8529=CIRCLE('',#13175,0.43999999999999);
#8530=CIRCLE('',#13177,0.48);
#8531=CIRCLE('',#13179,0.48);
#8532=CIRCLE('',#13180,0.54);
#8533=CIRCLE('',#13181,0.48);
#8534=CIRCLE('',#13183,0.48);
#8535=CIRCLE('',#13185,0.54);
#8536=CIRCLE('',#13187,0.48);
#8537=CIRCLE('',#13189,0.48);
#8538=CIRCLE('',#13190,0.54);
#8539=CIRCLE('',#13191,0.48);
#8540=CIRCLE('',#13193,0.48);
#8541=CIRCLE('',#13195,0.54);
#8542=CIRCLE('',#13198,0.54);
#8543=CIRCLE('',#13201,0.48);
#8544=CIRCLE('',#13204,0.54);
#8545=CIRCLE('',#13207,0.48);
#8546=CIRCLE('',#13208,0.48);
#8547=CIRCLE('',#13211,0.54);
#8548=CIRCLE('',#13214,0.48);
#8549=CIRCLE('',#13217,0.54);
#8550=CIRCLE('',#13220,0.48);
#8551=CIRCLE('',#13222,0.275);
#8552=CIRCLE('',#13225,0.275);
#8553=CIRCLE('',#13227,0.275);
#8554=CIRCLE('',#13229,0.275);
#8555=CIRCLE('',#13232,0.500000000000001);
#8556=CIRCLE('',#13233,0.500000000000001);
#8557=CIRCLE('',#13236,0.439999999999998);
#8558=CIRCLE('',#13239,0.499999999999998);
#8559=CIRCLE('',#13242,0.439999999999999);
#8560=CIRCLE('',#13245,0.500000000000001);
#8561=CIRCLE('',#13248,0.440000000000002);
#8562=CIRCLE('',#13251,0.500000000000001);
#8563=CIRCLE('',#13254,0.439999999999998);
#8564=CIRCLE('',#13257,0.500000000000005);
#8565=CIRCLE('',#13260,0.44);
#8566=CIRCLE('',#13263,0.5);
#8567=CIRCLE('',#13266,0.440000000000001);
#8568=CIRCLE('',#13294,0.569999999999964);
#8569=CIRCLE('',#13295,0.570000000000003);
#8570=CIRCLE('',#13297,0.03);
#8571=CIRCLE('',#13300,0.03);
#8572=CIRCLE('',#13302,0.03);
#8573=CIRCLE('',#13305,0.0299999999999998);
#8574=CIRCLE('',#13308,0.275);
#8575=CIRCLE('',#13309,0.355);
#8576=CIRCLE('',#13311,0.355);
#8577=CIRCLE('',#13313,0.275);
#8578=CIRCLE('',#13317,0.5);
#8579=CIRCLE('',#13319,0.5);
#8580=CIRCLE('',#13321,0.3125);
#8581=CIRCLE('',#13323,0.3125);
#8582=CIRCLE('',#13325,0.2745);
#8583=CIRCLE('',#13329,0.5);
#8584=CIRCLE('',#13330,0.5);
#8585=CIRCLE('',#13332,0.969);
#8586=CIRCLE('',#13334,1.);
#8587=CIRCLE('',#13336,1.);
#8588=CIRCLE('',#13338,0.719);
#8589=CIRCLE('',#13339,0.75);
#8590=CIRCLE('',#13342,0.75);
#8591=CIRCLE('',#13344,1.594);
#8592=CIRCLE('',#13345,0.1405);
#8593=CIRCLE('',#13346,0.1405);
#8594=CIRCLE('',#13347,0.1405);
#8595=CIRCLE('',#13348,0.1405);
#8596=CIRCLE('',#13350,1.625);
#8597=CIRCLE('',#13352,1.625);
#8598=CIRCLE('',#13354,1.594);
#8599=CIRCLE('',#13356,0.1405);
#8600=CIRCLE('',#13357,0.1405);
#8601=CIRCLE('',#13358,0.1405);
#8602=CIRCLE('',#13359,0.1405);
#8603=EDGE_LOOP('',(#2327,#2328,#2329,#2330));
#8604=EDGE_LOOP('',(#2331));
#8605=EDGE_LOOP('',(#2332,#2333,#2334,#2335));
#8606=EDGE_LOOP('',(#2336,#2337,#2338,#2339));
#8607=EDGE_LOOP('',(#2340,#2341,#2342,#2343));
#8608=EDGE_LOOP('',(#2344,#2345,#2346,#2347));
#8609=EDGE_LOOP('',(#2348,#2349,#2350,#2351));
#8610=EDGE_LOOP('',(#2352,#2353,#2354,#2355));
#8611=EDGE_LOOP('',(#2356,#2357,#2358,#2359));
#8612=EDGE_LOOP('',(#2360,#2361,#2362,#2363));
#8613=EDGE_LOOP('',(#2364,#2365,#2366,#2367));
#8614=EDGE_LOOP('',(#2368,#2369,#2370,#2371));
#8615=EDGE_LOOP('',(#2372,#2373,#2374,#2375));
#8616=EDGE_LOOP('',(#2376,#2377,#2378,#2379));
#8617=EDGE_LOOP('',(#2380,#2381,#2382,#2383));
#8618=EDGE_LOOP('',(#2384,#2385,#2386,#2387));
#8619=EDGE_LOOP('',(#2388,#2389,#2390,#2391));
#8620=EDGE_LOOP('',(#2392,#2393,#2394,#2395));
#8621=EDGE_LOOP('',(#2396,#2397,#2398,#2399,#2400,#2401,#2402,#2403,#2404,
#2405));
#8622=EDGE_LOOP('',(#2406));
#8623=EDGE_LOOP('',(#2407,#2408,#2409,#2410));
#8624=EDGE_LOOP('',(#2411,#2412,#2413,#2414));
#8625=EDGE_LOOP('',(#2415,#2416,#2417,#2418));
#8626=EDGE_LOOP('',(#2419,#2420,#2421,#2422));
#8627=EDGE_LOOP('',(#2423,#2424,#2425,#2426));
#8628=EDGE_LOOP('',(#2427,#2428,#2429,#2430,#2431,#2432));
#8629=EDGE_LOOP('',(#2433));
#8630=EDGE_LOOP('',(#2434,#2435,#2436,#2437,#2438,#2439));
#8631=EDGE_LOOP('',(#2440,#2441,#2442,#2443,#2444,#2445));
#8632=EDGE_LOOP('',(#2446,#2447,#2448,#2449));
#8633=EDGE_LOOP('',(#2450,#2451,#2452,#2453));
#8634=EDGE_LOOP('',(#2454,#2455,#2456,#2457,#2458,#2459,#2460,#2461,#2462,
#2463,#2464,#2465));
#8635=EDGE_LOOP('',(#2466));
#8636=EDGE_LOOP('',(#2467));
#8637=EDGE_LOOP('',(#2468,#2469,#2470,#2471,#2472,#2473,#2474,#2475));
#8638=EDGE_LOOP('',(#2476));
#8639=EDGE_LOOP('',(#2477));
#8640=EDGE_LOOP('',(#2478,#2479,#2480,#2481));
#8641=EDGE_LOOP('',(#2482,#2483,#2484,#2485));
#8642=EDGE_LOOP('',(#2486,#2487,#2488,#2489));
#8643=EDGE_LOOP('',(#2490,#2491,#2492,#2493,#2494,#2495));
#8644=EDGE_LOOP('',(#2496,#2497,#2498,#2499));
#8645=EDGE_LOOP('',(#2500,#2501,#2502,#2503));
#8646=EDGE_LOOP('',(#2504,#2505,#2506,#2507));
#8647=EDGE_LOOP('',(#2508));
#8648=EDGE_LOOP('',(#2509));
#8649=EDGE_LOOP('',(#2510));
#8650=EDGE_LOOP('',(#2511));
#8651=EDGE_LOOP('',(#2512));
#8652=EDGE_LOOP('',(#2513));
#8653=EDGE_LOOP('',(#2514));
#8654=EDGE_LOOP('',(#2515));
#8655=EDGE_LOOP('',(#2516,#2517,#2518,#2519,#2520,#2521));
#8656=EDGE_LOOP('',(#2522));
#8657=EDGE_LOOP('',(#2523));
#8658=EDGE_LOOP('',(#2524));
#8659=EDGE_LOOP('',(#2525));
#8660=EDGE_LOOP('',(#2526));
#8661=EDGE_LOOP('',(#2527,#2528,#2529,#2530,#2531,#2532,#2533,#2534));
#8662=EDGE_LOOP('',(#2535));
#8663=EDGE_LOOP('',(#2536));
#8664=EDGE_LOOP('',(#2537));
#8665=EDGE_LOOP('',(#2538));
#8666=EDGE_LOOP('',(#2539,#2540,#2541,#2542));
#8667=EDGE_LOOP('',(#2543));
#8668=EDGE_LOOP('',(#2544,#2545,#2546,#2547));
#8669=EDGE_LOOP('',(#2548,#2549,#2550,#2551));
#8670=EDGE_LOOP('',(#2552,#2553,#2554,#2555,#2556,#2557));
#8671=EDGE_LOOP('',(#2558,#2559,#2560,#2561,#2562,#2563));
#8672=EDGE_LOOP('',(#2564,#2565,#2566,#2567));
#8673=EDGE_LOOP('',(#2568,#2569,#2570,#2571));
#8674=EDGE_LOOP('',(#2572,#2573,#2574,#2575,#2576,#2577));
#8675=EDGE_LOOP('',(#2578,#2579,#2580,#2581,#2582,#2583,#2584,#2585));
#8676=EDGE_LOOP('',(#2586,#2587));
#8677=EDGE_LOOP('',(#2588,#2589,#2590,#2591,#2592));
#8678=EDGE_LOOP('',(#2593,#2594,#2595,#2596,#2597));
#8679=EDGE_LOOP('',(#2598,#2599,#2600,#2601,#2602,#2603,#2604,#2605));
#8680=EDGE_LOOP('',(#2606,#2607));
#8681=EDGE_LOOP('',(#2608));
#8682=EDGE_LOOP('',(#2609));
#8683=EDGE_LOOP('',(#2610));
#8684=EDGE_LOOP('',(#2611));
#8685=EDGE_LOOP('',(#2612,#2613,#2614,#2615));
#8686=EDGE_LOOP('',(#2616,#2617,#2618,#2619));
#8687=EDGE_LOOP('',(#2620,#2621,#2622,#2623));
#8688=EDGE_LOOP('',(#2624,#2625,#2626,#2627));
#8689=EDGE_LOOP('',(#2628,#2629,#2630,#2631));
#8690=EDGE_LOOP('',(#2632,#2633,#2634,#2635));
#8691=EDGE_LOOP('',(#2636,#2637,#2638,#2639));
#8692=EDGE_LOOP('',(#2640,#2641,#2642,#2643));
#8693=EDGE_LOOP('',(#2644));
#8694=EDGE_LOOP('',(#2645));
#8695=EDGE_LOOP('',(#2646));
#8696=EDGE_LOOP('',(#2647));
#8697=EDGE_LOOP('',(#2648));
#8698=EDGE_LOOP('',(#2649,#2650,#2651,#2652,#2653,#2654,#2655,#2656));
#8699=EDGE_LOOP('',(#2657));
#8700=EDGE_LOOP('',(#2658,#2659,#2660,#2661,#2662,#2663,#2664,#2665));
#8701=EDGE_LOOP('',(#2666));
#8702=EDGE_LOOP('',(#2667));
#8703=EDGE_LOOP('',(#2668));
#8704=EDGE_LOOP('',(#2669));
#8705=EDGE_LOOP('',(#2670));
#8706=EDGE_LOOP('',(#2671));
#8707=EDGE_LOOP('',(#2672));
#8708=EDGE_LOOP('',(#2673));
#8709=EDGE_LOOP('',(#2674,#2675,#2676,#2677,#2678,#2679));
#8710=EDGE_LOOP('',(#2680));
#8711=EDGE_LOOP('',(#2681,#2682,#2683,#2684));
#8712=EDGE_LOOP('',(#2685,#2686,#2687,#2688));
#8713=EDGE_LOOP('',(#2689,#2690,#2691,#2692));
#8714=EDGE_LOOP('',(#2693));
#8715=EDGE_LOOP('',(#2694,#2695,#2696,#2697,#2698,#2699));
#8716=EDGE_LOOP('',(#2700));
#8717=EDGE_LOOP('',(#2701));
#8718=EDGE_LOOP('',(#2702));
#8719=EDGE_LOOP('',(#2703));
#8720=EDGE_LOOP('',(#2704));
#8721=EDGE_LOOP('',(#2705,#2706,#2707,#2708,#2709,#2710));
#8722=EDGE_LOOP('',(#2711,#2712,#2713,#2714,#2715,#2716));
#8723=EDGE_LOOP('',(#2717,#2718,#2719,#2720,#2721,#2722));
#8724=EDGE_LOOP('',(#2723,#2724,#2725,#2726,#2727,#2728));
#8725=EDGE_LOOP('',(#2729,#2730,#2731,#2732,#2733,#2734));
#8726=EDGE_LOOP('',(#2735,#2736,#2737,#2738,#2739,#2740));
#8727=EDGE_LOOP('',(#2741));
#8728=EDGE_LOOP('',(#2742));
#8729=EDGE_LOOP('',(#2743));
#8730=EDGE_LOOP('',(#2744));
#8731=EDGE_LOOP('',(#2745));
#8732=EDGE_LOOP('',(#2746));
#8733=EDGE_LOOP('',(#2747));
#8734=EDGE_LOOP('',(#2748));
#8735=EDGE_LOOP('',(#2749));
#8736=EDGE_LOOP('',(#2750));
#8737=EDGE_LOOP('',(#2751));
#8738=EDGE_LOOP('',(#2752));
#8739=EDGE_LOOP('',(#2753));
#8740=EDGE_LOOP('',(#2754));
#8741=EDGE_LOOP('',(#2755));
#8742=EDGE_LOOP('',(#2756));
#8743=EDGE_LOOP('',(#2757));
#8744=EDGE_LOOP('',(#2758));
#8745=EDGE_LOOP('',(#2759));
#8746=EDGE_LOOP('',(#2760));
#8747=EDGE_LOOP('',(#2761));
#8748=EDGE_LOOP('',(#2762));
#8749=EDGE_LOOP('',(#2763));
#8750=EDGE_LOOP('',(#2764));
#8751=EDGE_LOOP('',(#2765));
#8752=EDGE_LOOP('',(#2766));
#8753=EDGE_LOOP('',(#2767));
#8754=EDGE_LOOP('',(#2768));
#8755=EDGE_LOOP('',(#2769));
#8756=EDGE_LOOP('',(#2770));
#8757=EDGE_LOOP('',(#2771));
#8758=EDGE_LOOP('',(#2772));
#8759=EDGE_LOOP('',(#2773,#2774,#2775,#2776));
#8760=EDGE_LOOP('',(#2777,#2778,#2779,#2780));
#8761=EDGE_LOOP('',(#2781,#2782,#2783,#2784));
#8762=EDGE_LOOP('',(#2785,#2786,#2787,#2788));
#8763=EDGE_LOOP('',(#2789));
#8764=EDGE_LOOP('',(#2790));
#8765=EDGE_LOOP('',(#2791));
#8766=EDGE_LOOP('',(#2792));
#8767=EDGE_LOOP('',(#2793));
#8768=EDGE_LOOP('',(#2794));
#8769=EDGE_LOOP('',(#2795));
#8770=EDGE_LOOP('',(#2796));
#8771=EDGE_LOOP('',(#2797));
#8772=EDGE_LOOP('',(#2798));
#8773=EDGE_LOOP('',(#2799));
#8774=EDGE_LOOP('',(#2800));
#8775=EDGE_LOOP('',(#2801));
#8776=EDGE_LOOP('',(#2802));
#8777=EDGE_LOOP('',(#2803));
#8778=EDGE_LOOP('',(#2804));
#8779=EDGE_LOOP('',(#2805));
#8780=EDGE_LOOP('',(#2806));
#8781=EDGE_LOOP('',(#2807));
#8782=EDGE_LOOP('',(#2808));
#8783=EDGE_LOOP('',(#2809));
#8784=EDGE_LOOP('',(#2810));
#8785=EDGE_LOOP('',(#2811));
#8786=EDGE_LOOP('',(#2812));
#8787=EDGE_LOOP('',(#2813));
#8788=EDGE_LOOP('',(#2814));
#8789=EDGE_LOOP('',(#2815));
#8790=EDGE_LOOP('',(#2816));
#8791=EDGE_LOOP('',(#2817));
#8792=EDGE_LOOP('',(#2818));
#8793=EDGE_LOOP('',(#2819));
#8794=EDGE_LOOP('',(#2820));
#8795=EDGE_LOOP('',(#2821));
#8796=EDGE_LOOP('',(#2822));
#8797=EDGE_LOOP('',(#2823));
#8798=EDGE_LOOP('',(#2824));
#8799=EDGE_LOOP('',(#2825));
#8800=EDGE_LOOP('',(#2826));
#8801=EDGE_LOOP('',(#2827));
#8802=EDGE_LOOP('',(#2828));
#8803=EDGE_LOOP('',(#2829));
#8804=EDGE_LOOP('',(#2830));
#8805=EDGE_LOOP('',(#2831));
#8806=EDGE_LOOP('',(#2832));
#8807=EDGE_LOOP('',(#2833));
#8808=EDGE_LOOP('',(#2834));
#8809=EDGE_LOOP('',(#2835));
#8810=EDGE_LOOP('',(#2836));
#8811=EDGE_LOOP('',(#2837));
#8812=EDGE_LOOP('',(#2838));
#8813=EDGE_LOOP('',(#2839));
#8814=EDGE_LOOP('',(#2840));
#8815=EDGE_LOOP('',(#2841));
#8816=EDGE_LOOP('',(#2842));
#8817=EDGE_LOOP('',(#2843));
#8818=EDGE_LOOP('',(#2844));
#8819=EDGE_LOOP('',(#2845,#2846,#2847,#2848,#2849,#2850,#2851));
#8820=EDGE_LOOP('',(#2852,#2853,#2854,#2855));
#8821=EDGE_LOOP('',(#2856,#2857,#2858,#2859));
#8822=EDGE_LOOP('',(#2860,#2861,#2862,#2863));
#8823=EDGE_LOOP('',(#2864,#2865,#2866,#2867));
#8824=EDGE_LOOP('',(#2868,#2869,#2870,#2871));
#8825=EDGE_LOOP('',(#2872,#2873,#2874,#2875));
#8826=EDGE_LOOP('',(#2876,#2877,#2878,#2879));
#8827=EDGE_LOOP('',(#2880,#2881,#2882,#2883));
#8828=EDGE_LOOP('',(#2884,#2885,#2886,#2887));
#8829=EDGE_LOOP('',(#2888,#2889,#2890,#2891));
#8830=EDGE_LOOP('',(#2892,#2893,#2894,#2895));
#8831=EDGE_LOOP('',(#2896,#2897,#2898,#2899,#2900,#2901));
#8832=EDGE_LOOP('',(#2902));
#8833=EDGE_LOOP('',(#2903,#2904,#2905,#2906));
#8834=EDGE_LOOP('',(#2907,#2908,#2909,#2910));
#8835=EDGE_LOOP('',(#2911,#2912,#2913,#2914,#2915,#2916));
#8836=EDGE_LOOP('',(#2917,#2918,#2919,#2920,#2921,#2922));
#8837=EDGE_LOOP('',(#2923,#2924,#2925,#2926));
#8838=EDGE_LOOP('',(#2927,#2928,#2929,#2930));
#8839=EDGE_LOOP('',(#2931,#2932,#2933,#2934));
#8840=EDGE_LOOP('',(#2935,#2936,#2937,#2938));
#8841=EDGE_LOOP('',(#2939,#2940,#2941,#2942,#2943,#2944));
#8842=EDGE_LOOP('',(#2945,#2946,#2947,#2948));
#8843=EDGE_LOOP('',(#2949,#2950,#2951,#2952,#2953,#2954));
#8844=EDGE_LOOP('',(#2955,#2956,#2957,#2958,#2959,#2960));
#8845=EDGE_LOOP('',(#2961,#2962,#2963,#2964));
#8846=EDGE_LOOP('',(#2965,#2966,#2967,#2968));
#8847=EDGE_LOOP('',(#2969,#2970,#2971,#2972));
#8848=EDGE_LOOP('',(#2973,#2974,#2975,#2976));
#8849=EDGE_LOOP('',(#2977,#2978,#2979,#2980,#2981,#2982));
#8850=EDGE_LOOP('',(#2983,#2984,#2985,#2986));
#8851=EDGE_LOOP('',(#2987,#2988,#2989,#2990));
#8852=EDGE_LOOP('',(#2991,#2992,#2993,#2994));
#8853=EDGE_LOOP('',(#2995,#2996,#2997,#2998));
#8854=EDGE_LOOP('',(#2999,#3000,#3001,#3002));
#8855=EDGE_LOOP('',(#3003,#3004,#3005,#3006));
#8856=EDGE_LOOP('',(#3007,#3008,#3009,#3010));
#8857=EDGE_LOOP('',(#3011,#3012,#3013,#3014));
#8858=EDGE_LOOP('',(#3015,#3016,#3017,#3018));
#8859=EDGE_LOOP('',(#3019,#3020,#3021,#3022));
#8860=EDGE_LOOP('',(#3023,#3024,#3025,#3026));
#8861=EDGE_LOOP('',(#3027,#3028,#3029,#3030));
#8862=EDGE_LOOP('',(#3031,#3032,#3033,#3034));
#8863=EDGE_LOOP('',(#3035,#3036,#3037,#3038));
#8864=EDGE_LOOP('',(#3039,#3040,#3041,#3042));
#8865=EDGE_LOOP('',(#3043,#3044,#3045,#3046));
#8866=EDGE_LOOP('',(#3047,#3048,#3049,#3050));
#8867=EDGE_LOOP('',(#3051,#3052,#3053,#3054));
#8868=EDGE_LOOP('',(#3055,#3056,#3057,#3058));
#8869=EDGE_LOOP('',(#3059,#3060,#3061,#3062));
#8870=EDGE_LOOP('',(#3063,#3064,#3065,#3066));
#8871=EDGE_LOOP('',(#3067,#3068,#3069,#3070));
#8872=EDGE_LOOP('',(#3071,#3072,#3073,#3074));
#8873=EDGE_LOOP('',(#3075,#3076,#3077,#3078));
#8874=EDGE_LOOP('',(#3079,#3080,#3081,#3082));
#8875=EDGE_LOOP('',(#3083,#3084,#3085,#3086));
#8876=EDGE_LOOP('',(#3087,#3088,#3089,#3090));
#8877=EDGE_LOOP('',(#3091,#3092,#3093,#3094));
#8878=EDGE_LOOP('',(#3095,#3096,#3097,#3098));
#8879=EDGE_LOOP('',(#3099,#3100,#3101,#3102,#3103,#3104));
#8880=EDGE_LOOP('',(#3105,#3106,#3107,#3108,#3109,#3110));
#8881=EDGE_LOOP('',(#3111,#3112,#3113,#3114,#3115,#3116,#3117,#3118));
#8882=EDGE_LOOP('',(#3119,#3120,#3121,#3122,#3123,#3124,#3125,#3126,#3127,
#3128,#3129,#3130,#3131,#3132,#3133,#3134));
#8883=EDGE_LOOP('',(#3135));
#8884=EDGE_LOOP('',(#3136,#3137,#3138,#3139,#3140,#3141,#3142,#3143,#3144,
#3145));
#8885=EDGE_LOOP('',(#3146));
#8886=EDGE_LOOP('',(#3147));
#8887=EDGE_LOOP('',(#3148));
#8888=EDGE_LOOP('',(#3149));
#8889=EDGE_LOOP('',(#3150));
#8890=EDGE_LOOP('',(#3151));
#8891=EDGE_LOOP('',(#3152));
#8892=EDGE_LOOP('',(#3153,#3154,#3155,#3156,#3157,#3158,#3159,#3160,#3161,
#3162,#3163,#3164));
#8893=EDGE_LOOP('',(#3165));
#8894=EDGE_LOOP('',(#3166,#3167,#3168,#3169,#3170,#3171,#3172,#3173,#3174,
#3175,#3176,#3177));
#8895=EDGE_LOOP('',(#3178,#3179,#3180,#3181,#3182,#3183));
#8896=EDGE_LOOP('',(#3184,#3185,#3186,#3187,#3188,#3189));
#8897=EDGE_LOOP('',(#3190,#3191,#3192,#3193));
#8898=EDGE_LOOP('',(#3194,#3195,#3196,#3197));
#8899=EDGE_LOOP('',(#3198,#3199,#3200,#3201,#3202,#3203,#3204,#3205));
#8900=EDGE_LOOP('',(#3206,#3207,#3208,#3209));
#8901=EDGE_LOOP('',(#3210,#3211,#3212,#3213));
#8902=EDGE_LOOP('',(#3214,#3215,#3216,#3217));
#8903=EDGE_LOOP('',(#3218,#3219,#3220,#3221));
#8904=EDGE_LOOP('',(#3222,#3223,#3224,#3225));
#8905=EDGE_LOOP('',(#3226,#3227,#3228,#3229));
#8906=EDGE_LOOP('',(#3230,#3231,#3232,#3233));
#8907=EDGE_LOOP('',(#3234,#3235,#3236,#3237,#3238,#3239));
#8908=EDGE_LOOP('',(#3240,#3241,#3242,#3243,#3244,#3245));
#8909=EDGE_LOOP('',(#3246,#3247,#3248,#3249));
#8910=EDGE_LOOP('',(#3250,#3251,#3252,#3253));
#8911=EDGE_LOOP('',(#3254,#3255,#3256,#3257));
#8912=EDGE_LOOP('',(#3258,#3259,#3260,#3261));
#8913=EDGE_LOOP('',(#3262,#3263,#3264,#3265));
#8914=EDGE_LOOP('',(#3266,#3267,#3268,#3269));
#8915=EDGE_LOOP('',(#3270,#3271,#3272,#3273));
#8916=EDGE_LOOP('',(#3274,#3275,#3276,#3277));
#8917=EDGE_LOOP('',(#3278));
#8918=EDGE_LOOP('',(#3279,#3280,#3281,#3282));
#8919=EDGE_LOOP('',(#3283,#3284,#3285,#3286,#3287,#3288,#3289,#3290));
#8920=EDGE_LOOP('',(#3291,#3292,#3293,#3294,#3295,#3296,#3297,#3298));
#8921=EDGE_LOOP('',(#3299,#3300,#3301,#3302,#3303,#3304,#3305,#3306));
#8922=EDGE_LOOP('',(#3307));
#8923=EDGE_LOOP('',(#3308));
#8924=EDGE_LOOP('',(#3309));
#8925=EDGE_LOOP('',(#3310));
#8926=EDGE_LOOP('',(#3311));
#8927=EDGE_LOOP('',(#3312));
#8928=EDGE_LOOP('',(#3313));
#8929=EDGE_LOOP('',(#3314));
#8930=EDGE_LOOP('',(#3315));
#8931=EDGE_LOOP('',(#3316));
#8932=EDGE_LOOP('',(#3317));
#8933=EDGE_LOOP('',(#3318));
#8934=EDGE_LOOP('',(#3319));
#8935=EDGE_LOOP('',(#3320));
#8936=EDGE_LOOP('',(#3321,#3322));
#8937=EDGE_LOOP('',(#3323,#3324));
#8938=EDGE_LOOP('',(#3325,#3326));
#8939=EDGE_LOOP('',(#3327,#3328));
#8940=EDGE_LOOP('',(#3329,#3330));
#8941=EDGE_LOOP('',(#3331,#3332));
#8942=EDGE_LOOP('',(#3333,#3334));
#8943=EDGE_LOOP('',(#3335,#3336));
#8944=EDGE_LOOP('',(#3337,#3338));
#8945=EDGE_LOOP('',(#3339,#3340));
#8946=EDGE_LOOP('',(#3341,#3342));
#8947=EDGE_LOOP('',(#3343,#3344));
#8948=EDGE_LOOP('',(#3345));
#8949=EDGE_LOOP('',(#3346));
#8950=EDGE_LOOP('',(#3347));
#8951=EDGE_LOOP('',(#3348,#3349,#3350,#3351,#3352,#3353,#3354,#3355));
#8952=EDGE_LOOP('',(#3356,#3357,#3358,#3359,#3360,#3361,#3362,#3363));
#8953=EDGE_LOOP('',(#3364));
#8954=EDGE_LOOP('',(#3365,#3366,#3367,#3368,#3369,#3370));
#8955=EDGE_LOOP('',(#3371,#3372,#3373,#3374));
#8956=EDGE_LOOP('',(#3375,#3376,#3377,#3378));
#8957=EDGE_LOOP('',(#3379,#3380,#3381,#3382));
#8958=EDGE_LOOP('',(#3383));
#8959=EDGE_LOOP('',(#3384,#3385,#3386,#3387,#3388,#3389));
#8960=EDGE_LOOP('',(#3390,#3391,#3392,#3393));
#8961=EDGE_LOOP('',(#3394,#3395,#3396,#3397));
#8962=EDGE_LOOP('',(#3398,#3399,#3400,#3401));
#8963=EDGE_LOOP('',(#3402));
#8964=EDGE_LOOP('',(#3403,#3404,#3405,#3406,#3407,#3408));
#8965=EDGE_LOOP('',(#3409,#3410,#3411,#3412));
#8966=EDGE_LOOP('',(#3413,#3414,#3415,#3416));
#8967=EDGE_LOOP('',(#3417,#3418,#3419,#3420));
#8968=EDGE_LOOP('',(#3421,#3422,#3423,#3424));
#8969=EDGE_LOOP('',(#3425,#3426,#3427,#3428));
#8970=EDGE_LOOP('',(#3429,#3430,#3431,#3432));
#8971=EDGE_LOOP('',(#3433,#3434,#3435,#3436,#3437,#3438,#3439,#3440,#3441,
#3442,#3443,#3444,#3445,#3446));
#8972=EDGE_LOOP('',(#3447,#3448,#3449,#3450,#3451,#3452,#3453));
#8973=EDGE_LOOP('',(#3454,#3455,#3456,#3457,#3458,#3459,#3460));
#8974=EDGE_LOOP('',(#3461,#3462,#3463,#3464));
#8975=EDGE_LOOP('',(#3465,#3466,#3467,#3468,#3469,#3470));
#8976=EDGE_LOOP('',(#3471,#3472,#3473,#3474,#3475,#3476,#3477));
#8977=EDGE_LOOP('',(#3478,#3479,#3480,#3481,#3482,#3483,#3484));
#8978=EDGE_LOOP('',(#3485,#3486,#3487,#3488,#3489,#3490,#3491,#3492,#3493,
#3494,#3495,#3496,#3497,#3498));
#8979=EDGE_LOOP('',(#3499,#3500,#3501,#3502,#3503,#3504,#3505,#3506,#3507,
#3508,#3509,#3510,#3511,#3512,#3513,#3514,#3515,#3516,#3517,#3518,#3519,
#3520,#3521,#3522,#3523,#3524,#3525,#3526));
#8980=EDGE_LOOP('',(#3527));
#8981=EDGE_LOOP('',(#3528,#3529,#3530,#3531,#3532,#3533));
#8982=EDGE_LOOP('',(#3534));
#8983=EDGE_LOOP('',(#3535));
#8984=EDGE_LOOP('',(#3536,#3537,#3538,#3539));
#8985=EDGE_LOOP('',(#3540,#3541,#3542,#3543));
#8986=EDGE_LOOP('',(#3544,#3545,#3546,#3547));
#8987=EDGE_LOOP('',(#3548,#3549,#3550,#3551));
#8988=EDGE_LOOP('',(#3552,#3553,#3554,#3555));
#8989=EDGE_LOOP('',(#3556,#3557,#3558,#3559));
#8990=EDGE_LOOP('',(#3560,#3561,#3562,#3563,#3564,#3565));
#8991=EDGE_LOOP('',(#3566));
#8992=EDGE_LOOP('',(#3567,#3568,#3569,#3570,#3571,#3572));
#8993=EDGE_LOOP('',(#3573));
#8994=EDGE_LOOP('',(#3574));
#8995=EDGE_LOOP('',(#3575));
#8996=EDGE_LOOP('',(#3576,#3577,#3578,#3579,#3580,#3581));
#8997=EDGE_LOOP('',(#3582));
#8998=EDGE_LOOP('',(#3583));
#8999=EDGE_LOOP('',(#3584,#3585,#3586,#3587));
#9000=EDGE_LOOP('',(#3588,#3589,#3590,#3591));
#9001=EDGE_LOOP('',(#3592,#3593,#3594,#3595));
#9002=EDGE_LOOP('',(#3596,#3597,#3598,#3599));
#9003=EDGE_LOOP('',(#3600,#3601,#3602,#3603));
#9004=EDGE_LOOP('',(#3604,#3605,#3606,#3607));
#9005=EDGE_LOOP('',(#3608,#3609,#3610,#3611,#3612,#3613));
#9006=EDGE_LOOP('',(#3614,#3615,#3616,#3617));
#9007=EDGE_LOOP('',(#3618,#3619,#3620,#3621));
#9008=EDGE_LOOP('',(#3622,#3623,#3624,#3625));
#9009=EDGE_LOOP('',(#3626,#3627,#3628,#3629));
#9010=EDGE_LOOP('',(#3630,#3631,#3632,#3633));
#9011=EDGE_LOOP('',(#3634,#3635,#3636,#3637));
#9012=EDGE_LOOP('',(#3638,#3639,#3640,#3641,#3642,#3643));
#9013=EDGE_LOOP('',(#3644,#3645,#3646,#3647));
#9014=EDGE_LOOP('',(#3648,#3649,#3650,#3651));
#9015=EDGE_LOOP('',(#3652,#3653,#3654,#3655,#3656));
#9016=EDGE_LOOP('',(#3657,#3658,#3659,#3660,#3661));
#9017=EDGE_LOOP('',(#3662,#3663,#3664,#3665));
#9018=EDGE_LOOP('',(#3666,#3667,#3668,#3669));
#9019=EDGE_LOOP('',(#3670,#3671,#3672,#3673));
#9020=EDGE_LOOP('',(#3674,#3675,#3676,#3677));
#9021=EDGE_LOOP('',(#3678,#3679,#3680,#3681));
#9022=EDGE_LOOP('',(#3682,#3683,#3684,#3685));
#9023=EDGE_LOOP('',(#3686,#3687,#3688,#3689,#3690,#3691,#3692,#3693));
#9024=EDGE_LOOP('',(#3694));
#9025=EDGE_LOOP('',(#3695,#3696,#3697,#3698,#3699,#3700,#3701,#3702));
#9026=EDGE_LOOP('',(#3703));
#9027=EDGE_LOOP('',(#3704,#3705,#3706,#3707,#3708,#3709,#3710,#3711,#3712,
#3713,#3714,#3715,#3716,#3717,#3718,#3719,#3720,#3721,#3722,#3723,#3724,
#3725,#3726,#3727));
#9028=EDGE_LOOP('',(#3728,#3729,#3730,#3731));
#9029=EDGE_LOOP('',(#3732,#3733,#3734,#3735));
#9030=EDGE_LOOP('',(#3736,#3737,#3738,#3739));
#9031=EDGE_LOOP('',(#3740,#3741,#3742,#3743));
#9032=EDGE_LOOP('',(#3744,#3745,#3746,#3747));
#9033=EDGE_LOOP('',(#3748,#3749,#3750,#3751));
#9034=EDGE_LOOP('',(#3752,#3753,#3754,#3755));
#9035=EDGE_LOOP('',(#3756,#3757,#3758,#3759));
#9036=EDGE_LOOP('',(#3760));
#9037=EDGE_LOOP('',(#3761));
#9038=EDGE_LOOP('',(#3762));
#9039=EDGE_LOOP('',(#3763));
#9040=EDGE_LOOP('',(#3764,#3765,#3766,#3767));
#9041=EDGE_LOOP('',(#3768));
#9042=EDGE_LOOP('',(#3769));
#9043=EDGE_LOOP('',(#3770,#3771,#3772,#3773,#3774,#3775));
#9044=EDGE_LOOP('',(#3776));
#9045=EDGE_LOOP('',(#3777));
#9046=EDGE_LOOP('',(#3778));
#9047=EDGE_LOOP('',(#3779,#3780,#3781,#3782,#3783,#3784));
#9048=EDGE_LOOP('',(#3785));
#9049=EDGE_LOOP('',(#3786));
#9050=EDGE_LOOP('',(#3787));
#9051=EDGE_LOOP('',(#3788,#3789,#3790,#3791,#3792,#3793));
#9052=EDGE_LOOP('',(#3794));
#9053=EDGE_LOOP('',(#3795));
#9054=EDGE_LOOP('',(#3796));
#9055=EDGE_LOOP('',(#3797,#3798,#3799,#3800,#3801,#3802));
#9056=EDGE_LOOP('',(#3803));
#9057=EDGE_LOOP('',(#3804,#3805,#3806,#3807));
#9058=EDGE_LOOP('',(#3808,#3809,#3810,#3811));
#9059=EDGE_LOOP('',(#3812,#3813,#3814,#3815));
#9060=EDGE_LOOP('',(#3816,#3817,#3818,#3819));
#9061=EDGE_LOOP('',(#3820,#3821,#3822,#3823));
#9062=EDGE_LOOP('',(#3824,#3825,#3826,#3827));
#9063=EDGE_LOOP('',(#3828,#3829,#3830,#3831,#3832,#3833));
#9064=EDGE_LOOP('',(#3834,#3835,#3836,#3837));
#9065=EDGE_LOOP('',(#3838,#3839,#3840,#3841));
#9066=EDGE_LOOP('',(#3842,#3843,#3844,#3845));
#9067=EDGE_LOOP('',(#3846,#3847,#3848,#3849));
#9068=EDGE_LOOP('',(#3850,#3851,#3852,#3853));
#9069=EDGE_LOOP('',(#3854,#3855,#3856,#3857));
#9070=EDGE_LOOP('',(#3858,#3859,#3860,#3861,#3862,#3863));
#9071=EDGE_LOOP('',(#3864,#3865,#3866,#3867));
#9072=EDGE_LOOP('',(#3868,#3869,#3870,#3871));
#9073=EDGE_LOOP('',(#3872,#3873,#3874,#3875));
#9074=EDGE_LOOP('',(#3876,#3877,#3878,#3879));
#9075=EDGE_LOOP('',(#3880,#3881,#3882,#3883));
#9076=EDGE_LOOP('',(#3884,#3885,#3886,#3887));
#9077=EDGE_LOOP('',(#3888,#3889,#3890,#3891,#3892,#3893));
#9078=EDGE_LOOP('',(#3894,#3895,#3896,#3897));
#9079=EDGE_LOOP('',(#3898,#3899,#3900,#3901));
#9080=EDGE_LOOP('',(#3902,#3903,#3904,#3905));
#9081=EDGE_LOOP('',(#3906,#3907,#3908,#3909));
#9082=EDGE_LOOP('',(#3910,#3911,#3912,#3913));
#9083=EDGE_LOOP('',(#3914,#3915,#3916,#3917));
#9084=EDGE_LOOP('',(#3918,#3919,#3920,#3921,#3922,#3923));
#9085=EDGE_LOOP('',(#3924));
#9086=EDGE_LOOP('',(#3925,#3926,#3927,#3928,#3929,#3930));
#9087=EDGE_LOOP('',(#3931));
#9088=EDGE_LOOP('',(#3932));
#9089=EDGE_LOOP('',(#3933,#3934,#3935,#3936));
#9090=EDGE_LOOP('',(#3937,#3938,#3939,#3940));
#9091=EDGE_LOOP('',(#3941,#3942,#3943,#3944));
#9092=EDGE_LOOP('',(#3945,#3946,#3947,#3948));
#9093=EDGE_LOOP('',(#3949,#3950,#3951,#3952));
#9094=EDGE_LOOP('',(#3953,#3954,#3955,#3956));
#9095=EDGE_LOOP('',(#3957,#3958,#3959,#3960,#3961,#3962));
#9096=EDGE_LOOP('',(#3963));
#9097=EDGE_LOOP('',(#3964));
#9098=EDGE_LOOP('',(#3965));
#9099=EDGE_LOOP('',(#3966,#3967,#3968,#3969,#3970,#3971));
#9100=EDGE_LOOP('',(#3972,#3973,#3974,#3975));
#9101=EDGE_LOOP('',(#3976,#3977,#3978,#3979));
#9102=EDGE_LOOP('',(#3980,#3981,#3982,#3983));
#9103=EDGE_LOOP('',(#3984,#3985,#3986,#3987));
#9104=EDGE_LOOP('',(#3988,#3989,#3990,#3991));
#9105=EDGE_LOOP('',(#3992,#3993,#3994,#3995));
#9106=EDGE_LOOP('',(#3996,#3997,#3998,#3999,#4000,#4001));
#9107=EDGE_LOOP('',(#4002,#4003,#4004,#4005));
#9108=EDGE_LOOP('',(#4006,#4007,#4008,#4009));
#9109=EDGE_LOOP('',(#4010,#4011,#4012,#4013));
#9110=EDGE_LOOP('',(#4014,#4015,#4016,#4017));
#9111=EDGE_LOOP('',(#4018,#4019,#4020,#4021));
#9112=EDGE_LOOP('',(#4022,#4023,#4024,#4025));
#9113=EDGE_LOOP('',(#4026,#4027,#4028,#4029));
#9114=EDGE_LOOP('',(#4030,#4031,#4032,#4033));
#9115=EDGE_LOOP('',(#4034,#4035,#4036,#4037));
#9116=EDGE_LOOP('',(#4038,#4039,#4040,#4041));
#9117=EDGE_LOOP('',(#4042,#4043,#4044,#4045));
#9118=EDGE_LOOP('',(#4046,#4047,#4048,#4049));
#9119=EDGE_LOOP('',(#4050,#4051,#4052,#4053,#4054,#4055));
#9120=EDGE_LOOP('',(#4056,#4057,#4058,#4059,#4060,#4061));
#9121=EDGE_LOOP('',(#4062,#4063,#4064,#4065));
#9122=EDGE_LOOP('',(#4066,#4067,#4068,#4069));
#9123=EDGE_LOOP('',(#4070,#4071,#4072,#4073));
#9124=EDGE_LOOP('',(#4074,#4075,#4076,#4077));
#9125=EDGE_LOOP('',(#4078,#4079,#4080,#4081,#4082,#4083));
#9126=EDGE_LOOP('',(#4084,#4085,#4086,#4087));
#9127=EDGE_LOOP('',(#4088,#4089,#4090,#4091));
#9128=EDGE_LOOP('',(#4092,#4093,#4094,#4095));
#9129=EDGE_LOOP('',(#4096,#4097,#4098,#4099));
#9130=EDGE_LOOP('',(#4100,#4101,#4102,#4103,#4104,#4105));
#9131=EDGE_LOOP('',(#4106,#4107,#4108,#4109,#4110,#4111,#4112,#4113,#4114,
#4115,#4116,#4117,#4118,#4119,#4120,#4121,#4122,#4123,#4124,#4125,#4126,
#4127,#4128,#4129));
#9132=EDGE_LOOP('',(#4130,#4131,#4132,#4133));
#9133=EDGE_LOOP('',(#4134,#4135,#4136,#4137));
#9134=EDGE_LOOP('',(#4138,#4139,#4140,#4141));
#9135=EDGE_LOOP('',(#4142,#4143,#4144,#4145));
#9136=EDGE_LOOP('',(#4146,#4147,#4148,#4149));
#9137=EDGE_LOOP('',(#4150,#4151,#4152,#4153));
#9138=EDGE_LOOP('',(#4154,#4155,#4156,#4157,#4158,#4159,#4160,#4161,#4162,
#4163,#4164,#4165));
#9139=EDGE_LOOP('',(#4166,#4167,#4168,#4169));
#9140=EDGE_LOOP('',(#4170,#4171,#4172,#4173));
#9141=EDGE_LOOP('',(#4174,#4175,#4176,#4177));
#9142=EDGE_LOOP('',(#4178,#4179,#4180,#4181));
#9143=EDGE_LOOP('',(#4182,#4183,#4184,#4185));
#9144=EDGE_LOOP('',(#4186,#4187,#4188,#4189));
#9145=EDGE_LOOP('',(#4190,#4191,#4192,#4193));
#9146=EDGE_LOOP('',(#4194,#4195,#4196,#4197));
#9147=EDGE_LOOP('',(#4198,#4199,#4200,#4201));
#9148=EDGE_LOOP('',(#4202,#4203,#4204,#4205));
#9149=EDGE_LOOP('',(#4206,#4207,#4208,#4209));
#9150=EDGE_LOOP('',(#4210,#4211,#4212,#4213));
#9151=EDGE_LOOP('',(#4214,#4215,#4216,#4217));
#9152=EDGE_LOOP('',(#4218,#4219,#4220,#4221));
#9153=EDGE_LOOP('',(#4222,#4223,#4224,#4225));
#9154=EDGE_LOOP('',(#4226,#4227,#4228,#4229));
#9155=EDGE_LOOP('',(#4230,#4231,#4232,#4233));
#9156=EDGE_LOOP('',(#4234,#4235,#4236,#4237));
#9157=EDGE_LOOP('',(#4238,#4239,#4240,#4241));
#9158=EDGE_LOOP('',(#4242,#4243,#4244,#4245));
#9159=EDGE_LOOP('',(#4246,#4247,#4248,#4249));
#9160=EDGE_LOOP('',(#4250,#4251,#4252,#4253));
#9161=EDGE_LOOP('',(#4254,#4255,#4256,#4257));
#9162=EDGE_LOOP('',(#4258,#4259,#4260,#4261));
#9163=EDGE_LOOP('',(#4262,#4263,#4264,#4265));
#9164=EDGE_LOOP('',(#4266,#4267,#4268,#4269));
#9165=EDGE_LOOP('',(#4270,#4271,#4272,#4273));
#9166=EDGE_LOOP('',(#4274,#4275,#4276,#4277));
#9167=EDGE_LOOP('',(#4278,#4279,#4280,#4281));
#9168=EDGE_LOOP('',(#4282,#4283,#4284,#4285));
#9169=EDGE_LOOP('',(#4286,#4287,#4288,#4289));
#9170=EDGE_LOOP('',(#4290,#4291,#4292,#4293));
#9171=EDGE_LOOP('',(#4294,#4295,#4296,#4297));
#9172=EDGE_LOOP('',(#4298,#4299,#4300,#4301));
#9173=EDGE_LOOP('',(#4302,#4303,#4304,#4305));
#9174=EDGE_LOOP('',(#4306,#4307,#4308,#4309));
#9175=EDGE_LOOP('',(#4310,#4311,#4312,#4313));
#9176=EDGE_LOOP('',(#4314,#4315,#4316,#4317));
#9177=EDGE_LOOP('',(#4318,#4319,#4320,#4321));
#9178=EDGE_LOOP('',(#4322,#4323,#4324,#4325));
#9179=EDGE_LOOP('',(#4326,#4327,#4328,#4329));
#9180=EDGE_LOOP('',(#4330,#4331,#4332,#4333));
#9181=EDGE_LOOP('',(#4334,#4335,#4336,#4337));
#9182=EDGE_LOOP('',(#4338,#4339,#4340,#4341));
#9183=EDGE_LOOP('',(#4342,#4343,#4344,#4345));
#9184=EDGE_LOOP('',(#4346,#4347,#4348,#4349));
#9185=EDGE_LOOP('',(#4350,#4351,#4352,#4353));
#9186=EDGE_LOOP('',(#4354,#4355,#4356,#4357));
#9187=EDGE_LOOP('',(#4358,#4359,#4360,#4361));
#9188=EDGE_LOOP('',(#4362,#4363,#4364,#4365));
#9189=EDGE_LOOP('',(#4366,#4367,#4368,#4369));
#9190=EDGE_LOOP('',(#4370,#4371,#4372,#4373));
#9191=EDGE_LOOP('',(#4374,#4375,#4376,#4377));
#9192=EDGE_LOOP('',(#4378,#4379,#4380,#4381));
#9193=EDGE_LOOP('',(#4382,#4383,#4384,#4385,#4386,#4387,#4388,#4389,#4390,
#4391,#4392,#4393,#4394,#4395,#4396,#4397,#4398,#4399,#4400,#4401,#4402,
#4403,#4404,#4405));
#9194=EDGE_LOOP('',(#4406));
#9195=EDGE_LOOP('',(#4407));
#9196=EDGE_LOOP('',(#4408));
#9197=EDGE_LOOP('',(#4409));
#9198=EDGE_LOOP('',(#4410));
#9199=EDGE_LOOP('',(#4411));
#9200=EDGE_LOOP('',(#4412));
#9201=EDGE_LOOP('',(#4413));
#9202=EDGE_LOOP('',(#4414));
#9203=EDGE_LOOP('',(#4415));
#9204=EDGE_LOOP('',(#4416));
#9205=EDGE_LOOP('',(#4417));
#9206=EDGE_LOOP('',(#4418));
#9207=EDGE_LOOP('',(#4419));
#9208=EDGE_LOOP('',(#4420));
#9209=EDGE_LOOP('',(#4421));
#9210=EDGE_LOOP('',(#4422));
#9211=EDGE_LOOP('',(#4423));
#9212=EDGE_LOOP('',(#4424));
#9213=EDGE_LOOP('',(#4425));
#9214=EDGE_LOOP('',(#4426,#4427,#4428,#4429,#4430,#4431,#4432,#4433,#4434,
#4435,#4436,#4437,#4438,#4439,#4440,#4441,#4442,#4443,#4444,#4445,#4446,
#4447,#4448,#4449,#4450,#4451,#4452,#4453,#4454,#4455,#4456,#4457));
#9215=EDGE_LOOP('',(#4458));
#9216=EDGE_LOOP('',(#4459,#4460,#4461,#4462));
#9217=EDGE_LOOP('',(#4463,#4464,#4465,#4466));
#9218=EDGE_LOOP('',(#4467,#4468,#4469,#4470));
#9219=EDGE_LOOP('',(#4471,#4472,#4473,#4474));
#9220=EDGE_LOOP('',(#4475,#4476,#4477,#4478));
#9221=EDGE_LOOP('',(#4479,#4480,#4481,#4482));
#9222=EDGE_LOOP('',(#4483));
#9223=EDGE_LOOP('',(#4484,#4485,#4486,#4487,#4488,#4489,#4490,#4491,#4492,
#4493,#4494,#4495,#4496,#4497,#4498,#4499,#4500,#4501,#4502,#4503,#4504,
#4505,#4506,#4507,#4508,#4509,#4510,#4511));
#9224=EDGE_LOOP('',(#4512));
#9225=EDGE_LOOP('',(#4513));
#9226=EDGE_LOOP('',(#4514));
#9227=EDGE_LOOP('',(#4515,#4516,#4517,#4518,#4519,#4520));
#9228=EDGE_LOOP('',(#4521));
#9229=EDGE_LOOP('',(#4522));
#9230=EDGE_LOOP('',(#4523));
#9231=EDGE_LOOP('',(#4524,#4525,#4526,#4527,#4528,#4529));
#9232=EDGE_LOOP('',(#4530));
#9233=EDGE_LOOP('',(#4531));
#9234=EDGE_LOOP('',(#4532));
#9235=EDGE_LOOP('',(#4533,#4534,#4535,#4536,#4537,#4538));
#9236=EDGE_LOOP('',(#4539));
#9237=EDGE_LOOP('',(#4540));
#9238=EDGE_LOOP('',(#4541));
#9239=EDGE_LOOP('',(#4542,#4543,#4544,#4545,#4546,#4547));
#9240=EDGE_LOOP('',(#4548,#4549,#4550,#4551));
#9241=EDGE_LOOP('',(#4552,#4553,#4554,#4555));
#9242=EDGE_LOOP('',(#4556,#4557,#4558,#4559));
#9243=EDGE_LOOP('',(#4560,#4561,#4562,#4563));
#9244=EDGE_LOOP('',(#4564,#4565,#4566,#4567));
#9245=EDGE_LOOP('',(#4568,#4569,#4570,#4571));
#9246=EDGE_LOOP('',(#4572,#4573,#4574,#4575,#4576,#4577));
#9247=EDGE_LOOP('',(#4578,#4579,#4580,#4581));
#9248=EDGE_LOOP('',(#4582,#4583,#4584,#4585));
#9249=EDGE_LOOP('',(#4586,#4587,#4588,#4589));
#9250=EDGE_LOOP('',(#4590,#4591,#4592,#4593,#4594,#4595,#4596,#4597));
#9251=EDGE_LOOP('',(#4598,#4599,#4600,#4601,#4602,#4603,#4604,#4605));
#9252=EDGE_LOOP('',(#4606,#4607,#4608,#4609,#4610,#4611,#4612,#4613));
#9253=EDGE_LOOP('',(#4614,#4615,#4616,#4617,#4618,#4619,#4620,#4621));
#9254=EDGE_LOOP('',(#4622,#4623,#4624,#4625,#4626,#4627,#4628,#4629));
#9255=EDGE_LOOP('',(#4630,#4631,#4632,#4633,#4634,#4635,#4636,#4637));
#9256=EDGE_LOOP('',(#4638,#4639,#4640,#4641,#4642,#4643,#4644,#4645));
#9257=EDGE_LOOP('',(#4646,#4647,#4648,#4649,#4650,#4651,#4652,#4653));
#9258=EDGE_LOOP('',(#4654,#4655,#4656,#4657,#4658,#4659,#4660,#4661));
#9259=EDGE_LOOP('',(#4662,#4663,#4664,#4665,#4666,#4667,#4668,#4669));
#9260=EDGE_LOOP('',(#4670,#4671,#4672,#4673,#4674,#4675,#4676,#4677));
#9261=EDGE_LOOP('',(#4678,#4679,#4680,#4681,#4682,#4683,#4684,#4685));
#9262=EDGE_LOOP('',(#4686,#4687,#4688,#4689,#4690,#4691,#4692,#4693));
#9263=EDGE_LOOP('',(#4694,#4695,#4696,#4697,#4698,#4699,#4700,#4701));
#9264=EDGE_LOOP('',(#4702,#4703,#4704,#4705,#4706,#4707));
#9265=EDGE_LOOP('',(#4708,#4709,#4710,#4711));
#9266=EDGE_LOOP('',(#4712,#4713,#4714,#4715,#4716,#4717,#4718,#4719));
#9267=EDGE_LOOP('',(#4720));
#9268=EDGE_LOOP('',(#4721,#4722,#4723,#4724,#4725,#4726));
#9269=EDGE_LOOP('',(#4727));
#9270=EDGE_LOOP('',(#4728,#4729,#4730,#4731,#4732,#4733));
#9271=EDGE_LOOP('',(#4734,#4735,#4736,#4737));
#9272=EDGE_LOOP('',(#4738,#4739,#4740,#4741,#4742,#4743,#4744,#4745));
#9273=EDGE_LOOP('',(#4746));
#9274=EDGE_LOOP('',(#4747,#4748,#4749,#4750,#4751,#4752));
#9275=EDGE_LOOP('',(#4753));
#9276=EDGE_LOOP('',(#4754,#4755,#4756,#4757));
#9277=EDGE_LOOP('',(#4758,#4759,#4760,#4761));
#9278=EDGE_LOOP('',(#4762,#4763,#4764,#4765));
#9279=EDGE_LOOP('',(#4766,#4767,#4768,#4769));
#9280=EDGE_LOOP('',(#4770,#4771,#4772,#4773));
#9281=EDGE_LOOP('',(#4774,#4775,#4776,#4777));
#9282=EDGE_LOOP('',(#4778,#4779,#4780,#4781,#4782,#4783));
#9283=EDGE_LOOP('',(#4784,#4785,#4786,#4787));
#9284=EDGE_LOOP('',(#4788,#4789,#4790,#4791));
#9285=EDGE_LOOP('',(#4792,#4793,#4794,#4795));
#9286=EDGE_LOOP('',(#4796,#4797,#4798,#4799));
#9287=EDGE_LOOP('',(#4800,#4801,#4802,#4803));
#9288=EDGE_LOOP('',(#4804,#4805,#4806,#4807));
#9289=EDGE_LOOP('',(#4808,#4809,#4810,#4811,#4812,#4813));
#9290=EDGE_LOOP('',(#4814));
#9291=EDGE_LOOP('',(#4815));
#9292=EDGE_LOOP('',(#4816));
#9293=EDGE_LOOP('',(#4817));
#9294=EDGE_LOOP('',(#4818));
#9295=EDGE_LOOP('',(#4819));
#9296=EDGE_LOOP('',(#4820,#4821,#4822,#4823));
#9297=EDGE_LOOP('',(#4824,#4825,#4826,#4827,#4828));
#9298=EDGE_LOOP('',(#4829,#4830,#4831,#4832,#4833));
#9299=EDGE_LOOP('',(#4834,#4835,#4836,#4837,#4838,#4839));
#9300=EDGE_LOOP('',(#4840,#4841,#4842,#4843));
#9301=EDGE_LOOP('',(#4844,#4845,#4846,#4847,#4848));
#9302=EDGE_LOOP('',(#4849,#4850,#4851,#4852));
#9303=EDGE_LOOP('',(#4853,#4854,#4855,#4856,#4857));
#9304=EDGE_LOOP('',(#4858,#4859,#4860,#4861));
#9305=EDGE_LOOP('',(#4862,#4863,#4864,#4865,#4866));
#9306=EDGE_LOOP('',(#4867,#4868,#4869,#4870,#4871,#4872));
#9307=EDGE_LOOP('',(#4873,#4874,#4875,#4876,#4877));
#9308=EDGE_LOOP('',(#4878,#4879,#4880,#4881));
#9309=EDGE_LOOP('',(#4882,#4883,#4884,#4885,#4886));
#9310=EDGE_LOOP('',(#4887,#4888,#4889,#4890));
#9311=EDGE_LOOP('',(#4891,#4892,#4893,#4894,#4895));
#9312=EDGE_LOOP('',(#4896,#4897,#4898,#4899));
#9313=EDGE_LOOP('',(#4900,#4901,#4902,#4903,#4904));
#9314=EDGE_LOOP('',(#4905,#4906,#4907,#4908));
#9315=EDGE_LOOP('',(#4909,#4910,#4911,#4912,#4913));
#9316=EDGE_LOOP('',(#4914,#4915,#4916,#4917));
#9317=EDGE_LOOP('',(#4918,#4919,#4920,#4921,#4922));
#9318=EDGE_LOOP('',(#4923,#4924,#4925,#4926,#4927,#4928));
#9319=EDGE_LOOP('',(#4929,#4930,#4931,#4932,#4933));
#9320=EDGE_LOOP('',(#4934,#4935,#4936,#4937));
#9321=EDGE_LOOP('',(#4938,#4939,#4940,#4941,#4942));
#9322=EDGE_LOOP('',(#4943,#4944,#4945,#4946));
#9323=EDGE_LOOP('',(#4947,#4948,#4949,#4950,#4951));
#9324=EDGE_LOOP('',(#4952,#4953,#4954,#4955));
#9325=EDGE_LOOP('',(#4956,#4957,#4958,#4959));
#9326=EDGE_LOOP('',(#4960,#4961,#4962,#4963,#4964,#4965,#4966,#4967));
#9327=EDGE_LOOP('',(#4968,#4969,#4970,#4971));
#9328=EDGE_LOOP('',(#4972,#4973,#4974,#4975));
#9329=EDGE_LOOP('',(#4976,#4977,#4978,#4979));
#9330=EDGE_LOOP('',(#4980,#4981,#4982,#4983,#4984,#4985,#4986,#4987));
#9331=EDGE_LOOP('',(#4988,#4989,#4990,#4991));
#9332=EDGE_LOOP('',(#4992,#4993,#4994,#4995));
#9333=EDGE_LOOP('',(#4996,#4997,#4998,#4999));
#9334=EDGE_LOOP('',(#5000,#5001,#5002,#5003));
#9335=EDGE_LOOP('',(#5004,#5005,#5006,#5007));
#9336=EDGE_LOOP('',(#5008,#5009,#5010,#5011,#5012,#5013,#5014));
#9337=EDGE_LOOP('',(#5015,#5016,#5017,#5018,#5019));
#9338=EDGE_LOOP('',(#5020,#5021,#5022,#5023));
#9339=EDGE_LOOP('',(#5024,#5025,#5026,#5027,#5028));
#9340=EDGE_LOOP('',(#5029,#5030,#5031,#5032,#5033,#5034,#5035));
#9341=EDGE_LOOP('',(#5036,#5037,#5038,#5039));
#9342=EDGE_LOOP('',(#5040,#5041,#5042,#5043));
#9343=EDGE_LOOP('',(#5044,#5045,#5046,#5047));
#9344=EDGE_LOOP('',(#5048,#5049,#5050,#5051,#5052,#5053,#5054));
#9345=EDGE_LOOP('',(#5055,#5056,#5057,#5058,#5059));
#9346=EDGE_LOOP('',(#5060,#5061,#5062,#5063));
#9347=EDGE_LOOP('',(#5064,#5065,#5066,#5067,#5068));
#9348=EDGE_LOOP('',(#5069,#5070,#5071,#5072,#5073,#5074,#5075));
#9349=EDGE_LOOP('',(#5076));
#9350=EDGE_LOOP('',(#5077,#5078,#5079,#5080,#5081,#5082,#5083,#5084,#5085,
#5086,#5087,#5088,#5089,#5090,#5091,#5092));
#9351=EDGE_LOOP('',(#5093,#5094,#5095,#5096));
#9352=EDGE_LOOP('',(#5097));
#9353=EDGE_LOOP('',(#5098));
#9354=EDGE_LOOP('',(#5099));
#9355=EDGE_LOOP('',(#5100));
#9356=EDGE_LOOP('',(#5101));
#9357=EDGE_LOOP('',(#5102));
#9358=EDGE_LOOP('',(#5103,#5104,#5105,#5106,#5107));
#9359=EDGE_LOOP('',(#5108,#5109,#5110,#5111));
#9360=EDGE_LOOP('',(#5112,#5113,#5114,#5115,#5116));
#9361=EDGE_LOOP('',(#5117,#5118,#5119,#5120));
#9362=EDGE_LOOP('',(#5121,#5122,#5123,#5124));
#9363=EDGE_LOOP('',(#5125,#5126,#5127,#5128));
#9364=EDGE_LOOP('',(#5129,#5130,#5131,#5132));
#9365=EDGE_LOOP('',(#5133,#5134,#5135,#5136));
#9366=EDGE_LOOP('',(#5137,#5138,#5139,#5140));
#9367=EDGE_LOOP('',(#5141,#5142,#5143,#5144));
#9368=EDGE_LOOP('',(#5145,#5146,#5147,#5148));
#9369=EDGE_LOOP('',(#5149,#5150,#5151,#5152));
#9370=EDGE_LOOP('',(#5153,#5154,#5155,#5156));
#9371=EDGE_LOOP('',(#5157,#5158,#5159,#5160));
#9372=EDGE_LOOP('',(#5161,#5162,#5163,#5164));
#9373=EDGE_LOOP('',(#5165,#5166,#5167,#5168));
#9374=EDGE_LOOP('',(#5169,#5170,#5171,#5172));
#9375=EDGE_LOOP('',(#5173,#5174,#5175,#5176));
#9376=EDGE_LOOP('',(#5177,#5178,#5179,#5180));
#9377=EDGE_LOOP('',(#5181,#5182,#5183,#5184));
#9378=EDGE_LOOP('',(#5185,#5186,#5187,#5188));
#9379=EDGE_LOOP('',(#5189,#5190,#5191,#5192));
#9380=EDGE_LOOP('',(#5193,#5194,#5195,#5196));
#9381=EDGE_LOOP('',(#5197,#5198,#5199,#5200));
#9382=EDGE_LOOP('',(#5201));
#9383=EDGE_LOOP('',(#5202,#5203,#5204,#5205,#5206,#5207,#5208,#5209,#5210,
#5211,#5212,#5213,#5214,#5215,#5216,#5217,#5218,#5219,#5220,#5221,#5222,
#5223,#5224,#5225));
#9384=EDGE_LOOP('',(#5226,#5227,#5228,#5229));
#9385=EDGE_LOOP('',(#5230,#5231,#5232,#5233));
#9386=EDGE_LOOP('',(#5234,#5235,#5236,#5237));
#9387=EDGE_LOOP('',(#5238,#5239,#5240,#5241));
#9388=EDGE_LOOP('',(#5242,#5243,#5244,#5245));
#9389=EDGE_LOOP('',(#5246,#5247,#5248,#5249));
#9390=EDGE_LOOP('',(#5250,#5251,#5252,#5253));
#9391=EDGE_LOOP('',(#5254,#5255,#5256,#5257,#5258,#5259));
#9392=EDGE_LOOP('',(#5260,#5261,#5262,#5263));
#9393=EDGE_LOOP('',(#5264,#5265,#5266,#5267));
#9394=EDGE_LOOP('',(#5268,#5269,#5270,#5271));
#9395=EDGE_LOOP('',(#5272,#5273,#5274,#5275));
#9396=EDGE_LOOP('',(#5276,#5277,#5278,#5279));
#9397=EDGE_LOOP('',(#5280,#5281,#5282,#5283));
#9398=EDGE_LOOP('',(#5284,#5285,#5286,#5287,#5288,#5289));
#9399=EDGE_LOOP('',(#5290,#5291,#5292,#5293));
#9400=EDGE_LOOP('',(#5294,#5295,#5296,#5297));
#9401=EDGE_LOOP('',(#5298,#5299,#5300,#5301));
#9402=EDGE_LOOP('',(#5302,#5303,#5304,#5305));
#9403=EDGE_LOOP('',(#5306,#5307,#5308,#5309));
#9404=EDGE_LOOP('',(#5310,#5311,#5312,#5313));
#9405=EDGE_LOOP('',(#5314,#5315,#5316,#5317,#5318,#5319));
#9406=EDGE_LOOP('',(#5320,#5321,#5322,#5323,#5324,#5325));
#9407=EDGE_LOOP('',(#5326,#5327,#5328,#5329));
#9408=EDGE_LOOP('',(#5330,#5331,#5332,#5333));
#9409=EDGE_LOOP('',(#5334,#5335,#5336,#5337,#5338,#5339,#5340,#5341,#5342,
#5343));
#9410=EDGE_LOOP('',(#5344,#5345,#5346,#5347));
#9411=EDGE_LOOP('',(#5348,#5349,#5350,#5351));
#9412=EDGE_LOOP('',(#5352,#5353,#5354,#5355));
#9413=EDGE_LOOP('',(#5356,#5357,#5358,#5359));
#9414=EDGE_LOOP('',(#5360,#5361,#5362,#5363));
#9415=EDGE_LOOP('',(#5364,#5365,#5366,#5367));
#9416=EDGE_LOOP('',(#5368,#5369,#5370,#5371,#5372,#5373,#5374,#5375,#5376));
#9417=EDGE_LOOP('',(#5377));
#9418=EDGE_LOOP('',(#5378));
#9419=EDGE_LOOP('',(#5379));
#9420=EDGE_LOOP('',(#5380));
#9421=EDGE_LOOP('',(#5381));
#9422=EDGE_LOOP('',(#5382));
#9423=EDGE_LOOP('',(#5383));
#9424=EDGE_LOOP('',(#5384));
#9425=EDGE_LOOP('',(#5385));
#9426=EDGE_LOOP('',(#5386));
#9427=EDGE_LOOP('',(#5387));
#9428=EDGE_LOOP('',(#5388));
#9429=EDGE_LOOP('',(#5389));
#9430=EDGE_LOOP('',(#5390));
#9431=EDGE_LOOP('',(#5391));
#9432=EDGE_LOOP('',(#5392));
#9433=EDGE_LOOP('',(#5393));
#9434=EDGE_LOOP('',(#5394));
#9435=EDGE_LOOP('',(#5395));
#9436=EDGE_LOOP('',(#5396));
#9437=EDGE_LOOP('',(#5397));
#9438=EDGE_LOOP('',(#5398));
#9439=EDGE_LOOP('',(#5399));
#9440=EDGE_LOOP('',(#5400));
#9441=EDGE_LOOP('',(#5401));
#9442=EDGE_LOOP('',(#5402));
#9443=EDGE_LOOP('',(#5403));
#9444=EDGE_LOOP('',(#5404));
#9445=EDGE_LOOP('',(#5405));
#9446=EDGE_LOOP('',(#5406));
#9447=EDGE_LOOP('',(#5407));
#9448=EDGE_LOOP('',(#5408));
#9449=EDGE_LOOP('',(#5409));
#9450=EDGE_LOOP('',(#5410));
#9451=EDGE_LOOP('',(#5411));
#9452=EDGE_LOOP('',(#5412));
#9453=EDGE_LOOP('',(#5413));
#9454=EDGE_LOOP('',(#5414));
#9455=EDGE_LOOP('',(#5415));
#9456=EDGE_LOOP('',(#5416));
#9457=EDGE_LOOP('',(#5417));
#9458=EDGE_LOOP('',(#5418));
#9459=EDGE_LOOP('',(#5419));
#9460=EDGE_LOOP('',(#5420));
#9461=EDGE_LOOP('',(#5421));
#9462=EDGE_LOOP('',(#5422));
#9463=EDGE_LOOP('',(#5423));
#9464=EDGE_LOOP('',(#5424));
#9465=EDGE_LOOP('',(#5425));
#9466=EDGE_LOOP('',(#5426));
#9467=EDGE_LOOP('',(#5427));
#9468=EDGE_LOOP('',(#5428));
#9469=EDGE_LOOP('',(#5429));
#9470=EDGE_LOOP('',(#5430));
#9471=EDGE_LOOP('',(#5431));
#9472=EDGE_LOOP('',(#5432));
#9473=EDGE_LOOP('',(#5433));
#9474=EDGE_LOOP('',(#5434));
#9475=FACE_BOUND('',#8603,.T.);
#9476=FACE_BOUND('',#8604,.T.);
#9477=FACE_BOUND('',#8605,.T.);
#9478=FACE_BOUND('',#8606,.T.);
#9479=FACE_BOUND('',#8607,.T.);
#9480=FACE_BOUND('',#8608,.T.);
#9481=FACE_BOUND('',#8609,.T.);
#9482=FACE_BOUND('',#8610,.T.);
#9483=FACE_BOUND('',#8611,.T.);
#9484=FACE_BOUND('',#8612,.T.);
#9485=FACE_BOUND('',#8613,.T.);
#9486=FACE_BOUND('',#8614,.T.);
#9487=FACE_BOUND('',#8615,.T.);
#9488=FACE_BOUND('',#8616,.T.);
#9489=FACE_BOUND('',#8617,.T.);
#9490=FACE_BOUND('',#8618,.T.);
#9491=FACE_BOUND('',#8619,.T.);
#9492=FACE_BOUND('',#8620,.T.);
#9493=FACE_BOUND('',#8621,.T.);
#9494=FACE_BOUND('',#8622,.T.);
#9495=FACE_BOUND('',#8623,.T.);
#9496=FACE_BOUND('',#8624,.T.);
#9497=FACE_BOUND('',#8625,.T.);
#9498=FACE_BOUND('',#8626,.T.);
#9499=FACE_BOUND('',#8627,.T.);
#9500=FACE_BOUND('',#8628,.T.);
#9501=FACE_BOUND('',#8629,.T.);
#9502=FACE_BOUND('',#8630,.T.);
#9503=FACE_BOUND('',#8631,.T.);
#9504=FACE_BOUND('',#8632,.T.);
#9505=FACE_BOUND('',#8633,.T.);
#9506=FACE_BOUND('',#8634,.T.);
#9507=FACE_BOUND('',#8635,.T.);
#9508=FACE_BOUND('',#8636,.T.);
#9509=FACE_BOUND('',#8637,.T.);
#9510=FACE_BOUND('',#8638,.T.);
#9511=FACE_BOUND('',#8639,.T.);
#9512=FACE_BOUND('',#8640,.T.);
#9513=FACE_BOUND('',#8641,.T.);
#9514=FACE_BOUND('',#8642,.T.);
#9515=FACE_BOUND('',#8643,.T.);
#9516=FACE_BOUND('',#8644,.T.);
#9517=FACE_BOUND('',#8645,.T.);
#9518=FACE_BOUND('',#8646,.T.);
#9519=FACE_BOUND('',#8647,.T.);
#9520=FACE_BOUND('',#8648,.T.);
#9521=FACE_BOUND('',#8649,.T.);
#9522=FACE_BOUND('',#8650,.T.);
#9523=FACE_BOUND('',#8651,.T.);
#9524=FACE_BOUND('',#8652,.T.);
#9525=FACE_BOUND('',#8653,.T.);
#9526=FACE_BOUND('',#8654,.T.);
#9527=FACE_BOUND('',#8655,.T.);
#9528=FACE_BOUND('',#8656,.T.);
#9529=FACE_BOUND('',#8657,.T.);
#9530=FACE_BOUND('',#8658,.T.);
#9531=FACE_BOUND('',#8659,.T.);
#9532=FACE_BOUND('',#8660,.T.);
#9533=FACE_BOUND('',#8661,.T.);
#9534=FACE_BOUND('',#8662,.T.);
#9535=FACE_BOUND('',#8663,.T.);
#9536=FACE_BOUND('',#8664,.T.);
#9537=FACE_BOUND('',#8665,.T.);
#9538=FACE_BOUND('',#8666,.T.);
#9539=FACE_BOUND('',#8667,.T.);
#9540=FACE_BOUND('',#8668,.T.);
#9541=FACE_BOUND('',#8669,.T.);
#9542=FACE_BOUND('',#8670,.T.);
#9543=FACE_BOUND('',#8671,.T.);
#9544=FACE_BOUND('',#8672,.T.);
#9545=FACE_BOUND('',#8673,.T.);
#9546=FACE_BOUND('',#8674,.T.);
#9547=FACE_BOUND('',#8675,.T.);
#9548=FACE_BOUND('',#8676,.T.);
#9549=FACE_BOUND('',#8677,.T.);
#9550=FACE_BOUND('',#8678,.T.);
#9551=FACE_BOUND('',#8679,.T.);
#9552=FACE_BOUND('',#8680,.T.);
#9553=FACE_BOUND('',#8681,.T.);
#9554=FACE_BOUND('',#8682,.T.);
#9555=FACE_BOUND('',#8683,.T.);
#9556=FACE_BOUND('',#8684,.T.);
#9557=FACE_BOUND('',#8685,.T.);
#9558=FACE_BOUND('',#8686,.T.);
#9559=FACE_BOUND('',#8687,.T.);
#9560=FACE_BOUND('',#8688,.T.);
#9561=FACE_BOUND('',#8689,.T.);
#9562=FACE_BOUND('',#8690,.T.);
#9563=FACE_BOUND('',#8691,.T.);
#9564=FACE_BOUND('',#8692,.T.);
#9565=FACE_BOUND('',#8693,.T.);
#9566=FACE_BOUND('',#8694,.T.);
#9567=FACE_BOUND('',#8695,.T.);
#9568=FACE_BOUND('',#8696,.T.);
#9569=FACE_BOUND('',#8697,.T.);
#9570=FACE_BOUND('',#8698,.T.);
#9571=FACE_BOUND('',#8699,.T.);
#9572=FACE_BOUND('',#8700,.T.);
#9573=FACE_BOUND('',#8701,.T.);
#9574=FACE_BOUND('',#8702,.T.);
#9575=FACE_BOUND('',#8703,.T.);
#9576=FACE_BOUND('',#8704,.T.);
#9577=FACE_BOUND('',#8705,.T.);
#9578=FACE_BOUND('',#8706,.T.);
#9579=FACE_BOUND('',#8707,.T.);
#9580=FACE_BOUND('',#8708,.T.);
#9581=FACE_BOUND('',#8709,.T.);
#9582=FACE_BOUND('',#8710,.T.);
#9583=FACE_BOUND('',#8711,.T.);
#9584=FACE_BOUND('',#8712,.T.);
#9585=FACE_BOUND('',#8713,.T.);
#9586=FACE_BOUND('',#8714,.T.);
#9587=FACE_BOUND('',#8715,.T.);
#9588=FACE_BOUND('',#8716,.T.);
#9589=FACE_BOUND('',#8717,.T.);
#9590=FACE_BOUND('',#8718,.T.);
#9591=FACE_BOUND('',#8719,.T.);
#9592=FACE_BOUND('',#8720,.T.);
#9593=FACE_BOUND('',#8721,.T.);
#9594=FACE_BOUND('',#8722,.T.);
#9595=FACE_BOUND('',#8723,.T.);
#9596=FACE_BOUND('',#8724,.T.);
#9597=FACE_BOUND('',#8725,.T.);
#9598=FACE_BOUND('',#8726,.T.);
#9599=FACE_BOUND('',#8727,.T.);
#9600=FACE_BOUND('',#8728,.T.);
#9601=FACE_BOUND('',#8729,.T.);
#9602=FACE_BOUND('',#8730,.T.);
#9603=FACE_BOUND('',#8731,.T.);
#9604=FACE_BOUND('',#8732,.T.);
#9605=FACE_BOUND('',#8733,.T.);
#9606=FACE_BOUND('',#8734,.T.);
#9607=FACE_BOUND('',#8735,.T.);
#9608=FACE_BOUND('',#8736,.T.);
#9609=FACE_BOUND('',#8737,.T.);
#9610=FACE_BOUND('',#8738,.T.);
#9611=FACE_BOUND('',#8739,.T.);
#9612=FACE_BOUND('',#8740,.T.);
#9613=FACE_BOUND('',#8741,.T.);
#9614=FACE_BOUND('',#8742,.T.);
#9615=FACE_BOUND('',#8743,.T.);
#9616=FACE_BOUND('',#8744,.T.);
#9617=FACE_BOUND('',#8745,.T.);
#9618=FACE_BOUND('',#8746,.T.);
#9619=FACE_BOUND('',#8747,.T.);
#9620=FACE_BOUND('',#8748,.T.);
#9621=FACE_BOUND('',#8749,.T.);
#9622=FACE_BOUND('',#8750,.T.);
#9623=FACE_BOUND('',#8751,.T.);
#9624=FACE_BOUND('',#8752,.T.);
#9625=FACE_BOUND('',#8753,.T.);
#9626=FACE_BOUND('',#8754,.T.);
#9627=FACE_BOUND('',#8755,.T.);
#9628=FACE_BOUND('',#8756,.T.);
#9629=FACE_BOUND('',#8757,.T.);
#9630=FACE_BOUND('',#8758,.T.);
#9631=FACE_BOUND('',#8759,.T.);
#9632=FACE_BOUND('',#8760,.T.);
#9633=FACE_BOUND('',#8761,.T.);
#9634=FACE_BOUND('',#8762,.T.);
#9635=FACE_BOUND('',#8763,.T.);
#9636=FACE_BOUND('',#8764,.T.);
#9637=FACE_BOUND('',#8765,.T.);
#9638=FACE_BOUND('',#8766,.T.);
#9639=FACE_BOUND('',#8767,.T.);
#9640=FACE_BOUND('',#8768,.T.);
#9641=FACE_BOUND('',#8769,.T.);
#9642=FACE_BOUND('',#8770,.T.);
#9643=FACE_BOUND('',#8771,.T.);
#9644=FACE_BOUND('',#8772,.T.);
#9645=FACE_BOUND('',#8773,.T.);
#9646=FACE_BOUND('',#8774,.T.);
#9647=FACE_BOUND('',#8775,.T.);
#9648=FACE_BOUND('',#8776,.T.);
#9649=FACE_BOUND('',#8777,.T.);
#9650=FACE_BOUND('',#8778,.T.);
#9651=FACE_BOUND('',#8779,.T.);
#9652=FACE_BOUND('',#8780,.T.);
#9653=FACE_BOUND('',#8781,.T.);
#9654=FACE_BOUND('',#8782,.T.);
#9655=FACE_BOUND('',#8783,.T.);
#9656=FACE_BOUND('',#8784,.T.);
#9657=FACE_BOUND('',#8785,.T.);
#9658=FACE_BOUND('',#8786,.T.);
#9659=FACE_BOUND('',#8787,.T.);
#9660=FACE_BOUND('',#8788,.T.);
#9661=FACE_BOUND('',#8789,.T.);
#9662=FACE_BOUND('',#8790,.T.);
#9663=FACE_BOUND('',#8791,.T.);
#9664=FACE_BOUND('',#8792,.T.);
#9665=FACE_BOUND('',#8793,.T.);
#9666=FACE_BOUND('',#8794,.T.);
#9667=FACE_BOUND('',#8795,.T.);
#9668=FACE_BOUND('',#8796,.T.);
#9669=FACE_BOUND('',#8797,.T.);
#9670=FACE_BOUND('',#8798,.T.);
#9671=FACE_BOUND('',#8799,.T.);
#9672=FACE_BOUND('',#8800,.T.);
#9673=FACE_BOUND('',#8801,.T.);
#9674=FACE_BOUND('',#8802,.T.);
#9675=FACE_BOUND('',#8803,.T.);
#9676=FACE_BOUND('',#8804,.T.);
#9677=FACE_BOUND('',#8805,.T.);
#9678=FACE_BOUND('',#8806,.T.);
#9679=FACE_BOUND('',#8807,.T.);
#9680=FACE_BOUND('',#8808,.T.);
#9681=FACE_BOUND('',#8809,.T.);
#9682=FACE_BOUND('',#8810,.T.);
#9683=FACE_BOUND('',#8811,.T.);
#9684=FACE_BOUND('',#8812,.T.);
#9685=FACE_BOUND('',#8813,.T.);
#9686=FACE_BOUND('',#8814,.T.);
#9687=FACE_BOUND('',#8815,.T.);
#9688=FACE_BOUND('',#8816,.T.);
#9689=FACE_BOUND('',#8817,.T.);
#9690=FACE_BOUND('',#8818,.T.);
#9691=FACE_BOUND('',#8819,.T.);
#9692=FACE_BOUND('',#8820,.T.);
#9693=FACE_BOUND('',#8821,.T.);
#9694=FACE_BOUND('',#8822,.T.);
#9695=FACE_BOUND('',#8823,.T.);
#9696=FACE_BOUND('',#8824,.T.);
#9697=FACE_BOUND('',#8825,.T.);
#9698=FACE_BOUND('',#8826,.T.);
#9699=FACE_BOUND('',#8827,.T.);
#9700=FACE_BOUND('',#8828,.T.);
#9701=FACE_BOUND('',#8829,.T.);
#9702=FACE_BOUND('',#8830,.T.);
#9703=FACE_BOUND('',#8831,.T.);
#9704=FACE_BOUND('',#8832,.T.);
#9705=FACE_BOUND('',#8833,.T.);
#9706=FACE_BOUND('',#8834,.T.);
#9707=FACE_BOUND('',#8835,.T.);
#9708=FACE_BOUND('',#8836,.T.);
#9709=FACE_BOUND('',#8837,.T.);
#9710=FACE_BOUND('',#8838,.T.);
#9711=FACE_BOUND('',#8839,.T.);
#9712=FACE_BOUND('',#8840,.T.);
#9713=FACE_BOUND('',#8841,.T.);
#9714=FACE_BOUND('',#8842,.T.);
#9715=FACE_BOUND('',#8843,.T.);
#9716=FACE_BOUND('',#8844,.T.);
#9717=FACE_BOUND('',#8845,.T.);
#9718=FACE_BOUND('',#8846,.T.);
#9719=FACE_BOUND('',#8847,.T.);
#9720=FACE_BOUND('',#8848,.T.);
#9721=FACE_BOUND('',#8849,.T.);
#9722=FACE_BOUND('',#8850,.T.);
#9723=FACE_BOUND('',#8851,.T.);
#9724=FACE_BOUND('',#8852,.T.);
#9725=FACE_BOUND('',#8853,.T.);
#9726=FACE_BOUND('',#8854,.T.);
#9727=FACE_BOUND('',#8855,.T.);
#9728=FACE_BOUND('',#8856,.T.);
#9729=FACE_BOUND('',#8857,.T.);
#9730=FACE_BOUND('',#8858,.T.);
#9731=FACE_BOUND('',#8859,.T.);
#9732=FACE_BOUND('',#8860,.T.);
#9733=FACE_BOUND('',#8861,.T.);
#9734=FACE_BOUND('',#8862,.T.);
#9735=FACE_BOUND('',#8863,.T.);
#9736=FACE_BOUND('',#8864,.T.);
#9737=FACE_BOUND('',#8865,.T.);
#9738=FACE_BOUND('',#8866,.T.);
#9739=FACE_BOUND('',#8867,.T.);
#9740=FACE_BOUND('',#8868,.T.);
#9741=FACE_BOUND('',#8869,.T.);
#9742=FACE_BOUND('',#8870,.T.);
#9743=FACE_BOUND('',#8871,.T.);
#9744=FACE_BOUND('',#8872,.T.);
#9745=FACE_BOUND('',#8873,.T.);
#9746=FACE_BOUND('',#8874,.T.);
#9747=FACE_BOUND('',#8875,.T.);
#9748=FACE_BOUND('',#8876,.T.);
#9749=FACE_BOUND('',#8877,.T.);
#9750=FACE_BOUND('',#8878,.T.);
#9751=FACE_BOUND('',#8879,.T.);
#9752=FACE_BOUND('',#8880,.T.);
#9753=FACE_BOUND('',#8881,.T.);
#9754=FACE_BOUND('',#8882,.T.);
#9755=FACE_BOUND('',#8883,.T.);
#9756=FACE_BOUND('',#8884,.T.);
#9757=FACE_BOUND('',#8885,.T.);
#9758=FACE_BOUND('',#8886,.T.);
#9759=FACE_BOUND('',#8887,.T.);
#9760=FACE_BOUND('',#8888,.T.);
#9761=FACE_BOUND('',#8889,.T.);
#9762=FACE_BOUND('',#8890,.T.);
#9763=FACE_BOUND('',#8891,.T.);
#9764=FACE_BOUND('',#8892,.T.);
#9765=FACE_BOUND('',#8893,.T.);
#9766=FACE_BOUND('',#8894,.T.);
#9767=FACE_BOUND('',#8895,.T.);
#9768=FACE_BOUND('',#8896,.T.);
#9769=FACE_BOUND('',#8897,.T.);
#9770=FACE_BOUND('',#8898,.T.);
#9771=FACE_BOUND('',#8899,.T.);
#9772=FACE_BOUND('',#8900,.T.);
#9773=FACE_BOUND('',#8901,.T.);
#9774=FACE_BOUND('',#8902,.T.);
#9775=FACE_BOUND('',#8903,.T.);
#9776=FACE_BOUND('',#8904,.T.);
#9777=FACE_BOUND('',#8905,.T.);
#9778=FACE_BOUND('',#8906,.T.);
#9779=FACE_BOUND('',#8907,.T.);
#9780=FACE_BOUND('',#8908,.T.);
#9781=FACE_BOUND('',#8909,.T.);
#9782=FACE_BOUND('',#8910,.T.);
#9783=FACE_BOUND('',#8911,.T.);
#9784=FACE_BOUND('',#8912,.T.);
#9785=FACE_BOUND('',#8913,.T.);
#9786=FACE_BOUND('',#8914,.T.);
#9787=FACE_BOUND('',#8915,.T.);
#9788=FACE_BOUND('',#8916,.T.);
#9789=FACE_BOUND('',#8917,.T.);
#9790=FACE_BOUND('',#8918,.T.);
#9791=FACE_BOUND('',#8919,.T.);
#9792=FACE_BOUND('',#8920,.T.);
#9793=FACE_BOUND('',#8921,.T.);
#9794=FACE_BOUND('',#8922,.T.);
#9795=FACE_BOUND('',#8923,.T.);
#9796=FACE_BOUND('',#8924,.T.);
#9797=FACE_BOUND('',#8925,.T.);
#9798=FACE_BOUND('',#8926,.T.);
#9799=FACE_BOUND('',#8927,.T.);
#9800=FACE_BOUND('',#8928,.T.);
#9801=FACE_BOUND('',#8929,.T.);
#9802=FACE_BOUND('',#8930,.T.);
#9803=FACE_BOUND('',#8931,.T.);
#9804=FACE_BOUND('',#8932,.T.);
#9805=FACE_BOUND('',#8933,.T.);
#9806=FACE_BOUND('',#8934,.T.);
#9807=FACE_BOUND('',#8935,.T.);
#9808=FACE_BOUND('',#8936,.T.);
#9809=FACE_BOUND('',#8937,.T.);
#9810=FACE_BOUND('',#8938,.T.);
#9811=FACE_BOUND('',#8939,.T.);
#9812=FACE_BOUND('',#8940,.T.);
#9813=FACE_BOUND('',#8941,.T.);
#9814=FACE_BOUND('',#8942,.T.);
#9815=FACE_BOUND('',#8943,.T.);
#9816=FACE_BOUND('',#8944,.T.);
#9817=FACE_BOUND('',#8945,.T.);
#9818=FACE_BOUND('',#8946,.T.);
#9819=FACE_BOUND('',#8947,.T.);
#9820=FACE_BOUND('',#8948,.T.);
#9821=FACE_BOUND('',#8949,.T.);
#9822=FACE_BOUND('',#8950,.T.);
#9823=FACE_BOUND('',#8951,.T.);
#9824=FACE_BOUND('',#8952,.T.);
#9825=FACE_BOUND('',#8953,.T.);
#9826=FACE_BOUND('',#8954,.T.);
#9827=FACE_BOUND('',#8955,.T.);
#9828=FACE_BOUND('',#8956,.T.);
#9829=FACE_BOUND('',#8957,.T.);
#9830=FACE_BOUND('',#8958,.T.);
#9831=FACE_BOUND('',#8959,.T.);
#9832=FACE_BOUND('',#8960,.T.);
#9833=FACE_BOUND('',#8961,.T.);
#9834=FACE_BOUND('',#8962,.T.);
#9835=FACE_BOUND('',#8963,.T.);
#9836=FACE_BOUND('',#8964,.T.);
#9837=FACE_BOUND('',#8965,.T.);
#9838=FACE_BOUND('',#8966,.T.);
#9839=FACE_BOUND('',#8967,.T.);
#9840=FACE_BOUND('',#8968,.T.);
#9841=FACE_BOUND('',#8969,.T.);
#9842=FACE_BOUND('',#8970,.T.);
#9843=FACE_BOUND('',#8971,.T.);
#9844=FACE_BOUND('',#8972,.T.);
#9845=FACE_BOUND('',#8973,.T.);
#9846=FACE_BOUND('',#8974,.T.);
#9847=FACE_BOUND('',#8975,.T.);
#9848=FACE_BOUND('',#8976,.T.);
#9849=FACE_BOUND('',#8977,.T.);
#9850=FACE_BOUND('',#8978,.T.);
#9851=FACE_BOUND('',#8979,.T.);
#9852=FACE_BOUND('',#8980,.T.);
#9853=FACE_BOUND('',#8981,.T.);
#9854=FACE_BOUND('',#8982,.T.);
#9855=FACE_BOUND('',#8983,.T.);
#9856=FACE_BOUND('',#8984,.T.);
#9857=FACE_BOUND('',#8985,.T.);
#9858=FACE_BOUND('',#8986,.T.);
#9859=FACE_BOUND('',#8987,.T.);
#9860=FACE_BOUND('',#8988,.T.);
#9861=FACE_BOUND('',#8989,.T.);
#9862=FACE_BOUND('',#8990,.T.);
#9863=FACE_BOUND('',#8991,.T.);
#9864=FACE_BOUND('',#8992,.T.);
#9865=FACE_BOUND('',#8993,.T.);
#9866=FACE_BOUND('',#8994,.T.);
#9867=FACE_BOUND('',#8995,.T.);
#9868=FACE_BOUND('',#8996,.T.);
#9869=FACE_BOUND('',#8997,.T.);
#9870=FACE_BOUND('',#8998,.T.);
#9871=FACE_BOUND('',#8999,.T.);
#9872=FACE_BOUND('',#9000,.T.);
#9873=FACE_BOUND('',#9001,.T.);
#9874=FACE_BOUND('',#9002,.T.);
#9875=FACE_BOUND('',#9003,.T.);
#9876=FACE_BOUND('',#9004,.T.);
#9877=FACE_BOUND('',#9005,.T.);
#9878=FACE_BOUND('',#9006,.T.);
#9879=FACE_BOUND('',#9007,.T.);
#9880=FACE_BOUND('',#9008,.T.);
#9881=FACE_BOUND('',#9009,.T.);
#9882=FACE_BOUND('',#9010,.T.);
#9883=FACE_BOUND('',#9011,.T.);
#9884=FACE_BOUND('',#9012,.T.);
#9885=FACE_BOUND('',#9013,.T.);
#9886=FACE_BOUND('',#9014,.T.);
#9887=FACE_BOUND('',#9015,.T.);
#9888=FACE_BOUND('',#9016,.T.);
#9889=FACE_BOUND('',#9017,.T.);
#9890=FACE_BOUND('',#9018,.T.);
#9891=FACE_BOUND('',#9019,.T.);
#9892=FACE_BOUND('',#9020,.T.);
#9893=FACE_BOUND('',#9021,.T.);
#9894=FACE_BOUND('',#9022,.T.);
#9895=FACE_BOUND('',#9023,.T.);
#9896=FACE_BOUND('',#9024,.T.);
#9897=FACE_BOUND('',#9025,.T.);
#9898=FACE_BOUND('',#9026,.T.);
#9899=FACE_BOUND('',#9027,.T.);
#9900=FACE_BOUND('',#9028,.T.);
#9901=FACE_BOUND('',#9029,.T.);
#9902=FACE_BOUND('',#9030,.T.);
#9903=FACE_BOUND('',#9031,.T.);
#9904=FACE_BOUND('',#9032,.T.);
#9905=FACE_BOUND('',#9033,.T.);
#9906=FACE_BOUND('',#9034,.T.);
#9907=FACE_BOUND('',#9035,.T.);
#9908=FACE_BOUND('',#9036,.T.);
#9909=FACE_BOUND('',#9037,.T.);
#9910=FACE_BOUND('',#9038,.T.);
#9911=FACE_BOUND('',#9039,.T.);
#9912=FACE_BOUND('',#9040,.T.);
#9913=FACE_BOUND('',#9041,.T.);
#9914=FACE_BOUND('',#9042,.T.);
#9915=FACE_BOUND('',#9043,.T.);
#9916=FACE_BOUND('',#9044,.T.);
#9917=FACE_BOUND('',#9045,.T.);
#9918=FACE_BOUND('',#9046,.T.);
#9919=FACE_BOUND('',#9047,.T.);
#9920=FACE_BOUND('',#9048,.T.);
#9921=FACE_BOUND('',#9049,.T.);
#9922=FACE_BOUND('',#9050,.T.);
#9923=FACE_BOUND('',#9051,.T.);
#9924=FACE_BOUND('',#9052,.T.);
#9925=FACE_BOUND('',#9053,.T.);
#9926=FACE_BOUND('',#9054,.T.);
#9927=FACE_BOUND('',#9055,.T.);
#9928=FACE_BOUND('',#9056,.T.);
#9929=FACE_BOUND('',#9057,.T.);
#9930=FACE_BOUND('',#9058,.T.);
#9931=FACE_BOUND('',#9059,.T.);
#9932=FACE_BOUND('',#9060,.T.);
#9933=FACE_BOUND('',#9061,.T.);
#9934=FACE_BOUND('',#9062,.T.);
#9935=FACE_BOUND('',#9063,.T.);
#9936=FACE_BOUND('',#9064,.T.);
#9937=FACE_BOUND('',#9065,.T.);
#9938=FACE_BOUND('',#9066,.T.);
#9939=FACE_BOUND('',#9067,.T.);
#9940=FACE_BOUND('',#9068,.T.);
#9941=FACE_BOUND('',#9069,.T.);
#9942=FACE_BOUND('',#9070,.T.);
#9943=FACE_BOUND('',#9071,.T.);
#9944=FACE_BOUND('',#9072,.T.);
#9945=FACE_BOUND('',#9073,.T.);
#9946=FACE_BOUND('',#9074,.T.);
#9947=FACE_BOUND('',#9075,.T.);
#9948=FACE_BOUND('',#9076,.T.);
#9949=FACE_BOUND('',#9077,.T.);
#9950=FACE_BOUND('',#9078,.T.);
#9951=FACE_BOUND('',#9079,.T.);
#9952=FACE_BOUND('',#9080,.T.);
#9953=FACE_BOUND('',#9081,.T.);
#9954=FACE_BOUND('',#9082,.T.);
#9955=FACE_BOUND('',#9083,.T.);
#9956=FACE_BOUND('',#9084,.T.);
#9957=FACE_BOUND('',#9085,.T.);
#9958=FACE_BOUND('',#9086,.T.);
#9959=FACE_BOUND('',#9087,.T.);
#9960=FACE_BOUND('',#9088,.T.);
#9961=FACE_BOUND('',#9089,.T.);
#9962=FACE_BOUND('',#9090,.T.);
#9963=FACE_BOUND('',#9091,.T.);
#9964=FACE_BOUND('',#9092,.T.);
#9965=FACE_BOUND('',#9093,.T.);
#9966=FACE_BOUND('',#9094,.T.);
#9967=FACE_BOUND('',#9095,.T.);
#9968=FACE_BOUND('',#9096,.T.);
#9969=FACE_BOUND('',#9097,.T.);
#9970=FACE_BOUND('',#9098,.T.);
#9971=FACE_BOUND('',#9099,.T.);
#9972=FACE_BOUND('',#9100,.T.);
#9973=FACE_BOUND('',#9101,.T.);
#9974=FACE_BOUND('',#9102,.T.);
#9975=FACE_BOUND('',#9103,.T.);
#9976=FACE_BOUND('',#9104,.T.);
#9977=FACE_BOUND('',#9105,.T.);
#9978=FACE_BOUND('',#9106,.T.);
#9979=FACE_BOUND('',#9107,.T.);
#9980=FACE_BOUND('',#9108,.T.);
#9981=FACE_BOUND('',#9109,.T.);
#9982=FACE_BOUND('',#9110,.T.);
#9983=FACE_BOUND('',#9111,.T.);
#9984=FACE_BOUND('',#9112,.T.);
#9985=FACE_BOUND('',#9113,.T.);
#9986=FACE_BOUND('',#9114,.T.);
#9987=FACE_BOUND('',#9115,.T.);
#9988=FACE_BOUND('',#9116,.T.);
#9989=FACE_BOUND('',#9117,.T.);
#9990=FACE_BOUND('',#9118,.T.);
#9991=FACE_BOUND('',#9119,.T.);
#9992=FACE_BOUND('',#9120,.T.);
#9993=FACE_BOUND('',#9121,.T.);
#9994=FACE_BOUND('',#9122,.T.);
#9995=FACE_BOUND('',#9123,.T.);
#9996=FACE_BOUND('',#9124,.T.);
#9997=FACE_BOUND('',#9125,.T.);
#9998=FACE_BOUND('',#9126,.T.);
#9999=FACE_BOUND('',#9127,.T.);
#10000=FACE_BOUND('',#9128,.T.);
#10001=FACE_BOUND('',#9129,.T.);
#10002=FACE_BOUND('',#9130,.T.);
#10003=FACE_BOUND('',#9131,.T.);
#10004=FACE_BOUND('',#9132,.T.);
#10005=FACE_BOUND('',#9133,.T.);
#10006=FACE_BOUND('',#9134,.T.);
#10007=FACE_BOUND('',#9135,.T.);
#10008=FACE_BOUND('',#9136,.T.);
#10009=FACE_BOUND('',#9137,.T.);
#10010=FACE_BOUND('',#9138,.T.);
#10011=FACE_BOUND('',#9139,.T.);
#10012=FACE_BOUND('',#9140,.T.);
#10013=FACE_BOUND('',#9141,.T.);
#10014=FACE_BOUND('',#9142,.T.);
#10015=FACE_BOUND('',#9143,.T.);
#10016=FACE_BOUND('',#9144,.T.);
#10017=FACE_BOUND('',#9145,.T.);
#10018=FACE_BOUND('',#9146,.T.);
#10019=FACE_BOUND('',#9147,.T.);
#10020=FACE_BOUND('',#9148,.T.);
#10021=FACE_BOUND('',#9149,.T.);
#10022=FACE_BOUND('',#9150,.T.);
#10023=FACE_BOUND('',#9151,.T.);
#10024=FACE_BOUND('',#9152,.T.);
#10025=FACE_BOUND('',#9153,.T.);
#10026=FACE_BOUND('',#9154,.T.);
#10027=FACE_BOUND('',#9155,.T.);
#10028=FACE_BOUND('',#9156,.T.);
#10029=FACE_BOUND('',#9157,.T.);
#10030=FACE_BOUND('',#9158,.T.);
#10031=FACE_BOUND('',#9159,.T.);
#10032=FACE_BOUND('',#9160,.T.);
#10033=FACE_BOUND('',#9161,.T.);
#10034=FACE_BOUND('',#9162,.T.);
#10035=FACE_BOUND('',#9163,.T.);
#10036=FACE_BOUND('',#9164,.T.);
#10037=FACE_BOUND('',#9165,.T.);
#10038=FACE_BOUND('',#9166,.T.);
#10039=FACE_BOUND('',#9167,.T.);
#10040=FACE_BOUND('',#9168,.T.);
#10041=FACE_BOUND('',#9169,.T.);
#10042=FACE_BOUND('',#9170,.T.);
#10043=FACE_BOUND('',#9171,.T.);
#10044=FACE_BOUND('',#9172,.T.);
#10045=FACE_BOUND('',#9173,.T.);
#10046=FACE_BOUND('',#9174,.T.);
#10047=FACE_BOUND('',#9175,.T.);
#10048=FACE_BOUND('',#9176,.T.);
#10049=FACE_BOUND('',#9177,.T.);
#10050=FACE_BOUND('',#9178,.T.);
#10051=FACE_BOUND('',#9179,.T.);
#10052=FACE_BOUND('',#9180,.T.);
#10053=FACE_BOUND('',#9181,.T.);
#10054=FACE_BOUND('',#9182,.T.);
#10055=FACE_BOUND('',#9183,.T.);
#10056=FACE_BOUND('',#9184,.T.);
#10057=FACE_BOUND('',#9185,.T.);
#10058=FACE_BOUND('',#9186,.T.);
#10059=FACE_BOUND('',#9187,.T.);
#10060=FACE_BOUND('',#9188,.T.);
#10061=FACE_BOUND('',#9189,.T.);
#10062=FACE_BOUND('',#9190,.T.);
#10063=FACE_BOUND('',#9191,.T.);
#10064=FACE_BOUND('',#9192,.T.);
#10065=FACE_BOUND('',#9193,.T.);
#10066=FACE_BOUND('',#9194,.T.);
#10067=FACE_BOUND('',#9195,.T.);
#10068=FACE_BOUND('',#9196,.T.);
#10069=FACE_BOUND('',#9197,.T.);
#10070=FACE_BOUND('',#9198,.T.);
#10071=FACE_BOUND('',#9199,.T.);
#10072=FACE_BOUND('',#9200,.T.);
#10073=FACE_BOUND('',#9201,.T.);
#10074=FACE_BOUND('',#9202,.T.);
#10075=FACE_BOUND('',#9203,.T.);
#10076=FACE_BOUND('',#9204,.T.);
#10077=FACE_BOUND('',#9205,.T.);
#10078=FACE_BOUND('',#9206,.T.);
#10079=FACE_BOUND('',#9207,.T.);
#10080=FACE_BOUND('',#9208,.T.);
#10081=FACE_BOUND('',#9209,.T.);
#10082=FACE_BOUND('',#9210,.T.);
#10083=FACE_BOUND('',#9211,.T.);
#10084=FACE_BOUND('',#9212,.T.);
#10085=FACE_BOUND('',#9213,.T.);
#10086=FACE_BOUND('',#9214,.T.);
#10087=FACE_BOUND('',#9215,.T.);
#10088=FACE_BOUND('',#9216,.T.);
#10089=FACE_BOUND('',#9217,.T.);
#10090=FACE_BOUND('',#9218,.T.);
#10091=FACE_BOUND('',#9219,.T.);
#10092=FACE_BOUND('',#9220,.T.);
#10093=FACE_BOUND('',#9221,.T.);
#10094=FACE_BOUND('',#9222,.T.);
#10095=FACE_BOUND('',#9223,.T.);
#10096=FACE_BOUND('',#9224,.T.);
#10097=FACE_BOUND('',#9225,.T.);
#10098=FACE_BOUND('',#9226,.T.);
#10099=FACE_BOUND('',#9227,.T.);
#10100=FACE_BOUND('',#9228,.T.);
#10101=FACE_BOUND('',#9229,.T.);
#10102=FACE_BOUND('',#9230,.T.);
#10103=FACE_BOUND('',#9231,.T.);
#10104=FACE_BOUND('',#9232,.T.);
#10105=FACE_BOUND('',#9233,.T.);
#10106=FACE_BOUND('',#9234,.T.);
#10107=FACE_BOUND('',#9235,.T.);
#10108=FACE_BOUND('',#9236,.T.);
#10109=FACE_BOUND('',#9237,.T.);
#10110=FACE_BOUND('',#9238,.T.);
#10111=FACE_BOUND('',#9239,.T.);
#10112=FACE_BOUND('',#9240,.T.);
#10113=FACE_BOUND('',#9241,.T.);
#10114=FACE_BOUND('',#9242,.T.);
#10115=FACE_BOUND('',#9243,.T.);
#10116=FACE_BOUND('',#9244,.T.);
#10117=FACE_BOUND('',#9245,.T.);
#10118=FACE_BOUND('',#9246,.T.);
#10119=FACE_BOUND('',#9247,.T.);
#10120=FACE_BOUND('',#9248,.T.);
#10121=FACE_BOUND('',#9249,.T.);
#10122=FACE_BOUND('',#9250,.T.);
#10123=FACE_BOUND('',#9251,.T.);
#10124=FACE_BOUND('',#9252,.T.);
#10125=FACE_BOUND('',#9253,.T.);
#10126=FACE_BOUND('',#9254,.T.);
#10127=FACE_BOUND('',#9255,.T.);
#10128=FACE_BOUND('',#9256,.T.);
#10129=FACE_BOUND('',#9257,.T.);
#10130=FACE_BOUND('',#9258,.T.);
#10131=FACE_BOUND('',#9259,.T.);
#10132=FACE_BOUND('',#9260,.T.);
#10133=FACE_BOUND('',#9261,.T.);
#10134=FACE_BOUND('',#9262,.T.);
#10135=FACE_BOUND('',#9263,.T.);
#10136=FACE_BOUND('',#9264,.T.);
#10137=FACE_BOUND('',#9265,.T.);
#10138=FACE_BOUND('',#9266,.T.);
#10139=FACE_BOUND('',#9267,.T.);
#10140=FACE_BOUND('',#9268,.T.);
#10141=FACE_BOUND('',#9269,.T.);
#10142=FACE_BOUND('',#9270,.T.);
#10143=FACE_BOUND('',#9271,.T.);
#10144=FACE_BOUND('',#9272,.T.);
#10145=FACE_BOUND('',#9273,.T.);
#10146=FACE_BOUND('',#9274,.T.);
#10147=FACE_BOUND('',#9275,.T.);
#10148=FACE_BOUND('',#9276,.T.);
#10149=FACE_BOUND('',#9277,.T.);
#10150=FACE_BOUND('',#9278,.T.);
#10151=FACE_BOUND('',#9279,.T.);
#10152=FACE_BOUND('',#9280,.T.);
#10153=FACE_BOUND('',#9281,.T.);
#10154=FACE_BOUND('',#9282,.T.);
#10155=FACE_BOUND('',#9283,.T.);
#10156=FACE_BOUND('',#9284,.T.);
#10157=FACE_BOUND('',#9285,.T.);
#10158=FACE_BOUND('',#9286,.T.);
#10159=FACE_BOUND('',#9287,.T.);
#10160=FACE_BOUND('',#9288,.T.);
#10161=FACE_BOUND('',#9289,.T.);
#10162=FACE_BOUND('',#9290,.T.);
#10163=FACE_BOUND('',#9291,.T.);
#10164=FACE_BOUND('',#9292,.T.);
#10165=FACE_BOUND('',#9293,.T.);
#10166=FACE_BOUND('',#9294,.T.);
#10167=FACE_BOUND('',#9295,.T.);
#10168=FACE_BOUND('',#9296,.T.);
#10169=FACE_BOUND('',#9297,.T.);
#10170=FACE_BOUND('',#9298,.T.);
#10171=FACE_BOUND('',#9299,.T.);
#10172=FACE_BOUND('',#9300,.T.);
#10173=FACE_BOUND('',#9301,.T.);
#10174=FACE_BOUND('',#9302,.T.);
#10175=FACE_BOUND('',#9303,.T.);
#10176=FACE_BOUND('',#9304,.T.);
#10177=FACE_BOUND('',#9305,.T.);
#10178=FACE_BOUND('',#9306,.T.);
#10179=FACE_BOUND('',#9307,.T.);
#10180=FACE_BOUND('',#9308,.T.);
#10181=FACE_BOUND('',#9309,.T.);
#10182=FACE_BOUND('',#9310,.T.);
#10183=FACE_BOUND('',#9311,.T.);
#10184=FACE_BOUND('',#9312,.T.);
#10185=FACE_BOUND('',#9313,.T.);
#10186=FACE_BOUND('',#9314,.T.);
#10187=FACE_BOUND('',#9315,.T.);
#10188=FACE_BOUND('',#9316,.T.);
#10189=FACE_BOUND('',#9317,.T.);
#10190=FACE_BOUND('',#9318,.T.);
#10191=FACE_BOUND('',#9319,.T.);
#10192=FACE_BOUND('',#9320,.T.);
#10193=FACE_BOUND('',#9321,.T.);
#10194=FACE_BOUND('',#9322,.T.);
#10195=FACE_BOUND('',#9323,.T.);
#10196=FACE_BOUND('',#9324,.T.);
#10197=FACE_BOUND('',#9325,.T.);
#10198=FACE_BOUND('',#9326,.T.);
#10199=FACE_BOUND('',#9327,.T.);
#10200=FACE_BOUND('',#9328,.T.);
#10201=FACE_BOUND('',#9329,.T.);
#10202=FACE_BOUND('',#9330,.T.);
#10203=FACE_BOUND('',#9331,.T.);
#10204=FACE_BOUND('',#9332,.T.);
#10205=FACE_BOUND('',#9333,.T.);
#10206=FACE_BOUND('',#9334,.T.);
#10207=FACE_BOUND('',#9335,.T.);
#10208=FACE_BOUND('',#9336,.T.);
#10209=FACE_BOUND('',#9337,.T.);
#10210=FACE_BOUND('',#9338,.T.);
#10211=FACE_BOUND('',#9339,.T.);
#10212=FACE_BOUND('',#9340,.T.);
#10213=FACE_BOUND('',#9341,.T.);
#10214=FACE_BOUND('',#9342,.T.);
#10215=FACE_BOUND('',#9343,.T.);
#10216=FACE_BOUND('',#9344,.T.);
#10217=FACE_BOUND('',#9345,.T.);
#10218=FACE_BOUND('',#9346,.T.);
#10219=FACE_BOUND('',#9347,.T.);
#10220=FACE_BOUND('',#9348,.T.);
#10221=FACE_BOUND('',#9349,.T.);
#10222=FACE_BOUND('',#9350,.T.);
#10223=FACE_BOUND('',#9351,.T.);
#10224=FACE_BOUND('',#9352,.T.);
#10225=FACE_BOUND('',#9353,.T.);
#10226=FACE_BOUND('',#9354,.T.);
#10227=FACE_BOUND('',#9355,.T.);
#10228=FACE_BOUND('',#9356,.T.);
#10229=FACE_BOUND('',#9357,.T.);
#10230=FACE_BOUND('',#9358,.T.);
#10231=FACE_BOUND('',#9359,.T.);
#10232=FACE_BOUND('',#9360,.T.);
#10233=FACE_BOUND('',#9361,.T.);
#10234=FACE_BOUND('',#9362,.T.);
#10235=FACE_BOUND('',#9363,.T.);
#10236=FACE_BOUND('',#9364,.T.);
#10237=FACE_BOUND('',#9365,.T.);
#10238=FACE_BOUND('',#9366,.T.);
#10239=FACE_BOUND('',#9367,.T.);
#10240=FACE_BOUND('',#9368,.T.);
#10241=FACE_BOUND('',#9369,.T.);
#10242=FACE_BOUND('',#9370,.T.);
#10243=FACE_BOUND('',#9371,.T.);
#10244=FACE_BOUND('',#9372,.T.);
#10245=FACE_BOUND('',#9373,.T.);
#10246=FACE_BOUND('',#9374,.T.);
#10247=FACE_BOUND('',#9375,.T.);
#10248=FACE_BOUND('',#9376,.T.);
#10249=FACE_BOUND('',#9377,.T.);
#10250=FACE_BOUND('',#9378,.T.);
#10251=FACE_BOUND('',#9379,.T.);
#10252=FACE_BOUND('',#9380,.T.);
#10253=FACE_BOUND('',#9381,.T.);
#10254=FACE_BOUND('',#9382,.T.);
#10255=FACE_BOUND('',#9383,.T.);
#10256=FACE_BOUND('',#9384,.T.);
#10257=FACE_BOUND('',#9385,.T.);
#10258=FACE_BOUND('',#9386,.T.);
#10259=FACE_BOUND('',#9387,.T.);
#10260=FACE_BOUND('',#9388,.T.);
#10261=FACE_BOUND('',#9389,.T.);
#10262=FACE_BOUND('',#9390,.T.);
#10263=FACE_BOUND('',#9391,.T.);
#10264=FACE_BOUND('',#9392,.T.);
#10265=FACE_BOUND('',#9393,.T.);
#10266=FACE_BOUND('',#9394,.T.);
#10267=FACE_BOUND('',#9395,.T.);
#10268=FACE_BOUND('',#9396,.T.);
#10269=FACE_BOUND('',#9397,.T.);
#10270=FACE_BOUND('',#9398,.T.);
#10271=FACE_BOUND('',#9399,.T.);
#10272=FACE_BOUND('',#9400,.T.);
#10273=FACE_BOUND('',#9401,.T.);
#10274=FACE_BOUND('',#9402,.T.);
#10275=FACE_BOUND('',#9403,.T.);
#10276=FACE_BOUND('',#9404,.T.);
#10277=FACE_BOUND('',#9405,.T.);
#10278=FACE_BOUND('',#9406,.T.);
#10279=FACE_BOUND('',#9407,.T.);
#10280=FACE_BOUND('',#9408,.T.);
#10281=FACE_BOUND('',#9409,.T.);
#10282=FACE_BOUND('',#9410,.T.);
#10283=FACE_BOUND('',#9411,.T.);
#10284=FACE_BOUND('',#9412,.T.);
#10285=FACE_BOUND('',#9413,.T.);
#10286=FACE_BOUND('',#9414,.T.);
#10287=FACE_BOUND('',#9415,.T.);
#10288=FACE_BOUND('',#9416,.T.);
#10289=FACE_BOUND('',#9417,.T.);
#10290=FACE_BOUND('',#9418,.T.);
#10291=FACE_BOUND('',#9419,.T.);
#10292=FACE_BOUND('',#9420,.T.);
#10293=FACE_BOUND('',#9421,.T.);
#10294=FACE_BOUND('',#9422,.T.);
#10295=FACE_BOUND('',#9423,.T.);
#10296=FACE_BOUND('',#9424,.T.);
#10297=FACE_BOUND('',#9425,.T.);
#10298=FACE_BOUND('',#9426,.T.);
#10299=FACE_BOUND('',#9427,.T.);
#10300=FACE_BOUND('',#9428,.T.);
#10301=FACE_BOUND('',#9429,.T.);
#10302=FACE_BOUND('',#9430,.T.);
#10303=FACE_BOUND('',#9431,.T.);
#10304=FACE_BOUND('',#9432,.T.);
#10305=FACE_BOUND('',#9433,.T.);
#10306=FACE_BOUND('',#9434,.T.);
#10307=FACE_BOUND('',#9435,.T.);
#10308=FACE_BOUND('',#9436,.T.);
#10309=FACE_BOUND('',#9437,.T.);
#10310=FACE_BOUND('',#9438,.T.);
#10311=FACE_BOUND('',#9439,.T.);
#10312=FACE_BOUND('',#9440,.T.);
#10313=FACE_BOUND('',#9441,.T.);
#10314=FACE_BOUND('',#9442,.T.);
#10315=FACE_BOUND('',#9443,.T.);
#10316=FACE_BOUND('',#9444,.T.);
#10317=FACE_BOUND('',#9445,.T.);
#10318=FACE_BOUND('',#9446,.T.);
#10319=FACE_BOUND('',#9447,.T.);
#10320=FACE_BOUND('',#9448,.T.);
#10321=FACE_BOUND('',#9449,.T.);
#10322=FACE_BOUND('',#9450,.T.);
#10323=FACE_BOUND('',#9451,.T.);
#10324=FACE_BOUND('',#9452,.T.);
#10325=FACE_BOUND('',#9453,.T.);
#10326=FACE_BOUND('',#9454,.T.);
#10327=FACE_BOUND('',#9455,.T.);
#10328=FACE_BOUND('',#9456,.T.);
#10329=FACE_BOUND('',#9457,.T.);
#10330=FACE_BOUND('',#9458,.T.);
#10331=FACE_BOUND('',#9459,.T.);
#10332=FACE_BOUND('',#9460,.T.);
#10333=FACE_BOUND('',#9461,.T.);
#10334=FACE_BOUND('',#9462,.T.);
#10335=FACE_BOUND('',#9463,.T.);
#10336=FACE_BOUND('',#9464,.T.);
#10337=FACE_BOUND('',#9465,.T.);
#10338=FACE_BOUND('',#9466,.T.);
#10339=FACE_BOUND('',#9467,.T.);
#10340=FACE_BOUND('',#9468,.T.);
#10341=FACE_BOUND('',#9469,.T.);
#10342=FACE_BOUND('',#9470,.T.);
#10343=FACE_BOUND('',#9471,.T.);
#10344=FACE_BOUND('',#9472,.T.);
#10345=FACE_BOUND('',#9473,.T.);
#10346=FACE_BOUND('',#9474,.T.);
#10347=CYLINDRICAL_SURFACE('',#12165,0.25);
#10348=CYLINDRICAL_SURFACE('',#12184,0.25);
#10349=CYLINDRICAL_SURFACE('',#12186,0.25);
#10350=CYLINDRICAL_SURFACE('',#12188,0.25);
#10351=CYLINDRICAL_SURFACE('',#12190,0.25);
#10352=CYLINDRICAL_SURFACE('',#12192,0.25);
#10353=CYLINDRICAL_SURFACE('',#12216,1.74975);
#10354=CYLINDRICAL_SURFACE('',#12219,0.299999999999998);
#10355=CYLINDRICAL_SURFACE('',#12229,1.74975);
#10356=CYLINDRICAL_SURFACE('',#12245,0.5);
#10357=CYLINDRICAL_SURFACE('',#12248,0.5);
#10358=CYLINDRICAL_SURFACE('',#12251,0.500000000000001);
#10359=CYLINDRICAL_SURFACE('',#12254,0.499999999999999);
#10360=CYLINDRICAL_SURFACE('',#12256,0.203125);
#10361=CYLINDRICAL_SURFACE('',#12258,0.203125);
#10362=CYLINDRICAL_SURFACE('',#12260,0.203125);
#10363=CYLINDRICAL_SURFACE('',#12262,0.203125);
#10364=CYLINDRICAL_SURFACE('',#12275,0.3);
#10365=CYLINDRICAL_SURFACE('',#12276,0.3);
#10366=CYLINDRICAL_SURFACE('',#12284,0.775);
#10367=CYLINDRICAL_SURFACE('',#12287,0.775);
#10368=CYLINDRICAL_SURFACE('',#12288,0.775);
#10369=CYLINDRICAL_SURFACE('',#12289,0.775);
#10370=CYLINDRICAL_SURFACE('',#12292,0.784999999999999);
#10371=CYLINDRICAL_SURFACE('',#12296,1.32000000000001);
#10372=CYLINDRICAL_SURFACE('',#12300,1.32);
#10373=CYLINDRICAL_SURFACE('',#12304,1.32);
#10374=CYLINDRICAL_SURFACE('',#12308,1.32);
#10375=CYLINDRICAL_SURFACE('',#12318,0.5);
#10376=CYLINDRICAL_SURFACE('',#12323,0.875);
#10377=CYLINDRICAL_SURFACE('',#12324,0.013208501750344);
#10378=CYLINDRICAL_SURFACE('',#12330,0.25);
#10379=CYLINDRICAL_SURFACE('',#12349,1.5);
#10380=CYLINDRICAL_SURFACE('',#12350,0.243);
#10381=CYLINDRICAL_SURFACE('',#12356,0.156);
#10382=CYLINDRICAL_SURFACE('',#12357,0.243);
#10383=CYLINDRICAL_SURFACE('',#12361,0.243);
#10384=CYLINDRICAL_SURFACE('',#12365,0.243);
#10385=CYLINDRICAL_SURFACE('',#12371,0.156);
#10386=CYLINDRICAL_SURFACE('',#12374,0.156);
#10387=CYLINDRICAL_SURFACE('',#12377,0.156);
#10388=CYLINDRICAL_SURFACE('',#12378,0.0624999999999997);
#10389=CYLINDRICAL_SURFACE('',#12384,0.375);
#10390=CYLINDRICAL_SURFACE('',#12395,1.875);
#10391=CYLINDRICAL_SURFACE('',#12405,3.315);
#10392=CYLINDRICAL_SURFACE('',#12413,2.25);
#10393=CYLINDRICAL_SURFACE('',#12417,1.555);
#10394=CYLINDRICAL_SURFACE('',#12424,0.2165);
#10395=CYLINDRICAL_SURFACE('',#12425,0.2165);
#10396=CYLINDRICAL_SURFACE('',#12426,0.2165);
#10397=CYLINDRICAL_SURFACE('',#12427,0.2165);
#10398=CYLINDRICAL_SURFACE('',#12428,0.125);
#10399=CYLINDRICAL_SURFACE('',#12429,0.125);
#10400=CYLINDRICAL_SURFACE('',#12430,0.125);
#10401=CYLINDRICAL_SURFACE('',#12431,0.125);
#10402=CYLINDRICAL_SURFACE('',#12466,0.44);
#10403=CYLINDRICAL_SURFACE('',#12473,1.191);
#10404=CYLINDRICAL_SURFACE('',#12477,1.191);
#10405=CYLINDRICAL_SURFACE('',#12493,1.191);
#10406=CYLINDRICAL_SURFACE('',#12497,1.191);
#10407=CYLINDRICAL_SURFACE('',#12529,1.191);
#10408=CYLINDRICAL_SURFACE('',#12531,1.191);
#10409=CYLINDRICAL_SURFACE('',#12533,1.191);
#10410=CYLINDRICAL_SURFACE('',#12535,1.191);
#10411=CYLINDRICAL_SURFACE('',#12600,3.263);
#10412=CYLINDRICAL_SURFACE('',#12622,3.265);
#10413=CYLINDRICAL_SURFACE('',#12641,3.325);
#10414=CYLINDRICAL_SURFACE('',#12643,3.325);
#10415=CYLINDRICAL_SURFACE('',#12681,2.25);
#10416=CYLINDRICAL_SURFACE('',#12687,0.32);
#10417=CYLINDRICAL_SURFACE('',#12692,0.32);
#10418=CYLINDRICAL_SURFACE('',#12697,0.32);
#10419=CYLINDRICAL_SURFACE('',#12702,0.32);
#10420=CYLINDRICAL_SURFACE('',#12720,0.341);
#10421=CYLINDRICAL_SURFACE('',#12728,0.341);
#10422=CYLINDRICAL_SURFACE('',#12734,0.341);
#10423=CYLINDRICAL_SURFACE('',#12736,0.52);
#10424=CYLINDRICAL_SURFACE('',#12737,0.52);
#10425=CYLINDRICAL_SURFACE('',#12738,0.52);
#10426=CYLINDRICAL_SURFACE('',#12739,0.52);
#10427=CYLINDRICAL_SURFACE('',#12746,0.52);
#10428=CYLINDRICAL_SURFACE('',#12762,0.205);
#10429=CYLINDRICAL_SURFACE('',#12772,0.205);
#10430=CYLINDRICAL_SURFACE('',#12775,0.205);
#10431=CYLINDRICAL_SURFACE('',#12796,1.006);
#10432=CYLINDRICAL_SURFACE('',#12830,0.175);
#10433=CYLINDRICAL_SURFACE('',#12833,0.175);
#10434=CYLINDRICAL_SURFACE('',#12836,0.175);
#10435=CYLINDRICAL_SURFACE('',#12839,0.175);
#10436=CYLINDRICAL_SURFACE('',#12872,0.205);
#10437=CYLINDRICAL_SURFACE('',#12880,0.205);
#10438=CYLINDRICAL_SURFACE('',#12894,3.38);
#10439=CYLINDRICAL_SURFACE('',#12897,3.38);
#10440=CYLINDRICAL_SURFACE('',#12902,0.31);
#10441=CYLINDRICAL_SURFACE('',#12903,0.31);
#10442=CYLINDRICAL_SURFACE('',#12912,0.309999999999999);
#10443=CYLINDRICAL_SURFACE('',#12914,0.309999999999999);
#10444=CYLINDRICAL_SURFACE('',#12919,0.309999999999999);
#10445=CYLINDRICAL_SURFACE('',#12921,0.309999999999999);
#10446=CYLINDRICAL_SURFACE('',#12952,1.99999999999986);
#10447=CYLINDRICAL_SURFACE('',#12955,2.00000000000013);
#10448=CYLINDRICAL_SURFACE('',#12958,1.99999999999989);
#10449=CYLINDRICAL_SURFACE('',#12961,2.00000000000016);
#10450=CYLINDRICAL_SURFACE('',#12964,0.380000000000001);
#10451=CYLINDRICAL_SURFACE('',#12967,0.38);
#10452=CYLINDRICAL_SURFACE('',#12970,2.);
#10453=CYLINDRICAL_SURFACE('',#12973,2.00000000000002);
#10454=CYLINDRICAL_SURFACE('',#12976,2.00000000000002);
#10455=CYLINDRICAL_SURFACE('',#12979,1.99999999999999);
#10456=CYLINDRICAL_SURFACE('',#12982,0.380000000000001);
#10457=CYLINDRICAL_SURFACE('',#12985,0.17);
#10458=CYLINDRICAL_SURFACE('',#12988,0.169999999999997);
#10459=CYLINDRICAL_SURFACE('',#12991,0.17);
#10460=CYLINDRICAL_SURFACE('',#12994,0.17);
#10461=CYLINDRICAL_SURFACE('',#12997,0.169999999999996);
#10462=CYLINDRICAL_SURFACE('',#13000,0.170000000000001);
#10463=CYLINDRICAL_SURFACE('',#13003,0.17);
#10464=CYLINDRICAL_SURFACE('',#13006,0.169999999999996);
#10465=CYLINDRICAL_SURFACE('',#13009,0.17);
#10466=CYLINDRICAL_SURFACE('',#13013,0.17);
#10467=CYLINDRICAL_SURFACE('',#13016,0.17);
#10468=CYLINDRICAL_SURFACE('',#13019,0.17);
#10469=CYLINDRICAL_SURFACE('',#13021,0.38);
#10470=CYLINDRICAL_SURFACE('',#13026,0.155);
#10471=CYLINDRICAL_SURFACE('',#13031,0.155);
#10472=CYLINDRICAL_SURFACE('',#13036,0.155);
#10473=CYLINDRICAL_SURFACE('',#13041,0.155);
#10474=CYLINDRICAL_SURFACE('',#13058,1.191);
#10475=CYLINDRICAL_SURFACE('',#13069,0.205);
#10476=CYLINDRICAL_SURFACE('',#13072,0.205);
#10477=CYLINDRICAL_SURFACE('',#13075,0.205);
#10478=CYLINDRICAL_SURFACE('',#13078,0.205);
#10479=CYLINDRICAL_SURFACE('',#13088,3.318);
#10480=CYLINDRICAL_SURFACE('',#13105,0.295);
#10481=CYLINDRICAL_SURFACE('',#13109,0.2);
#10482=CYLINDRICAL_SURFACE('',#13112,0.295);
#10483=CYLINDRICAL_SURFACE('',#13116,0.2);
#10484=CYLINDRICAL_SURFACE('',#13133,0.615);
#10485=CYLINDRICAL_SURFACE('',#13144,0.500000000000001);
#10486=CYLINDRICAL_SURFACE('',#13146,0.439999999999994);
#10487=CYLINDRICAL_SURFACE('',#13149,0.500000000000006);
#10488=CYLINDRICAL_SURFACE('',#13153,0.439999999999995);
#10489=CYLINDRICAL_SURFACE('',#13156,0.500000000000004);
#10490=CYLINDRICAL_SURFACE('',#13158,0.439999999999989);
#10491=CYLINDRICAL_SURFACE('',#13161,0.500000000000005);
#10492=CYLINDRICAL_SURFACE('',#13163,0.439999999999994);
#10493=CYLINDRICAL_SURFACE('',#13166,0.500000000000006);
#10494=CYLINDRICAL_SURFACE('',#13169,0.439999999999982);
#10495=CYLINDRICAL_SURFACE('',#13172,0.500000000000032);
#10496=CYLINDRICAL_SURFACE('',#13174,0.43999999999999);
#10497=CYLINDRICAL_SURFACE('',#13197,0.54);
#10498=CYLINDRICAL_SURFACE('',#13200,0.48);
#10499=CYLINDRICAL_SURFACE('',#13203,0.54);
#10500=CYLINDRICAL_SURFACE('',#13206,0.48);
#10501=CYLINDRICAL_SURFACE('',#13210,0.54);
#10502=CYLINDRICAL_SURFACE('',#13213,0.48);
#10503=CYLINDRICAL_SURFACE('',#13216,0.54);
#10504=CYLINDRICAL_SURFACE('',#13219,0.48);
#10505=CYLINDRICAL_SURFACE('',#13224,0.275);
#10506=CYLINDRICAL_SURFACE('',#13228,0.275);
#10507=CYLINDRICAL_SURFACE('',#13231,0.500000000000001);
#10508=CYLINDRICAL_SURFACE('',#13235,0.439999999999998);
#10509=CYLINDRICAL_SURFACE('',#13238,0.499999999999998);
#10510=CYLINDRICAL_SURFACE('',#13241,0.439999999999999);
#10511=CYLINDRICAL_SURFACE('',#13244,0.500000000000001);
#10512=CYLINDRICAL_SURFACE('',#13247,0.440000000000002);
#10513=CYLINDRICAL_SURFACE('',#13250,0.500000000000001);
#10514=CYLINDRICAL_SURFACE('',#13253,0.439999999999998);
#10515=CYLINDRICAL_SURFACE('',#13256,0.500000000000005);
#10516=CYLINDRICAL_SURFACE('',#13259,0.44);
#10517=CYLINDRICAL_SURFACE('',#13262,0.5);
#10518=CYLINDRICAL_SURFACE('',#13265,0.440000000000001);
#10519=CYLINDRICAL_SURFACE('',#13291,0.13);
#10520=CYLINDRICAL_SURFACE('',#13293,0.57);
#10521=CYLINDRICAL_SURFACE('',#13296,0.03);
#10522=CYLINDRICAL_SURFACE('',#13299,0.03);
#10523=CYLINDRICAL_SURFACE('',#13301,0.03);
#10524=CYLINDRICAL_SURFACE('',#13304,0.0299999999999998);
#10525=CYLINDRICAL_SURFACE('',#13310,0.355);
#10526=CYLINDRICAL_SURFACE('',#13314,0.275);
#10527=CYLINDRICAL_SURFACE('',#13318,0.5);
#10528=CYLINDRICAL_SURFACE('',#13322,0.3125);
#10529=CYLINDRICAL_SURFACE('',#13328,0.5);
#10530=CYLINDRICAL_SURFACE('',#13335,1.);
#10531=CYLINDRICAL_SURFACE('',#13341,0.75);
#10532=CYLINDRICAL_SURFACE('',#13351,1.625);
#10533=CYLINDRICAL_SURFACE('',#13360,0.1405);
#10534=CYLINDRICAL_SURFACE('',#13361,0.1405);
#10535=CYLINDRICAL_SURFACE('',#13362,0.1405);
#10536=CYLINDRICAL_SURFACE('',#13363,0.1405);
#10537=STYLED_ITEM('',(#10672),#11489);
#10538=STYLED_ITEM('',(#10673),#11490);
#10539=STYLED_ITEM('',(#10674),#11491);
#10540=STYLED_ITEM('',(#10675),#11492);
#10541=STYLED_ITEM('',(#10676),#11493);
#10542=STYLED_ITEM('',(#10677),#11494);
#10543=STYLED_ITEM('',(#10678),#11495);
#10544=STYLED_ITEM('',(#10679),#11496);
#10545=STYLED_ITEM('',(#10680),#11497);
#10546=STYLED_ITEM('',(#10681),#11498);
#10547=STYLED_ITEM('',(#10682),#11499);
#10548=STYLED_ITEM('',(#10683),#11500);
#10549=STYLED_ITEM('',(#10684),#11501);
#10550=STYLED_ITEM('',(#10685),#11502);
#10551=STYLED_ITEM('',(#10686),#11503);
#10552=STYLED_ITEM('',(#10687),#11504);
#10553=STYLED_ITEM('',(#10688),#11505);
#10554=STYLED_ITEM('',(#10689),#11506);
#10555=STYLED_ITEM('',(#10690),#11507);
#10556=STYLED_ITEM('',(#10691),#11508);
#10557=STYLED_ITEM('',(#10692),#11509);
#10558=STYLED_ITEM('',(#10693),#11510);
#10559=STYLED_ITEM('',(#10694),#11511);
#10560=STYLED_ITEM('',(#10695),#11512);
#10561=STYLED_ITEM('',(#10696),#11513);
#10562=STYLED_ITEM('',(#10697),#11514);
#10563=STYLED_ITEM('',(#10698),#11515);
#10564=STYLED_ITEM('',(#10699),#11516);
#10565=STYLED_ITEM('',(#10700),#11517);
#10566=STYLED_ITEM('',(#10701),#11518);
#10567=STYLED_ITEM('',(#10702),#11519);
#10568=STYLED_ITEM('',(#10703),#11520);
#10569=STYLED_ITEM('',(#10704),#11521);
#10570=STYLED_ITEM('',(#10705),#11522);
#10571=STYLED_ITEM('',(#10706),#11523);
#10572=STYLED_ITEM('',(#10707),#11524);
#10573=STYLED_ITEM('',(#10708),#11525);
#10574=STYLED_ITEM('',(#10709),#11526);
#10575=STYLED_ITEM('',(#10710),#11527);
#10576=STYLED_ITEM('',(#10711),#11528);
#10577=STYLED_ITEM('',(#10712),#11529);
#10578=STYLED_ITEM('',(#10713),#11530);
#10579=STYLED_ITEM('',(#10714),#11531);
#10580=STYLED_ITEM('',(#10715),#11532);
#10581=STYLED_ITEM('',(#10716),#11533);
#10582=STYLED_ITEM('',(#10717),#11534);
#10583=STYLED_ITEM('',(#10718),#11535);
#10584=STYLED_ITEM('',(#10719),#11536);
#10585=STYLED_ITEM('',(#10720),#11537);
#10586=STYLED_ITEM('',(#10721),#11538);
#10587=STYLED_ITEM('',(#10722),#11539);
#10588=STYLED_ITEM('',(#10723),#11540);
#10589=STYLED_ITEM('',(#10724),#11541);
#10590=STYLED_ITEM('',(#10725),#11542);
#10591=STYLED_ITEM('',(#10726),#11543);
#10592=STYLED_ITEM('',(#10727),#11544);
#10593=STYLED_ITEM('',(#10728),#11545);
#10594=STYLED_ITEM('',(#10729),#11546);
#10595=STYLED_ITEM('',(#10730),#11547);
#10596=STYLED_ITEM('',(#10731),#11548);
#10597=STYLED_ITEM('',(#10732),#11549);
#10598=STYLED_ITEM('',(#10733),#11550);
#10599=STYLED_ITEM('',(#10734),#11551);
#10600=STYLED_ITEM('',(#10735),#11552);
#10601=STYLED_ITEM('',(#10736),#11553);
#10602=STYLED_ITEM('',(#10737),#11554);
#10603=STYLED_ITEM('',(#10738),#11555);
#10604=STYLED_ITEM('',(#10739),#11556);
#10605=STYLED_ITEM('',(#10740),#11557);
#10606=STYLED_ITEM('',(#10741),#11558);
#10607=STYLED_ITEM('',(#10742),#11559);
#10608=STYLED_ITEM('',(#10743),#11560);
#10609=STYLED_ITEM('',(#10744),#11561);
#10610=STYLED_ITEM('',(#10745),#11562);
#10611=STYLED_ITEM('',(#10746),#11563);
#10612=STYLED_ITEM('',(#10747),#11564);
#10613=STYLED_ITEM('',(#10748),#11565);
#10614=STYLED_ITEM('',(#10749),#11566);
#10615=STYLED_ITEM('',(#10750),#11567);
#10616=STYLED_ITEM('',(#10751),#11568);
#10617=STYLED_ITEM('',(#10752),#11569);
#10618=STYLED_ITEM('',(#10753),#11570);
#10619=STYLED_ITEM('',(#10754),#11571);
#10620=STYLED_ITEM('',(#10755),#11572);
#10621=STYLED_ITEM('',(#10756),#11573);
#10622=STYLED_ITEM('',(#10757),#11574);
#10623=STYLED_ITEM('',(#10758),#11575);
#10624=STYLED_ITEM('',(#10759),#11576);
#10625=STYLED_ITEM('',(#10760),#11577);
#10626=STYLED_ITEM('',(#10761),#11578);
#10627=STYLED_ITEM('',(#10762),#11579);
#10628=STYLED_ITEM('',(#10763),#11580);
#10629=STYLED_ITEM('',(#10764),#11581);
#10630=STYLED_ITEM('',(#10765),#11582);
#10631=STYLED_ITEM('',(#10766),#11583);
#10632=STYLED_ITEM('',(#10767),#11584);
#10633=STYLED_ITEM('',(#10768),#11585);
#10634=STYLED_ITEM('',(#10769),#11586);
#10635=STYLED_ITEM('',(#10770),#11587);
#10636=STYLED_ITEM('',(#10771),#11588);
#10637=STYLED_ITEM('',(#10772),#11589);
#10638=STYLED_ITEM('',(#10773),#11590);
#10639=STYLED_ITEM('',(#10774),#11591);
#10640=STYLED_ITEM('',(#10775),#11592);
#10641=STYLED_ITEM('',(#10776),#11593);
#10642=STYLED_ITEM('',(#10777),#11594);
#10643=STYLED_ITEM('',(#10778),#11595);
#10644=STYLED_ITEM('',(#10779),#11596);
#10645=STYLED_ITEM('',(#10780),#11597);
#10646=STYLED_ITEM('',(#10781),#11598);
#10647=STYLED_ITEM('',(#10782),#11599);
#10648=STYLED_ITEM('',(#10783),#12149);
#10649=STYLED_ITEM('',(#10784),#12);
#10650=STYLED_ITEM('',(#10785),#12120);
#10651=STYLED_ITEM('',(#10786),#12121);
#10652=STYLED_ITEM('',(#10787),#12122);
#10653=STYLED_ITEM('',(#10788),#12123);
#10654=STYLED_ITEM('',(#10789),#12124);
#10655=STYLED_ITEM('',(#10790),#12125);
#10656=STYLED_ITEM('',(#10791),#12126);
#10657=STYLED_ITEM('',(#10792),#12127);
#10658=STYLED_ITEM('',(#10793),#12128);
#10659=STYLED_ITEM('',(#10794),#12129);
#10660=STYLED_ITEM('',(#10795),#12130);
#10661=STYLED_ITEM('',(#10796),#12131);
#10662=STYLED_ITEM('',(#10797),#12132);
#10663=STYLED_ITEM('',(#10798),#12133);
#10664=STYLED_ITEM('',(#10799),#12134);
#10665=STYLED_ITEM('',(#10800),#12135);
#10666=STYLED_ITEM('',(#10801),#12136);
#10667=STYLED_ITEM('',(#10802),#12137);
#10668=STYLED_ITEM('',(#10803),#12138);
#10669=STYLED_ITEM('',(#10804),#12139);
#10670=STYLED_ITEM('',(#10805),#12140);
#10671=STYLED_ITEM('',(#10806),#12141);
#10672=PRESENTATION_STYLE_ASSIGNMENT((#10807));
#10673=PRESENTATION_STYLE_ASSIGNMENT((#10808));
#10674=PRESENTATION_STYLE_ASSIGNMENT((#10809));
#10675=PRESENTATION_STYLE_ASSIGNMENT((#10810));
#10676=PRESENTATION_STYLE_ASSIGNMENT((#10811));
#10677=PRESENTATION_STYLE_ASSIGNMENT((#10812));
#10678=PRESENTATION_STYLE_ASSIGNMENT((#10813));
#10679=PRESENTATION_STYLE_ASSIGNMENT((#10814));
#10680=PRESENTATION_STYLE_ASSIGNMENT((#10815));
#10681=PRESENTATION_STYLE_ASSIGNMENT((#10816));
#10682=PRESENTATION_STYLE_ASSIGNMENT((#10817));
#10683=PRESENTATION_STYLE_ASSIGNMENT((#10818));
#10684=PRESENTATION_STYLE_ASSIGNMENT((#10819));
#10685=PRESENTATION_STYLE_ASSIGNMENT((#10820));
#10686=PRESENTATION_STYLE_ASSIGNMENT((#10821));
#10687=PRESENTATION_STYLE_ASSIGNMENT((#10822));
#10688=PRESENTATION_STYLE_ASSIGNMENT((#10823));
#10689=PRESENTATION_STYLE_ASSIGNMENT((#10824));
#10690=PRESENTATION_STYLE_ASSIGNMENT((#10825));
#10691=PRESENTATION_STYLE_ASSIGNMENT((#10826));
#10692=PRESENTATION_STYLE_ASSIGNMENT((#10827));
#10693=PRESENTATION_STYLE_ASSIGNMENT((#10828));
#10694=PRESENTATION_STYLE_ASSIGNMENT((#10829));
#10695=PRESENTATION_STYLE_ASSIGNMENT((#10830));
#10696=PRESENTATION_STYLE_ASSIGNMENT((#10831));
#10697=PRESENTATION_STYLE_ASSIGNMENT((#10832));
#10698=PRESENTATION_STYLE_ASSIGNMENT((#10833));
#10699=PRESENTATION_STYLE_ASSIGNMENT((#10834));
#10700=PRESENTATION_STYLE_ASSIGNMENT((#10835));
#10701=PRESENTATION_STYLE_ASSIGNMENT((#10836));
#10702=PRESENTATION_STYLE_ASSIGNMENT((#10837));
#10703=PRESENTATION_STYLE_ASSIGNMENT((#10838));
#10704=PRESENTATION_STYLE_ASSIGNMENT((#10839));
#10705=PRESENTATION_STYLE_ASSIGNMENT((#10840));
#10706=PRESENTATION_STYLE_ASSIGNMENT((#10841));
#10707=PRESENTATION_STYLE_ASSIGNMENT((#10842));
#10708=PRESENTATION_STYLE_ASSIGNMENT((#10843));
#10709=PRESENTATION_STYLE_ASSIGNMENT((#10844));
#10710=PRESENTATION_STYLE_ASSIGNMENT((#10845));
#10711=PRESENTATION_STYLE_ASSIGNMENT((#10846));
#10712=PRESENTATION_STYLE_ASSIGNMENT((#10847));
#10713=PRESENTATION_STYLE_ASSIGNMENT((#10848));
#10714=PRESENTATION_STYLE_ASSIGNMENT((#10849));
#10715=PRESENTATION_STYLE_ASSIGNMENT((#10850));
#10716=PRESENTATION_STYLE_ASSIGNMENT((#10851));
#10717=PRESENTATION_STYLE_ASSIGNMENT((#10852));
#10718=PRESENTATION_STYLE_ASSIGNMENT((#10853));
#10719=PRESENTATION_STYLE_ASSIGNMENT((#10854));
#10720=PRESENTATION_STYLE_ASSIGNMENT((#10855));
#10721=PRESENTATION_STYLE_ASSIGNMENT((#10856));
#10722=PRESENTATION_STYLE_ASSIGNMENT((#10857));
#10723=PRESENTATION_STYLE_ASSIGNMENT((#10858));
#10724=PRESENTATION_STYLE_ASSIGNMENT((#10859));
#10725=PRESENTATION_STYLE_ASSIGNMENT((#10860));
#10726=PRESENTATION_STYLE_ASSIGNMENT((#10861));
#10727=PRESENTATION_STYLE_ASSIGNMENT((#10862));
#10728=PRESENTATION_STYLE_ASSIGNMENT((#10863));
#10729=PRESENTATION_STYLE_ASSIGNMENT((#10864));
#10730=PRESENTATION_STYLE_ASSIGNMENT((#10865));
#10731=PRESENTATION_STYLE_ASSIGNMENT((#10866));
#10732=PRESENTATION_STYLE_ASSIGNMENT((#10867));
#10733=PRESENTATION_STYLE_ASSIGNMENT((#10868));
#10734=PRESENTATION_STYLE_ASSIGNMENT((#10869));
#10735=PRESENTATION_STYLE_ASSIGNMENT((#10870));
#10736=PRESENTATION_STYLE_ASSIGNMENT((#10871));
#10737=PRESENTATION_STYLE_ASSIGNMENT((#10872));
#10738=PRESENTATION_STYLE_ASSIGNMENT((#10873));
#10739=PRESENTATION_STYLE_ASSIGNMENT((#10874));
#10740=PRESENTATION_STYLE_ASSIGNMENT((#10875));
#10741=PRESENTATION_STYLE_ASSIGNMENT((#10876));
#10742=PRESENTATION_STYLE_ASSIGNMENT((#10877));
#10743=PRESENTATION_STYLE_ASSIGNMENT((#10878));
#10744=PRESENTATION_STYLE_ASSIGNMENT((#10879));
#10745=PRESENTATION_STYLE_ASSIGNMENT((#10880));
#10746=PRESENTATION_STYLE_ASSIGNMENT((#10881));
#10747=PRESENTATION_STYLE_ASSIGNMENT((#10882));
#10748=PRESENTATION_STYLE_ASSIGNMENT((#10883));
#10749=PRESENTATION_STYLE_ASSIGNMENT((#10884));
#10750=PRESENTATION_STYLE_ASSIGNMENT((#10885));
#10751=PRESENTATION_STYLE_ASSIGNMENT((#10886));
#10752=PRESENTATION_STYLE_ASSIGNMENT((#10887));
#10753=PRESENTATION_STYLE_ASSIGNMENT((#10888));
#10754=PRESENTATION_STYLE_ASSIGNMENT((#10889));
#10755=PRESENTATION_STYLE_ASSIGNMENT((#10890));
#10756=PRESENTATION_STYLE_ASSIGNMENT((#10891));
#10757=PRESENTATION_STYLE_ASSIGNMENT((#10892));
#10758=PRESENTATION_STYLE_ASSIGNMENT((#10893));
#10759=PRESENTATION_STYLE_ASSIGNMENT((#10894));
#10760=PRESENTATION_STYLE_ASSIGNMENT((#10895));
#10761=PRESENTATION_STYLE_ASSIGNMENT((#10896));
#10762=PRESENTATION_STYLE_ASSIGNMENT((#10897));
#10763=PRESENTATION_STYLE_ASSIGNMENT((#10898));
#10764=PRESENTATION_STYLE_ASSIGNMENT((#10899));
#10765=PRESENTATION_STYLE_ASSIGNMENT((#10900));
#10766=PRESENTATION_STYLE_ASSIGNMENT((#10901));
#10767=PRESENTATION_STYLE_ASSIGNMENT((#10902));
#10768=PRESENTATION_STYLE_ASSIGNMENT((#10903));
#10769=PRESENTATION_STYLE_ASSIGNMENT((#10904));
#10770=PRESENTATION_STYLE_ASSIGNMENT((#10905));
#10771=PRESENTATION_STYLE_ASSIGNMENT((#10906));
#10772=PRESENTATION_STYLE_ASSIGNMENT((#10907));
#10773=PRESENTATION_STYLE_ASSIGNMENT((#10908));
#10774=PRESENTATION_STYLE_ASSIGNMENT((#10909));
#10775=PRESENTATION_STYLE_ASSIGNMENT((#10910));
#10776=PRESENTATION_STYLE_ASSIGNMENT((#10911));
#10777=PRESENTATION_STYLE_ASSIGNMENT((#10912));
#10778=PRESENTATION_STYLE_ASSIGNMENT((#10913));
#10779=PRESENTATION_STYLE_ASSIGNMENT((#10914));
#10780=PRESENTATION_STYLE_ASSIGNMENT((#10915));
#10781=PRESENTATION_STYLE_ASSIGNMENT((#10916));
#10782=PRESENTATION_STYLE_ASSIGNMENT((#10917));
#10783=PRESENTATION_STYLE_ASSIGNMENT((#10918));
#10784=PRESENTATION_STYLE_ASSIGNMENT((#10919));
#10785=PRESENTATION_STYLE_ASSIGNMENT((#10920));
#10786=PRESENTATION_STYLE_ASSIGNMENT((#10921));
#10787=PRESENTATION_STYLE_ASSIGNMENT((#10922));
#10788=PRESENTATION_STYLE_ASSIGNMENT((#10923));
#10789=PRESENTATION_STYLE_ASSIGNMENT((#10924));
#10790=PRESENTATION_STYLE_ASSIGNMENT((#10925));
#10791=PRESENTATION_STYLE_ASSIGNMENT((#10926));
#10792=PRESENTATION_STYLE_ASSIGNMENT((#10927));
#10793=PRESENTATION_STYLE_ASSIGNMENT((#10928));
#10794=PRESENTATION_STYLE_ASSIGNMENT((#10929));
#10795=PRESENTATION_STYLE_ASSIGNMENT((#10930));
#10796=PRESENTATION_STYLE_ASSIGNMENT((#10931));
#10797=PRESENTATION_STYLE_ASSIGNMENT((#10932));
#10798=PRESENTATION_STYLE_ASSIGNMENT((#10933));
#10799=PRESENTATION_STYLE_ASSIGNMENT((#10934));
#10800=PRESENTATION_STYLE_ASSIGNMENT((#10935));
#10801=PRESENTATION_STYLE_ASSIGNMENT((#10936));
#10802=PRESENTATION_STYLE_ASSIGNMENT((#10937));
#10803=PRESENTATION_STYLE_ASSIGNMENT((#10938));
#10804=PRESENTATION_STYLE_ASSIGNMENT((#10939));
#10805=PRESENTATION_STYLE_ASSIGNMENT((#10940));
#10806=PRESENTATION_STYLE_ASSIGNMENT((#10941));
#10807=SURFACE_STYLE_USAGE(.BOTH.,#10942);
#10808=SURFACE_STYLE_USAGE(.BOTH.,#10943);
#10809=SURFACE_STYLE_USAGE(.BOTH.,#10944);
#10810=SURFACE_STYLE_USAGE(.BOTH.,#10945);
#10811=SURFACE_STYLE_USAGE(.BOTH.,#10946);
#10812=SURFACE_STYLE_USAGE(.BOTH.,#10947);
#10813=SURFACE_STYLE_USAGE(.BOTH.,#10948);
#10814=SURFACE_STYLE_USAGE(.BOTH.,#10949);
#10815=SURFACE_STYLE_USAGE(.BOTH.,#10950);
#10816=SURFACE_STYLE_USAGE(.BOTH.,#10951);
#10817=SURFACE_STYLE_USAGE(.BOTH.,#10952);
#10818=SURFACE_STYLE_USAGE(.BOTH.,#10953);
#10819=SURFACE_STYLE_USAGE(.BOTH.,#10954);
#10820=SURFACE_STYLE_USAGE(.BOTH.,#10955);
#10821=SURFACE_STYLE_USAGE(.BOTH.,#10956);
#10822=SURFACE_STYLE_USAGE(.BOTH.,#10957);
#10823=SURFACE_STYLE_USAGE(.BOTH.,#10958);
#10824=SURFACE_STYLE_USAGE(.BOTH.,#10959);
#10825=SURFACE_STYLE_USAGE(.BOTH.,#10960);
#10826=SURFACE_STYLE_USAGE(.BOTH.,#10961);
#10827=SURFACE_STYLE_USAGE(.BOTH.,#10962);
#10828=SURFACE_STYLE_USAGE(.BOTH.,#10963);
#10829=SURFACE_STYLE_USAGE(.BOTH.,#10964);
#10830=SURFACE_STYLE_USAGE(.BOTH.,#10965);
#10831=SURFACE_STYLE_USAGE(.BOTH.,#10966);
#10832=SURFACE_STYLE_USAGE(.BOTH.,#10967);
#10833=SURFACE_STYLE_USAGE(.BOTH.,#10968);
#10834=SURFACE_STYLE_USAGE(.BOTH.,#10969);
#10835=SURFACE_STYLE_USAGE(.BOTH.,#10970);
#10836=SURFACE_STYLE_USAGE(.BOTH.,#10971);
#10837=SURFACE_STYLE_USAGE(.BOTH.,#10972);
#10838=SURFACE_STYLE_USAGE(.BOTH.,#10973);
#10839=SURFACE_STYLE_USAGE(.BOTH.,#10974);
#10840=SURFACE_STYLE_USAGE(.BOTH.,#10975);
#10841=SURFACE_STYLE_USAGE(.BOTH.,#10976);
#10842=SURFACE_STYLE_USAGE(.BOTH.,#10977);
#10843=SURFACE_STYLE_USAGE(.BOTH.,#10978);
#10844=SURFACE_STYLE_USAGE(.BOTH.,#10979);
#10845=SURFACE_STYLE_USAGE(.BOTH.,#10980);
#10846=SURFACE_STYLE_USAGE(.BOTH.,#10981);
#10847=SURFACE_STYLE_USAGE(.BOTH.,#10982);
#10848=SURFACE_STYLE_USAGE(.BOTH.,#10983);
#10849=SURFACE_STYLE_USAGE(.BOTH.,#10984);
#10850=SURFACE_STYLE_USAGE(.BOTH.,#10985);
#10851=SURFACE_STYLE_USAGE(.BOTH.,#10986);
#10852=SURFACE_STYLE_USAGE(.BOTH.,#10987);
#10853=SURFACE_STYLE_USAGE(.BOTH.,#10988);
#10854=SURFACE_STYLE_USAGE(.BOTH.,#10989);
#10855=SURFACE_STYLE_USAGE(.BOTH.,#10990);
#10856=SURFACE_STYLE_USAGE(.BOTH.,#10991);
#10857=SURFACE_STYLE_USAGE(.BOTH.,#10992);
#10858=SURFACE_STYLE_USAGE(.BOTH.,#10993);
#10859=SURFACE_STYLE_USAGE(.BOTH.,#10994);
#10860=SURFACE_STYLE_USAGE(.BOTH.,#10995);
#10861=SURFACE_STYLE_USAGE(.BOTH.,#10996);
#10862=SURFACE_STYLE_USAGE(.BOTH.,#10997);
#10863=SURFACE_STYLE_USAGE(.BOTH.,#10998);
#10864=SURFACE_STYLE_USAGE(.BOTH.,#10999);
#10865=SURFACE_STYLE_USAGE(.BOTH.,#11000);
#10866=SURFACE_STYLE_USAGE(.BOTH.,#11001);
#10867=SURFACE_STYLE_USAGE(.BOTH.,#11002);
#10868=SURFACE_STYLE_USAGE(.BOTH.,#11003);
#10869=SURFACE_STYLE_USAGE(.BOTH.,#11004);
#10870=SURFACE_STYLE_USAGE(.BOTH.,#11005);
#10871=SURFACE_STYLE_USAGE(.BOTH.,#11006);
#10872=SURFACE_STYLE_USAGE(.BOTH.,#11007);
#10873=SURFACE_STYLE_USAGE(.BOTH.,#11008);
#10874=SURFACE_STYLE_USAGE(.BOTH.,#11009);
#10875=SURFACE_STYLE_USAGE(.BOTH.,#11010);
#10876=SURFACE_STYLE_USAGE(.BOTH.,#11011);
#10877=SURFACE_STYLE_USAGE(.BOTH.,#11012);
#10878=SURFACE_STYLE_USAGE(.BOTH.,#11013);
#10879=SURFACE_STYLE_USAGE(.BOTH.,#11014);
#10880=SURFACE_STYLE_USAGE(.BOTH.,#11015);
#10881=SURFACE_STYLE_USAGE(.BOTH.,#11016);
#10882=SURFACE_STYLE_USAGE(.BOTH.,#11017);
#10883=SURFACE_STYLE_USAGE(.BOTH.,#11018);
#10884=SURFACE_STYLE_USAGE(.BOTH.,#11019);
#10885=SURFACE_STYLE_USAGE(.BOTH.,#11020);
#10886=SURFACE_STYLE_USAGE(.BOTH.,#11021);
#10887=SURFACE_STYLE_USAGE(.BOTH.,#11022);
#10888=SURFACE_STYLE_USAGE(.BOTH.,#11023);
#10889=SURFACE_STYLE_USAGE(.BOTH.,#11024);
#10890=SURFACE_STYLE_USAGE(.BOTH.,#11025);
#10891=SURFACE_STYLE_USAGE(.BOTH.,#11026);
#10892=SURFACE_STYLE_USAGE(.BOTH.,#11027);
#10893=SURFACE_STYLE_USAGE(.BOTH.,#11028);
#10894=SURFACE_STYLE_USAGE(.BOTH.,#11029);
#10895=SURFACE_STYLE_USAGE(.BOTH.,#11030);
#10896=SURFACE_STYLE_USAGE(.BOTH.,#11031);
#10897=SURFACE_STYLE_USAGE(.BOTH.,#11032);
#10898=SURFACE_STYLE_USAGE(.BOTH.,#11033);
#10899=SURFACE_STYLE_USAGE(.BOTH.,#11034);
#10900=SURFACE_STYLE_USAGE(.BOTH.,#11035);
#10901=SURFACE_STYLE_USAGE(.BOTH.,#11036);
#10902=SURFACE_STYLE_USAGE(.BOTH.,#11037);
#10903=SURFACE_STYLE_USAGE(.BOTH.,#11038);
#10904=SURFACE_STYLE_USAGE(.BOTH.,#11039);
#10905=SURFACE_STYLE_USAGE(.BOTH.,#11040);
#10906=SURFACE_STYLE_USAGE(.BOTH.,#11041);
#10907=SURFACE_STYLE_USAGE(.BOTH.,#11042);
#10908=SURFACE_STYLE_USAGE(.BOTH.,#11043);
#10909=SURFACE_STYLE_USAGE(.BOTH.,#11044);
#10910=SURFACE_STYLE_USAGE(.BOTH.,#11045);
#10911=SURFACE_STYLE_USAGE(.BOTH.,#11046);
#10912=SURFACE_STYLE_USAGE(.BOTH.,#11047);
#10913=SURFACE_STYLE_USAGE(.BOTH.,#11048);
#10914=SURFACE_STYLE_USAGE(.BOTH.,#11049);
#10915=SURFACE_STYLE_USAGE(.BOTH.,#11050);
#10916=SURFACE_STYLE_USAGE(.BOTH.,#11051);
#10917=SURFACE_STYLE_USAGE(.BOTH.,#11052);
#10918=SURFACE_STYLE_USAGE(.BOTH.,#11053);
#10919=SURFACE_STYLE_USAGE(.BOTH.,#11054);
#10920=SURFACE_STYLE_USAGE(.BOTH.,#11055);
#10921=SURFACE_STYLE_USAGE(.BOTH.,#11056);
#10922=SURFACE_STYLE_USAGE(.BOTH.,#11057);
#10923=SURFACE_STYLE_USAGE(.BOTH.,#11058);
#10924=SURFACE_STYLE_USAGE(.BOTH.,#11059);
#10925=SURFACE_STYLE_USAGE(.BOTH.,#11060);
#10926=SURFACE_STYLE_USAGE(.BOTH.,#11061);
#10927=SURFACE_STYLE_USAGE(.BOTH.,#11062);
#10928=SURFACE_STYLE_USAGE(.BOTH.,#11063);
#10929=SURFACE_STYLE_USAGE(.BOTH.,#11064);
#10930=SURFACE_STYLE_USAGE(.BOTH.,#11065);
#10931=SURFACE_STYLE_USAGE(.BOTH.,#11066);
#10932=SURFACE_STYLE_USAGE(.BOTH.,#11067);
#10933=SURFACE_STYLE_USAGE(.BOTH.,#11068);
#10934=SURFACE_STYLE_USAGE(.BOTH.,#11069);
#10935=SURFACE_STYLE_USAGE(.BOTH.,#11070);
#10936=SURFACE_STYLE_USAGE(.BOTH.,#11071);
#10937=SURFACE_STYLE_USAGE(.BOTH.,#11072);
#10938=SURFACE_STYLE_USAGE(.BOTH.,#11073);
#10939=SURFACE_STYLE_USAGE(.BOTH.,#11074);
#10940=SURFACE_STYLE_USAGE(.BOTH.,#11075);
#10941=SURFACE_STYLE_USAGE(.BOTH.,#11076);
#10942=SURFACE_SIDE_STYLE('',(#11077));
#10943=SURFACE_SIDE_STYLE('',(#11078));
#10944=SURFACE_SIDE_STYLE('',(#11079));
#10945=SURFACE_SIDE_STYLE('',(#11080));
#10946=SURFACE_SIDE_STYLE('',(#11081));
#10947=SURFACE_SIDE_STYLE('',(#11082));
#10948=SURFACE_SIDE_STYLE('',(#11083));
#10949=SURFACE_SIDE_STYLE('',(#11084));
#10950=SURFACE_SIDE_STYLE('',(#11085));
#10951=SURFACE_SIDE_STYLE('',(#11086));
#10952=SURFACE_SIDE_STYLE('',(#11087));
#10953=SURFACE_SIDE_STYLE('',(#11088));
#10954=SURFACE_SIDE_STYLE('',(#11089));
#10955=SURFACE_SIDE_STYLE('',(#11090));
#10956=SURFACE_SIDE_STYLE('',(#11091));
#10957=SURFACE_SIDE_STYLE('',(#11092));
#10958=SURFACE_SIDE_STYLE('',(#11093));
#10959=SURFACE_SIDE_STYLE('',(#11094));
#10960=SURFACE_SIDE_STYLE('',(#11095));
#10961=SURFACE_SIDE_STYLE('',(#11096));
#10962=SURFACE_SIDE_STYLE('',(#11097));
#10963=SURFACE_SIDE_STYLE('',(#11098));
#10964=SURFACE_SIDE_STYLE('',(#11099));
#10965=SURFACE_SIDE_STYLE('',(#11100));
#10966=SURFACE_SIDE_STYLE('',(#11101));
#10967=SURFACE_SIDE_STYLE('',(#11102));
#10968=SURFACE_SIDE_STYLE('',(#11103));
#10969=SURFACE_SIDE_STYLE('',(#11104));
#10970=SURFACE_SIDE_STYLE('',(#11105));
#10971=SURFACE_SIDE_STYLE('',(#11106));
#10972=SURFACE_SIDE_STYLE('',(#11107));
#10973=SURFACE_SIDE_STYLE('',(#11108));
#10974=SURFACE_SIDE_STYLE('',(#11109));
#10975=SURFACE_SIDE_STYLE('',(#11110));
#10976=SURFACE_SIDE_STYLE('',(#11111));
#10977=SURFACE_SIDE_STYLE('',(#11112));
#10978=SURFACE_SIDE_STYLE('',(#11113));
#10979=SURFACE_SIDE_STYLE('',(#11114));
#10980=SURFACE_SIDE_STYLE('',(#11115));
#10981=SURFACE_SIDE_STYLE('',(#11116));
#10982=SURFACE_SIDE_STYLE('',(#11117));
#10983=SURFACE_SIDE_STYLE('',(#11118));
#10984=SURFACE_SIDE_STYLE('',(#11119));
#10985=SURFACE_SIDE_STYLE('',(#11120));
#10986=SURFACE_SIDE_STYLE('',(#11121));
#10987=SURFACE_SIDE_STYLE('',(#11122));
#10988=SURFACE_SIDE_STYLE('',(#11123));
#10989=SURFACE_SIDE_STYLE('',(#11124));
#10990=SURFACE_SIDE_STYLE('',(#11125));
#10991=SURFACE_SIDE_STYLE('',(#11126));
#10992=SURFACE_SIDE_STYLE('',(#11127));
#10993=SURFACE_SIDE_STYLE('',(#11128));
#10994=SURFACE_SIDE_STYLE('',(#11129));
#10995=SURFACE_SIDE_STYLE('',(#11130));
#10996=SURFACE_SIDE_STYLE('',(#11131));
#10997=SURFACE_SIDE_STYLE('',(#11132));
#10998=SURFACE_SIDE_STYLE('',(#11133));
#10999=SURFACE_SIDE_STYLE('',(#11134));
#11000=SURFACE_SIDE_STYLE('',(#11135));
#11001=SURFACE_SIDE_STYLE('',(#11136));
#11002=SURFACE_SIDE_STYLE('',(#11137));
#11003=SURFACE_SIDE_STYLE('',(#11138));
#11004=SURFACE_SIDE_STYLE('',(#11139));
#11005=SURFACE_SIDE_STYLE('',(#11140));
#11006=SURFACE_SIDE_STYLE('',(#11141));
#11007=SURFACE_SIDE_STYLE('',(#11142));
#11008=SURFACE_SIDE_STYLE('',(#11143));
#11009=SURFACE_SIDE_STYLE('',(#11144));
#11010=SURFACE_SIDE_STYLE('',(#11145));
#11011=SURFACE_SIDE_STYLE('',(#11146));
#11012=SURFACE_SIDE_STYLE('',(#11147));
#11013=SURFACE_SIDE_STYLE('',(#11148));
#11014=SURFACE_SIDE_STYLE('',(#11149));
#11015=SURFACE_SIDE_STYLE('',(#11150));
#11016=SURFACE_SIDE_STYLE('',(#11151));
#11017=SURFACE_SIDE_STYLE('',(#11152));
#11018=SURFACE_SIDE_STYLE('',(#11153));
#11019=SURFACE_SIDE_STYLE('',(#11154));
#11020=SURFACE_SIDE_STYLE('',(#11155));
#11021=SURFACE_SIDE_STYLE('',(#11156));
#11022=SURFACE_SIDE_STYLE('',(#11157));
#11023=SURFACE_SIDE_STYLE('',(#11158));
#11024=SURFACE_SIDE_STYLE('',(#11159));
#11025=SURFACE_SIDE_STYLE('',(#11160));
#11026=SURFACE_SIDE_STYLE('',(#11161));
#11027=SURFACE_SIDE_STYLE('',(#11162));
#11028=SURFACE_SIDE_STYLE('',(#11163));
#11029=SURFACE_SIDE_STYLE('',(#11164));
#11030=SURFACE_SIDE_STYLE('',(#11165));
#11031=SURFACE_SIDE_STYLE('',(#11166));
#11032=SURFACE_SIDE_STYLE('',(#11167));
#11033=SURFACE_SIDE_STYLE('',(#11168));
#11034=SURFACE_SIDE_STYLE('',(#11169));
#11035=SURFACE_SIDE_STYLE('',(#11170));
#11036=SURFACE_SIDE_STYLE('',(#11171));
#11037=SURFACE_SIDE_STYLE('',(#11172));
#11038=SURFACE_SIDE_STYLE('',(#11173));
#11039=SURFACE_SIDE_STYLE('',(#11174));
#11040=SURFACE_SIDE_STYLE('',(#11175));
#11041=SURFACE_SIDE_STYLE('',(#11176));
#11042=SURFACE_SIDE_STYLE('',(#11177));
#11043=SURFACE_SIDE_STYLE('',(#11178));
#11044=SURFACE_SIDE_STYLE('',(#11179));
#11045=SURFACE_SIDE_STYLE('',(#11180));
#11046=SURFACE_SIDE_STYLE('',(#11181));
#11047=SURFACE_SIDE_STYLE('',(#11182));
#11048=SURFACE_SIDE_STYLE('',(#11183));
#11049=SURFACE_SIDE_STYLE('',(#11184));
#11050=SURFACE_SIDE_STYLE('',(#11185));
#11051=SURFACE_SIDE_STYLE('',(#11186));
#11052=SURFACE_SIDE_STYLE('',(#11187));
#11053=SURFACE_SIDE_STYLE('',(#11188));
#11054=SURFACE_SIDE_STYLE('',(#11189));
#11055=SURFACE_SIDE_STYLE('',(#11190));
#11056=SURFACE_SIDE_STYLE('',(#11191));
#11057=SURFACE_SIDE_STYLE('',(#11192));
#11058=SURFACE_SIDE_STYLE('',(#11193));
#11059=SURFACE_SIDE_STYLE('',(#11194));
#11060=SURFACE_SIDE_STYLE('',(#11195));
#11061=SURFACE_SIDE_STYLE('',(#11196));
#11062=SURFACE_SIDE_STYLE('',(#11197));
#11063=SURFACE_SIDE_STYLE('',(#11198));
#11064=SURFACE_SIDE_STYLE('',(#11199));
#11065=SURFACE_SIDE_STYLE('',(#11200));
#11066=SURFACE_SIDE_STYLE('',(#11201));
#11067=SURFACE_SIDE_STYLE('',(#11202));
#11068=SURFACE_SIDE_STYLE('',(#11203));
#11069=SURFACE_SIDE_STYLE('',(#11204));
#11070=SURFACE_SIDE_STYLE('',(#11205));
#11071=SURFACE_SIDE_STYLE('',(#11206));
#11072=SURFACE_SIDE_STYLE('',(#11207));
#11073=SURFACE_SIDE_STYLE('',(#11208));
#11074=SURFACE_SIDE_STYLE('',(#11209));
#11075=SURFACE_SIDE_STYLE('',(#11210));
#11076=SURFACE_SIDE_STYLE('',(#11211));
#11077=SURFACE_STYLE_FILL_AREA(#11212);
#11078=SURFACE_STYLE_FILL_AREA(#11213);
#11079=SURFACE_STYLE_FILL_AREA(#11214);
#11080=SURFACE_STYLE_FILL_AREA(#11215);
#11081=SURFACE_STYLE_FILL_AREA(#11216);
#11082=SURFACE_STYLE_FILL_AREA(#11217);
#11083=SURFACE_STYLE_FILL_AREA(#11218);
#11084=SURFACE_STYLE_FILL_AREA(#11219);
#11085=SURFACE_STYLE_FILL_AREA(#11220);
#11086=SURFACE_STYLE_FILL_AREA(#11221);
#11087=SURFACE_STYLE_FILL_AREA(#11222);
#11088=SURFACE_STYLE_FILL_AREA(#11223);
#11089=SURFACE_STYLE_FILL_AREA(#11224);
#11090=SURFACE_STYLE_FILL_AREA(#11225);
#11091=SURFACE_STYLE_FILL_AREA(#11226);
#11092=SURFACE_STYLE_FILL_AREA(#11227);
#11093=SURFACE_STYLE_FILL_AREA(#11228);
#11094=SURFACE_STYLE_FILL_AREA(#11229);
#11095=SURFACE_STYLE_FILL_AREA(#11230);
#11096=SURFACE_STYLE_FILL_AREA(#11231);
#11097=SURFACE_STYLE_FILL_AREA(#11232);
#11098=SURFACE_STYLE_FILL_AREA(#11233);
#11099=SURFACE_STYLE_FILL_AREA(#11234);
#11100=SURFACE_STYLE_FILL_AREA(#11235);
#11101=SURFACE_STYLE_FILL_AREA(#11236);
#11102=SURFACE_STYLE_FILL_AREA(#11237);
#11103=SURFACE_STYLE_FILL_AREA(#11238);
#11104=SURFACE_STYLE_FILL_AREA(#11239);
#11105=SURFACE_STYLE_FILL_AREA(#11240);
#11106=SURFACE_STYLE_FILL_AREA(#11241);
#11107=SURFACE_STYLE_FILL_AREA(#11242);
#11108=SURFACE_STYLE_FILL_AREA(#11243);
#11109=SURFACE_STYLE_FILL_AREA(#11244);
#11110=SURFACE_STYLE_FILL_AREA(#11245);
#11111=SURFACE_STYLE_FILL_AREA(#11246);
#11112=SURFACE_STYLE_FILL_AREA(#11247);
#11113=SURFACE_STYLE_FILL_AREA(#11248);
#11114=SURFACE_STYLE_FILL_AREA(#11249);
#11115=SURFACE_STYLE_FILL_AREA(#11250);
#11116=SURFACE_STYLE_FILL_AREA(#11251);
#11117=SURFACE_STYLE_FILL_AREA(#11252);
#11118=SURFACE_STYLE_FILL_AREA(#11253);
#11119=SURFACE_STYLE_FILL_AREA(#11254);
#11120=SURFACE_STYLE_FILL_AREA(#11255);
#11121=SURFACE_STYLE_FILL_AREA(#11256);
#11122=SURFACE_STYLE_FILL_AREA(#11257);
#11123=SURFACE_STYLE_FILL_AREA(#11258);
#11124=SURFACE_STYLE_FILL_AREA(#11259);
#11125=SURFACE_STYLE_FILL_AREA(#11260);
#11126=SURFACE_STYLE_FILL_AREA(#11261);
#11127=SURFACE_STYLE_FILL_AREA(#11262);
#11128=SURFACE_STYLE_FILL_AREA(#11263);
#11129=SURFACE_STYLE_FILL_AREA(#11264);
#11130=SURFACE_STYLE_FILL_AREA(#11265);
#11131=SURFACE_STYLE_FILL_AREA(#11266);
#11132=SURFACE_STYLE_FILL_AREA(#11267);
#11133=SURFACE_STYLE_FILL_AREA(#11268);
#11134=SURFACE_STYLE_FILL_AREA(#11269);
#11135=SURFACE_STYLE_FILL_AREA(#11270);
#11136=SURFACE_STYLE_FILL_AREA(#11271);
#11137=SURFACE_STYLE_FILL_AREA(#11272);
#11138=SURFACE_STYLE_FILL_AREA(#11273);
#11139=SURFACE_STYLE_FILL_AREA(#11274);
#11140=SURFACE_STYLE_FILL_AREA(#11275);
#11141=SURFACE_STYLE_FILL_AREA(#11276);
#11142=SURFACE_STYLE_FILL_AREA(#11277);
#11143=SURFACE_STYLE_FILL_AREA(#11278);
#11144=SURFACE_STYLE_FILL_AREA(#11279);
#11145=SURFACE_STYLE_FILL_AREA(#11280);
#11146=SURFACE_STYLE_FILL_AREA(#11281);
#11147=SURFACE_STYLE_FILL_AREA(#11282);
#11148=SURFACE_STYLE_FILL_AREA(#11283);
#11149=SURFACE_STYLE_FILL_AREA(#11284);
#11150=SURFACE_STYLE_FILL_AREA(#11285);
#11151=SURFACE_STYLE_FILL_AREA(#11286);
#11152=SURFACE_STYLE_FILL_AREA(#11287);
#11153=SURFACE_STYLE_FILL_AREA(#11288);
#11154=SURFACE_STYLE_FILL_AREA(#11289);
#11155=SURFACE_STYLE_FILL_AREA(#11290);
#11156=SURFACE_STYLE_FILL_AREA(#11291);
#11157=SURFACE_STYLE_FILL_AREA(#11292);
#11158=SURFACE_STYLE_FILL_AREA(#11293);
#11159=SURFACE_STYLE_FILL_AREA(#11294);
#11160=SURFACE_STYLE_FILL_AREA(#11295);
#11161=SURFACE_STYLE_FILL_AREA(#11296);
#11162=SURFACE_STYLE_FILL_AREA(#11297);
#11163=SURFACE_STYLE_FILL_AREA(#11298);
#11164=SURFACE_STYLE_FILL_AREA(#11299);
#11165=SURFACE_STYLE_FILL_AREA(#11300);
#11166=SURFACE_STYLE_FILL_AREA(#11301);
#11167=SURFACE_STYLE_FILL_AREA(#11302);
#11168=SURFACE_STYLE_FILL_AREA(#11303);
#11169=SURFACE_STYLE_FILL_AREA(#11304);
#11170=SURFACE_STYLE_FILL_AREA(#11305);
#11171=SURFACE_STYLE_FILL_AREA(#11306);
#11172=SURFACE_STYLE_FILL_AREA(#11307);
#11173=SURFACE_STYLE_FILL_AREA(#11308);
#11174=SURFACE_STYLE_FILL_AREA(#11309);
#11175=SURFACE_STYLE_FILL_AREA(#11310);
#11176=SURFACE_STYLE_FILL_AREA(#11311);
#11177=SURFACE_STYLE_FILL_AREA(#11312);
#11178=SURFACE_STYLE_FILL_AREA(#11313);
#11179=SURFACE_STYLE_FILL_AREA(#11314);
#11180=SURFACE_STYLE_FILL_AREA(#11315);
#11181=SURFACE_STYLE_FILL_AREA(#11316);
#11182=SURFACE_STYLE_FILL_AREA(#11317);
#11183=SURFACE_STYLE_FILL_AREA(#11318);
#11184=SURFACE_STYLE_FILL_AREA(#11319);
#11185=SURFACE_STYLE_FILL_AREA(#11320);
#11186=SURFACE_STYLE_FILL_AREA(#11321);
#11187=SURFACE_STYLE_FILL_AREA(#11322);
#11188=SURFACE_STYLE_FILL_AREA(#11323);
#11189=SURFACE_STYLE_FILL_AREA(#11324);
#11190=SURFACE_STYLE_FILL_AREA(#11325);
#11191=SURFACE_STYLE_FILL_AREA(#11326);
#11192=SURFACE_STYLE_FILL_AREA(#11327);
#11193=SURFACE_STYLE_FILL_AREA(#11328);
#11194=SURFACE_STYLE_FILL_AREA(#11329);
#11195=SURFACE_STYLE_FILL_AREA(#11330);
#11196=SURFACE_STYLE_FILL_AREA(#11331);
#11197=SURFACE_STYLE_FILL_AREA(#11332);
#11198=SURFACE_STYLE_FILL_AREA(#11333);
#11199=SURFACE_STYLE_FILL_AREA(#11334);
#11200=SURFACE_STYLE_FILL_AREA(#11335);
#11201=SURFACE_STYLE_FILL_AREA(#11336);
#11202=SURFACE_STYLE_FILL_AREA(#11337);
#11203=SURFACE_STYLE_FILL_AREA(#11338);
#11204=SURFACE_STYLE_FILL_AREA(#11339);
#11205=SURFACE_STYLE_FILL_AREA(#11340);
#11206=SURFACE_STYLE_FILL_AREA(#11341);
#11207=SURFACE_STYLE_FILL_AREA(#11342);
#11208=SURFACE_STYLE_FILL_AREA(#11343);
#11209=SURFACE_STYLE_FILL_AREA(#11344);
#11210=SURFACE_STYLE_FILL_AREA(#11345);
#11211=SURFACE_STYLE_FILL_AREA(#11346);
#11212=FILL_AREA_STYLE('',(#11347));
#11213=FILL_AREA_STYLE('',(#11348));
#11214=FILL_AREA_STYLE('',(#11349));
#11215=FILL_AREA_STYLE('',(#11350));
#11216=FILL_AREA_STYLE('',(#11351));
#11217=FILL_AREA_STYLE('',(#11352));
#11218=FILL_AREA_STYLE('',(#11353));
#11219=FILL_AREA_STYLE('',(#11354));
#11220=FILL_AREA_STYLE('',(#11355));
#11221=FILL_AREA_STYLE('',(#11356));
#11222=FILL_AREA_STYLE('',(#11357));
#11223=FILL_AREA_STYLE('',(#11358));
#11224=FILL_AREA_STYLE('',(#11359));
#11225=FILL_AREA_STYLE('',(#11360));
#11226=FILL_AREA_STYLE('',(#11361));
#11227=FILL_AREA_STYLE('',(#11362));
#11228=FILL_AREA_STYLE('',(#11363));
#11229=FILL_AREA_STYLE('',(#11364));
#11230=FILL_AREA_STYLE('',(#11365));
#11231=FILL_AREA_STYLE('',(#11366));
#11232=FILL_AREA_STYLE('',(#11367));
#11233=FILL_AREA_STYLE('',(#11368));
#11234=FILL_AREA_STYLE('',(#11369));
#11235=FILL_AREA_STYLE('',(#11370));
#11236=FILL_AREA_STYLE('',(#11371));
#11237=FILL_AREA_STYLE('',(#11372));
#11238=FILL_AREA_STYLE('',(#11373));
#11239=FILL_AREA_STYLE('',(#11374));
#11240=FILL_AREA_STYLE('',(#11375));
#11241=FILL_AREA_STYLE('',(#11376));
#11242=FILL_AREA_STYLE('',(#11377));
#11243=FILL_AREA_STYLE('',(#11378));
#11244=FILL_AREA_STYLE('',(#11379));
#11245=FILL_AREA_STYLE('',(#11380));
#11246=FILL_AREA_STYLE('',(#11381));
#11247=FILL_AREA_STYLE('',(#11382));
#11248=FILL_AREA_STYLE('',(#11383));
#11249=FILL_AREA_STYLE('',(#11384));
#11250=FILL_AREA_STYLE('',(#11385));
#11251=FILL_AREA_STYLE('',(#11386));
#11252=FILL_AREA_STYLE('',(#11387));
#11253=FILL_AREA_STYLE('',(#11388));
#11254=FILL_AREA_STYLE('',(#11389));
#11255=FILL_AREA_STYLE('',(#11390));
#11256=FILL_AREA_STYLE('',(#11391));
#11257=FILL_AREA_STYLE('',(#11392));
#11258=FILL_AREA_STYLE('',(#11393));
#11259=FILL_AREA_STYLE('',(#11394));
#11260=FILL_AREA_STYLE('',(#11395));
#11261=FILL_AREA_STYLE('',(#11396));
#11262=FILL_AREA_STYLE('',(#11397));
#11263=FILL_AREA_STYLE('',(#11398));
#11264=FILL_AREA_STYLE('',(#11399));
#11265=FILL_AREA_STYLE('',(#11400));
#11266=FILL_AREA_STYLE('',(#11401));
#11267=FILL_AREA_STYLE('',(#11402));
#11268=FILL_AREA_STYLE('',(#11403));
#11269=FILL_AREA_STYLE('',(#11404));
#11270=FILL_AREA_STYLE('',(#11405));
#11271=FILL_AREA_STYLE('',(#11406));
#11272=FILL_AREA_STYLE('',(#11407));
#11273=FILL_AREA_STYLE('',(#11408));
#11274=FILL_AREA_STYLE('',(#11409));
#11275=FILL_AREA_STYLE('',(#11410));
#11276=FILL_AREA_STYLE('',(#11411));
#11277=FILL_AREA_STYLE('',(#11412));
#11278=FILL_AREA_STYLE('',(#11413));
#11279=FILL_AREA_STYLE('',(#11414));
#11280=FILL_AREA_STYLE('',(#11415));
#11281=FILL_AREA_STYLE('',(#11416));
#11282=FILL_AREA_STYLE('',(#11417));
#11283=FILL_AREA_STYLE('',(#11418));
#11284=FILL_AREA_STYLE('',(#11419));
#11285=FILL_AREA_STYLE('',(#11420));
#11286=FILL_AREA_STYLE('',(#11421));
#11287=FILL_AREA_STYLE('',(#11422));
#11288=FILL_AREA_STYLE('',(#11423));
#11289=FILL_AREA_STYLE('',(#11424));
#11290=FILL_AREA_STYLE('',(#11425));
#11291=FILL_AREA_STYLE('',(#11426));
#11292=FILL_AREA_STYLE('',(#11427));
#11293=FILL_AREA_STYLE('',(#11428));
#11294=FILL_AREA_STYLE('',(#11429));
#11295=FILL_AREA_STYLE('',(#11430));
#11296=FILL_AREA_STYLE('',(#11431));
#11297=FILL_AREA_STYLE('',(#11432));
#11298=FILL_AREA_STYLE('',(#11433));
#11299=FILL_AREA_STYLE('',(#11434));
#11300=FILL_AREA_STYLE('',(#11435));
#11301=FILL_AREA_STYLE('',(#11436));
#11302=FILL_AREA_STYLE('',(#11437));
#11303=FILL_AREA_STYLE('',(#11438));
#11304=FILL_AREA_STYLE('',(#11439));
#11305=FILL_AREA_STYLE('',(#11440));
#11306=FILL_AREA_STYLE('',(#11441));
#11307=FILL_AREA_STYLE('',(#11442));
#11308=FILL_AREA_STYLE('',(#11443));
#11309=FILL_AREA_STYLE('',(#11444));
#11310=FILL_AREA_STYLE('',(#11445));
#11311=FILL_AREA_STYLE('',(#11446));
#11312=FILL_AREA_STYLE('',(#11447));
#11313=FILL_AREA_STYLE('',(#11448));
#11314=FILL_AREA_STYLE('',(#11449));
#11315=FILL_AREA_STYLE('',(#11450));
#11316=FILL_AREA_STYLE('',(#11451));
#11317=FILL_AREA_STYLE('',(#11452));
#11318=FILL_AREA_STYLE('',(#11453));
#11319=FILL_AREA_STYLE('',(#11454));
#11320=FILL_AREA_STYLE('',(#11455));
#11321=FILL_AREA_STYLE('',(#11456));
#11322=FILL_AREA_STYLE('',(#11457));
#11323=FILL_AREA_STYLE('',(#11458));
#11324=FILL_AREA_STYLE('',(#11459));
#11325=FILL_AREA_STYLE('',(#11460));
#11326=FILL_AREA_STYLE('',(#11461));
#11327=FILL_AREA_STYLE('',(#11462));
#11328=FILL_AREA_STYLE('',(#11463));
#11329=FILL_AREA_STYLE('',(#11464));
#11330=FILL_AREA_STYLE('',(#11465));
#11331=FILL_AREA_STYLE('',(#11466));
#11332=FILL_AREA_STYLE('',(#11467));
#11333=FILL_AREA_STYLE('',(#11468));
#11334=FILL_AREA_STYLE('',(#11469));
#11335=FILL_AREA_STYLE('',(#11470));
#11336=FILL_AREA_STYLE('',(#11471));
#11337=FILL_AREA_STYLE('',(#11472));
#11338=FILL_AREA_STYLE('',(#11473));
#11339=FILL_AREA_STYLE('',(#11474));
#11340=FILL_AREA_STYLE('',(#11475));
#11341=FILL_AREA_STYLE('',(#11476));
#11342=FILL_AREA_STYLE('',(#11477));
#11343=FILL_AREA_STYLE('',(#11478));
#11344=FILL_AREA_STYLE('',(#11479));
#11345=FILL_AREA_STYLE('',(#11480));
#11346=FILL_AREA_STYLE('',(#11481));
#11347=FILL_AREA_STYLE_COLOUR('',#11482);
#11348=FILL_AREA_STYLE_COLOUR('',#11482);
#11349=FILL_AREA_STYLE_COLOUR('',#11483);
#11350=FILL_AREA_STYLE_COLOUR('',#11483);
#11351=FILL_AREA_STYLE_COLOUR('',#11483);
#11352=FILL_AREA_STYLE_COLOUR('',#11483);
#11353=FILL_AREA_STYLE_COLOUR('',#11484);
#11354=FILL_AREA_STYLE_COLOUR('',#11483);
#11355=FILL_AREA_STYLE_COLOUR('',#11483);
#11356=FILL_AREA_STYLE_COLOUR('',#11483);
#11357=FILL_AREA_STYLE_COLOUR('',#11483);
#11358=FILL_AREA_STYLE_COLOUR('',#11483);
#11359=FILL_AREA_STYLE_COLOUR('',#11483);
#11360=FILL_AREA_STYLE_COLOUR('',#11483);
#11361=FILL_AREA_STYLE_COLOUR('',#11483);
#11362=FILL_AREA_STYLE_COLOUR('',#11484);
#11363=FILL_AREA_STYLE_COLOUR('',#11483);
#11364=FILL_AREA_STYLE_COLOUR('',#11483);
#11365=FILL_AREA_STYLE_COLOUR('',#11483);
#11366=FILL_AREA_STYLE_COLOUR('',#11483);
#11367=FILL_AREA_STYLE_COLOUR('',#11483);
#11368=FILL_AREA_STYLE_COLOUR('',#11483);
#11369=FILL_AREA_STYLE_COLOUR('',#11483);
#11370=FILL_AREA_STYLE_COLOUR('',#11483);
#11371=FILL_AREA_STYLE_COLOUR('',#11483);
#11372=FILL_AREA_STYLE_COLOUR('',#11483);
#11373=FILL_AREA_STYLE_COLOUR('',#11483);
#11374=FILL_AREA_STYLE_COLOUR('',#11483);
#11375=FILL_AREA_STYLE_COLOUR('',#11483);
#11376=FILL_AREA_STYLE_COLOUR('',#11483);
#11377=FILL_AREA_STYLE_COLOUR('',#11483);
#11378=FILL_AREA_STYLE_COLOUR('',#11483);
#11379=FILL_AREA_STYLE_COLOUR('',#11483);
#11380=FILL_AREA_STYLE_COLOUR('',#11483);
#11381=FILL_AREA_STYLE_COLOUR('',#11483);
#11382=FILL_AREA_STYLE_COLOUR('',#11483);
#11383=FILL_AREA_STYLE_COLOUR('',#11483);
#11384=FILL_AREA_STYLE_COLOUR('',#11483);
#11385=FILL_AREA_STYLE_COLOUR('',#11483);
#11386=FILL_AREA_STYLE_COLOUR('',#11483);
#11387=FILL_AREA_STYLE_COLOUR('',#11483);
#11388=FILL_AREA_STYLE_COLOUR('',#11483);
#11389=FILL_AREA_STYLE_COLOUR('',#11483);
#11390=FILL_AREA_STYLE_COLOUR('',#11483);
#11391=FILL_AREA_STYLE_COLOUR('',#11483);
#11392=FILL_AREA_STYLE_COLOUR('',#11483);
#11393=FILL_AREA_STYLE_COLOUR('',#11483);
#11394=FILL_AREA_STYLE_COLOUR('',#11483);
#11395=FILL_AREA_STYLE_COLOUR('',#11483);
#11396=FILL_AREA_STYLE_COLOUR('',#11483);
#11397=FILL_AREA_STYLE_COLOUR('',#11483);
#11398=FILL_AREA_STYLE_COLOUR('',#11483);
#11399=FILL_AREA_STYLE_COLOUR('',#11483);
#11400=FILL_AREA_STYLE_COLOUR('',#11483);
#11401=FILL_AREA_STYLE_COLOUR('',#11483);
#11402=FILL_AREA_STYLE_COLOUR('',#11483);
#11403=FILL_AREA_STYLE_COLOUR('',#11483);
#11404=FILL_AREA_STYLE_COLOUR('',#11483);
#11405=FILL_AREA_STYLE_COLOUR('',#11483);
#11406=FILL_AREA_STYLE_COLOUR('',#11483);
#11407=FILL_AREA_STYLE_COLOUR('',#11483);
#11408=FILL_AREA_STYLE_COLOUR('',#11483);
#11409=FILL_AREA_STYLE_COLOUR('',#11483);
#11410=FILL_AREA_STYLE_COLOUR('',#11483);
#11411=FILL_AREA_STYLE_COLOUR('',#11483);
#11412=FILL_AREA_STYLE_COLOUR('',#11483);
#11413=FILL_AREA_STYLE_COLOUR('',#11483);
#11414=FILL_AREA_STYLE_COLOUR('',#11483);
#11415=FILL_AREA_STYLE_COLOUR('',#11483);
#11416=FILL_AREA_STYLE_COLOUR('',#11483);
#11417=FILL_AREA_STYLE_COLOUR('',#11483);
#11418=FILL_AREA_STYLE_COLOUR('',#11483);
#11419=FILL_AREA_STYLE_COLOUR('',#11483);
#11420=FILL_AREA_STYLE_COLOUR('',#11483);
#11421=FILL_AREA_STYLE_COLOUR('',#11484);
#11422=FILL_AREA_STYLE_COLOUR('',#11484);
#11423=FILL_AREA_STYLE_COLOUR('',#11483);
#11424=FILL_AREA_STYLE_COLOUR('',#11483);
#11425=FILL_AREA_STYLE_COLOUR('',#11483);
#11426=FILL_AREA_STYLE_COLOUR('',#11484);
#11427=FILL_AREA_STYLE_COLOUR('',#11484);
#11428=FILL_AREA_STYLE_COLOUR('',#11484);
#11429=FILL_AREA_STYLE_COLOUR('',#11484);
#11430=FILL_AREA_STYLE_COLOUR('',#11484);
#11431=FILL_AREA_STYLE_COLOUR('',#11484);
#11432=FILL_AREA_STYLE_COLOUR('',#11484);
#11433=FILL_AREA_STYLE_COLOUR('',#11484);
#11434=FILL_AREA_STYLE_COLOUR('',#11484);
#11435=FILL_AREA_STYLE_COLOUR('',#11484);
#11436=FILL_AREA_STYLE_COLOUR('',#11483);
#11437=FILL_AREA_STYLE_COLOUR('',#11483);
#11438=FILL_AREA_STYLE_COLOUR('',#11483);
#11439=FILL_AREA_STYLE_COLOUR('',#11483);
#11440=FILL_AREA_STYLE_COLOUR('',#11483);
#11441=FILL_AREA_STYLE_COLOUR('',#11483);
#11442=FILL_AREA_STYLE_COLOUR('',#11483);
#11443=FILL_AREA_STYLE_COLOUR('',#11483);
#11444=FILL_AREA_STYLE_COLOUR('',#11483);
#11445=FILL_AREA_STYLE_COLOUR('',#11483);
#11446=FILL_AREA_STYLE_COLOUR('',#11483);
#11447=FILL_AREA_STYLE_COLOUR('',#11483);
#11448=FILL_AREA_STYLE_COLOUR('',#11483);
#11449=FILL_AREA_STYLE_COLOUR('',#11483);
#11450=FILL_AREA_STYLE_COLOUR('',#11483);
#11451=FILL_AREA_STYLE_COLOUR('',#11483);
#11452=FILL_AREA_STYLE_COLOUR('',#11483);
#11453=FILL_AREA_STYLE_COLOUR('',#11483);
#11454=FILL_AREA_STYLE_COLOUR('',#11482);
#11455=FILL_AREA_STYLE_COLOUR('',#11482);
#11456=FILL_AREA_STYLE_COLOUR('',#11482);
#11457=FILL_AREA_STYLE_COLOUR('',#11482);
#11458=FILL_AREA_STYLE_COLOUR('',#11485);
#11459=FILL_AREA_STYLE_COLOUR('',#11486);
#11460=FILL_AREA_STYLE_COLOUR('',#10);
#11461=FILL_AREA_STYLE_COLOUR('',#10);
#11462=FILL_AREA_STYLE_COLOUR('',#10);
#11463=FILL_AREA_STYLE_COLOUR('',#11486);
#11464=FILL_AREA_STYLE_COLOUR('',#11486);
#11465=FILL_AREA_STYLE_COLOUR('',#11486);
#11466=FILL_AREA_STYLE_COLOUR('',#11487);
#11467=FILL_AREA_STYLE_COLOUR('',#11487);
#11468=FILL_AREA_STYLE_COLOUR('',#11487);
#11469=FILL_AREA_STYLE_COLOUR('',#11487);
#11470=FILL_AREA_STYLE_COLOUR('',#11487);
#11471=FILL_AREA_STYLE_COLOUR('',#11487);
#11472=FILL_AREA_STYLE_COLOUR('',#11488);
#11473=FILL_AREA_STYLE_COLOUR('',#11488);
#11474=FILL_AREA_STYLE_COLOUR('',#11488);
#11475=FILL_AREA_STYLE_COLOUR('',#11488);
#11476=FILL_AREA_STYLE_COLOUR('',#11488);
#11477=FILL_AREA_STYLE_COLOUR('',#11488);
#11478=FILL_AREA_STYLE_COLOUR('',#11486);
#11479=FILL_AREA_STYLE_COLOUR('',#11486);
#11480=FILL_AREA_STYLE_COLOUR('',#11486);
#11481=FILL_AREA_STYLE_COLOUR('',#11486);
#11482=COLOUR_RGB('',0.79607802629471,0.82352900505066,0.93725502490997);
#11483=COLOUR_RGB('',0.0156862996518612,0.203922003507614,0.458824008703232);
#11484=COLOUR_RGB('',0.70980399847031,0.78039199113846,0.82745099067688);
#11485=COLOUR_RGB('',0.0117646995931864,0.203922003507614,0.458824008703232);
#11486=COLOUR_RGB('',0.689999997615814,0.689999997615814,0.689999997615814);
#11487=COLOUR_RGB('',0.75294101238251,0.75294101238251,0.);
#11488=COLOUR_RGB('',0.098039202392101,0.098039202392101,0.098039202392101);
#11489=ADVANCED_FACE('',(#9475,#9476),#10347,.T.);
#11490=ADVANCED_FACE('',(#9477),#142,.F.);
#11491=ADVANCED_FACE('',(#9478),#96,.T.);
#11492=ADVANCED_FACE('',(#9479),#97,.T.);
#11493=ADVANCED_FACE('',(#9480),#98,.T.);
#11494=ADVANCED_FACE('',(#9481),#99,.T.);
#11495=ADVANCED_FACE('',(#9482),#100,.T.);
#11496=ADVANCED_FACE('',(#9483),#10348,.T.);
#11497=ADVANCED_FACE('',(#9484),#10349,.T.);
#11498=ADVANCED_FACE('',(#9485),#10350,.T.);
#11499=ADVANCED_FACE('',(#9486),#10351,.T.);
#11500=ADVANCED_FACE('',(#9487),#10352,.T.);
#11501=ADVANCED_FACE('',(#9488),#101,.T.);
#11502=ADVANCED_FACE('',(#9489),#102,.T.);
#11503=ADVANCED_FACE('',(#9490),#103,.T.);
#11504=ADVANCED_FACE('',(#9491),#104,.T.);
#11505=ADVANCED_FACE('',(#9492),#105,.T.);
#11506=ADVANCED_FACE('',(#9493,#9494),#106,.T.);
#11507=ADVANCED_FACE('',(#9495),#107,.T.);
#11508=ADVANCED_FACE('',(#9496),#43,.F.);
#11509=ADVANCED_FACE('',(#9497),#44,.F.);
#11510=ADVANCED_FACE('',(#9498),#10353,.T.);
#11511=ADVANCED_FACE('',(#9499),#143,.F.);
#11512=ADVANCED_FACE('',(#9500),#10354,.T.);
#11513=ADVANCED_FACE('',(#9501,#9502),#144,.T.);
#11514=ADVANCED_FACE('',(#9503),#145,.F.);
#11515=ADVANCED_FACE('',(#9504),#45,.F.);
#11516=ADVANCED_FACE('',(#9505),#10355,.T.);
#11517=ADVANCED_FACE('',(#9506,#9507,#9508),#146,.T.);
#11518=ADVANCED_FACE('',(#9509,#9510,#9511),#147,.T.);
#11519=ADVANCED_FACE('',(#9512),#10356,.T.);
#11520=ADVANCED_FACE('',(#9513),#148,.F.);
#11521=ADVANCED_FACE('',(#9514),#10357,.T.);
#11522=ADVANCED_FACE('',(#9515),#149,.F.);
#11523=ADVANCED_FACE('',(#9516),#10358,.T.);
#11524=ADVANCED_FACE('',(#9517),#150,.F.);
#11525=ADVANCED_FACE('',(#9518),#10359,.T.);
#11526=ADVANCED_FACE('',(#9519,#9520),#10360,.F.);
#11527=ADVANCED_FACE('',(#9521,#9522),#10361,.F.);
#11528=ADVANCED_FACE('',(#9523,#9524),#10362,.F.);
#11529=ADVANCED_FACE('',(#9525,#9526),#10363,.F.);
#11530=ADVANCED_FACE('',(#9527),#151,.F.);
#11531=ADVANCED_FACE('',(#9528,#9529,#9530,#9531,#9532,#9533),#152,.F.);
#11532=ADVANCED_FACE('',(#9534,#9535),#153,.F.);
#11533=ADVANCED_FACE('',(#9536,#9537),#46,.T.);
#11534=ADVANCED_FACE('',(#9538,#9539),#108,.T.);
#11535=ADVANCED_FACE('',(#9540),#10364,.T.);
#11536=ADVANCED_FACE('',(#9541),#10365,.T.);
#11537=ADVANCED_FACE('',(#9542),#154,.F.);
#11538=ADVANCED_FACE('',(#9543),#155,.F.);
#11539=ADVANCED_FACE('',(#9544),#156,.F.);
#11540=ADVANCED_FACE('',(#9545),#157,.F.);
#11541=ADVANCED_FACE('',(#9546),#158,.F.);
#11542=ADVANCED_FACE('',(#9547),#10366,.F.);
#11543=ADVANCED_FACE('',(#9548),#159,.F.);
#11544=ADVANCED_FACE('',(#9549),#10367,.F.);
#11545=ADVANCED_FACE('',(#9550),#10368,.F.);
#11546=ADVANCED_FACE('',(#9551),#10369,.F.);
#11547=ADVANCED_FACE('',(#9552),#160,.F.);
#11548=ADVANCED_FACE('',(#9553,#9554),#10370,.T.);
#11549=ADVANCED_FACE('',(#9555,#9556),#47,.F.);
#11550=ADVANCED_FACE('',(#9557),#10371,.T.);
#11551=ADVANCED_FACE('',(#9558),#161,.F.);
#11552=ADVANCED_FACE('',(#9559),#10372,.T.);
#11553=ADVANCED_FACE('',(#9560),#162,.F.);
#11554=ADVANCED_FACE('',(#9561),#10373,.T.);
#11555=ADVANCED_FACE('',(#9562),#163,.F.);
#11556=ADVANCED_FACE('',(#9563),#10374,.T.);
#11557=ADVANCED_FACE('',(#9564),#164,.F.);
#11558=ADVANCED_FACE('',(#9565,#9566,#9567,#9568,#9569,#9570),#165,.T.);
#11559=ADVANCED_FACE('',(#9571,#9572),#166,.F.);
#11560=ADVANCED_FACE('',(#9573,#9574),#10375,.F.);
#11561=ADVANCED_FACE('',(#9575,#9576),#167,.T.);
#11562=ADVANCED_FACE('',(#9577,#9578),#10376,.T.);
#11563=ADVANCED_FACE('',(#9579,#9580),#10377,.T.);
#11564=ADVANCED_FACE('',(#9581,#9582),#168,.F.);
#11565=ADVANCED_FACE('',(#9583),#109,.T.);
#11566=ADVANCED_FACE('',(#9584),#10378,.T.);
#11567=ADVANCED_FACE('',(#9585),#110,.T.);
#11568=ADVANCED_FACE('',(#9586,#9587),#169,.F.);
#11569=ADVANCED_FACE('',(#9588,#9589),#48,.F.);
#11570=ADVANCED_FACE('',(#9590,#9591),#111,.T.);
#11571=ADVANCED_FACE('',(#9592),#170,.F.);
#11572=ADVANCED_FACE('',(#9593),#171,.F.);
#11573=ADVANCED_FACE('',(#9594),#172,.F.);
#11574=ADVANCED_FACE('',(#9595),#173,.F.);
#11575=ADVANCED_FACE('',(#9596),#174,.F.);
#11576=ADVANCED_FACE('',(#9597),#175,.F.);
#11577=ADVANCED_FACE('',(#9598),#176,.F.);
#11578=ADVANCED_FACE('',(#9599,#9600),#177,.F.);
#11579=ADVANCED_FACE('',(#9601,#9602),#10379,.T.);
#11580=ADVANCED_FACE('',(#9603,#9604),#10380,.T.);
#11581=ADVANCED_FACE('',(#9605,#9606),#178,.T.);
#11582=ADVANCED_FACE('',(#9607),#179,.T.);
#11583=ADVANCED_FACE('',(#9608,#9609),#10381,.T.);
#11584=ADVANCED_FACE('',(#9610,#9611),#10382,.T.);
#11585=ADVANCED_FACE('',(#9612,#9613),#180,.T.);
#11586=ADVANCED_FACE('',(#9614,#9615),#10383,.T.);
#11587=ADVANCED_FACE('',(#9616,#9617),#181,.T.);
#11588=ADVANCED_FACE('',(#9618,#9619),#10384,.T.);
#11589=ADVANCED_FACE('',(#9620,#9621),#182,.T.);
#11590=ADVANCED_FACE('',(#9622),#183,.T.);
#11591=ADVANCED_FACE('',(#9623,#9624),#10385,.T.);
#11592=ADVANCED_FACE('',(#9625),#184,.T.);
#11593=ADVANCED_FACE('',(#9626,#9627),#10386,.T.);
#11594=ADVANCED_FACE('',(#9628),#185,.T.);
#11595=ADVANCED_FACE('',(#9629,#9630),#10387,.T.);
#11596=ADVANCED_FACE('',(#9631),#10388,.F.);
#11597=ADVANCED_FACE('',(#9632),#186,.T.);
#11598=ADVANCED_FACE('',(#9633),#187,.T.);
#11599=ADVANCED_FACE('',(#9634),#188,.T.);
#11600=ADVANCED_FACE('',(#9635,#9636),#10389,.F.);
#11601=ADVANCED_FACE('',(#9637,#9638,#9639,#9640,#9641,#9642),#189,.T.);
#11602=ADVANCED_FACE('',(#9643,#9644),#49,.T.);
#11603=ADVANCED_FACE('',(#9645,#9646),#10390,.T.);
#11604=ADVANCED_FACE('',(#9647,#9648),#50,.F.);
#11605=ADVANCED_FACE('',(#9649,#9650,#9651,#9652,#9653,#9654),#190,.T.);
#11606=ADVANCED_FACE('',(#9655,#9656),#10391,.T.);
#11607=ADVANCED_FACE('',(#9657,#9658,#9659,#9660,#9661,#9662),#191,.T.);
#11608=ADVANCED_FACE('',(#9663,#9664),#10392,.F.);
#11609=ADVANCED_FACE('',(#9665,#9666),#192,.T.);
#11610=ADVANCED_FACE('',(#9667,#9668),#10393,.F.);
#11611=ADVANCED_FACE('',(#9669,#9670,#9671,#9672,#9673,#9674),#193,.T.);
#11612=ADVANCED_FACE('',(#9675,#9676),#10394,.F.);
#11613=ADVANCED_FACE('',(#9677,#9678),#10395,.F.);
#11614=ADVANCED_FACE('',(#9679,#9680),#10396,.F.);
#11615=ADVANCED_FACE('',(#9681,#9682),#10397,.F.);
#11616=ADVANCED_FACE('',(#9683,#9684),#10398,.F.);
#11617=ADVANCED_FACE('',(#9685,#9686),#10399,.F.);
#11618=ADVANCED_FACE('',(#9687,#9688),#10400,.F.);
#11619=ADVANCED_FACE('',(#9689,#9690),#10401,.F.);
#11620=ADVANCED_FACE('',(#9691),#194,.T.);
#11621=ADVANCED_FACE('',(#9692),#195,.T.);
#11622=ADVANCED_FACE('',(#9693),#196,.F.);
#11623=ADVANCED_FACE('',(#9694),#197,.F.);
#11624=ADVANCED_FACE('',(#9695),#198,.F.);
#11625=ADVANCED_FACE('',(#9696),#199,.F.);
#11626=ADVANCED_FACE('',(#9697),#200,.F.);
#11627=ADVANCED_FACE('',(#9698),#201,.F.);
#11628=ADVANCED_FACE('',(#9699),#202,.F.);
#11629=ADVANCED_FACE('',(#9700),#203,.T.);
#11630=ADVANCED_FACE('',(#9701),#204,.T.);
#11631=ADVANCED_FACE('',(#9702),#205,.T.);
#11632=ADVANCED_FACE('',(#9703,#9704),#10402,.T.);
#11633=ADVANCED_FACE('',(#9705),#112,.T.);
#11634=ADVANCED_FACE('',(#9706),#206,.F.);
#11635=ADVANCED_FACE('',(#9707),#10403,.T.);
#11636=ADVANCED_FACE('',(#9708),#10404,.T.);
#11637=ADVANCED_FACE('',(#9709),#51,.F.);
#11638=ADVANCED_FACE('',(#9710),#52,.F.);
#11639=ADVANCED_FACE('',(#9711),#53,.F.);
#11640=ADVANCED_FACE('',(#9712),#54,.F.);
#11641=ADVANCED_FACE('',(#9713),#113,.F.);
#11642=ADVANCED_FACE('',(#9714),#55,.T.);
#11643=ADVANCED_FACE('',(#9715),#10405,.T.);
#11644=ADVANCED_FACE('',(#9716),#10406,.T.);
#11645=ADVANCED_FACE('',(#9717),#56,.F.);
#11646=ADVANCED_FACE('',(#9718),#57,.F.);
#11647=ADVANCED_FACE('',(#9719),#58,.F.);
#11648=ADVANCED_FACE('',(#9720),#59,.F.);
#11649=ADVANCED_FACE('',(#9721),#114,.F.);
#11650=ADVANCED_FACE('',(#9722),#60,.T.);
#11651=ADVANCED_FACE('',(#9723),#61,.T.);
#11652=ADVANCED_FACE('',(#9724),#62,.T.);
#11653=ADVANCED_FACE('',(#9725),#63,.T.);
#11654=ADVANCED_FACE('',(#9726),#64,.T.);
#11655=ADVANCED_FACE('',(#9727),#65,.T.);
#11656=ADVANCED_FACE('',(#9728),#66,.T.);
#11657=ADVANCED_FACE('',(#9729),#10407,.T.);
#11658=ADVANCED_FACE('',(#9730),#10408,.T.);
#11659=ADVANCED_FACE('',(#9731),#10409,.T.);
#11660=ADVANCED_FACE('',(#9732),#10410,.T.);
#11661=ADVANCED_FACE('',(#9733),#67,.F.);
#11662=ADVANCED_FACE('',(#9734),#68,.F.);
#11663=ADVANCED_FACE('',(#9735),#69,.F.);
#11664=ADVANCED_FACE('',(#9736),#70,.F.);
#11665=ADVANCED_FACE('',(#9737),#71,.F.);
#11666=ADVANCED_FACE('',(#9738),#72,.F.);
#11667=ADVANCED_FACE('',(#9739),#73,.F.);
#11668=ADVANCED_FACE('',(#9740),#74,.F.);
#11669=ADVANCED_FACE('',(#9741),#115,.F.);
#11670=ADVANCED_FACE('',(#9742),#116,.F.);
#11671=ADVANCED_FACE('',(#9743),#117,.F.);
#11672=ADVANCED_FACE('',(#9744),#118,.F.);
#11673=ADVANCED_FACE('',(#9745),#75,.F.);
#11674=ADVANCED_FACE('',(#9746),#76,.F.);
#11675=ADVANCED_FACE('',(#9747),#77,.F.);
#11676=ADVANCED_FACE('',(#9748),#78,.F.);
#11677=ADVANCED_FACE('',(#9749),#79,.F.);
#11678=ADVANCED_FACE('',(#9750),#80,.F.);
#11679=ADVANCED_FACE('',(#9751),#119,.T.);
#11680=ADVANCED_FACE('',(#9752),#120,.T.);
#11681=ADVANCED_FACE('',(#9753,#9754),#81,.T.);
#11682=ADVANCED_FACE('',(#9755,#9756),#207,.F.);
#11683=ADVANCED_FACE('',(#9757,#9758,#9759,#9760,#9761,#9762),#121,.T.);
#11684=ADVANCED_FACE('',(#9763,#9764,#9765,#9766),#10411,.T.);
#11685=ADVANCED_FACE('',(#9767),#208,.T.);
#11686=ADVANCED_FACE('',(#9768),#209,.F.);
#11687=ADVANCED_FACE('',(#9769,#9770),#210,.F.);
#11688=ADVANCED_FACE('',(#9771,#9772),#10412,.T.);
#11689=ADVANCED_FACE('',(#9773),#211,.F.);
#11690=ADVANCED_FACE('',(#9774),#82,.T.);
#11691=ADVANCED_FACE('',(#9775),#83,.F.);
#11692=ADVANCED_FACE('',(#9776),#84,.F.);
#11693=ADVANCED_FACE('',(#9777),#85,.T.);
#11694=ADVANCED_FACE('',(#9778),#86,.T.);
#11695=ADVANCED_FACE('',(#9779),#10413,.T.);
#11696=ADVANCED_FACE('',(#9780),#10414,.T.);
#11697=ADVANCED_FACE('',(#9781),#212,.F.);
#11698=ADVANCED_FACE('',(#9782),#213,.F.);
#11699=ADVANCED_FACE('',(#9783),#87,.T.);
#11700=ADVANCED_FACE('',(#9784),#88,.T.);
#11701=ADVANCED_FACE('',(#9785),#122,.T.);
#11702=ADVANCED_FACE('',(#9786),#123,.T.);
#11703=ADVANCED_FACE('',(#9787),#124,.T.);
#11704=ADVANCED_FACE('',(#9788),#125,.T.);
#11705=ADVANCED_FACE('',(#9789,#9790),#89,.F.);
#11706=ADVANCED_FACE('',(#9791),#126,.T.);
#11707=ADVANCED_FACE('',(#9792),#127,.T.);
#11708=ADVANCED_FACE('',(#9793),#214,.F.);
#11709=ADVANCED_FACE('',(#9794,#9795),#215,.F.);
#11710=ADVANCED_FACE('',(#9796,#9797,#9798,#9799,#9800,#9801),#216,.F.);
#11711=ADVANCED_FACE('',(#9802,#9803),#10415,.T.);
#11712=ADVANCED_FACE('',(#9804,#9805),#128,.T.);
#11713=ADVANCED_FACE('',(#9806,#9807),#217,.F.);
#11714=ADVANCED_FACE('',(#9808,#9809),#10416,.T.);
#11715=ADVANCED_FACE('',(#9810),#218,.F.);
#11716=ADVANCED_FACE('',(#9811,#9812),#10417,.T.);
#11717=ADVANCED_FACE('',(#9813),#219,.F.);
#11718=ADVANCED_FACE('',(#9814,#9815),#10418,.T.);
#11719=ADVANCED_FACE('',(#9816),#220,.F.);
#11720=ADVANCED_FACE('',(#9817,#9818),#10419,.T.);
#11721=ADVANCED_FACE('',(#9819),#221,.F.);
#11722=ADVANCED_FACE('',(#9820,#9821),#129,.T.);
#11723=ADVANCED_FACE('',(#9822,#9823),#90,.T.);
#11724=ADVANCED_FACE('',(#9824),#222,.F.);
#11725=ADVANCED_FACE('',(#9825,#9826),#223,.F.);
#11726=ADVANCED_FACE('',(#9827),#224,.T.);
#11727=ADVANCED_FACE('',(#9828),#10420,.F.);
#11728=ADVANCED_FACE('',(#9829),#225,.T.);
#11729=ADVANCED_FACE('',(#9830,#9831),#226,.F.);
#11730=ADVANCED_FACE('',(#9832),#227,.T.);
#11731=ADVANCED_FACE('',(#9833),#228,.T.);
#11732=ADVANCED_FACE('',(#9834),#10421,.F.);
#11733=ADVANCED_FACE('',(#9835,#9836),#229,.F.);
#11734=ADVANCED_FACE('',(#9837),#230,.T.);
#11735=ADVANCED_FACE('',(#9838),#10422,.F.);
#11736=ADVANCED_FACE('',(#9839),#231,.T.);
#11737=ADVANCED_FACE('',(#9840),#10423,.T.);
#11738=ADVANCED_FACE('',(#9841),#10424,.T.);
#11739=ADVANCED_FACE('',(#9842),#10425,.T.);
#11740=ADVANCED_FACE('',(#9843),#10426,.T.);
#11741=ADVANCED_FACE('',(#9844),#232,.F.);
#11742=ADVANCED_FACE('',(#9845),#233,.F.);
#11743=ADVANCED_FACE('',(#9846),#234,.F.);
#11744=ADVANCED_FACE('',(#9847),#235,.F.);
#11745=ADVANCED_FACE('',(#9848),#236,.F.);
#11746=ADVANCED_FACE('',(#9849),#237,.F.);
#11747=ADVANCED_FACE('',(#9850),#10427,.T.);
#11748=ADVANCED_FACE('',(#9851),#238,.T.);
#11749=ADVANCED_FACE('',(#9852,#9853),#239,.F.);
#11750=ADVANCED_FACE('',(#9854,#9855),#10428,.T.);
#11751=ADVANCED_FACE('',(#9856),#240,.T.);
#11752=ADVANCED_FACE('',(#9857),#241,.T.);
#11753=ADVANCED_FACE('',(#9858),#242,.T.);
#11754=ADVANCED_FACE('',(#9859),#243,.T.);
#11755=ADVANCED_FACE('',(#9860),#244,.T.);
#11756=ADVANCED_FACE('',(#9861),#245,.T.);
#11757=ADVANCED_FACE('',(#9862),#246,.F.);
#11758=ADVANCED_FACE('',(#9863,#9864),#247,.F.);
#11759=ADVANCED_FACE('',(#9865,#9866),#10429,.T.);
#11760=ADVANCED_FACE('',(#9867,#9868),#248,.F.);
#11761=ADVANCED_FACE('',(#9869,#9870),#10430,.T.);
#11762=ADVANCED_FACE('',(#9871),#249,.T.);
#11763=ADVANCED_FACE('',(#9872),#250,.T.);
#11764=ADVANCED_FACE('',(#9873),#251,.T.);
#11765=ADVANCED_FACE('',(#9874),#252,.T.);
#11766=ADVANCED_FACE('',(#9875),#253,.T.);
#11767=ADVANCED_FACE('',(#9876),#254,.T.);
#11768=ADVANCED_FACE('',(#9877),#255,.F.);
#11769=ADVANCED_FACE('',(#9878),#256,.T.);
#11770=ADVANCED_FACE('',(#9879),#257,.T.);
#11771=ADVANCED_FACE('',(#9880),#258,.T.);
#11772=ADVANCED_FACE('',(#9881),#259,.T.);
#11773=ADVANCED_FACE('',(#9882),#260,.T.);
#11774=ADVANCED_FACE('',(#9883),#261,.T.);
#11775=ADVANCED_FACE('',(#9884),#262,.F.);
#11776=ADVANCED_FACE('',(#9885,#9886),#263,.F.);
#11777=ADVANCED_FACE('',(#9887),#264,.T.);
#11778=ADVANCED_FACE('',(#9888),#265,.T.);
#11779=ADVANCED_FACE('',(#9889),#10431,.F.);
#11780=ADVANCED_FACE('',(#9890),#266,.F.);
#11781=ADVANCED_FACE('',(#9891),#267,.F.);
#11782=ADVANCED_FACE('',(#9892),#268,.F.);
#11783=ADVANCED_FACE('',(#9893),#269,.F.);
#11784=ADVANCED_FACE('',(#9894),#270,.T.);
#11785=ADVANCED_FACE('',(#9895,#9896),#271,.T.);
#11786=ADVANCED_FACE('',(#9897,#9898),#272,.T.);
#11787=ADVANCED_FACE('',(#9899,#9900),#273,.T.);
#11788=ADVANCED_FACE('',(#9901),#274,.T.);
#11789=ADVANCED_FACE('',(#9902,#9903),#275,.F.);
#11790=ADVANCED_FACE('',(#9904),#276,.T.);
#11791=ADVANCED_FACE('',(#9905),#277,.T.);
#11792=ADVANCED_FACE('',(#9906),#278,.T.);
#11793=ADVANCED_FACE('',(#9907),#279,.T.);
#11794=ADVANCED_FACE('',(#9908,#9909,#9910,#9911,#9912),#280,.T.);
#11795=ADVANCED_FACE('',(#9913,#9914),#10432,.T.);
#11796=ADVANCED_FACE('',(#9915,#9916),#281,.T.);
#11797=ADVANCED_FACE('',(#9917,#9918),#10433,.T.);
#11798=ADVANCED_FACE('',(#9919,#9920),#282,.T.);
#11799=ADVANCED_FACE('',(#9921,#9922),#10434,.T.);
#11800=ADVANCED_FACE('',(#9923,#9924),#283,.T.);
#11801=ADVANCED_FACE('',(#9925,#9926),#10435,.T.);
#11802=ADVANCED_FACE('',(#9927,#9928),#284,.T.);
#11803=ADVANCED_FACE('',(#9929),#285,.F.);
#11804=ADVANCED_FACE('',(#9930),#286,.F.);
#11805=ADVANCED_FACE('',(#9931),#287,.F.);
#11806=ADVANCED_FACE('',(#9932),#288,.F.);
#11807=ADVANCED_FACE('',(#9933),#289,.F.);
#11808=ADVANCED_FACE('',(#9934),#290,.F.);
#11809=ADVANCED_FACE('',(#9935),#291,.T.);
#11810=ADVANCED_FACE('',(#9936),#292,.F.);
#11811=ADVANCED_FACE('',(#9937),#293,.F.);
#11812=ADVANCED_FACE('',(#9938),#294,.F.);
#11813=ADVANCED_FACE('',(#9939),#295,.F.);
#11814=ADVANCED_FACE('',(#9940),#296,.F.);
#11815=ADVANCED_FACE('',(#9941),#297,.F.);
#11816=ADVANCED_FACE('',(#9942),#298,.T.);
#11817=ADVANCED_FACE('',(#9943),#299,.F.);
#11818=ADVANCED_FACE('',(#9944),#300,.F.);
#11819=ADVANCED_FACE('',(#9945),#301,.F.);
#11820=ADVANCED_FACE('',(#9946),#302,.F.);
#11821=ADVANCED_FACE('',(#9947),#303,.F.);
#11822=ADVANCED_FACE('',(#9948),#304,.F.);
#11823=ADVANCED_FACE('',(#9949),#305,.T.);
#11824=ADVANCED_FACE('',(#9950),#306,.F.);
#11825=ADVANCED_FACE('',(#9951),#307,.F.);
#11826=ADVANCED_FACE('',(#9952),#308,.F.);
#11827=ADVANCED_FACE('',(#9953),#309,.F.);
#11828=ADVANCED_FACE('',(#9954),#310,.F.);
#11829=ADVANCED_FACE('',(#9955),#311,.F.);
#11830=ADVANCED_FACE('',(#9956),#312,.T.);
#11831=ADVANCED_FACE('',(#9957,#9958),#313,.F.);
#11832=ADVANCED_FACE('',(#9959,#9960),#10436,.T.);
#11833=ADVANCED_FACE('',(#9961),#314,.T.);
#11834=ADVANCED_FACE('',(#9962),#315,.T.);
#11835=ADVANCED_FACE('',(#9963),#316,.T.);
#11836=ADVANCED_FACE('',(#9964),#317,.T.);
#11837=ADVANCED_FACE('',(#9965),#318,.T.);
#11838=ADVANCED_FACE('',(#9966),#319,.T.);
#11839=ADVANCED_FACE('',(#9967),#320,.F.);
#11840=ADVANCED_FACE('',(#9968,#9969),#10437,.T.);
#11841=ADVANCED_FACE('',(#9970,#9971),#321,.F.);
#11842=ADVANCED_FACE('',(#9972),#322,.T.);
#11843=ADVANCED_FACE('',(#9973),#323,.T.);
#11844=ADVANCED_FACE('',(#9974),#324,.T.);
#11845=ADVANCED_FACE('',(#9975),#325,.T.);
#11846=ADVANCED_FACE('',(#9976),#326,.T.);
#11847=ADVANCED_FACE('',(#9977),#327,.T.);
#11848=ADVANCED_FACE('',(#9978),#328,.F.);
#11849=ADVANCED_FACE('',(#9979),#329,.T.);
#11850=ADVANCED_FACE('',(#9980),#330,.F.);
#11851=ADVANCED_FACE('',(#9981),#10438,.T.);
#11852=ADVANCED_FACE('',(#9982),#331,.F.);
#11853=ADVANCED_FACE('',(#9983),#332,.F.);
#11854=ADVANCED_FACE('',(#9984),#10439,.T.);
#11855=ADVANCED_FACE('',(#9985),#333,.T.);
#11856=ADVANCED_FACE('',(#9986),#334,.F.);
#11857=ADVANCED_FACE('',(#9987),#10440,.T.);
#11858=ADVANCED_FACE('',(#9988),#10441,.T.);
#11859=ADVANCED_FACE('',(#9989),#335,.F.);
#11860=ADVANCED_FACE('',(#9990),#336,.F.);
#11861=ADVANCED_FACE('',(#9991),#337,.T.);
#11862=ADVANCED_FACE('',(#9992),#338,.F.);
#11863=ADVANCED_FACE('',(#9993),#10442,.T.);
#11864=ADVANCED_FACE('',(#9994),#10443,.T.);
#11865=ADVANCED_FACE('',(#9995),#339,.F.);
#11866=ADVANCED_FACE('',(#9996),#340,.F.);
#11867=ADVANCED_FACE('',(#9997),#341,.F.);
#11868=ADVANCED_FACE('',(#9998),#10444,.T.);
#11869=ADVANCED_FACE('',(#9999),#10445,.T.);
#11870=ADVANCED_FACE('',(#10000),#342,.F.);
#11871=ADVANCED_FACE('',(#10001),#343,.F.);
#11872=ADVANCED_FACE('',(#10002),#344,.T.);
#11873=ADVANCED_FACE('',(#10003,#10004,#10005,#10006,#10007,#10008,#10009,
#10010),#345,.T.);
#11874=ADVANCED_FACE('',(#10011),#346,.F.);
#11875=ADVANCED_FACE('',(#10012),#10446,.T.);
#11876=ADVANCED_FACE('',(#10013),#347,.F.);
#11877=ADVANCED_FACE('',(#10014),#10447,.F.);
#11878=ADVANCED_FACE('',(#10015),#348,.F.);
#11879=ADVANCED_FACE('',(#10016),#10448,.F.);
#11880=ADVANCED_FACE('',(#10017),#349,.F.);
#11881=ADVANCED_FACE('',(#10018),#10449,.T.);
#11882=ADVANCED_FACE('',(#10019),#350,.F.);
#11883=ADVANCED_FACE('',(#10020),#10450,.T.);
#11884=ADVANCED_FACE('',(#10021),#351,.F.);
#11885=ADVANCED_FACE('',(#10022),#10451,.T.);
#11886=ADVANCED_FACE('',(#10023),#352,.F.);
#11887=ADVANCED_FACE('',(#10024),#10452,.T.);
#11888=ADVANCED_FACE('',(#10025),#353,.F.);
#11889=ADVANCED_FACE('',(#10026),#10453,.F.);
#11890=ADVANCED_FACE('',(#10027),#354,.F.);
#11891=ADVANCED_FACE('',(#10028),#10454,.F.);
#11892=ADVANCED_FACE('',(#10029),#355,.F.);
#11893=ADVANCED_FACE('',(#10030),#10455,.T.);
#11894=ADVANCED_FACE('',(#10031),#356,.F.);
#11895=ADVANCED_FACE('',(#10032),#10456,.T.);
#11896=ADVANCED_FACE('',(#10033),#357,.F.);
#11897=ADVANCED_FACE('',(#10034),#10457,.F.);
#11898=ADVANCED_FACE('',(#10035),#358,.T.);
#11899=ADVANCED_FACE('',(#10036),#10458,.F.);
#11900=ADVANCED_FACE('',(#10037),#359,.T.);
#11901=ADVANCED_FACE('',(#10038),#10459,.F.);
#11902=ADVANCED_FACE('',(#10039),#360,.T.);
#11903=ADVANCED_FACE('',(#10040),#10460,.F.);
#11904=ADVANCED_FACE('',(#10041),#361,.T.);
#11905=ADVANCED_FACE('',(#10042),#10461,.F.);
#11906=ADVANCED_FACE('',(#10043),#362,.T.);
#11907=ADVANCED_FACE('',(#10044),#10462,.F.);
#11908=ADVANCED_FACE('',(#10045),#363,.T.);
#11909=ADVANCED_FACE('',(#10046),#10463,.F.);
#11910=ADVANCED_FACE('',(#10047),#364,.T.);
#11911=ADVANCED_FACE('',(#10048),#10464,.F.);
#11912=ADVANCED_FACE('',(#10049),#365,.T.);
#11913=ADVANCED_FACE('',(#10050),#10465,.F.);
#11914=ADVANCED_FACE('',(#10051),#366,.T.);
#11915=ADVANCED_FACE('',(#10052),#367,.T.);
#11916=ADVANCED_FACE('',(#10053),#10466,.F.);
#11917=ADVANCED_FACE('',(#10054),#368,.T.);
#11918=ADVANCED_FACE('',(#10055),#10467,.F.);
#11919=ADVANCED_FACE('',(#10056),#369,.T.);
#11920=ADVANCED_FACE('',(#10057),#10468,.F.);
#11921=ADVANCED_FACE('',(#10058),#10469,.T.);
#11922=ADVANCED_FACE('',(#10059,#10060,#10061,#10062,#10063,#10064,#10065),
#370,.F.);
#11923=ADVANCED_FACE('',(#10066),#371,.T.);
#11924=ADVANCED_FACE('',(#10067,#10068),#10470,.F.);
#11925=ADVANCED_FACE('',(#10069,#10070),#130,.F.);
#11926=ADVANCED_FACE('',(#10071),#372,.T.);
#11927=ADVANCED_FACE('',(#10072,#10073),#10471,.F.);
#11928=ADVANCED_FACE('',(#10074,#10075),#131,.F.);
#11929=ADVANCED_FACE('',(#10076),#373,.T.);
#11930=ADVANCED_FACE('',(#10077,#10078),#10472,.F.);
#11931=ADVANCED_FACE('',(#10079,#10080),#132,.F.);
#11932=ADVANCED_FACE('',(#10081),#374,.T.);
#11933=ADVANCED_FACE('',(#10082,#10083),#10473,.F.);
#11934=ADVANCED_FACE('',(#10084,#10085),#133,.F.);
#11935=ADVANCED_FACE('',(#10086,#10087),#375,.T.);
#11936=ADVANCED_FACE('',(#10088),#91,.T.);
#11937=ADVANCED_FACE('',(#10089),#10474,.T.);
#11938=ADVANCED_FACE('',(#10090),#92,.F.);
#11939=ADVANCED_FACE('',(#10091),#93,.F.);
#11940=ADVANCED_FACE('',(#10092),#134,.F.);
#11941=ADVANCED_FACE('',(#10093),#94,.F.);
#11942=ADVANCED_FACE('',(#10094,#10095),#135,.F.);
#11943=ADVANCED_FACE('',(#10096,#10097),#10475,.T.);
#11944=ADVANCED_FACE('',(#10098,#10099),#376,.F.);
#11945=ADVANCED_FACE('',(#10100,#10101),#10476,.T.);
#11946=ADVANCED_FACE('',(#10102,#10103),#377,.F.);
#11947=ADVANCED_FACE('',(#10104,#10105),#10477,.T.);
#11948=ADVANCED_FACE('',(#10106,#10107),#378,.F.);
#11949=ADVANCED_FACE('',(#10108,#10109),#10478,.T.);
#11950=ADVANCED_FACE('',(#10110,#10111),#379,.F.);
#11951=ADVANCED_FACE('',(#10112),#380,.T.);
#11952=ADVANCED_FACE('',(#10113),#381,.T.);
#11953=ADVANCED_FACE('',(#10114),#382,.T.);
#11954=ADVANCED_FACE('',(#10115),#383,.T.);
#11955=ADVANCED_FACE('',(#10116),#384,.T.);
#11956=ADVANCED_FACE('',(#10117),#385,.T.);
#11957=ADVANCED_FACE('',(#10118),#386,.F.);
#11958=ADVANCED_FACE('',(#10119),#10479,.T.);
#11959=ADVANCED_FACE('',(#10120),#387,.T.);
#11960=ADVANCED_FACE('',(#10121),#388,.T.);
#11961=ADVANCED_FACE('',(#10122),#389,.T.);
#11962=ADVANCED_FACE('',(#10123),#390,.T.);
#11963=ADVANCED_FACE('',(#10124),#391,.T.);
#11964=ADVANCED_FACE('',(#10125),#392,.T.);
#11965=ADVANCED_FACE('',(#10126),#393,.T.);
#11966=ADVANCED_FACE('',(#10127),#394,.T.);
#11967=ADVANCED_FACE('',(#10128),#395,.T.);
#11968=ADVANCED_FACE('',(#10129),#396,.T.);
#11969=ADVANCED_FACE('',(#10130),#397,.T.);
#11970=ADVANCED_FACE('',(#10131),#398,.T.);
#11971=ADVANCED_FACE('',(#10132),#399,.T.);
#11972=ADVANCED_FACE('',(#10133),#400,.T.);
#11973=ADVANCED_FACE('',(#10134),#401,.T.);
#11974=ADVANCED_FACE('',(#10135),#402,.T.);
#11975=ADVANCED_FACE('',(#10136),#10480,.F.);
#11976=ADVANCED_FACE('',(#10137),#403,.T.);
#11977=ADVANCED_FACE('',(#10138,#10139),#10481,.T.);
#11978=ADVANCED_FACE('',(#10140,#10141),#404,.T.);
#11979=ADVANCED_FACE('',(#10142),#10482,.F.);
#11980=ADVANCED_FACE('',(#10143),#405,.T.);
#11981=ADVANCED_FACE('',(#10144,#10145),#10483,.T.);
#11982=ADVANCED_FACE('',(#10146,#10147),#406,.T.);
#11983=ADVANCED_FACE('',(#10148),#407,.F.);
#11984=ADVANCED_FACE('',(#10149),#408,.F.);
#11985=ADVANCED_FACE('',(#10150),#409,.F.);
#11986=ADVANCED_FACE('',(#10151),#410,.F.);
#11987=ADVANCED_FACE('',(#10152),#411,.F.);
#11988=ADVANCED_FACE('',(#10153),#412,.F.);
#11989=ADVANCED_FACE('',(#10154),#413,.T.);
#11990=ADVANCED_FACE('',(#10155),#414,.F.);
#11991=ADVANCED_FACE('',(#10156),#415,.F.);
#11992=ADVANCED_FACE('',(#10157),#416,.F.);
#11993=ADVANCED_FACE('',(#10158),#417,.F.);
#11994=ADVANCED_FACE('',(#10159),#418,.F.);
#11995=ADVANCED_FACE('',(#10160),#419,.F.);
#11996=ADVANCED_FACE('',(#10161),#420,.T.);
#11997=ADVANCED_FACE('',(#10162,#10163),#10484,.T.);
#11998=ADVANCED_FACE('',(#10164,#10165),#136,.T.);
#11999=ADVANCED_FACE('',(#10166,#10167),#421,.F.);
#12000=ADVANCED_FACE('',(#10168),#422,.T.);
#12001=ADVANCED_FACE('',(#10169),#423,.F.);
#12002=ADVANCED_FACE('',(#10170),#424,.F.);
#12003=ADVANCED_FACE('',(#10171),#425,.F.);
#12004=ADVANCED_FACE('',(#10172),#426,.T.);
#12005=ADVANCED_FACE('',(#10173),#427,.T.);
#12006=ADVANCED_FACE('',(#10174),#10485,.T.);
#12007=ADVANCED_FACE('',(#10175),#428,.T.);
#12008=ADVANCED_FACE('',(#10176),#10486,.T.);
#12009=ADVANCED_FACE('',(#10177),#429,.T.);
#12010=ADVANCED_FACE('',(#10178),#10487,.T.);
#12011=ADVANCED_FACE('',(#10179),#430,.T.);
#12012=ADVANCED_FACE('',(#10180),#10488,.T.);
#12013=ADVANCED_FACE('',(#10181),#431,.T.);
#12014=ADVANCED_FACE('',(#10182),#10489,.T.);
#12015=ADVANCED_FACE('',(#10183),#432,.T.);
#12016=ADVANCED_FACE('',(#10184),#10490,.T.);
#12017=ADVANCED_FACE('',(#10185),#433,.T.);
#12018=ADVANCED_FACE('',(#10186),#10491,.T.);
#12019=ADVANCED_FACE('',(#10187),#434,.T.);
#12020=ADVANCED_FACE('',(#10188),#10492,.T.);
#12021=ADVANCED_FACE('',(#10189),#435,.T.);
#12022=ADVANCED_FACE('',(#10190),#10493,.T.);
#12023=ADVANCED_FACE('',(#10191),#436,.T.);
#12024=ADVANCED_FACE('',(#10192),#10494,.T.);
#12025=ADVANCED_FACE('',(#10193),#437,.T.);
#12026=ADVANCED_FACE('',(#10194),#10495,.T.);
#12027=ADVANCED_FACE('',(#10195),#438,.T.);
#12028=ADVANCED_FACE('',(#10196),#10496,.T.);
#12029=ADVANCED_FACE('',(#10197),#439,.F.);
#12030=ADVANCED_FACE('',(#10198),#440,.F.);
#12031=ADVANCED_FACE('',(#10199),#441,.F.);
#12032=ADVANCED_FACE('',(#10200),#442,.F.);
#12033=ADVANCED_FACE('',(#10201),#443,.F.);
#12034=ADVANCED_FACE('',(#10202),#444,.F.);
#12035=ADVANCED_FACE('',(#10203),#445,.F.);
#12036=ADVANCED_FACE('',(#10204),#446,.F.);
#12037=ADVANCED_FACE('',(#10205),#447,.F.);
#12038=ADVANCED_FACE('',(#10206),#10497,.T.);
#12039=ADVANCED_FACE('',(#10207),#448,.F.);
#12040=ADVANCED_FACE('',(#10208),#10498,.T.);
#12041=ADVANCED_FACE('',(#10209),#449,.F.);
#12042=ADVANCED_FACE('',(#10210),#10499,.T.);
#12043=ADVANCED_FACE('',(#10211),#450,.F.);
#12044=ADVANCED_FACE('',(#10212),#10500,.T.);
#12045=ADVANCED_FACE('',(#10213),#451,.F.);
#12046=ADVANCED_FACE('',(#10214),#10501,.T.);
#12047=ADVANCED_FACE('',(#10215),#452,.F.);
#12048=ADVANCED_FACE('',(#10216),#10502,.T.);
#12049=ADVANCED_FACE('',(#10217),#453,.F.);
#12050=ADVANCED_FACE('',(#10218),#10503,.T.);
#12051=ADVANCED_FACE('',(#10219),#454,.F.);
#12052=ADVANCED_FACE('',(#10220),#10504,.T.);
#12053=ADVANCED_FACE('',(#10221,#10222),#455,.T.);
#12054=ADVANCED_FACE('',(#10223),#456,.F.);
#12055=ADVANCED_FACE('',(#10224,#10225),#10505,.T.);
#12056=ADVANCED_FACE('',(#10226,#10227),#95,.T.);
#12057=ADVANCED_FACE('',(#10228,#10229),#10506,.T.);
#12058=ADVANCED_FACE('',(#10230),#457,.F.);
#12059=ADVANCED_FACE('',(#10231),#10507,.T.);
#12060=ADVANCED_FACE('',(#10232),#458,.F.);
#12061=ADVANCED_FACE('',(#10233),#10508,.T.);
#12062=ADVANCED_FACE('',(#10234),#459,.F.);
#12063=ADVANCED_FACE('',(#10235),#10509,.T.);
#12064=ADVANCED_FACE('',(#10236),#460,.F.);
#12065=ADVANCED_FACE('',(#10237),#10510,.T.);
#12066=ADVANCED_FACE('',(#10238),#461,.F.);
#12067=ADVANCED_FACE('',(#10239),#10511,.T.);
#12068=ADVANCED_FACE('',(#10240),#462,.F.);
#12069=ADVANCED_FACE('',(#10241),#10512,.T.);
#12070=ADVANCED_FACE('',(#10242),#463,.F.);
#12071=ADVANCED_FACE('',(#10243),#10513,.T.);
#12072=ADVANCED_FACE('',(#10244),#464,.F.);
#12073=ADVANCED_FACE('',(#10245),#10514,.T.);
#12074=ADVANCED_FACE('',(#10246),#465,.F.);
#12075=ADVANCED_FACE('',(#10247),#10515,.T.);
#12076=ADVANCED_FACE('',(#10248),#466,.F.);
#12077=ADVANCED_FACE('',(#10249),#10516,.T.);
#12078=ADVANCED_FACE('',(#10250),#467,.F.);
#12079=ADVANCED_FACE('',(#10251),#10517,.T.);
#12080=ADVANCED_FACE('',(#10252),#468,.F.);
#12081=ADVANCED_FACE('',(#10253),#10518,.T.);
#12082=ADVANCED_FACE('',(#10254,#10255),#469,.T.);
#12083=ADVANCED_FACE('',(#10256),#470,.F.);
#12084=ADVANCED_FACE('',(#10257),#471,.T.);
#12085=ADVANCED_FACE('',(#10258),#472,.T.);
#12086=ADVANCED_FACE('',(#10259),#473,.T.);
#12087=ADVANCED_FACE('',(#10260),#474,.T.);
#12088=ADVANCED_FACE('',(#10261),#475,.T.);
#12089=ADVANCED_FACE('',(#10262),#476,.T.);
#12090=ADVANCED_FACE('',(#10263),#477,.F.);
#12091=ADVANCED_FACE('',(#10264),#478,.T.);
#12092=ADVANCED_FACE('',(#10265),#479,.T.);
#12093=ADVANCED_FACE('',(#10266),#480,.T.);
#12094=ADVANCED_FACE('',(#10267),#481,.T.);
#12095=ADVANCED_FACE('',(#10268),#482,.T.);
#12096=ADVANCED_FACE('',(#10269),#483,.T.);
#12097=ADVANCED_FACE('',(#10270),#484,.F.);
#12098=ADVANCED_FACE('',(#10271),#485,.T.);
#12099=ADVANCED_FACE('',(#10272),#486,.T.);
#12100=ADVANCED_FACE('',(#10273),#487,.T.);
#12101=ADVANCED_FACE('',(#10274),#488,.T.);
#12102=ADVANCED_FACE('',(#10275),#489,.T.);
#12103=ADVANCED_FACE('',(#10276),#490,.T.);
#12104=ADVANCED_FACE('',(#10277),#491,.F.);
#12105=ADVANCED_FACE('',(#10278),#492,.F.);
#12106=ADVANCED_FACE('',(#10279),#10519,.T.);
#12107=ADVANCED_FACE('',(#10280),#493,.F.);
#12108=ADVANCED_FACE('',(#10281),#10520,.T.);
#12109=ADVANCED_FACE('',(#10282),#10521,.T.);
#12110=ADVANCED_FACE('',(#10283),#494,.F.);
#12111=ADVANCED_FACE('',(#10284),#10522,.T.);
#12112=ADVANCED_FACE('',(#10285),#10523,.T.);
#12113=ADVANCED_FACE('',(#10286),#495,.F.);
#12114=ADVANCED_FACE('',(#10287),#10524,.T.);
#12115=ADVANCED_FACE('',(#10288),#496,.T.);
#12116=ADVANCED_FACE('',(#10289,#10290),#497,.F.);
#12117=ADVANCED_FACE('',(#10291,#10292),#10525,.F.);
#12118=ADVANCED_FACE('',(#10293,#10294),#498,.T.);
#12119=ADVANCED_FACE('',(#10295,#10296),#10526,.T.);
#12120=ADVANCED_FACE('',(#10297),#499,.F.);
#12121=ADVANCED_FACE('',(#10298,#10299),#10527,.T.);
#12122=ADVANCED_FACE('',(#10300,#10301),#500,.F.);
#12123=ADVANCED_FACE('',(#10302,#10303),#10528,.T.);
#12124=ADVANCED_FACE('',(#10304,#10305),#137,.T.);
#12125=ADVANCED_FACE('',(#10306),#501,.F.);
#12126=ADVANCED_FACE('',(#10307,#10308),#10529,.F.);
#12127=ADVANCED_FACE('',(#10309,#10310),#502,.T.);
#12128=ADVANCED_FACE('',(#10311,#10312),#138,.T.);
#12129=ADVANCED_FACE('',(#10313,#10314),#10530,.T.);
#12130=ADVANCED_FACE('',(#10315,#10316),#139,.T.);
#12131=ADVANCED_FACE('',(#10317,#10318),#503,.T.);
#12132=ADVANCED_FACE('',(#10319,#10320),#10531,.F.);
#12133=ADVANCED_FACE('',(#10321,#10322,#10323,#10324,#10325,#10326),#504,
 .T.);
#12134=ADVANCED_FACE('',(#10327,#10328),#140,.T.);
#12135=ADVANCED_FACE('',(#10329,#10330),#10532,.T.);
#12136=ADVANCED_FACE('',(#10331,#10332),#141,.T.);
#12137=ADVANCED_FACE('',(#10333,#10334,#10335,#10336,#10337,#10338),#505,
 .T.);
#12138=ADVANCED_FACE('',(#10339,#10340),#10533,.F.);
#12139=ADVANCED_FACE('',(#10341,#10342),#10534,.F.);
#12140=ADVANCED_FACE('',(#10343,#10344),#10535,.F.);
#12141=ADVANCED_FACE('',(#10345,#10346),#10536,.F.);
#12142=CLOSED_SHELL('',(#11489,#11490,#11491,#11492,#11493,#11494,#11495,
#11496,#11497,#11498,#11499,#11500,#11501,#11502,#11503,#11504,#11505,#11506,
#11507,#11508,#11509,#11510,#11511,#11512,#11513,#11514,#11515,#11516,#11517,
#11518,#11519,#11520,#11521,#11522,#11523,#11524,#11525,#11526,#11527,#11528,
#11529,#11530,#11531,#11532,#11533,#11534,#11535,#11536,#11537,#11538,#11539,
#11540,#11541,#11542,#11543,#11544,#11545,#11546,#11547,#11548,#11549,#11550,
#11551,#11552,#11553,#11554,#11555,#11556,#11557,#11558,#11559,#11560,#11561,
#11562,#11563,#11564,#11565,#11566,#11567,#11568,#11569,#11570,#11571,#11572,
#11573,#11574,#11575,#11576,#11577,#11578,#11579,#11580,#11581,#11582,#11583,
#11584,#11585,#11586,#11587,#11588,#11589,#11590,#11591,#11592,#11593,#11594,
#11595,#11596,#11597,#11598,#11599));
#12143=CLOSED_SHELL('',(#11600,#11601,#11602,#11603,#11604,#11605,#11606,
#11607,#11608,#11609,#11610,#11611,#11612,#11613,#11614,#11615,#11616,#11617,
#11618,#11619));
#12144=CLOSED_SHELL('',(#11620,#11621,#11622,#11623,#11624,#11625,#11626,
#11627,#11628,#11629,#11630,#11631,#11632,#11633,#11634,#11635,#11636,#11637,
#11638,#11639,#11640,#11641,#11642,#11643,#11644,#11645,#11646,#11647,#11648,
#11649,#11650,#11651,#11652,#11653,#11654,#11655,#11656,#11657,#11658,#11659,
#11660,#11661,#11662,#11663,#11664,#11665,#11666,#11667,#11668,#11669,#11670,
#11671,#11672,#11673,#11674,#11675,#11676,#11677,#11678,#11679,#11680,#11681,
#11682,#11683,#11684,#11685,#11686,#11687,#11688,#11689,#11690,#11691,#11692,
#11693,#11694,#11695,#11696,#11697,#11698,#11699,#11700,#11701,#11702,#11703,
#11704,#11705,#11706,#11707,#11708,#11709,#11710,#11711,#11712,#11713,#11714,
#11715,#11716,#11717,#11718,#11719,#11720,#11721,#11722,#11723,#11724,#11725,
#11726,#11727,#11728,#11729,#11730,#11731,#11732,#11733,#11734,#11735,#11736,
#11737,#11738,#11739,#11740,#11741,#11742,#11743,#11744,#11745,#11746,#11747,
#11748,#11749,#11750,#11751,#11752,#11753,#11754,#11755,#11756,#11757,#11758,
#11759,#11760,#11761,#11762,#11763,#11764,#11765,#11766,#11767,#11768,#11769,
#11770,#11771,#11772,#11773,#11774,#11775,#11776,#11777,#11778,#11779,#11780,
#11781,#11782,#11783,#11784,#11785,#11786,#11787,#11788,#11789,#11790,#11791,
#11792,#11793,#11794,#11795,#11796,#11797,#11798,#11799,#11800,#11801,#11802,
#11803,#11804,#11805,#11806,#11807,#11808,#11809,#11810,#11811,#11812,#11813,
#11814,#11815,#11816,#11817,#11818,#11819,#11820,#11821,#11822,#11823,#11824,
#11825,#11826,#11827,#11828,#11829,#11830,#11831,#11832,#11833,#11834,#11835,
#11836,#11837,#11838,#11839,#11840,#11841,#11842,#11843,#11844,#11845,#11846,
#11847,#11848,#11849,#11850,#11851,#11852,#11853,#11854,#11855,#11856,#11857,
#11858,#11859,#11860,#11861,#11862,#11863,#11864,#11865,#11866,#11867,#11868,
#11869,#11870,#11871,#11872,#11873,#11874,#11875,#11876,#11877,#11878,#11879,
#11880,#11881,#11882,#11883,#11884,#11885,#11886,#11887,#11888,#11889,#11890,
#11891,#11892,#11893,#11894,#11895,#11896,#11897,#11898,#11899,#11900,#11901,
#11902,#11903,#11904,#11905,#11906,#11907,#11908,#11909,#11910,#11911,#11912,
#11913,#11914,#11915,#11916,#11917,#11918,#11919,#11920,#11921,#11922,#11923,
#11924,#11925,#11926,#11927,#11928,#11929,#11930,#11931,#11932,#11933,#11934,
#11935,#11936,#11937,#11938,#11939,#11940,#11941,#11942,#11943,#11944,#11945,
#11946,#11947,#11948,#11949,#11950,#11951,#11952,#11953,#11954,#11955,#11956,
#11957,#11958,#11959,#11960,#11961,#11962,#11963,#11964,#11965,#11966,#11967,
#11968,#11969,#11970,#11971,#11972,#11973,#11974,#11975,#11976,#11977,#11978,
#11979,#11980,#11981,#11982,#11983,#11984,#11985,#11986,#11987,#11988,#11989,
#11990,#11991,#11992,#11993,#11994,#11995,#11996,#11997,#11998,#11999,#12000,
#12001,#12002,#12003,#12004,#12005,#12006,#12007,#12008,#12009,#12010,#12011,
#12012,#12013,#12014,#12015,#12016,#12017,#12018,#12019,#12020,#12021,#12022,
#12023,#12024,#12025,#12026,#12027,#12028,#12029,#12030,#12031,#12032,#12033,
#12034,#12035,#12036,#12037,#12038,#12039,#12040,#12041,#12042,#12043,#12044,
#12045,#12046,#12047,#12048,#12049,#12050,#12051,#12052,#12053,#12054,#12055,
#12056,#12057,#12058,#12059,#12060,#12061,#12062,#12063,#12064,#12065,#12066,
#12067,#12068,#12069,#12070,#12071,#12072,#12073,#12074,#12075,#12076,#12077,
#12078,#12079,#12080,#12081,#12082,#12083,#12084,#12085,#12086,#12087,#12088,
#12089,#12090,#12091,#12092,#12093,#12094,#12095,#12096,#12097,#12098,#12099,
#12100,#12101,#12102,#12103,#12104,#12105,#12106,#12107,#12108,#12109,#12110,
#12111,#12112,#12113,#12114,#12115));
#12145=CLOSED_SHELL('',(#12116,#12117,#12118,#12119));
#12146=CLOSED_SHELL('',(#12120,#12121,#12122,#12123,#12124,#12125));
#12147=CLOSED_SHELL('',(#12126,#12127,#12128,#12129,#12130,#12131,#12132,
#12133,#12134,#12135,#12136,#12137,#12138,#12139,#12140,#12141));
#12148=MANIFOLD_SOLID_BREP('2.5-MSJ-IR-MM-SSE92.3192.31',#12142);
#12149=MANIFOLD_SOLID_BREP('2.5-MSJX05',#12143);
#12150=MANIFOLD_SOLID_BREP('2.5-MSJ-IR92.3192.31urir_ls',#12146);
#12151=MANIFOLD_SOLID_BREP('2.5-MSJ-IRmsj_i',#12147);
#12152=SHAPE_DEFINITION_REPRESENTATION(#20698,#12158);
#12153=SHAPE_DEFINITION_REPRESENTATION(#20699,#12159);
#12154=SHAPE_DEFINITION_REPRESENTATION(#20701,#12160);
#12155=SHAPE_DEFINITION_REPRESENTATION(#20703,#12161);
#12156=SHAPE_DEFINITION_REPRESENTATION(#20705,#12162);
#12157=SHAPE_DEFINITION_REPRESENTATION(#20707,#12163);
#12158=SHAPE_REPRESENTATION('2.5-MSJ-IR 6:1/20LT-1/SSE-2/FA/96.00/S',(#12164,
#12383,#12432,#13315,#13327,#13364),#20680);
#12159=SHAPE_REPRESENTATION('2.5-MSJ-IR-MM-SSE92.3192.31',(#12164),#20681);
#12160=SHAPE_REPRESENTATION('2.5-MSJX05',(#12164),#20682);
#12161=SHAPE_REPRESENTATION('20LT',(#12164),#20683);
#12162=SHAPE_REPRESENTATION('2.5-MSJ-IR92.3192.31urir_ls',(#12164),#20684);
#12163=SHAPE_REPRESENTATION('2.5-MSJ-IRmsj_i',(#12164),#20685);
#12164=AXIS2_PLACEMENT_3D('',#16576,#13365,#13366);
#12165=AXIS2_PLACEMENT_3D('',#16577,#13367,#13368);
#12166=AXIS2_PLACEMENT_3D('',#16578,#13369,#13370);
#12167=AXIS2_PLACEMENT_3D('',#16592,#13373,#13374);
#12168=AXIS2_PLACEMENT_3D('',#16594,#13375,#13376);
#12169=AXIS2_PLACEMENT_3D('',#16600,#13380,#13381);
#12170=AXIS2_PLACEMENT_3D('',#16601,#13382,#13383);
#12171=AXIS2_PLACEMENT_3D('',#16609,#13384,#13385);
#12172=AXIS2_PLACEMENT_3D('',#16615,#13386,#13387);
#12173=AXIS2_PLACEMENT_3D('',#16616,#13388,#13389);
#12174=AXIS2_PLACEMENT_3D('',#16623,#13390,#13391);
#12175=AXIS2_PLACEMENT_3D('',#16629,#13392,#13393);
#12176=AXIS2_PLACEMENT_3D('',#16630,#13394,#13395);
#12177=AXIS2_PLACEMENT_3D('',#16637,#13396,#13397);
#12178=AXIS2_PLACEMENT_3D('',#16643,#13398,#13399);
#12179=AXIS2_PLACEMENT_3D('',#16644,#13400,#13401);
#12180=AXIS2_PLACEMENT_3D('',#16652,#13402,#13403);
#12181=AXIS2_PLACEMENT_3D('',#16658,#13404,#13405);
#12182=AXIS2_PLACEMENT_3D('',#16659,#13406,#13407);
#12183=AXIS2_PLACEMENT_3D('',#16665,#13408,#13409);
#12184=AXIS2_PLACEMENT_3D('',#16671,#13410,#13411);
#12185=AXIS2_PLACEMENT_3D('',#16674,#13413,#13414);
#12186=AXIS2_PLACEMENT_3D('',#16677,#13416,#13417);
#12187=AXIS2_PLACEMENT_3D('',#16680,#13419,#13420);
#12188=AXIS2_PLACEMENT_3D('',#16683,#13422,#13423);
#12189=AXIS2_PLACEMENT_3D('',#16686,#13425,#13426);
#12190=AXIS2_PLACEMENT_3D('',#16689,#13428,#13429);
#12191=AXIS2_PLACEMENT_3D('',#16692,#13431,#13432);
#12192=AXIS2_PLACEMENT_3D('',#16695,#13434,#13435);
#12193=AXIS2_PLACEMENT_3D('',#16696,#13436,#13437);
#12194=AXIS2_PLACEMENT_3D('',#16701,#13440,#13441);
#12195=AXIS2_PLACEMENT_3D('',#16707,#13442,#13443);
#12196=AXIS2_PLACEMENT_3D('',#16713,#13444,#13445);
#12197=AXIS2_PLACEMENT_3D('',#16718,#13446,#13447);
#12198=AXIS2_PLACEMENT_3D('',#16724,#13448,#13449);
#12199=AXIS2_PLACEMENT_3D('',#16730,#13450,#13451);
#12200=AXIS2_PLACEMENT_3D('',#16736,#13452,#13453);
#12201=AXIS2_PLACEMENT_3D('',#16741,#13454,#13455);
#12202=AXIS2_PLACEMENT_3D('',#16747,#13456,#13457);
#12203=AXIS2_PLACEMENT_3D('',#16748,#13458,#13459);
#12204=AXIS2_PLACEMENT_3D('',#16757,#13460,#13461);
#12205=AXIS2_PLACEMENT_3D('',#16764,#13462,#13463);
#12206=AXIS2_PLACEMENT_3D('',#16771,#13464,#13465);
#12207=AXIS2_PLACEMENT_3D('',#16786,#13466,#13467);
#12208=AXIS2_PLACEMENT_3D('',#16801,#13468,#13469);
#12209=AXIS2_PLACEMENT_3D('',#16810,#13470,#13471);
#12210=AXIS2_PLACEMENT_3D('',#16817,#13472,#13473);
#12211=AXIS2_PLACEMENT_3D('',#16824,#13474,#13475);
#12212=AXIS2_PLACEMENT_3D('',#16825,#13476,#13477);
#12213=AXIS2_PLACEMENT_3D('',#16834,#13478,#13479);
#12214=AXIS2_PLACEMENT_3D('',#16843,#13480,#13481);
#12215=AXIS2_PLACEMENT_3D('',#16859,#13482,#13483);
#12216=AXIS2_PLACEMENT_3D('',#16860,#13484,#13485);
#12217=AXIS2_PLACEMENT_3D('',#16865,#13488,#13489);
#12218=AXIS2_PLACEMENT_3D('',#16866,#13490,#13491);
#12219=AXIS2_PLACEMENT_3D('',#16875,#13496,#13497);
#12220=AXIS2_PLACEMENT_3D('',#16892,#13498,#13499);
#12221=AXIS2_PLACEMENT_3D('',#16896,#13501,#13502);
#12222=AXIS2_PLACEMENT_3D('',#16913,#13503,#13504);
#12223=AXIS2_PLACEMENT_3D('',#16914,#13505,#13506);
#12224=AXIS2_PLACEMENT_3D('',#16922,#13510,#13511);
#12225=AXIS2_PLACEMENT_3D('',#16925,#13513,#13514);
#12226=AXIS2_PLACEMENT_3D('',#16932,#13518,#13519);
#12227=AXIS2_PLACEMENT_3D('',#16935,#13521,#13522);
#12228=AXIS2_PLACEMENT_3D('',#16944,#13523,#13524);
#12229=AXIS2_PLACEMENT_3D('',#16952,#13525,#13526);
#12230=AXIS2_PLACEMENT_3D('',#16957,#13529,#13530);
#12231=AXIS2_PLACEMENT_3D('',#16958,#13531,#13532);
#12232=AXIS2_PLACEMENT_3D('',#16959,#13533,#13534);
#12233=AXIS2_PLACEMENT_3D('',#16964,#13537,#13538);
#12234=AXIS2_PLACEMENT_3D('',#16968,#13540,#13541);
#12235=AXIS2_PLACEMENT_3D('',#16973,#13544,#13545);
#12236=AXIS2_PLACEMENT_3D('',#16974,#13546,#13547);
#12237=AXIS2_PLACEMENT_3D('',#16976,#13548,#13549);
#12238=AXIS2_PLACEMENT_3D('',#16978,#13550,#13551);
#12239=AXIS2_PLACEMENT_3D('',#16982,#13553,#13554);
#12240=AXIS2_PLACEMENT_3D('',#16986,#13556,#13557);
#12241=AXIS2_PLACEMENT_3D('',#16987,#13558,#13559);
#12242=AXIS2_PLACEMENT_3D('',#16991,#13561,#13562);
#12243=AXIS2_PLACEMENT_3D('',#16992,#13563,#13564);
#12244=AXIS2_PLACEMENT_3D('',#16994,#13565,#13566);
#12245=AXIS2_PLACEMENT_3D('',#16996,#13567,#13568);
#12246=AXIS2_PLACEMENT_3D('',#16997,#13569,#13570);
#12247=AXIS2_PLACEMENT_3D('',#17002,#13573,#13574);
#12248=AXIS2_PLACEMENT_3D('',#17006,#13577,#13578);
#12249=AXIS2_PLACEMENT_3D('',#17007,#13579,#13580);
#12250=AXIS2_PLACEMENT_3D('',#17010,#13582,#13583);
#12251=AXIS2_PLACEMENT_3D('',#17015,#13587,#13588);
#12252=AXIS2_PLACEMENT_3D('',#17016,#13589,#13590);
#12253=AXIS2_PLACEMENT_3D('',#17019,#13592,#13593);
#12254=AXIS2_PLACEMENT_3D('',#17023,#13596,#13597);
#12255=AXIS2_PLACEMENT_3D('',#17024,#13598,#13599);
#12256=AXIS2_PLACEMENT_3D('',#17027,#13601,#13602);
#12257=AXIS2_PLACEMENT_3D('',#17028,#13603,#13604);
#12258=AXIS2_PLACEMENT_3D('',#17030,#13605,#13606);
#12259=AXIS2_PLACEMENT_3D('',#17031,#13607,#13608);
#12260=AXIS2_PLACEMENT_3D('',#17033,#13609,#13610);
#12261=AXIS2_PLACEMENT_3D('',#17034,#13611,#13612);
#12262=AXIS2_PLACEMENT_3D('',#17036,#13613,#13614);
#12263=AXIS2_PLACEMENT_3D('',#17037,#13615,#13616);
#12264=AXIS2_PLACEMENT_3D('',#17039,#13617,#13618);
#12265=AXIS2_PLACEMENT_3D('',#17042,#13621,#13622);
#12266=AXIS2_PLACEMENT_3D('',#17043,#13623,#13624);
#12267=AXIS2_PLACEMENT_3D('',#17045,#13625,#13626);
#12268=AXIS2_PLACEMENT_3D('',#17046,#13627,#13628);
#12269=AXIS2_PLACEMENT_3D('',#17048,#13629,#13630);
#12270=AXIS2_PLACEMENT_3D('',#17050,#13631,#13632);
#12271=AXIS2_PLACEMENT_3D('',#17051,#13633,#13634);
#12272=AXIS2_PLACEMENT_3D('',#17053,#13635,#13636);
#12273=AXIS2_PLACEMENT_3D('',#17054,#13637,#13638);
#12274=AXIS2_PLACEMENT_3D('',#17055,#13639,#13640);
#12275=AXIS2_PLACEMENT_3D('',#17056,#13641,#13642);
#12276=AXIS2_PLACEMENT_3D('',#17059,#13645,#13646);
#12277=AXIS2_PLACEMENT_3D('',#17062,#13649,#13650);
#12278=AXIS2_PLACEMENT_3D('',#17064,#13652,#13653);
#12279=AXIS2_PLACEMENT_3D('',#17066,#13655,#13656);
#12280=AXIS2_PLACEMENT_3D('',#17067,#13657,#13658);
#12281=AXIS2_PLACEMENT_3D('',#17068,#13659,#13660);
#12282=AXIS2_PLACEMENT_3D('',#17069,#13661,#13662);
#12283=AXIS2_PLACEMENT_3D('',#17070,#13663,#13664);
#12284=AXIS2_PLACEMENT_3D('',#17071,#13665,#13666);
#12285=AXIS2_PLACEMENT_3D('',#17072,#13667,#13668);
#12286=AXIS2_PLACEMENT_3D('',#17073,#13669,#13670);
#12287=AXIS2_PLACEMENT_3D('',#17074,#13671,#13672);
#12288=AXIS2_PLACEMENT_3D('',#17075,#13673,#13674);
#12289=AXIS2_PLACEMENT_3D('',#17076,#13675,#13676);
#12290=AXIS2_PLACEMENT_3D('',#17077,#13677,#13678);
#12291=AXIS2_PLACEMENT_3D('',#17078,#13679,#13680);
#12292=AXIS2_PLACEMENT_3D('',#17079,#13681,#13682);
#12293=AXIS2_PLACEMENT_3D('',#17080,#13683,#13684);
#12294=AXIS2_PLACEMENT_3D('',#17082,#13685,#13686);
#12295=AXIS2_PLACEMENT_3D('',#17083,#13687,#13688);
#12296=AXIS2_PLACEMENT_3D('',#17085,#13689,#13690);
#12297=AXIS2_PLACEMENT_3D('',#17086,#13691,#13692);
#12298=AXIS2_PLACEMENT_3D('',#17091,#13694,#13695);
#12299=AXIS2_PLACEMENT_3D('',#17094,#13697,#13698);
#12300=AXIS2_PLACEMENT_3D('',#17100,#13702,#13703);
#12301=AXIS2_PLACEMENT_3D('',#17101,#13704,#13705);
#12302=AXIS2_PLACEMENT_3D('',#17105,#13707,#13708);
#12303=AXIS2_PLACEMENT_3D('',#17106,#13709,#13710);
#12304=AXIS2_PLACEMENT_3D('',#17112,#13714,#13715);
#12305=AXIS2_PLACEMENT_3D('',#17113,#13716,#13717);
#12306=AXIS2_PLACEMENT_3D('',#17117,#13719,#13720);
#12307=AXIS2_PLACEMENT_3D('',#17118,#13721,#13722);
#12308=AXIS2_PLACEMENT_3D('',#17124,#13726,#13727);
#12309=AXIS2_PLACEMENT_3D('',#17125,#13728,#13729);
#12310=AXIS2_PLACEMENT_3D('',#17129,#13731,#13732);
#12311=AXIS2_PLACEMENT_3D('',#17130,#13733,#13734);
#12312=AXIS2_PLACEMENT_3D('',#17133,#13737,#13738);
#12313=AXIS2_PLACEMENT_3D('',#17134,#13739,#13740);
#12314=AXIS2_PLACEMENT_3D('',#17136,#13741,#13742);
#12315=AXIS2_PLACEMENT_3D('',#17138,#13743,#13744);
#12316=AXIS2_PLACEMENT_3D('',#17140,#13745,#13746);
#12317=AXIS2_PLACEMENT_3D('',#17142,#13747,#13748);
#12318=AXIS2_PLACEMENT_3D('',#17143,#13749,#13750);
#12319=AXIS2_PLACEMENT_3D('',#17144,#13751,#13752);
#12320=AXIS2_PLACEMENT_3D('',#17146,#13753,#13754);
#12321=AXIS2_PLACEMENT_3D('',#17148,#13755,#13756);
#12322=AXIS2_PLACEMENT_3D('',#17149,#13757,#13758);
#12323=AXIS2_PLACEMENT_3D('',#17151,#13759,#13760);
#12324=AXIS2_PLACEMENT_3D('',#17152,#13761,#13762);
#12325=AXIS2_PLACEMENT_3D('',#17153,#13763,#13764);
#12326=AXIS2_PLACEMENT_3D('',#17155,#13765,#13766);
#12327=AXIS2_PLACEMENT_3D('',#17156,#13767,#13768);
#12328=AXIS2_PLACEMENT_3D('',#17157,#13769,#13770);
#12329=AXIS2_PLACEMENT_3D('',#17163,#13771,#13772);
#12330=AXIS2_PLACEMENT_3D('',#17169,#13773,#13774);
#12331=AXIS2_PLACEMENT_3D('',#17172,#13776,#13777);
#12332=AXIS2_PLACEMENT_3D('',#17175,#13779,#13780);
#12333=AXIS2_PLACEMENT_3D('',#17180,#13781,#13782);
#12334=AXIS2_PLACEMENT_3D('',#17185,#13783,#13784);
#12335=AXIS2_PLACEMENT_3D('',#17186,#13785,#13786);
#12336=AXIS2_PLACEMENT_3D('',#17188,#13787,#13788);
#12337=AXIS2_PLACEMENT_3D('',#17189,#13789,#13790);
#12338=AXIS2_PLACEMENT_3D('',#17191,#13791,#13792);
#12339=AXIS2_PLACEMENT_3D('',#17192,#13793,#13794);
#12340=AXIS2_PLACEMENT_3D('',#17194,#13795,#13796);
#12341=AXIS2_PLACEMENT_3D('',#17195,#13797,#13798);
#12342=AXIS2_PLACEMENT_3D('',#17196,#13799,#13800);
#12343=AXIS2_PLACEMENT_3D('',#17197,#13801,#13802);
#12344=AXIS2_PLACEMENT_3D('',#17198,#13803,#13804);
#12345=AXIS2_PLACEMENT_3D('',#17199,#13805,#13806);
#12346=AXIS2_PLACEMENT_3D('',#17200,#13807,#13808);
#12347=AXIS2_PLACEMENT_3D('',#17201,#13809,#13810);
#12348=AXIS2_PLACEMENT_3D('',#17202,#13811,#13812);
#12349=AXIS2_PLACEMENT_3D('',#17204,#13813,#13814);
#12350=AXIS2_PLACEMENT_3D('',#17205,#13815,#13816);
#12351=AXIS2_PLACEMENT_3D('',#17206,#13817,#13818);
#12352=AXIS2_PLACEMENT_3D('',#17208,#13819,#13820);
#12353=AXIS2_PLACEMENT_3D('',#17209,#13821,#13822);
#12354=AXIS2_PLACEMENT_3D('',#17211,#13823,#13824);
#12355=AXIS2_PLACEMENT_3D('',#17212,#13825,#13826);
#12356=AXIS2_PLACEMENT_3D('',#17214,#13827,#13828);
#12357=AXIS2_PLACEMENT_3D('',#17215,#13829,#13830);
#12358=AXIS2_PLACEMENT_3D('',#17216,#13831,#13832);
#12359=AXIS2_PLACEMENT_3D('',#17218,#13833,#13834);
#12360=AXIS2_PLACEMENT_3D('',#17219,#13835,#13836);
#12361=AXIS2_PLACEMENT_3D('',#17221,#13837,#13838);
#12362=AXIS2_PLACEMENT_3D('',#17222,#13839,#13840);
#12363=AXIS2_PLACEMENT_3D('',#17224,#13841,#13842);
#12364=AXIS2_PLACEMENT_3D('',#17225,#13843,#13844);
#12365=AXIS2_PLACEMENT_3D('',#17227,#13845,#13846);
#12366=AXIS2_PLACEMENT_3D('',#17228,#13847,#13848);
#12367=AXIS2_PLACEMENT_3D('',#17230,#13849,#13850);
#12368=AXIS2_PLACEMENT_3D('',#17231,#13851,#13852);
#12369=AXIS2_PLACEMENT_3D('',#17233,#13853,#13854);
#12370=AXIS2_PLACEMENT_3D('',#17234,#13855,#13856);
#12371=AXIS2_PLACEMENT_3D('',#17236,#13857,#13858);
#12372=AXIS2_PLACEMENT_3D('',#17237,#13859,#13860);
#12373=AXIS2_PLACEMENT_3D('',#17238,#13861,#13862);
#12374=AXIS2_PLACEMENT_3D('',#17240,#13863,#13864);
#12375=AXIS2_PLACEMENT_3D('',#17241,#13865,#13866);
#12376=AXIS2_PLACEMENT_3D('',#17242,#13867,#13868);
#12377=AXIS2_PLACEMENT_3D('',#17244,#13869,#13870);
#12378=AXIS2_PLACEMENT_3D('',#17245,#13871,#13872);
#12379=AXIS2_PLACEMENT_3D('',#17248,#13874,#13875);
#12380=AXIS2_PLACEMENT_3D('',#17251,#13877,#13878);
#12381=AXIS2_PLACEMENT_3D('',#17253,#13880,#13881);
#12382=AXIS2_PLACEMENT_3D('',#17255,#13883,#13884);
#12383=AXIS2_PLACEMENT_3D('',#17256,#13885,#13886);
#12384=AXIS2_PLACEMENT_3D('',#17257,#13887,#13888);
#12385=AXIS2_PLACEMENT_3D('',#17258,#13889,#13890);
#12386=AXIS2_PLACEMENT_3D('',#17260,#13891,#13892);
#12387=AXIS2_PLACEMENT_3D('',#17262,#13893,#13894);
#12388=AXIS2_PLACEMENT_3D('',#17263,#13895,#13896);
#12389=AXIS2_PLACEMENT_3D('',#17265,#13897,#13898);
#12390=AXIS2_PLACEMENT_3D('',#17267,#13899,#13900);
#12391=AXIS2_PLACEMENT_3D('',#17269,#13901,#13902);
#12392=AXIS2_PLACEMENT_3D('',#17271,#13903,#13904);
#12393=AXIS2_PLACEMENT_3D('',#17273,#13905,#13906);
#12394=AXIS2_PLACEMENT_3D('',#17274,#13907,#13908);
#12395=AXIS2_PLACEMENT_3D('',#17276,#13909,#13910);
#12396=AXIS2_PLACEMENT_3D('',#17277,#13911,#13912);
#12397=AXIS2_PLACEMENT_3D('',#17279,#13913,#13914);
#12398=AXIS2_PLACEMENT_3D('',#17280,#13915,#13916);
#12399=AXIS2_PLACEMENT_3D('',#17282,#13917,#13918);
#12400=AXIS2_PLACEMENT_3D('',#17283,#13919,#13920);
#12401=AXIS2_PLACEMENT_3D('',#17285,#13921,#13922);
#12402=AXIS2_PLACEMENT_3D('',#17287,#13923,#13924);
#12403=AXIS2_PLACEMENT_3D('',#17289,#13925,#13926);
#12404=AXIS2_PLACEMENT_3D('',#17291,#13927,#13928);
#12405=AXIS2_PLACEMENT_3D('',#17293,#13929,#13930);
#12406=AXIS2_PLACEMENT_3D('',#17294,#13931,#13932);
#12407=AXIS2_PLACEMENT_3D('',#17296,#13933,#13934);
#12408=AXIS2_PLACEMENT_3D('',#17297,#13935,#13936);
#12409=AXIS2_PLACEMENT_3D('',#17299,#13937,#13938);
#12410=AXIS2_PLACEMENT_3D('',#17301,#13939,#13940);
#12411=AXIS2_PLACEMENT_3D('',#17303,#13941,#13942);
#12412=AXIS2_PLACEMENT_3D('',#17305,#13943,#13944);
#12413=AXIS2_PLACEMENT_3D('',#17307,#13945,#13946);
#12414=AXIS2_PLACEMENT_3D('',#17308,#13947,#13948);
#12415=AXIS2_PLACEMENT_3D('',#17310,#13949,#13950);
#12416=AXIS2_PLACEMENT_3D('',#17311,#13951,#13952);
#12417=AXIS2_PLACEMENT_3D('',#17313,#13953,#13954);
#12418=AXIS2_PLACEMENT_3D('',#17314,#13955,#13956);
#12419=AXIS2_PLACEMENT_3D('',#17316,#13957,#13958);
#12420=AXIS2_PLACEMENT_3D('',#17317,#13959,#13960);
#12421=AXIS2_PLACEMENT_3D('',#17319,#13961,#13962);
#12422=AXIS2_PLACEMENT_3D('',#17321,#13963,#13964);
#12423=AXIS2_PLACEMENT_3D('',#17323,#13965,#13966);
#12424=AXIS2_PLACEMENT_3D('',#17325,#13967,#13968);
#12425=AXIS2_PLACEMENT_3D('',#17326,#13969,#13970);
#12426=AXIS2_PLACEMENT_3D('',#17327,#13971,#13972);
#12427=AXIS2_PLACEMENT_3D('',#17328,#13973,#13974);
#12428=AXIS2_PLACEMENT_3D('',#17329,#13975,#13976);
#12429=AXIS2_PLACEMENT_3D('',#17330,#13977,#13978);
#12430=AXIS2_PLACEMENT_3D('',#17331,#13979,#13980);
#12431=AXIS2_PLACEMENT_3D('',#17332,#13981,#13982);
#12432=AXIS2_PLACEMENT_3D('',#17333,#13983,#13984);
#12433=AXIS2_PLACEMENT_3D('',#17334,#13985,#13986);
#12434=AXIS2_PLACEMENT_3D('',#17338,#13988,#13989);
#12435=AXIS2_PLACEMENT_3D('',#17342,#13991,#13992);
#12436=AXIS2_PLACEMENT_3D('',#17346,#13994,#13995);
#12437=AXIS2_PLACEMENT_3D('',#17348,#13996,#13997);
#12438=AXIS2_PLACEMENT_3D('',#17349,#13998,#13999);
#12439=AXIS2_PLACEMENT_3D('',#17353,#14001,#14002);
#12440=AXIS2_PLACEMENT_3D('',#17355,#14003,#14004);
#12441=AXIS2_PLACEMENT_3D('',#17357,#14005,#14006);
#12442=AXIS2_PLACEMENT_3D('',#17358,#14007,#14008);
#12443=AXIS2_PLACEMENT_3D('',#17359,#14009,#14010);
#12444=AXIS2_PLACEMENT_3D('',#17364,#14012,#14013);
#12445=AXIS2_PLACEMENT_3D('',#17367,#14015,#14016);
#12446=AXIS2_PLACEMENT_3D('',#17368,#14017,#14018);
#12447=AXIS2_PLACEMENT_3D('',#17373,#14020,#14021);
#12448=AXIS2_PLACEMENT_3D('',#17376,#14023,#14024);
#12449=AXIS2_PLACEMENT_3D('',#17377,#14025,#14026);
#12450=AXIS2_PLACEMENT_3D('',#17382,#14028,#14029);
#12451=AXIS2_PLACEMENT_3D('',#17385,#14031,#14032);
#12452=AXIS2_PLACEMENT_3D('',#17389,#14034,#14035);
#12453=AXIS2_PLACEMENT_3D('',#17393,#14037,#14038);
#12454=AXIS2_PLACEMENT_3D('',#17394,#14039,#14040);
#12455=AXIS2_PLACEMENT_3D('',#17395,#14041,#14042);
#12456=AXIS2_PLACEMENT_3D('',#17400,#14044,#14045);
#12457=AXIS2_PLACEMENT_3D('',#17403,#14047,#14048);
#12458=AXIS2_PLACEMENT_3D('',#17404,#14049,#14050);
#12459=AXIS2_PLACEMENT_3D('',#17409,#14052,#14053);
#12460=AXIS2_PLACEMENT_3D('',#17412,#14055,#14056);
#12461=AXIS2_PLACEMENT_3D('',#17413,#14057,#14058);
#12462=AXIS2_PLACEMENT_3D('',#17418,#14060,#14061);
#12463=AXIS2_PLACEMENT_3D('',#17421,#14063,#14064);
#12464=AXIS2_PLACEMENT_3D('',#17430,#14069,#14070);
#12465=AXIS2_PLACEMENT_3D('',#17439,#14075,#14076);
#12466=AXIS2_PLACEMENT_3D('',#17442,#14079,#14080);
#12467=AXIS2_PLACEMENT_3D('',#17443,#14081,#14082);
#12468=AXIS2_PLACEMENT_3D('',#17446,#14084,#14085);
#12469=AXIS2_PLACEMENT_3D('',#17449,#14087,#14088);
#12470=AXIS2_PLACEMENT_3D('',#17451,#14089,#14090);
#12471=AXIS2_PLACEMENT_3D('',#17457,#14091,#14092);
#12472=AXIS2_PLACEMENT_3D('',#17463,#14093,#14094);
#12473=AXIS2_PLACEMENT_3D('',#17469,#14098,#14099);
#12474=AXIS2_PLACEMENT_3D('',#17470,#14100,#14101);
#12475=AXIS2_PLACEMENT_3D('',#17475,#14103,#14104);
#12476=AXIS2_PLACEMENT_3D('',#17479,#14106,#14107);
#12477=AXIS2_PLACEMENT_3D('',#17482,#14109,#14110);
#12478=AXIS2_PLACEMENT_3D('',#17483,#14111,#14112);
#12479=AXIS2_PLACEMENT_3D('',#17488,#14114,#14115);
#12480=AXIS2_PLACEMENT_3D('',#17492,#14117,#14118);
#12481=AXIS2_PLACEMENT_3D('',#17495,#14120,#14121);
#12482=AXIS2_PLACEMENT_3D('',#17508,#14122,#14123);
#12483=AXIS2_PLACEMENT_3D('',#17509,#14124,#14125);
#12484=AXIS2_PLACEMENT_3D('',#17516,#14126,#14127);
#12485=AXIS2_PLACEMENT_3D('',#17523,#14128,#14129);
#12486=AXIS2_PLACEMENT_3D('',#17529,#14130,#14131);
#12487=AXIS2_PLACEMENT_3D('',#17535,#14132,#14133);
#12488=AXIS2_PLACEMENT_3D('',#17546,#14134,#14135);
#12489=AXIS2_PLACEMENT_3D('',#17547,#14136,#14137);
#12490=AXIS2_PLACEMENT_3D('',#17560,#14138,#14139);
#12491=AXIS2_PLACEMENT_3D('',#17566,#14140,#14141);
#12492=AXIS2_PLACEMENT_3D('',#17578,#14142,#14143);
#12493=AXIS2_PLACEMENT_3D('',#17579,#14144,#14145);
#12494=AXIS2_PLACEMENT_3D('',#17580,#14146,#14147);
#12495=AXIS2_PLACEMENT_3D('',#17585,#14149,#14150);
#12496=AXIS2_PLACEMENT_3D('',#17589,#14152,#14153);
#12497=AXIS2_PLACEMENT_3D('',#17592,#14155,#14156);
#12498=AXIS2_PLACEMENT_3D('',#17593,#14157,#14158);
#12499=AXIS2_PLACEMENT_3D('',#17598,#14160,#14161);
#12500=AXIS2_PLACEMENT_3D('',#17602,#14163,#14164);
#12501=AXIS2_PLACEMENT_3D('',#17605,#14166,#14167);
#12502=AXIS2_PLACEMENT_3D('',#17618,#14168,#14169);
#12503=AXIS2_PLACEMENT_3D('',#17619,#14170,#14171);
#12504=AXIS2_PLACEMENT_3D('',#17626,#14172,#14173);
#12505=AXIS2_PLACEMENT_3D('',#17633,#14174,#14175);
#12506=AXIS2_PLACEMENT_3D('',#17644,#14176,#14177);
#12507=AXIS2_PLACEMENT_3D('',#17645,#14178,#14179);
#12508=AXIS2_PLACEMENT_3D('',#17651,#14180,#14181);
#12509=AXIS2_PLACEMENT_3D('',#17657,#14182,#14183);
#12510=AXIS2_PLACEMENT_3D('',#17670,#14184,#14185);
#12511=AXIS2_PLACEMENT_3D('',#17676,#14186,#14187);
#12512=AXIS2_PLACEMENT_3D('',#17683,#14188,#14189);
#12513=AXIS2_PLACEMENT_3D('',#17689,#14190,#14191);
#12514=AXIS2_PLACEMENT_3D('',#17697,#14192,#14193);
#12515=AXIS2_PLACEMENT_3D('',#17704,#14194,#14195);
#12516=AXIS2_PLACEMENT_3D('',#17705,#14196,#14197);
#12517=AXIS2_PLACEMENT_3D('',#17713,#14198,#14199);
#12518=AXIS2_PLACEMENT_3D('',#17720,#14200,#14201);
#12519=AXIS2_PLACEMENT_3D('',#17721,#14202,#14203);
#12520=AXIS2_PLACEMENT_3D('',#17728,#14204,#14205);
#12521=AXIS2_PLACEMENT_3D('',#17734,#14206,#14207);
#12522=AXIS2_PLACEMENT_3D('',#17742,#14208,#14209);
#12523=AXIS2_PLACEMENT_3D('',#17749,#14210,#14211);
#12524=AXIS2_PLACEMENT_3D('',#17750,#14212,#14213);
#12525=AXIS2_PLACEMENT_3D('',#17757,#14214,#14215);
#12526=AXIS2_PLACEMENT_3D('',#17764,#14216,#14217);
#12527=AXIS2_PLACEMENT_3D('',#17765,#14218,#14219);
#12528=AXIS2_PLACEMENT_3D('',#17777,#14220,#14221);
#12529=AXIS2_PLACEMENT_3D('',#17778,#14222,#14223);
#12530=AXIS2_PLACEMENT_3D('',#17783,#14226,#14227);
#12531=AXIS2_PLACEMENT_3D('',#17784,#14228,#14229);
#12532=AXIS2_PLACEMENT_3D('',#17787,#14231,#14232);
#12533=AXIS2_PLACEMENT_3D('',#17790,#14234,#14235);
#12534=AXIS2_PLACEMENT_3D('',#17793,#14237,#14238);
#12535=AXIS2_PLACEMENT_3D('',#17796,#14240,#14241);
#12536=AXIS2_PLACEMENT_3D('',#17799,#14243,#14244);
#12537=AXIS2_PLACEMENT_3D('',#17802,#14246,#14247);
#12538=AXIS2_PLACEMENT_3D('',#17803,#14248,#14249);
#12539=AXIS2_PLACEMENT_3D('',#17816,#14250,#14251);
#12540=AXIS2_PLACEMENT_3D('',#17823,#14252,#14253);
#12541=AXIS2_PLACEMENT_3D('',#17830,#14254,#14255);
#12542=AXIS2_PLACEMENT_3D('',#17837,#14256,#14257);
#12543=AXIS2_PLACEMENT_3D('',#17844,#14258,#14259);
#12544=AXIS2_PLACEMENT_3D('',#17851,#14260,#14261);
#12545=AXIS2_PLACEMENT_3D('',#17858,#14262,#14263);
#12546=AXIS2_PLACEMENT_3D('',#17859,#14264,#14265);
#12547=AXIS2_PLACEMENT_3D('',#17870,#14266,#14267);
#12548=AXIS2_PLACEMENT_3D('',#17876,#14268,#14269);
#12549=AXIS2_PLACEMENT_3D('',#17882,#14270,#14271);
#12550=AXIS2_PLACEMENT_3D('',#17888,#14272,#14273);
#12551=AXIS2_PLACEMENT_3D('',#17894,#14274,#14275);
#12552=AXIS2_PLACEMENT_3D('',#17900,#14276,#14277);
#12553=AXIS2_PLACEMENT_3D('',#17906,#14278,#14279);
#12554=AXIS2_PLACEMENT_3D('',#17917,#14280,#14281);
#12555=AXIS2_PLACEMENT_3D('',#17918,#14282,#14283);
#12556=AXIS2_PLACEMENT_3D('',#17924,#14284,#14285);
#12557=AXIS2_PLACEMENT_3D('',#17930,#14286,#14287);
#12558=AXIS2_PLACEMENT_3D('',#17936,#14288,#14289);
#12559=AXIS2_PLACEMENT_3D('',#17942,#14290,#14291);
#12560=AXIS2_PLACEMENT_3D('',#17948,#14292,#14293);
#12561=AXIS2_PLACEMENT_3D('',#17954,#14294,#14295);
#12562=AXIS2_PLACEMENT_3D('',#17955,#14296,#14297);
#12563=AXIS2_PLACEMENT_3D('',#17966,#14298,#14299);
#12564=AXIS2_PLACEMENT_3D('',#17972,#14300,#14301);
#12565=AXIS2_PLACEMENT_3D('',#17978,#14302,#14303);
#12566=AXIS2_PLACEMENT_3D('',#17984,#14304,#14305);
#12567=AXIS2_PLACEMENT_3D('',#17990,#14306,#14307);
#12568=AXIS2_PLACEMENT_3D('',#17996,#14308,#14309);
#12569=AXIS2_PLACEMENT_3D('',#18002,#14310,#14311);
#12570=AXIS2_PLACEMENT_3D('',#18008,#14312,#14313);
#12571=AXIS2_PLACEMENT_3D('',#18014,#14314,#14315);
#12572=AXIS2_PLACEMENT_3D('',#18020,#14316,#14317);
#12573=AXIS2_PLACEMENT_3D('',#18026,#14318,#14319);
#12574=AXIS2_PLACEMENT_3D('',#18033,#14320,#14321);
#12575=AXIS2_PLACEMENT_3D('',#18040,#14322,#14323);
#12576=AXIS2_PLACEMENT_3D('',#18047,#14324,#14325);
#12577=AXIS2_PLACEMENT_3D('',#18048,#14326,#14327);
#12578=AXIS2_PLACEMENT_3D('',#18055,#14328,#14329);
#12579=AXIS2_PLACEMENT_3D('',#18062,#14330,#14331);
#12580=AXIS2_PLACEMENT_3D('',#18069,#14332,#14333);
#12581=AXIS2_PLACEMENT_3D('',#18070,#14334,#14335);
#12582=AXIS2_PLACEMENT_3D('',#18084,#14336,#14337);
#12583=AXIS2_PLACEMENT_3D('',#18098,#14338,#14339);
#12584=AXIS2_PLACEMENT_3D('',#18113,#14340,#14341);
#12585=AXIS2_PLACEMENT_3D('',#18127,#14342,#14343);
#12586=AXIS2_PLACEMENT_3D('',#18138,#14344,#14345);
#12587=AXIS2_PLACEMENT_3D('',#18176,#14346,#14347);
#12588=AXIS2_PLACEMENT_3D('',#18206,#14348,#14349);
#12589=AXIS2_PLACEMENT_3D('',#18233,#14350,#14351);
#12590=AXIS2_PLACEMENT_3D('',#18234,#14352,#14353);
#12591=AXIS2_PLACEMENT_3D('',#18238,#14355,#14356);
#12592=AXIS2_PLACEMENT_3D('',#18240,#14357,#14358);
#12593=AXIS2_PLACEMENT_3D('',#18242,#14359,#14360);
#12594=AXIS2_PLACEMENT_3D('',#18244,#14361,#14362);
#12595=AXIS2_PLACEMENT_3D('',#18246,#14363,#14364);
#12596=AXIS2_PLACEMENT_3D('',#18249,#14366,#14367);
#12597=AXIS2_PLACEMENT_3D('',#18250,#14368,#14369);
#12598=AXIS2_PLACEMENT_3D('',#18251,#14370,#14371);
#12599=AXIS2_PLACEMENT_3D('',#18277,#14372,#14373);
#12600=AXIS2_PLACEMENT_3D('',#18303,#14374,#14375);
#12601=AXIS2_PLACEMENT_3D('',#18304,#14376,#14377);
#12602=AXIS2_PLACEMENT_3D('',#18309,#14379,#14380);
#12603=AXIS2_PLACEMENT_3D('',#18313,#14382,#14383);
#12604=AXIS2_PLACEMENT_3D('',#18317,#14385,#14386);
#12605=AXIS2_PLACEMENT_3D('',#18321,#14388,#14389);
#12606=AXIS2_PLACEMENT_3D('',#18325,#14391,#14392);
#12607=AXIS2_PLACEMENT_3D('',#18329,#14394,#14395);
#12608=AXIS2_PLACEMENT_3D('',#18333,#14397,#14398);
#12609=AXIS2_PLACEMENT_3D('',#18337,#14400,#14401);
#12610=AXIS2_PLACEMENT_3D('',#18341,#14403,#14404);
#12611=AXIS2_PLACEMENT_3D('',#18345,#14406,#14407);
#12612=AXIS2_PLACEMENT_3D('',#18349,#14409,#14410);
#12613=AXIS2_PLACEMENT_3D('',#18353,#14412,#14413);
#12614=AXIS2_PLACEMENT_3D('',#18354,#14414,#14415);
#12615=AXIS2_PLACEMENT_3D('',#18355,#14416,#14417);
#12616=AXIS2_PLACEMENT_3D('',#18363,#14421,#14422);
#12617=AXIS2_PLACEMENT_3D('',#18364,#14423,#14424);
#12618=AXIS2_PLACEMENT_3D('',#18368,#14426,#14427);
#12619=AXIS2_PLACEMENT_3D('',#18369,#14428,#14429);
#12620=AXIS2_PLACEMENT_3D('',#18374,#14432,#14433);
#12621=AXIS2_PLACEMENT_3D('',#18378,#14435,#14436);
#12622=AXIS2_PLACEMENT_3D('',#18391,#14443,#14444);
#12623=AXIS2_PLACEMENT_3D('',#18392,#14445,#14446);
#12624=AXIS2_PLACEMENT_3D('',#18397,#14448,#14449);
#12625=AXIS2_PLACEMENT_3D('',#18401,#14451,#14452);
#12626=AXIS2_PLACEMENT_3D('',#18405,#14454,#14455);
#12627=AXIS2_PLACEMENT_3D('',#18411,#14458,#14459);
#12628=AXIS2_PLACEMENT_3D('',#18415,#14461,#14462);
#12629=AXIS2_PLACEMENT_3D('',#18416,#14463,#14464);
#12630=AXIS2_PLACEMENT_3D('',#18417,#14465,#14466);
#12631=AXIS2_PLACEMENT_3D('',#18422,#14468,#14469);
#12632=AXIS2_PLACEMENT_3D('',#18425,#14471,#14472);
#12633=AXIS2_PLACEMENT_3D('',#18438,#14473,#14474);
#12634=AXIS2_PLACEMENT_3D('',#18445,#14475,#14476);
#12635=AXIS2_PLACEMENT_3D('',#18452,#14477,#14478);
#12636=AXIS2_PLACEMENT_3D('',#18459,#14479,#14480);
#12637=AXIS2_PLACEMENT_3D('',#18466,#14481,#14482);
#12638=AXIS2_PLACEMENT_3D('',#18473,#14483,#14484);
#12639=AXIS2_PLACEMENT_3D('',#18480,#14485,#14486);
#12640=AXIS2_PLACEMENT_3D('',#18487,#14487,#14488);
#12641=AXIS2_PLACEMENT_3D('',#18494,#14489,#14490);
#12642=AXIS2_PLACEMENT_3D('',#18504,#14493,#14494);
#12643=AXIS2_PLACEMENT_3D('',#18510,#14495,#14496);
#12644=AXIS2_PLACEMENT_3D('',#18520,#14499,#14500);
#12645=AXIS2_PLACEMENT_3D('',#18526,#14501,#14502);
#12646=AXIS2_PLACEMENT_3D('',#18529,#14504,#14505);
#12647=AXIS2_PLACEMENT_3D('',#18532,#14507,#14508);
#12648=AXIS2_PLACEMENT_3D('',#18537,#14511,#14512);
#12649=AXIS2_PLACEMENT_3D('',#18538,#14513,#14514);
#12650=AXIS2_PLACEMENT_3D('',#18539,#14515,#14516);
#12651=AXIS2_PLACEMENT_3D('',#18550,#14517,#14518);
#12652=AXIS2_PLACEMENT_3D('',#18551,#14519,#14520);
#12653=AXIS2_PLACEMENT_3D('',#18562,#14521,#14522);
#12654=AXIS2_PLACEMENT_3D('',#18568,#14523,#14524);
#12655=AXIS2_PLACEMENT_3D('',#18574,#14525,#14526);
#12656=AXIS2_PLACEMENT_3D('',#18585,#14527,#14528);
#12657=AXIS2_PLACEMENT_3D('',#18586,#14529,#14530);
#12658=AXIS2_PLACEMENT_3D('',#18593,#14531,#14532);
#12659=AXIS2_PLACEMENT_3D('',#18600,#14533,#14534);
#12660=AXIS2_PLACEMENT_3D('',#18613,#14535,#14536);
#12661=AXIS2_PLACEMENT_3D('',#18614,#14537,#14538);
#12662=AXIS2_PLACEMENT_3D('',#18615,#14539,#14540);
#12663=AXIS2_PLACEMENT_3D('',#18633,#14541,#14542);
#12664=AXIS2_PLACEMENT_3D('',#18639,#14543,#14544);
#12665=AXIS2_PLACEMENT_3D('',#18650,#14545,#14546);
#12666=AXIS2_PLACEMENT_3D('',#18656,#14547,#14548);
#12667=AXIS2_PLACEMENT_3D('',#18657,#14549,#14550);
#12668=AXIS2_PLACEMENT_3D('',#18669,#14551,#14552);
#12669=AXIS2_PLACEMENT_3D('',#18679,#14553,#14554);
#12670=AXIS2_PLACEMENT_3D('',#18680,#14555,#14556);
#12671=AXIS2_PLACEMENT_3D('',#18681,#14557,#14558);
#12672=AXIS2_PLACEMENT_3D('',#18682,#14559,#14560);
#12673=AXIS2_PLACEMENT_3D('',#18683,#14561,#14562);
#12674=AXIS2_PLACEMENT_3D('',#18684,#14563,#14564);
#12675=AXIS2_PLACEMENT_3D('',#18685,#14565,#14566);
#12676=AXIS2_PLACEMENT_3D('',#18686,#14567,#14568);
#12677=AXIS2_PLACEMENT_3D('',#18688,#14569,#14570);
#12678=AXIS2_PLACEMENT_3D('',#18690,#14571,#14572);
#12679=AXIS2_PLACEMENT_3D('',#18692,#14573,#14574);
#12680=AXIS2_PLACEMENT_3D('',#18694,#14575,#14576);
#12681=AXIS2_PLACEMENT_3D('',#18696,#14577,#14578);
#12682=AXIS2_PLACEMENT_3D('',#18697,#14579,#14580);
#12683=AXIS2_PLACEMENT_3D('',#18699,#14581,#14582);
#12684=AXIS2_PLACEMENT_3D('',#18700,#14583,#14584);
#12685=AXIS2_PLACEMENT_3D('',#18702,#14585,#14586);
#12686=AXIS2_PLACEMENT_3D('',#18703,#14587,#14588);
#12687=AXIS2_PLACEMENT_3D('',#18705,#14589,#14590);
#12688=AXIS2_PLACEMENT_3D('',#18706,#14591,#14592);
#12689=AXIS2_PLACEMENT_3D('',#18709,#14593,#14594);
#12690=AXIS2_PLACEMENT_3D('',#18710,#14595,#14596);
#12691=AXIS2_PLACEMENT_3D('',#18711,#14597,#14598);
#12692=AXIS2_PLACEMENT_3D('',#18712,#14599,#14600);
#12693=AXIS2_PLACEMENT_3D('',#18713,#14601,#14602);
#12694=AXIS2_PLACEMENT_3D('',#18716,#14603,#14604);
#12695=AXIS2_PLACEMENT_3D('',#18717,#14605,#14606);
#12696=AXIS2_PLACEMENT_3D('',#18718,#14607,#14608);
#12697=AXIS2_PLACEMENT_3D('',#18719,#14609,#14610);
#12698=AXIS2_PLACEMENT_3D('',#18720,#14611,#14612);
#12699=AXIS2_PLACEMENT_3D('',#18723,#14613,#14614);
#12700=AXIS2_PLACEMENT_3D('',#18724,#14615,#14616);
#12701=AXIS2_PLACEMENT_3D('',#18725,#14617,#14618);
#12702=AXIS2_PLACEMENT_3D('',#18726,#14619,#14620);
#12703=AXIS2_PLACEMENT_3D('',#18727,#14621,#14622);
#12704=AXIS2_PLACEMENT_3D('',#18730,#14623,#14624);
#12705=AXIS2_PLACEMENT_3D('',#18731,#14625,#14626);
#12706=AXIS2_PLACEMENT_3D('',#18732,#14627,#14628);
#12707=AXIS2_PLACEMENT_3D('',#18733,#14629,#14630);
#12708=AXIS2_PLACEMENT_3D('',#18734,#14631,#14632);
#12709=AXIS2_PLACEMENT_3D('',#18736,#14633,#14634);
#12710=AXIS2_PLACEMENT_3D('',#18737,#14635,#14636);
#12711=AXIS2_PLACEMENT_3D('',#18738,#14637,#14638);
#12712=AXIS2_PLACEMENT_3D('',#18739,#14639,#14640);
#12713=AXIS2_PLACEMENT_3D('',#18740,#14641,#14642);
#12714=AXIS2_PLACEMENT_3D('',#18741,#14643,#14644);
#12715=AXIS2_PLACEMENT_3D('',#18742,#14645,#14646);
#12716=AXIS2_PLACEMENT_3D('',#18743,#14647,#14648);
#12717=AXIS2_PLACEMENT_3D('',#18745,#14649,#14650);
#12718=AXIS2_PLACEMENT_3D('',#18748,#14652,#14653);
#12719=AXIS2_PLACEMENT_3D('',#18751,#14655,#14656);
#12720=AXIS2_PLACEMENT_3D('',#18753,#14658,#14659);
#12721=AXIS2_PLACEMENT_3D('',#18755,#14661,#14662);
#12722=AXIS2_PLACEMENT_3D('',#18756,#14663,#14664);
#12723=AXIS2_PLACEMENT_3D('',#18757,#14665,#14666);
#12724=AXIS2_PLACEMENT_3D('',#18759,#14667,#14668);
#12725=AXIS2_PLACEMENT_3D('',#18762,#14670,#14671);
#12726=AXIS2_PLACEMENT_3D('',#18765,#14673,#14674);
#12727=AXIS2_PLACEMENT_3D('',#18767,#14676,#14677);
#12728=AXIS2_PLACEMENT_3D('',#18769,#14679,#14680);
#12729=AXIS2_PLACEMENT_3D('',#18770,#14681,#14682);
#12730=AXIS2_PLACEMENT_3D('',#18771,#14683,#14684);
#12731=AXIS2_PLACEMENT_3D('',#18775,#14686,#14687);
#12732=AXIS2_PLACEMENT_3D('',#18778,#14689,#14690);
#12733=AXIS2_PLACEMENT_3D('',#18779,#14691,#14692);
#12734=AXIS2_PLACEMENT_3D('',#18781,#14694,#14695);
#12735=AXIS2_PLACEMENT_3D('',#18783,#14697,#14698);
#12736=AXIS2_PLACEMENT_3D('',#18784,#14699,#14700);
#12737=AXIS2_PLACEMENT_3D('',#18785,#14701,#14702);
#12738=AXIS2_PLACEMENT_3D('',#18786,#14703,#14704);
#12739=AXIS2_PLACEMENT_3D('',#18787,#14705,#14706);
#12740=AXIS2_PLACEMENT_3D('',#18790,#14709,#14710);
#12741=AXIS2_PLACEMENT_3D('',#18792,#14712,#14713);
#12742=AXIS2_PLACEMENT_3D('',#18794,#14715,#14716);
#12743=AXIS2_PLACEMENT_3D('',#18795,#14717,#14718);
#12744=AXIS2_PLACEMENT_3D('',#18805,#14724,#14725);
#12745=AXIS2_PLACEMENT_3D('',#18809,#14728,#14729);
#12746=AXIS2_PLACEMENT_3D('',#18813,#14732,#14733);
#12747=AXIS2_PLACEMENT_3D('',#18814,#14734,#14735);
#12748=AXIS2_PLACEMENT_3D('',#18815,#14736,#14737);
#12749=AXIS2_PLACEMENT_3D('',#18818,#14739,#14740);
#12750=AXIS2_PLACEMENT_3D('',#18822,#14742,#14743);
#12751=AXIS2_PLACEMENT_3D('',#18826,#14745,#14746);
#12752=AXIS2_PLACEMENT_3D('',#18830,#14748,#14749);
#12753=AXIS2_PLACEMENT_3D('',#18834,#14751,#14752);
#12754=AXIS2_PLACEMENT_3D('',#18838,#14754,#14755);
#12755=AXIS2_PLACEMENT_3D('',#18842,#14757,#14758);
#12756=AXIS2_PLACEMENT_3D('',#18846,#14760,#14761);
#12757=AXIS2_PLACEMENT_3D('',#18850,#14763,#14764);
#12758=AXIS2_PLACEMENT_3D('',#18854,#14766,#14767);
#12759=AXIS2_PLACEMENT_3D('',#18858,#14769,#14770);
#12760=AXIS2_PLACEMENT_3D('',#18861,#14772,#14773);
#12761=AXIS2_PLACEMENT_3D('',#18862,#14774,#14775);
#12762=AXIS2_PLACEMENT_3D('',#18876,#14782,#14783);
#12763=AXIS2_PLACEMENT_3D('',#18877,#14784,#14785);
#12764=AXIS2_PLACEMENT_3D('',#18883,#14789,#14790);
#12765=AXIS2_PLACEMENT_3D('',#18887,#14793,#14794);
#12766=AXIS2_PLACEMENT_3D('',#18891,#14797,#14798);
#12767=AXIS2_PLACEMENT_3D('',#18895,#14801,#14802);
#12768=AXIS2_PLACEMENT_3D('',#18899,#14805,#14806);
#12769=AXIS2_PLACEMENT_3D('',#18901,#14808,#14809);
#12770=AXIS2_PLACEMENT_3D('',#18902,#14810,#14811);
#12771=AXIS2_PLACEMENT_3D('',#18903,#14812,#14813);
#12772=AXIS2_PLACEMENT_3D('',#18917,#14820,#14821);
#12773=AXIS2_PLACEMENT_3D('',#18918,#14822,#14823);
#12774=AXIS2_PLACEMENT_3D('',#18919,#14824,#14825);
#12775=AXIS2_PLACEMENT_3D('',#18933,#14832,#14833);
#12776=AXIS2_PLACEMENT_3D('',#18934,#14834,#14835);
#12777=AXIS2_PLACEMENT_3D('',#18940,#14839,#14840);
#12778=AXIS2_PLACEMENT_3D('',#18944,#14843,#14844);
#12779=AXIS2_PLACEMENT_3D('',#18948,#14847,#14848);
#12780=AXIS2_PLACEMENT_3D('',#18952,#14851,#14852);
#12781=AXIS2_PLACEMENT_3D('',#18956,#14855,#14856);
#12782=AXIS2_PLACEMENT_3D('',#18958,#14858,#14859);
#12783=AXIS2_PLACEMENT_3D('',#18959,#14860,#14861);
#12784=AXIS2_PLACEMENT_3D('',#18965,#14865,#14866);
#12785=AXIS2_PLACEMENT_3D('',#18969,#14869,#14870);
#12786=AXIS2_PLACEMENT_3D('',#18973,#14873,#14874);
#12787=AXIS2_PLACEMENT_3D('',#18977,#14877,#14878);
#12788=AXIS2_PLACEMENT_3D('',#18981,#14881,#14882);
#12789=AXIS2_PLACEMENT_3D('',#18983,#14884,#14885);
#12790=AXIS2_PLACEMENT_3D('',#18984,#14886,#14887);
#12791=AXIS2_PLACEMENT_3D('',#18988,#14889,#14890);
#12792=AXIS2_PLACEMENT_3D('',#18992,#14892,#14893);
#12793=AXIS2_PLACEMENT_3D('',#18995,#14895,#14896);
#12794=AXIS2_PLACEMENT_3D('',#18998,#14898,#14899);
#12795=AXIS2_PLACEMENT_3D('',#19000,#14901,#14902);
#12796=AXIS2_PLACEMENT_3D('',#19002,#14904,#14905);
#12797=AXIS2_PLACEMENT_3D('',#19003,#14906,#14907);
#12798=AXIS2_PLACEMENT_3D('',#19009,#14911,#14912);
#12799=AXIS2_PLACEMENT_3D('',#19013,#14915,#14916);
#12800=AXIS2_PLACEMENT_3D('',#19017,#14919,#14920);
#12801=AXIS2_PLACEMENT_3D('',#19019,#14922,#14923);
#12802=AXIS2_PLACEMENT_3D('',#19020,#14924,#14925);
#12803=AXIS2_PLACEMENT_3D('',#19031,#14932,#14933);
#12804=AXIS2_PLACEMENT_3D('',#19033,#14934,#14935);
#12805=AXIS2_PLACEMENT_3D('',#19044,#14942,#14943);
#12806=AXIS2_PLACEMENT_3D('',#19046,#14944,#14945);
#12807=AXIS2_PLACEMENT_3D('',#19050,#14947,#14948);
#12808=AXIS2_PLACEMENT_3D('',#19054,#14950,#14951);
#12809=AXIS2_PLACEMENT_3D('',#19058,#14953,#14954);
#12810=AXIS2_PLACEMENT_3D('',#19062,#14956,#14957);
#12811=AXIS2_PLACEMENT_3D('',#19066,#14959,#14960);
#12812=AXIS2_PLACEMENT_3D('',#19070,#14962,#14963);
#12813=AXIS2_PLACEMENT_3D('',#19074,#14965,#14966);
#12814=AXIS2_PLACEMENT_3D('',#19078,#14968,#14969);
#12815=AXIS2_PLACEMENT_3D('',#19082,#14971,#14972);
#12816=AXIS2_PLACEMENT_3D('',#19086,#14974,#14975);
#12817=AXIS2_PLACEMENT_3D('',#19090,#14977,#14978);
#12818=AXIS2_PLACEMENT_3D('',#19094,#14980,#14981);
#12819=AXIS2_PLACEMENT_3D('',#19096,#14983,#14984);
#12820=AXIS2_PLACEMENT_3D('',#19098,#14986,#14987);
#12821=AXIS2_PLACEMENT_3D('',#19107,#14992,#14993);
#12822=AXIS2_PLACEMENT_3D('',#19113,#14997,#14998);
#12823=AXIS2_PLACEMENT_3D('',#19117,#15001,#15002);
#12824=AXIS2_PLACEMENT_3D('',#19121,#15005,#15006);
#12825=AXIS2_PLACEMENT_3D('',#19123,#15008,#15009);
#12826=AXIS2_PLACEMENT_3D('',#19124,#15010,#15011);
#12827=AXIS2_PLACEMENT_3D('',#19126,#15012,#15013);
#12828=AXIS2_PLACEMENT_3D('',#19128,#15014,#15015);
#12829=AXIS2_PLACEMENT_3D('',#19130,#15016,#15017);
#12830=AXIS2_PLACEMENT_3D('',#19132,#15018,#15019);
#12831=AXIS2_PLACEMENT_3D('',#19133,#15020,#15021);
#12832=AXIS2_PLACEMENT_3D('',#19135,#15022,#15023);
#12833=AXIS2_PLACEMENT_3D('',#19148,#15030,#15031);
#12834=AXIS2_PLACEMENT_3D('',#19149,#15032,#15033);
#12835=AXIS2_PLACEMENT_3D('',#19151,#15034,#15035);
#12836=AXIS2_PLACEMENT_3D('',#19164,#15042,#15043);
#12837=AXIS2_PLACEMENT_3D('',#19165,#15044,#15045);
#12838=AXIS2_PLACEMENT_3D('',#19167,#15046,#15047);
#12839=AXIS2_PLACEMENT_3D('',#19180,#15054,#15055);
#12840=AXIS2_PLACEMENT_3D('',#19181,#15056,#15057);
#12841=AXIS2_PLACEMENT_3D('',#19183,#15058,#15059);
#12842=AXIS2_PLACEMENT_3D('',#19196,#15066,#15067);
#12843=AXIS2_PLACEMENT_3D('',#19202,#15071,#15072);
#12844=AXIS2_PLACEMENT_3D('',#19206,#15075,#15076);
#12845=AXIS2_PLACEMENT_3D('',#19210,#15079,#15080);
#12846=AXIS2_PLACEMENT_3D('',#19214,#15083,#15084);
#12847=AXIS2_PLACEMENT_3D('',#19218,#15087,#15088);
#12848=AXIS2_PLACEMENT_3D('',#19220,#15090,#15091);
#12849=AXIS2_PLACEMENT_3D('',#19221,#15092,#15093);
#12850=AXIS2_PLACEMENT_3D('',#19227,#15097,#15098);
#12851=AXIS2_PLACEMENT_3D('',#19231,#15101,#15102);
#12852=AXIS2_PLACEMENT_3D('',#19235,#15105,#15106);
#12853=AXIS2_PLACEMENT_3D('',#19239,#15109,#15110);
#12854=AXIS2_PLACEMENT_3D('',#19243,#15113,#15114);
#12855=AXIS2_PLACEMENT_3D('',#19245,#15116,#15117);
#12856=AXIS2_PLACEMENT_3D('',#19246,#15118,#15119);
#12857=AXIS2_PLACEMENT_3D('',#19252,#15123,#15124);
#12858=AXIS2_PLACEMENT_3D('',#19256,#15127,#15128);
#12859=AXIS2_PLACEMENT_3D('',#19260,#15131,#15132);
#12860=AXIS2_PLACEMENT_3D('',#19264,#15135,#15136);
#12861=AXIS2_PLACEMENT_3D('',#19268,#15139,#15140);
#12862=AXIS2_PLACEMENT_3D('',#19270,#15142,#15143);
#12863=AXIS2_PLACEMENT_3D('',#19271,#15144,#15145);
#12864=AXIS2_PLACEMENT_3D('',#19277,#15149,#15150);
#12865=AXIS2_PLACEMENT_3D('',#19281,#15153,#15154);
#12866=AXIS2_PLACEMENT_3D('',#19285,#15157,#15158);
#12867=AXIS2_PLACEMENT_3D('',#19289,#15161,#15162);
#12868=AXIS2_PLACEMENT_3D('',#19293,#15165,#15166);
#12869=AXIS2_PLACEMENT_3D('',#19295,#15168,#15169);
#12870=AXIS2_PLACEMENT_3D('',#19296,#15170,#15171);
#12871=AXIS2_PLACEMENT_3D('',#19297,#15172,#15173);
#12872=AXIS2_PLACEMENT_3D('',#19311,#15180,#15181);
#12873=AXIS2_PLACEMENT_3D('',#19312,#15182,#15183);
#12874=AXIS2_PLACEMENT_3D('',#19318,#15187,#15188);
#12875=AXIS2_PLACEMENT_3D('',#19322,#15191,#15192);
#12876=AXIS2_PLACEMENT_3D('',#19326,#15195,#15196);
#12877=AXIS2_PLACEMENT_3D('',#19330,#15199,#15200);
#12878=AXIS2_PLACEMENT_3D('',#19334,#15203,#15204);
#12879=AXIS2_PLACEMENT_3D('',#19336,#15206,#15207);
#12880=AXIS2_PLACEMENT_3D('',#19337,#15208,#15209);
#12881=AXIS2_PLACEMENT_3D('',#19338,#15210,#15211);
#12882=AXIS2_PLACEMENT_3D('',#19340,#15212,#15213);
#12883=AXIS2_PLACEMENT_3D('',#19353,#15220,#15221);
#12884=AXIS2_PLACEMENT_3D('',#19359,#15225,#15226);
#12885=AXIS2_PLACEMENT_3D('',#19363,#15229,#15230);
#12886=AXIS2_PLACEMENT_3D('',#19367,#15233,#15234);
#12887=AXIS2_PLACEMENT_3D('',#19371,#15237,#15238);
#12888=AXIS2_PLACEMENT_3D('',#19375,#15241,#15242);
#12889=AXIS2_PLACEMENT_3D('',#19377,#15244,#15245);
#12890=AXIS2_PLACEMENT_3D('',#19378,#15246,#15247);
#12891=AXIS2_PLACEMENT_3D('',#19379,#15248,#15249);
#12892=AXIS2_PLACEMENT_3D('',#19382,#15251,#15252);
#12893=AXIS2_PLACEMENT_3D('',#19385,#15254,#15255);
#12894=AXIS2_PLACEMENT_3D('',#19386,#15256,#15257);
#12895=AXIS2_PLACEMENT_3D('',#19388,#15259,#15260);
#12896=AXIS2_PLACEMENT_3D('',#19389,#15261,#15262);
#12897=AXIS2_PLACEMENT_3D('',#19395,#15266,#15267);
#12898=AXIS2_PLACEMENT_3D('',#19396,#15268,#15269);
#12899=AXIS2_PLACEMENT_3D('',#19397,#15270,#15271);
#12900=AXIS2_PLACEMENT_3D('',#19398,#15272,#15273);
#12901=AXIS2_PLACEMENT_3D('',#19399,#15274,#15275);
#12902=AXIS2_PLACEMENT_3D('',#19400,#15276,#15277);
#12903=AXIS2_PLACEMENT_3D('',#19402,#15279,#15280);
#12904=AXIS2_PLACEMENT_3D('',#19403,#15281,#15282);
#12905=AXIS2_PLACEMENT_3D('',#19405,#15283,#15284);
#12906=AXIS2_PLACEMENT_3D('',#19408,#15286,#15287);
#12907=AXIS2_PLACEMENT_3D('',#19414,#15291,#15292);
#12908=AXIS2_PLACEMENT_3D('',#19416,#15294,#15295);
#12909=AXIS2_PLACEMENT_3D('',#19421,#15298,#15299);
#12910=AXIS2_PLACEMENT_3D('',#19422,#15300,#15301);
#12911=AXIS2_PLACEMENT_3D('',#19427,#15304,#15305);
#12912=AXIS2_PLACEMENT_3D('',#19428,#15306,#15307);
#12913=AXIS2_PLACEMENT_3D('',#19429,#15308,#15309);
#12914=AXIS2_PLACEMENT_3D('',#19432,#15311,#15312);
#12915=AXIS2_PLACEMENT_3D('',#19433,#15313,#15314);
#12916=AXIS2_PLACEMENT_3D('',#19436,#15316,#15317);
#12917=AXIS2_PLACEMENT_3D('',#19440,#15320,#15321);
#12918=AXIS2_PLACEMENT_3D('',#19444,#15324,#15325);
#12919=AXIS2_PLACEMENT_3D('',#19446,#15327,#15328);
#12920=AXIS2_PLACEMENT_3D('',#19447,#15329,#15330);
#12921=AXIS2_PLACEMENT_3D('',#19450,#15332,#15333);
#12922=AXIS2_PLACEMENT_3D('',#19451,#15334,#15335);
#12923=AXIS2_PLACEMENT_3D('',#19454,#15337,#15338);
#12924=AXIS2_PLACEMENT_3D('',#19458,#15341,#15342);
#12925=AXIS2_PLACEMENT_3D('',#19462,#15345,#15346);
#12926=AXIS2_PLACEMENT_3D('',#19464,#15348,#15349);
#12927=AXIS2_PLACEMENT_3D('',#19468,#15351,#15352);
#12928=AXIS2_PLACEMENT_3D('',#19472,#15354,#15355);
#12929=AXIS2_PLACEMENT_3D('',#19476,#15357,#15358);
#12930=AXIS2_PLACEMENT_3D('',#19480,#15360,#15361);
#12931=AXIS2_PLACEMENT_3D('',#19484,#15363,#15364);
#12932=AXIS2_PLACEMENT_3D('',#19488,#15366,#15367);
#12933=AXIS2_PLACEMENT_3D('',#19492,#15369,#15370);
#12934=AXIS2_PLACEMENT_3D('',#19496,#15372,#15373);
#12935=AXIS2_PLACEMENT_3D('',#19500,#15375,#15376);
#12936=AXIS2_PLACEMENT_3D('',#19504,#15378,#15379);
#12937=AXIS2_PLACEMENT_3D('',#19508,#15381,#15382);
#12938=AXIS2_PLACEMENT_3D('',#19512,#15384,#15385);
#12939=AXIS2_PLACEMENT_3D('',#19513,#15386,#15387);
#12940=AXIS2_PLACEMENT_3D('',#19518,#15389,#15390);
#12941=AXIS2_PLACEMENT_3D('',#19524,#15393,#15394);
#12942=AXIS2_PLACEMENT_3D('',#19528,#15396,#15397);
#12943=AXIS2_PLACEMENT_3D('',#19529,#15398,#15399);
#12944=AXIS2_PLACEMENT_3D('',#19534,#15401,#15402);
#12945=AXIS2_PLACEMENT_3D('',#19540,#15405,#15406);
#12946=AXIS2_PLACEMENT_3D('',#19544,#15408,#15409);
#12947=AXIS2_PLACEMENT_3D('',#19545,#15410,#15411);
#12948=AXIS2_PLACEMENT_3D('',#19550,#15413,#15414);
#12949=AXIS2_PLACEMENT_3D('',#19556,#15417,#15418);
#12950=AXIS2_PLACEMENT_3D('',#19560,#15420,#15421);
#12951=AXIS2_PLACEMENT_3D('',#19561,#15422,#15423);
#12952=AXIS2_PLACEMENT_3D('',#19567,#15427,#15428);
#12953=AXIS2_PLACEMENT_3D('',#19568,#15429,#15430);
#12954=AXIS2_PLACEMENT_3D('',#19571,#15432,#15433);
#12955=AXIS2_PLACEMENT_3D('',#19575,#15436,#15437);
#12956=AXIS2_PLACEMENT_3D('',#19576,#15438,#15439);
#12957=AXIS2_PLACEMENT_3D('',#19579,#15441,#15442);
#12958=AXIS2_PLACEMENT_3D('',#19583,#15445,#15446);
#12959=AXIS2_PLACEMENT_3D('',#19584,#15447,#15448);
#12960=AXIS2_PLACEMENT_3D('',#19587,#15450,#15451);
#12961=AXIS2_PLACEMENT_3D('',#19591,#15454,#15455);
#12962=AXIS2_PLACEMENT_3D('',#19592,#15456,#15457);
#12963=AXIS2_PLACEMENT_3D('',#19595,#15459,#15460);
#12964=AXIS2_PLACEMENT_3D('',#19599,#15463,#15464);
#12965=AXIS2_PLACEMENT_3D('',#19600,#15465,#15466);
#12966=AXIS2_PLACEMENT_3D('',#19603,#15468,#15469);
#12967=AXIS2_PLACEMENT_3D('',#19607,#15472,#15473);
#12968=AXIS2_PLACEMENT_3D('',#19608,#15474,#15475);
#12969=AXIS2_PLACEMENT_3D('',#19611,#15477,#15478);
#12970=AXIS2_PLACEMENT_3D('',#19615,#15481,#15482);
#12971=AXIS2_PLACEMENT_3D('',#19616,#15483,#15484);
#12972=AXIS2_PLACEMENT_3D('',#19619,#15486,#15487);
#12973=AXIS2_PLACEMENT_3D('',#19623,#15490,#15491);
#12974=AXIS2_PLACEMENT_3D('',#19624,#15492,#15493);
#12975=AXIS2_PLACEMENT_3D('',#19627,#15495,#15496);
#12976=AXIS2_PLACEMENT_3D('',#19631,#15499,#15500);
#12977=AXIS2_PLACEMENT_3D('',#19632,#15501,#15502);
#12978=AXIS2_PLACEMENT_3D('',#19635,#15504,#15505);
#12979=AXIS2_PLACEMENT_3D('',#19639,#15508,#15509);
#12980=AXIS2_PLACEMENT_3D('',#19640,#15510,#15511);
#12981=AXIS2_PLACEMENT_3D('',#19643,#15513,#15514);
#12982=AXIS2_PLACEMENT_3D('',#19647,#15517,#15518);
#12983=AXIS2_PLACEMENT_3D('',#19648,#15519,#15520);
#12984=AXIS2_PLACEMENT_3D('',#19651,#15522,#15523);
#12985=AXIS2_PLACEMENT_3D('',#19655,#15526,#15527);
#12986=AXIS2_PLACEMENT_3D('',#19656,#15528,#15529);
#12987=AXIS2_PLACEMENT_3D('',#19661,#15532,#15533);
#12988=AXIS2_PLACEMENT_3D('',#19665,#15536,#15537);
#12989=AXIS2_PLACEMENT_3D('',#19666,#15538,#15539);
#12990=AXIS2_PLACEMENT_3D('',#19669,#15541,#15542);
#12991=AXIS2_PLACEMENT_3D('',#19675,#15546,#15547);
#12992=AXIS2_PLACEMENT_3D('',#19676,#15548,#15549);
#12993=AXIS2_PLACEMENT_3D('',#19679,#15551,#15552);
#12994=AXIS2_PLACEMENT_3D('',#19683,#15555,#15556);
#12995=AXIS2_PLACEMENT_3D('',#19684,#15557,#15558);
#12996=AXIS2_PLACEMENT_3D('',#19689,#15561,#15562);
#12997=AXIS2_PLACEMENT_3D('',#19693,#15565,#15566);
#12998=AXIS2_PLACEMENT_3D('',#19694,#15567,#15568);
#12999=AXIS2_PLACEMENT_3D('',#19697,#15570,#15571);
#13000=AXIS2_PLACEMENT_3D('',#19703,#15575,#15576);
#13001=AXIS2_PLACEMENT_3D('',#19704,#15577,#15578);
#13002=AXIS2_PLACEMENT_3D('',#19707,#15580,#15581);
#13003=AXIS2_PLACEMENT_3D('',#19711,#15584,#15585);
#13004=AXIS2_PLACEMENT_3D('',#19712,#15586,#15587);
#13005=AXIS2_PLACEMENT_3D('',#19717,#15590,#15591);
#13006=AXIS2_PLACEMENT_3D('',#19721,#15594,#15595);
#13007=AXIS2_PLACEMENT_3D('',#19722,#15596,#15597);
#13008=AXIS2_PLACEMENT_3D('',#19725,#15599,#15600);
#13009=AXIS2_PLACEMENT_3D('',#19731,#15604,#15605);
#13010=AXIS2_PLACEMENT_3D('',#19732,#15606,#15607);
#13011=AXIS2_PLACEMENT_3D('',#19735,#15609,#15610);
#13012=AXIS2_PLACEMENT_3D('',#19739,#15613,#15614);
#13013=AXIS2_PLACEMENT_3D('',#19741,#15616,#15617);
#13014=AXIS2_PLACEMENT_3D('',#19742,#15618,#15619);
#13015=AXIS2_PLACEMENT_3D('',#19743,#15620,#15621);
#13016=AXIS2_PLACEMENT_3D('',#19745,#15623,#15624);
#13017=AXIS2_PLACEMENT_3D('',#19746,#15625,#15626);
#13018=AXIS2_PLACEMENT_3D('',#19747,#15627,#15628);
#13019=AXIS2_PLACEMENT_3D('',#19749,#15630,#15631);
#13020=AXIS2_PLACEMENT_3D('',#19750,#15632,#15633);
#13021=AXIS2_PLACEMENT_3D('',#19751,#15634,#15635);
#13022=AXIS2_PLACEMENT_3D('',#19752,#15636,#15637);
#13023=AXIS2_PLACEMENT_3D('',#19753,#15638,#15639);
#13024=AXIS2_PLACEMENT_3D('',#19754,#15640,#15641);
#13025=AXIS2_PLACEMENT_3D('',#19755,#15642,#15643);
#13026=AXIS2_PLACEMENT_3D('',#19757,#15644,#15645);
#13027=AXIS2_PLACEMENT_3D('',#19758,#15646,#15647);
#13028=AXIS2_PLACEMENT_3D('',#19760,#15648,#15649);
#13029=AXIS2_PLACEMENT_3D('',#19761,#15650,#15651);
#13030=AXIS2_PLACEMENT_3D('',#19762,#15652,#15653);
#13031=AXIS2_PLACEMENT_3D('',#19764,#15654,#15655);
#13032=AXIS2_PLACEMENT_3D('',#19765,#15656,#15657);
#13033=AXIS2_PLACEMENT_3D('',#19767,#15658,#15659);
#13034=AXIS2_PLACEMENT_3D('',#19768,#15660,#15661);
#13035=AXIS2_PLACEMENT_3D('',#19769,#15662,#15663);
#13036=AXIS2_PLACEMENT_3D('',#19771,#15664,#15665);
#13037=AXIS2_PLACEMENT_3D('',#19772,#15666,#15667);
#13038=AXIS2_PLACEMENT_3D('',#19774,#15668,#15669);
#13039=AXIS2_PLACEMENT_3D('',#19775,#15670,#15671);
#13040=AXIS2_PLACEMENT_3D('',#19776,#15672,#15673);
#13041=AXIS2_PLACEMENT_3D('',#19778,#15674,#15675);
#13042=AXIS2_PLACEMENT_3D('',#19779,#15676,#15677);
#13043=AXIS2_PLACEMENT_3D('',#19781,#15678,#15679);
#13044=AXIS2_PLACEMENT_3D('',#19782,#15680,#15681);
#13045=AXIS2_PLACEMENT_3D('',#19783,#15682,#15683);
#13046=AXIS2_PLACEMENT_3D('',#19786,#15685,#15686);
#13047=AXIS2_PLACEMENT_3D('',#19790,#15688,#15689);
#13048=AXIS2_PLACEMENT_3D('',#19794,#15691,#15692);
#13049=AXIS2_PLACEMENT_3D('',#19799,#15695,#15696);
#13050=AXIS2_PLACEMENT_3D('',#19804,#15699,#15700);
#13051=AXIS2_PLACEMENT_3D('',#19807,#15702,#15703);
#13052=AXIS2_PLACEMENT_3D('',#19810,#15705,#15706);
#13053=AXIS2_PLACEMENT_3D('',#19815,#15709,#15710);
#13054=AXIS2_PLACEMENT_3D('',#19820,#15713,#15714);
#13055=AXIS2_PLACEMENT_3D('',#19823,#15716,#15717);
#13056=AXIS2_PLACEMENT_3D('',#19825,#15718,#15719);
#13057=AXIS2_PLACEMENT_3D('',#19831,#15720,#15721);
#13058=AXIS2_PLACEMENT_3D('',#19838,#15722,#15723);
#13059=AXIS2_PLACEMENT_3D('',#19841,#15725,#15726);
#13060=AXIS2_PLACEMENT_3D('',#19844,#15728,#15729);
#13061=AXIS2_PLACEMENT_3D('',#19851,#15730,#15731);
#13062=AXIS2_PLACEMENT_3D('',#19858,#15732,#15733);
#13063=AXIS2_PLACEMENT_3D('',#19864,#15734,#15735);
#13064=AXIS2_PLACEMENT_3D('',#19870,#15736,#15737);
#13065=AXIS2_PLACEMENT_3D('',#19876,#15738,#15739);
#13066=AXIS2_PLACEMENT_3D('',#19882,#15740,#15741);
#13067=AXIS2_PLACEMENT_3D('',#19888,#15742,#15743);
#13068=AXIS2_PLACEMENT_3D('',#19894,#15744,#15745);
#13069=AXIS2_PLACEMENT_3D('',#19951,#15746,#15747);
#13070=AXIS2_PLACEMENT_3D('',#19952,#15748,#15749);
#13071=AXIS2_PLACEMENT_3D('',#19954,#15750,#15751);
#13072=AXIS2_PLACEMENT_3D('',#19967,#15758,#15759);
#13073=AXIS2_PLACEMENT_3D('',#19968,#15760,#15761);
#13074=AXIS2_PLACEMENT_3D('',#19970,#15762,#15763);
#13075=AXIS2_PLACEMENT_3D('',#19983,#15770,#15771);
#13076=AXIS2_PLACEMENT_3D('',#19984,#15772,#15773);
#13077=AXIS2_PLACEMENT_3D('',#19986,#15774,#15775);
#13078=AXIS2_PLACEMENT_3D('',#19999,#15782,#15783);
#13079=AXIS2_PLACEMENT_3D('',#20000,#15784,#15785);
#13080=AXIS2_PLACEMENT_3D('',#20002,#15786,#15787);
#13081=AXIS2_PLACEMENT_3D('',#20015,#15794,#15795);
#13082=AXIS2_PLACEMENT_3D('',#20021,#15799,#15800);
#13083=AXIS2_PLACEMENT_3D('',#20025,#15803,#15804);
#13084=AXIS2_PLACEMENT_3D('',#20029,#15807,#15808);
#13085=AXIS2_PLACEMENT_3D('',#20033,#15811,#15812);
#13086=AXIS2_PLACEMENT_3D('',#20037,#15815,#15816);
#13087=AXIS2_PLACEMENT_3D('',#20039,#15818,#15819);
#13088=AXIS2_PLACEMENT_3D('',#20040,#15820,#15821);
#13089=AXIS2_PLACEMENT_3D('',#20043,#15824,#15825);
#13090=AXIS2_PLACEMENT_3D('',#20044,#15826,#15827);
#13091=AXIS2_PLACEMENT_3D('',#20045,#15828,#15829);
#13092=AXIS2_PLACEMENT_3D('',#20046,#15830,#15831);
#13093=AXIS2_PLACEMENT_3D('',#20047,#15832,#15833);
#13094=AXIS2_PLACEMENT_3D('',#20048,#15834,#15835);
#13095=AXIS2_PLACEMENT_3D('',#20049,#15836,#15837);
#13096=AXIS2_PLACEMENT_3D('',#20050,#15838,#15839);
#13097=AXIS2_PLACEMENT_3D('',#20051,#15840,#15841);
#13098=AXIS2_PLACEMENT_3D('',#20052,#15842,#15843);
#13099=AXIS2_PLACEMENT_3D('',#20053,#15844,#15845);
#13100=AXIS2_PLACEMENT_3D('',#20054,#15846,#15847);
#13101=AXIS2_PLACEMENT_3D('',#20055,#15848,#15849);
#13102=AXIS2_PLACEMENT_3D('',#20056,#15850,#15851);
#13103=AXIS2_PLACEMENT_3D('',#20057,#15852,#15853);
#13104=AXIS2_PLACEMENT_3D('',#20058,#15854,#15855);
#13105=AXIS2_PLACEMENT_3D('',#20059,#15856,#15857);
#13106=AXIS2_PLACEMENT_3D('',#20060,#15858,#15859);
#13107=AXIS2_PLACEMENT_3D('',#20061,#15860,#15861);
#13108=AXIS2_PLACEMENT_3D('',#20062,#15862,#15863);
#13109=AXIS2_PLACEMENT_3D('',#20063,#15864,#15865);
#13110=AXIS2_PLACEMENT_3D('',#20064,#15866,#15867);
#13111=AXIS2_PLACEMENT_3D('',#20066,#15868,#15869);
#13112=AXIS2_PLACEMENT_3D('',#20079,#15876,#15877);
#13113=AXIS2_PLACEMENT_3D('',#20080,#15878,#15879);
#13114=AXIS2_PLACEMENT_3D('',#20081,#15880,#15881);
#13115=AXIS2_PLACEMENT_3D('',#20082,#15882,#15883);
#13116=AXIS2_PLACEMENT_3D('',#20083,#15884,#15885);
#13117=AXIS2_PLACEMENT_3D('',#20084,#15886,#15887);
#13118=AXIS2_PLACEMENT_3D('',#20086,#15888,#15889);
#13119=AXIS2_PLACEMENT_3D('',#20099,#15896,#15897);
#13120=AXIS2_PLACEMENT_3D('',#20105,#15901,#15902);
#13121=AXIS2_PLACEMENT_3D('',#20109,#15905,#15906);
#13122=AXIS2_PLACEMENT_3D('',#20113,#15909,#15910);
#13123=AXIS2_PLACEMENT_3D('',#20117,#15913,#15914);
#13124=AXIS2_PLACEMENT_3D('',#20121,#15917,#15918);
#13125=AXIS2_PLACEMENT_3D('',#20123,#15920,#15921);
#13126=AXIS2_PLACEMENT_3D('',#20124,#15922,#15923);
#13127=AXIS2_PLACEMENT_3D('',#20130,#15927,#15928);
#13128=AXIS2_PLACEMENT_3D('',#20134,#15931,#15932);
#13129=AXIS2_PLACEMENT_3D('',#20138,#15935,#15936);
#13130=AXIS2_PLACEMENT_3D('',#20142,#15939,#15940);
#13131=AXIS2_PLACEMENT_3D('',#20146,#15943,#15944);
#13132=AXIS2_PLACEMENT_3D('',#20148,#15946,#15947);
#13133=AXIS2_PLACEMENT_3D('',#20149,#15948,#15949);
#13134=AXIS2_PLACEMENT_3D('',#20150,#15950,#15951);
#13135=AXIS2_PLACEMENT_3D('',#20152,#15952,#15953);
#13136=AXIS2_PLACEMENT_3D('',#20153,#15954,#15955);
#13137=AXIS2_PLACEMENT_3D('',#20155,#15956,#15957);
#13138=AXIS2_PLACEMENT_3D('',#20156,#15958,#15959);
#13139=AXIS2_PLACEMENT_3D('',#20157,#15960,#15961);
#13140=AXIS2_PLACEMENT_3D('',#20161,#15964,#15965);
#13141=AXIS2_PLACEMENT_3D('',#20165,#15968,#15969);
#13142=AXIS2_PLACEMENT_3D('',#20167,#15971,#15972);
#13143=AXIS2_PLACEMENT_3D('',#20168,#15973,#15974);
#13144=AXIS2_PLACEMENT_3D('',#20173,#15978,#15979);
#13145=AXIS2_PLACEMENT_3D('',#20175,#15981,#15982);
#13146=AXIS2_PLACEMENT_3D('',#20179,#15985,#15986);
#13147=AXIS2_PLACEMENT_3D('',#20180,#15987,#15988);
#13148=AXIS2_PLACEMENT_3D('',#20183,#15990,#15991);
#13149=AXIS2_PLACEMENT_3D('',#20186,#15994,#15995);
#13150=AXIS2_PLACEMENT_3D('',#20187,#15996,#15997);
#13151=AXIS2_PLACEMENT_3D('',#20189,#15998,#15999);
#13152=AXIS2_PLACEMENT_3D('',#20192,#16001,#16002);
#13153=AXIS2_PLACEMENT_3D('',#20198,#16006,#16007);
#13154=AXIS2_PLACEMENT_3D('',#20199,#16008,#16009);
#13155=AXIS2_PLACEMENT_3D('',#20202,#16011,#16012);
#13156=AXIS2_PLACEMENT_3D('',#20205,#16015,#16016);
#13157=AXIS2_PLACEMENT_3D('',#20207,#16018,#16019);
#13158=AXIS2_PLACEMENT_3D('',#20211,#16022,#16023);
#13159=AXIS2_PLACEMENT_3D('',#20212,#16024,#16025);
#13160=AXIS2_PLACEMENT_3D('',#20215,#16027,#16028);
#13161=AXIS2_PLACEMENT_3D('',#20218,#16031,#16032);
#13162=AXIS2_PLACEMENT_3D('',#20220,#16034,#16035);
#13163=AXIS2_PLACEMENT_3D('',#20224,#16038,#16039);
#13164=AXIS2_PLACEMENT_3D('',#20225,#16040,#16041);
#13165=AXIS2_PLACEMENT_3D('',#20228,#16043,#16044);
#13166=AXIS2_PLACEMENT_3D('',#20231,#16047,#16048);
#13167=AXIS2_PLACEMENT_3D('',#20232,#16049,#16050);
#13168=AXIS2_PLACEMENT_3D('',#20234,#16052,#16053);
#13169=AXIS2_PLACEMENT_3D('',#20238,#16056,#16057);
#13170=AXIS2_PLACEMENT_3D('',#20239,#16058,#16059);
#13171=AXIS2_PLACEMENT_3D('',#20242,#16061,#16062);
#13172=AXIS2_PLACEMENT_3D('',#20245,#16065,#16066);
#13173=AXIS2_PLACEMENT_3D('',#20247,#16068,#16069);
#13174=AXIS2_PLACEMENT_3D('',#20251,#16072,#16073);
#13175=AXIS2_PLACEMENT_3D('',#20252,#16074,#16075);
#13176=AXIS2_PLACEMENT_3D('',#20253,#16076,#16077);
#13177=AXIS2_PLACEMENT_3D('',#20256,#16079,#16080);
#13178=AXIS2_PLACEMENT_3D('',#20257,#16081,#16082);
#13179=AXIS2_PLACEMENT_3D('',#20258,#16083,#16084);
#13180=AXIS2_PLACEMENT_3D('',#20262,#16086,#16087);
#13181=AXIS2_PLACEMENT_3D('',#20266,#16089,#16090);
#13182=AXIS2_PLACEMENT_3D('',#20267,#16091,#16092);
#13183=AXIS2_PLACEMENT_3D('',#20268,#16093,#16094);
#13184=AXIS2_PLACEMENT_3D('',#20269,#16095,#16096);
#13185=AXIS2_PLACEMENT_3D('',#20272,#16098,#16099);
#13186=AXIS2_PLACEMENT_3D('',#20275,#16101,#16102);
#13187=AXIS2_PLACEMENT_3D('',#20276,#16103,#16104);
#13188=AXIS2_PLACEMENT_3D('',#20277,#16105,#16106);
#13189=AXIS2_PLACEMENT_3D('',#20278,#16107,#16108);
#13190=AXIS2_PLACEMENT_3D('',#20282,#16110,#16111);
#13191=AXIS2_PLACEMENT_3D('',#20286,#16113,#16114);
#13192=AXIS2_PLACEMENT_3D('',#20287,#16115,#16116);
#13193=AXIS2_PLACEMENT_3D('',#20288,#16117,#16118);
#13194=AXIS2_PLACEMENT_3D('',#20289,#16119,#16120);
#13195=AXIS2_PLACEMENT_3D('',#20292,#16122,#16123);
#13196=AXIS2_PLACEMENT_3D('',#20295,#16125,#16126);
#13197=AXIS2_PLACEMENT_3D('',#20301,#16130,#16131);
#13198=AXIS2_PLACEMENT_3D('',#20304,#16133,#16134);
#13199=AXIS2_PLACEMENT_3D('',#20305,#16135,#16136);
#13200=AXIS2_PLACEMENT_3D('',#20309,#16139,#16140);
#13201=AXIS2_PLACEMENT_3D('',#20312,#16142,#16143);
#13202=AXIS2_PLACEMENT_3D('',#20313,#16144,#16145);
#13203=AXIS2_PLACEMENT_3D('',#20317,#16148,#16149);
#13204=AXIS2_PLACEMENT_3D('',#20320,#16151,#16152);
#13205=AXIS2_PLACEMENT_3D('',#20321,#16153,#16154);
#13206=AXIS2_PLACEMENT_3D('',#20325,#16157,#16158);
#13207=AXIS2_PLACEMENT_3D('',#20326,#16159,#16160);
#13208=AXIS2_PLACEMENT_3D('',#20329,#16162,#16163);
#13209=AXIS2_PLACEMENT_3D('',#20330,#16164,#16165);
#13210=AXIS2_PLACEMENT_3D('',#20334,#16168,#16169);
#13211=AXIS2_PLACEMENT_3D('',#20337,#16171,#16172);
#13212=AXIS2_PLACEMENT_3D('',#20338,#16173,#16174);
#13213=AXIS2_PLACEMENT_3D('',#20342,#16177,#16178);
#13214=AXIS2_PLACEMENT_3D('',#20345,#16180,#16181);
#13215=AXIS2_PLACEMENT_3D('',#20346,#16182,#16183);
#13216=AXIS2_PLACEMENT_3D('',#20350,#16186,#16187);
#13217=AXIS2_PLACEMENT_3D('',#20353,#16189,#16190);
#13218=AXIS2_PLACEMENT_3D('',#20354,#16191,#16192);
#13219=AXIS2_PLACEMENT_3D('',#20358,#16195,#16196);
#13220=AXIS2_PLACEMENT_3D('',#20359,#16197,#16198);
#13221=AXIS2_PLACEMENT_3D('',#20360,#16199,#16200);
#13222=AXIS2_PLACEMENT_3D('',#20361,#16201,#16202);
#13223=AXIS2_PLACEMENT_3D('',#20363,#16203,#16204);
#13224=AXIS2_PLACEMENT_3D('',#20364,#16205,#16206);
#13225=AXIS2_PLACEMENT_3D('',#20365,#16207,#16208);
#13226=AXIS2_PLACEMENT_3D('',#20367,#16209,#16210);
#13227=AXIS2_PLACEMENT_3D('',#20368,#16211,#16212);
#13228=AXIS2_PLACEMENT_3D('',#20370,#16213,#16214);
#13229=AXIS2_PLACEMENT_3D('',#20371,#16215,#16216);
#13230=AXIS2_PLACEMENT_3D('',#20373,#16217,#16218);
#13231=AXIS2_PLACEMENT_3D('',#20381,#16223,#16224);
#13232=AXIS2_PLACEMENT_3D('',#20382,#16225,#16226);
#13233=AXIS2_PLACEMENT_3D('',#20386,#16228,#16229);
#13234=AXIS2_PLACEMENT_3D('',#20387,#16230,#16231);
#13235=AXIS2_PLACEMENT_3D('',#20392,#16235,#16236);
#13236=AXIS2_PLACEMENT_3D('',#20395,#16238,#16239);
#13237=AXIS2_PLACEMENT_3D('',#20396,#16240,#16241);
#13238=AXIS2_PLACEMENT_3D('',#20400,#16244,#16245);
#13239=AXIS2_PLACEMENT_3D('',#20403,#16247,#16248);
#13240=AXIS2_PLACEMENT_3D('',#20404,#16249,#16250);
#13241=AXIS2_PLACEMENT_3D('',#20408,#16253,#16254);
#13242=AXIS2_PLACEMENT_3D('',#20411,#16256,#16257);
#13243=AXIS2_PLACEMENT_3D('',#20412,#16258,#16259);
#13244=AXIS2_PLACEMENT_3D('',#20416,#16262,#16263);
#13245=AXIS2_PLACEMENT_3D('',#20419,#16265,#16266);
#13246=AXIS2_PLACEMENT_3D('',#20420,#16267,#16268);
#13247=AXIS2_PLACEMENT_3D('',#20424,#16271,#16272);
#13248=AXIS2_PLACEMENT_3D('',#20427,#16274,#16275);
#13249=AXIS2_PLACEMENT_3D('',#20428,#16276,#16277);
#13250=AXIS2_PLACEMENT_3D('',#20432,#16280,#16281);
#13251=AXIS2_PLACEMENT_3D('',#20435,#16283,#16284);
#13252=AXIS2_PLACEMENT_3D('',#20436,#16285,#16286);
#13253=AXIS2_PLACEMENT_3D('',#20440,#16289,#16290);
#13254=AXIS2_PLACEMENT_3D('',#20443,#16292,#16293);
#13255=AXIS2_PLACEMENT_3D('',#20444,#16294,#16295);
#13256=AXIS2_PLACEMENT_3D('',#20448,#16298,#16299);
#13257=AXIS2_PLACEMENT_3D('',#20451,#16301,#16302);
#13258=AXIS2_PLACEMENT_3D('',#20452,#16303,#16304);
#13259=AXIS2_PLACEMENT_3D('',#20456,#16307,#16308);
#13260=AXIS2_PLACEMENT_3D('',#20459,#16310,#16311);
#13261=AXIS2_PLACEMENT_3D('',#20460,#16312,#16313);
#13262=AXIS2_PLACEMENT_3D('',#20464,#16316,#16317);
#13263=AXIS2_PLACEMENT_3D('',#20467,#16319,#16320);
#13264=AXIS2_PLACEMENT_3D('',#20468,#16321,#16322);
#13265=AXIS2_PLACEMENT_3D('',#20472,#16325,#16326);
#13266=AXIS2_PLACEMENT_3D('',#20473,#16327,#16328);
#13267=AXIS2_PLACEMENT_3D('',#20474,#16329,#16330);
#13268=AXIS2_PLACEMENT_3D('',#20475,#16331,#16332);
#13269=AXIS2_PLACEMENT_3D('',#20476,#16333,#16334);
#13270=AXIS2_PLACEMENT_3D('',#20482,#16338,#16339);
#13271=AXIS2_PLACEMENT_3D('',#20486,#16342,#16343);
#13272=AXIS2_PLACEMENT_3D('',#20490,#16346,#16347);
#13273=AXIS2_PLACEMENT_3D('',#20494,#16350,#16351);
#13274=AXIS2_PLACEMENT_3D('',#20498,#16354,#16355);
#13275=AXIS2_PLACEMENT_3D('',#20500,#16357,#16358);
#13276=AXIS2_PLACEMENT_3D('',#20501,#16359,#16360);
#13277=AXIS2_PLACEMENT_3D('',#20507,#16364,#16365);
#13278=AXIS2_PLACEMENT_3D('',#20511,#16368,#16369);
#13279=AXIS2_PLACEMENT_3D('',#20515,#16372,#16373);
#13280=AXIS2_PLACEMENT_3D('',#20519,#16376,#16377);
#13281=AXIS2_PLACEMENT_3D('',#20523,#16380,#16381);
#13282=AXIS2_PLACEMENT_3D('',#20525,#16383,#16384);
#13283=AXIS2_PLACEMENT_3D('',#20526,#16385,#16386);
#13284=AXIS2_PLACEMENT_3D('',#20532,#16390,#16391);
#13285=AXIS2_PLACEMENT_3D('',#20536,#16394,#16395);
#13286=AXIS2_PLACEMENT_3D('',#20540,#16398,#16399);
#13287=AXIS2_PLACEMENT_3D('',#20544,#16402,#16403);
#13288=AXIS2_PLACEMENT_3D('',#20548,#16406,#16407);
#13289=AXIS2_PLACEMENT_3D('',#20550,#16409,#16410);
#13290=AXIS2_PLACEMENT_3D('',#20551,#16411,#16412);
#13291=AXIS2_PLACEMENT_3D('',#20558,#16417,#16418);
#13292=AXIS2_PLACEMENT_3D('',#20560,#16420,#16421);
#13293=AXIS2_PLACEMENT_3D('',#20562,#16423,#16424);
#13294=AXIS2_PLACEMENT_3D('',#20563,#16425,#16426);
#13295=AXIS2_PLACEMENT_3D('',#20568,#16429,#16430);
#13296=AXIS2_PLACEMENT_3D('',#20571,#16432,#16433);
#13297=AXIS2_PLACEMENT_3D('',#20574,#16435,#16436);
#13298=AXIS2_PLACEMENT_3D('',#20575,#16437,#16438);
#13299=AXIS2_PLACEMENT_3D('',#20579,#16441,#16442);
#13300=AXIS2_PLACEMENT_3D('',#20580,#16443,#16444);
#13301=AXIS2_PLACEMENT_3D('',#20581,#16445,#16446);
#13302=AXIS2_PLACEMENT_3D('',#20584,#16448,#16449);
#13303=AXIS2_PLACEMENT_3D('',#20585,#16450,#16451);
#13304=AXIS2_PLACEMENT_3D('',#20589,#16454,#16455);
#13305=AXIS2_PLACEMENT_3D('',#20590,#16456,#16457);
#13306=AXIS2_PLACEMENT_3D('',#20591,#16458,#16459);
#13307=AXIS2_PLACEMENT_3D('',#20592,#16460,#16461);
#13308=AXIS2_PLACEMENT_3D('',#20593,#16462,#16463);
#13309=AXIS2_PLACEMENT_3D('',#20595,#16464,#16465);
#13310=AXIS2_PLACEMENT_3D('',#20597,#16466,#16467);
#13311=AXIS2_PLACEMENT_3D('',#20598,#16468,#16469);
#13312=AXIS2_PLACEMENT_3D('',#20600,#16470,#16471);
#13313=AXIS2_PLACEMENT_3D('',#20601,#16472,#16473);
#13314=AXIS2_PLACEMENT_3D('',#20603,#16474,#16475);
#13315=AXIS2_PLACEMENT_3D('',#20604,#16476,#16477);
#13316=AXIS2_PLACEMENT_3D('',#20605,#16478,#16479);
#13317=AXIS2_PLACEMENT_3D('',#20606,#16480,#16481);
#13318=AXIS2_PLACEMENT_3D('',#20608,#16482,#16483);
#13319=AXIS2_PLACEMENT_3D('',#20609,#16484,#16485);
#13320=AXIS2_PLACEMENT_3D('',#20611,#16486,#16487);
#13321=AXIS2_PLACEMENT_3D('',#20612,#16488,#16489);
#13322=AXIS2_PLACEMENT_3D('',#20614,#16490,#16491);
#13323=AXIS2_PLACEMENT_3D('',#20615,#16492,#16493);
#13324=AXIS2_PLACEMENT_3D('',#20617,#16494,#16495);
#13325=AXIS2_PLACEMENT_3D('',#20618,#16496,#16497);
#13326=AXIS2_PLACEMENT_3D('',#20620,#16498,#16499);
#13327=AXIS2_PLACEMENT_3D('',#20621,#16500,#16501);
#13328=AXIS2_PLACEMENT_3D('',#20622,#16502,#16503);
#13329=AXIS2_PLACEMENT_3D('',#20623,#16504,#16505);
#13330=AXIS2_PLACEMENT_3D('',#20625,#16506,#16507);
#13331=AXIS2_PLACEMENT_3D('',#20627,#16508,#16509);
#13332=AXIS2_PLACEMENT_3D('',#20628,#16510,#16511);
#13333=AXIS2_PLACEMENT_3D('',#20630,#16512,#16513);
#13334=AXIS2_PLACEMENT_3D('',#20631,#16514,#16515);
#13335=AXIS2_PLACEMENT_3D('',#20633,#16516,#16517);
#13336=AXIS2_PLACEMENT_3D('',#20634,#16518,#16519);
#13337=AXIS2_PLACEMENT_3D('',#20636,#16520,#16521);
#13338=AXIS2_PLACEMENT_3D('',#20637,#16522,#16523);
#13339=AXIS2_PLACEMENT_3D('',#20639,#16524,#16525);
#13340=AXIS2_PLACEMENT_3D('',#20641,#16526,#16527);
#13341=AXIS2_PLACEMENT_3D('',#20642,#16528,#16529);
#13342=AXIS2_PLACEMENT_3D('',#20643,#16530,#16531);
#13343=AXIS2_PLACEMENT_3D('',#20645,#16532,#16533);
#13344=AXIS2_PLACEMENT_3D('',#20646,#16534,#16535);
#13345=AXIS2_PLACEMENT_3D('',#20648,#16536,#16537);
#13346=AXIS2_PLACEMENT_3D('',#20650,#16538,#16539);
#13347=AXIS2_PLACEMENT_3D('',#20652,#16540,#16541);
#13348=AXIS2_PLACEMENT_3D('',#20654,#16542,#16543);
#13349=AXIS2_PLACEMENT_3D('',#20656,#16544,#16545);
#13350=AXIS2_PLACEMENT_3D('',#20657,#16546,#16547);
#13351=AXIS2_PLACEMENT_3D('',#20659,#16548,#16549);
#13352=AXIS2_PLACEMENT_3D('',#20660,#16550,#16551);
#13353=AXIS2_PLACEMENT_3D('',#20662,#16552,#16553);
#13354=AXIS2_PLACEMENT_3D('',#20663,#16554,#16555);
#13355=AXIS2_PLACEMENT_3D('',#20665,#16556,#16557);
#13356=AXIS2_PLACEMENT_3D('',#20666,#16558,#16559);
#13357=AXIS2_PLACEMENT_3D('',#20668,#16560,#16561);
#13358=AXIS2_PLACEMENT_3D('',#20670,#16562,#16563);
#13359=AXIS2_PLACEMENT_3D('',#20672,#16564,#16565);
#13360=AXIS2_PLACEMENT_3D('',#20674,#16566,#16567);
#13361=AXIS2_PLACEMENT_3D('',#20675,#16568,#16569);
#13362=AXIS2_PLACEMENT_3D('',#20676,#16570,#16571);
#13363=AXIS2_PLACEMENT_3D('',#20677,#16572,#16573);
#13364=AXIS2_PLACEMENT_3D('',#20678,#16574,#16575);
#13365=DIRECTION('',(0.,0.,1.));
#13366=DIRECTION('',(1.,0.,0.));
#13367=DIRECTION('',(1.,0.,0.));
#13368=DIRECTION('',(0.,0.,-1.));
#13369=DIRECTION('',(1.,0.,0.));
#13370=DIRECTION('',(0.,0.,-1.));
#13371=DIRECTION('',(1.,0.,0.));
#13372=DIRECTION('',(1.,0.,0.));
#13373=DIRECTION('',(1.,0.,0.));
#13374=DIRECTION('',(0.,0.,-1.));
#13375=DIRECTION('',(-1.,0.,0.));
#13376=DIRECTION('',(0.,0.,1.));
#13377=DIRECTION('',(0.,-1.,0.));
#13378=DIRECTION('',(0.,1.,0.));
#13379=DIRECTION('',(0.,0.,-1.));
#13380=DIRECTION('',(1.,0.,0.));
#13381=DIRECTION('',(0.,0.,-1.));
#13382=DIRECTION('',(1.,0.,0.));
#13383=DIRECTION('',(0.,0.,-1.));
#13384=DIRECTION('',(1.,0.,0.));
#13385=DIRECTION('',(0.,0.,-1.));
#13386=DIRECTION('',(1.,0.,0.));
#13387=DIRECTION('',(0.,0.,-1.));
#13388=DIRECTION('',(1.,0.,0.));
#13389=DIRECTION('',(0.,0.,-1.));
#13390=DIRECTION('',(1.,0.,0.));
#13391=DIRECTION('',(0.,0.,-1.));
#13392=DIRECTION('',(1.,0.,0.));
#13393=DIRECTION('',(0.,0.,-1.));
#13394=DIRECTION('',(1.,0.,0.));
#13395=DIRECTION('',(0.,0.,-1.));
#13396=DIRECTION('',(1.,0.,0.));
#13397=DIRECTION('',(0.,0.,-1.));
#13398=DIRECTION('',(1.,0.,0.));
#13399=DIRECTION('',(0.,0.,-1.));
#13400=DIRECTION('',(1.,0.,0.));
#13401=DIRECTION('',(0.,0.,-1.));
#13402=DIRECTION('',(1.,0.,0.));
#13403=DIRECTION('',(0.,0.,-1.));
#13404=DIRECTION('',(1.,0.,0.));
#13405=DIRECTION('',(0.,0.,-1.));
#13406=DIRECTION('',(1.,0.,0.));
#13407=DIRECTION('',(0.,0.,-1.));
#13408=DIRECTION('',(1.,0.,0.));
#13409=DIRECTION('',(0.,0.,-1.));
#13410=DIRECTION('',(1.,0.,0.));
#13411=DIRECTION('',(0.,0.,-1.));
#13412=DIRECTION('',(1.,0.,0.));
#13413=DIRECTION('',(1.,0.,0.));
#13414=DIRECTION('',(0.,0.,-1.));
#13415=DIRECTION('',(1.,0.,0.));
#13416=DIRECTION('',(1.,0.,0.));
#13417=DIRECTION('',(0.,0.,-1.));
#13418=DIRECTION('',(1.,0.,0.));
#13419=DIRECTION('',(1.,0.,0.));
#13420=DIRECTION('',(0.,0.,-1.));
#13421=DIRECTION('',(1.,0.,0.));
#13422=DIRECTION('',(1.,0.,0.));
#13423=DIRECTION('',(0.,0.,-1.));
#13424=DIRECTION('',(1.,0.,0.));
#13425=DIRECTION('',(1.,0.,0.));
#13426=DIRECTION('',(0.,0.,-1.));
#13427=DIRECTION('',(1.,0.,0.));
#13428=DIRECTION('',(1.,0.,0.));
#13429=DIRECTION('',(0.,0.,-1.));
#13430=DIRECTION('',(1.,0.,0.));
#13431=DIRECTION('',(1.,0.,0.));
#13432=DIRECTION('',(0.,0.,-1.));
#13433=DIRECTION('',(1.,0.,0.));
#13434=DIRECTION('',(1.,0.,0.));
#13435=DIRECTION('',(0.,0.,-1.));
#13436=DIRECTION('',(1.,0.,0.));
#13437=DIRECTION('',(0.,0.,-1.));
#13438=DIRECTION('',(1.,0.,0.));
#13439=DIRECTION('',(1.,0.,0.));
#13440=DIRECTION('',(-1.,0.,0.));
#13441=DIRECTION('',(0.,0.,1.));
#13442=DIRECTION('',(1.,0.,0.));
#13443=DIRECTION('',(0.,0.,-1.));
#13444=DIRECTION('',(-1.,0.,0.));
#13445=DIRECTION('',(0.,0.,1.));
#13446=DIRECTION('',(1.,0.,0.));
#13447=DIRECTION('',(0.,0.,-1.));
#13448=DIRECTION('',(-1.,0.,0.));
#13449=DIRECTION('',(0.,0.,1.));
#13450=DIRECTION('',(1.,0.,0.));
#13451=DIRECTION('',(0.,0.,-1.));
#13452=DIRECTION('',(-1.,0.,0.));
#13453=DIRECTION('',(0.,0.,1.));
#13454=DIRECTION('',(1.,0.,0.));
#13455=DIRECTION('',(0.,0.,-1.));
#13456=DIRECTION('',(-1.,0.,0.));
#13457=DIRECTION('',(0.,0.,1.));
#13458=DIRECTION('',(1.,0.,0.));
#13459=DIRECTION('',(0.,0.,-1.));
#13460=DIRECTION('',(0.,-1.,0.));
#13461=DIRECTION('',(0.,0.,-1.));
#13462=DIRECTION('',(0.,-1.,0.));
#13463=DIRECTION('',(0.,0.,-1.));
#13464=DIRECTION('',(0.,-1.,0.));
#13465=DIRECTION('',(0.,0.,-1.));
#13466=DIRECTION('',(0.,-1.,0.));
#13467=DIRECTION('',(0.,0.,-1.));
#13468=DIRECTION('',(0.,-1.,0.));
#13469=DIRECTION('',(0.,0.,-1.));
#13470=DIRECTION('',(0.,-1.,0.));
#13471=DIRECTION('',(0.,0.,-1.));
#13472=DIRECTION('',(0.,-1.,0.));
#13473=DIRECTION('',(0.,0.,-1.));
#13474=DIRECTION('',(0.,-1.,0.));
#13475=DIRECTION('',(0.,0.,-1.));
#13476=DIRECTION('',(0.,-1.,0.));
#13477=DIRECTION('',(0.,0.,-1.));
#13478=DIRECTION('',(0.,-1.,0.));
#13479=DIRECTION('',(0.,0.,-1.));
#13480=DIRECTION('',(0.,-1.,0.));
#13481=DIRECTION('',(0.,0.,-1.));
#13482=DIRECTION('',(0.,-1.,0.));
#13483=DIRECTION('',(0.,0.,-1.));
#13484=DIRECTION('',(0.,-1.,0.));
#13485=DIRECTION('',(0.,0.,-1.));
#13486=DIRECTION('',(0.,-1.,0.));
#13487=DIRECTION('',(0.,-1.,0.));
#13488=DIRECTION('',(0.,-1.,0.));
#13489=DIRECTION('',(0.,0.,-1.));
#13490=DIRECTION('',(0.,-4.21297039986778E-15,1.));
#13491=DIRECTION('',(0.,-1.,-4.21297039986778E-15));
#13492=DIRECTION('',(0.,-1.,0.));
#13493=DIRECTION('',(-1.,0.,0.));
#13494=DIRECTION('',(0.,-1.,0.));
#13495=DIRECTION('',(-1.,0.,0.));
#13496=DIRECTION('',(-1.,0.,0.));
#13497=DIRECTION('',(0.,0.,1.));
#13498=DIRECTION('',(1.,0.,0.));
#13499=DIRECTION('',(0.,0.,-1.));
#13500=DIRECTION('',(-1.,0.,0.));
#13501=DIRECTION('',(1.,0.,0.));
#13502=DIRECTION('',(0.,0.,-1.));
#13503=DIRECTION('',(1.,0.,0.));
#13504=DIRECTION('',(0.,0.,-1.));
#13505=DIRECTION('',(1.,0.,-6.28011033026267E-17));
#13506=DIRECTION('',(-6.28011033026267E-17,0.,-1.));
#13507=DIRECTION('',(0.,0.,-1.));
#13508=DIRECTION('',(0.,-1.,0.));
#13509=DIRECTION('',(0.,0.,1.));
#13510=DIRECTION('',(1.,0.,0.));
#13511=DIRECTION('',(0.,0.,-1.));
#13512=DIRECTION('',(0.,-1.,0.));
#13513=DIRECTION('',(1.,0.,0.));
#13514=DIRECTION('',(0.,0.,-1.));
#13515=DIRECTION('',(0.,-1.,0.));
#13516=DIRECTION('',(0.,0.,-1.));
#13517=DIRECTION('',(0.,-1.,0.));
#13518=DIRECTION('',(1.,0.,0.));
#13519=DIRECTION('',(0.,0.,-1.));
#13520=DIRECTION('',(0.,0.,1.));
#13521=DIRECTION('',(0.,-1.,0.));
#13522=DIRECTION('',(0.,0.,-1.));
#13523=DIRECTION('',(0.,-1.,0.));
#13524=DIRECTION('',(0.,0.,-1.));
#13525=DIRECTION('',(0.,-1.,0.));
#13526=DIRECTION('',(0.,0.,-1.));
#13527=DIRECTION('',(0.,-1.,0.));
#13528=DIRECTION('',(0.,-1.,0.));
#13529=DIRECTION('',(0.,-1.,0.));
#13530=DIRECTION('',(0.,0.,-1.));
#13531=DIRECTION('',(0.,1.,0.));
#13532=DIRECTION('',(0.,0.,1.));
#13533=DIRECTION('',(0.,1.,0.));
#13534=DIRECTION('',(0.,0.,-1.));
#13535=DIRECTION('',(-1.,0.,0.));
#13536=DIRECTION('',(0.,0.,1.));
#13537=DIRECTION('',(0.,1.,0.));
#13538=DIRECTION('',(0.,0.,-1.));
#13539=DIRECTION('',(1.,0.,0.));
#13540=DIRECTION('',(0.,1.,0.));
#13541=DIRECTION('',(0.,0.,-1.));
#13542=DIRECTION('',(0.,0.,-1.));
#13543=DIRECTION('',(-1.,0.,0.));
#13544=DIRECTION('',(0.,1.,0.));
#13545=DIRECTION('',(0.,0.,-1.));
#13546=DIRECTION('',(0.,1.,0.));
#13547=DIRECTION('',(0.,0.,-1.));
#13548=DIRECTION('',(0.,1.,0.));
#13549=DIRECTION('',(0.,0.,-1.));
#13550=DIRECTION('',(0.,1.,0.));
#13551=DIRECTION('',(0.,0.,1.));
#13552=DIRECTION('',(-1.,0.,0.));
#13553=DIRECTION('',(0.,1.,0.));
#13554=DIRECTION('',(0.,0.,-1.));
#13555=DIRECTION('',(0.,0.,1.));
#13556=DIRECTION('',(0.,1.,0.));
#13557=DIRECTION('',(0.,0.,-1.));
#13558=DIRECTION('',(0.,1.,0.));
#13559=DIRECTION('',(0.,0.,-1.));
#13560=DIRECTION('',(0.,0.,-1.));
#13561=DIRECTION('',(0.,1.,0.));
#13562=DIRECTION('',(0.,0.,-1.));
#13563=DIRECTION('',(0.,1.,0.));
#13564=DIRECTION('',(0.,0.,-1.));
#13565=DIRECTION('',(0.,1.,0.));
#13566=DIRECTION('',(0.,0.,-1.));
#13567=DIRECTION('',(0.,-1.,0.));
#13568=DIRECTION('',(0.,0.,-1.));
#13569=DIRECTION('',(0.,1.,0.));
#13570=DIRECTION('',(0.,0.,-1.));
#13571=DIRECTION('',(0.,-1.,0.));
#13572=DIRECTION('',(0.,-1.,0.));
#13573=DIRECTION('',(0.,0.,-1.));
#13574=DIRECTION('',(-1.,0.,0.));
#13575=DIRECTION('',(1.,0.,0.));
#13576=DIRECTION('',(0.,-1.,0.));
#13577=DIRECTION('',(0.,-1.,0.));
#13578=DIRECTION('',(0.,0.,-1.));
#13579=DIRECTION('',(0.,1.,0.));
#13580=DIRECTION('',(0.,0.,-1.));
#13581=DIRECTION('',(0.,-1.,0.));
#13582=DIRECTION('',(-1.,0.,0.));
#13583=DIRECTION('',(0.,0.,1.));
#13584=DIRECTION('',(0.,0.,-1.));
#13585=DIRECTION('',(0.,-1.,0.));
#13586=DIRECTION('',(0.,0.,-1.));
#13587=DIRECTION('',(0.,-1.,0.));
#13588=DIRECTION('',(0.,0.,-1.));
#13589=DIRECTION('',(0.,1.,0.));
#13590=DIRECTION('',(0.,0.,-1.));
#13591=DIRECTION('',(0.,-1.,0.));
#13592=DIRECTION('',(0.,0.,1.));
#13593=DIRECTION('',(1.,0.,0.));
#13594=DIRECTION('',(-1.,0.,0.));
#13595=DIRECTION('',(0.,-1.,0.));
#13596=DIRECTION('',(0.,-1.,0.));
#13597=DIRECTION('',(0.,0.,-1.));
#13598=DIRECTION('',(0.,1.,0.));
#13599=DIRECTION('',(0.,0.,-1.));
#13600=DIRECTION('',(0.,-1.,0.));
#13601=DIRECTION('',(0.,-1.,0.));
#13602=DIRECTION('',(0.,0.,-1.));
#13603=DIRECTION('',(0.,1.,0.));
#13604=DIRECTION('',(0.,0.,-1.));
#13605=DIRECTION('',(0.,-1.,0.));
#13606=DIRECTION('',(0.,0.,-1.));
#13607=DIRECTION('',(0.,1.,0.));
#13608=DIRECTION('',(0.,0.,-1.));
#13609=DIRECTION('',(0.,-1.,0.));
#13610=DIRECTION('',(0.,0.,-1.));
#13611=DIRECTION('',(0.,1.,0.));
#13612=DIRECTION('',(0.,0.,-1.));
#13613=DIRECTION('',(0.,-1.,0.));
#13614=DIRECTION('',(0.,0.,-1.));
#13615=DIRECTION('',(0.,1.,0.));
#13616=DIRECTION('',(0.,0.,-1.));
#13617=DIRECTION('',(1.,0.,0.));
#13618=DIRECTION('',(0.,0.,-1.));
#13619=DIRECTION('',(0.,0.,1.));
#13620=DIRECTION('',(0.,0.,1.));
#13621=DIRECTION('',(0.,1.,0.));
#13622=DIRECTION('',(0.,0.,1.));
#13623=DIRECTION('',(0.,-1.,0.));
#13624=DIRECTION('',(0.,0.,-1.));
#13625=DIRECTION('',(0.,-1.,0.));
#13626=DIRECTION('',(0.,0.,-1.));
#13627=DIRECTION('',(0.,-1.,0.));
#13628=DIRECTION('',(0.,0.,-1.));
#13629=DIRECTION('',(0.,-1.,0.));
#13630=DIRECTION('',(0.,0.,-1.));
#13631=DIRECTION('',(0.,-1.,0.));
#13632=DIRECTION('',(0.,0.,-1.));
#13633=DIRECTION('',(0.,-1.,0.));
#13634=DIRECTION('',(0.,0.,-1.));
#13635=DIRECTION('',(0.,1.,0.));
#13636=DIRECTION('',(0.,0.,1.));
#13637=DIRECTION('',(0.,-1.,0.));
#13638=DIRECTION('',(0.,0.,-1.));
#13639=DIRECTION('',(0.,-1.,0.));
#13640=DIRECTION('',(0.,0.,-1.));
#13641=DIRECTION('',(-1.,0.,0.));
#13642=DIRECTION('',(0.,0.,1.));
#13643=DIRECTION('',(-1.,0.,0.));
#13644=DIRECTION('',(-1.,0.,0.));
#13645=DIRECTION('',(-1.,0.,0.));
#13646=DIRECTION('',(0.,0.,1.));
#13647=DIRECTION('',(-1.,0.,0.));
#13648=DIRECTION('',(-1.,0.,0.));
#13649=DIRECTION('',(0.,0.,-1.));
#13650=DIRECTION('',(-1.,0.,0.));
#13651=DIRECTION('',(-1.,0.,0.));
#13652=DIRECTION('',(0.,0.,-1.));
#13653=DIRECTION('',(-1.,0.,0.));
#13654=DIRECTION('',(-1.,0.,0.));
#13655=DIRECTION('',(0.,1.,0.));
#13656=DIRECTION('',(0.,0.,1.));
#13657=DIRECTION('',(0.,1.,0.));
#13658=DIRECTION('',(0.,0.,-1.));
#13659=DIRECTION('',(0.,1.,0.));
#13660=DIRECTION('',(0.,0.,1.));
#13661=DIRECTION('',(0.,1.,0.));
#13662=DIRECTION('',(0.,0.,-1.));
#13663=DIRECTION('',(0.,-1.,0.));
#13664=DIRECTION('',(0.,0.,-1.));
#13665=DIRECTION('',(0.,-1.,0.));
#13666=DIRECTION('',(0.,0.,-1.));
#13667=DIRECTION('',(0.,1.,0.));
#13668=DIRECTION('',(0.,0.,-1.));
#13669=DIRECTION('',(0.,1.,0.));
#13670=DIRECTION('',(0.,0.,1.));
#13671=DIRECTION('',(0.,-1.,0.));
#13672=DIRECTION('',(0.,0.,-1.));
#13673=DIRECTION('',(0.,-1.,0.));
#13674=DIRECTION('',(0.,0.,-1.));
#13675=DIRECTION('',(0.,-1.,0.));
#13676=DIRECTION('',(0.,0.,-1.));
#13677=DIRECTION('',(0.,1.,0.));
#13678=DIRECTION('',(0.,0.,-1.));
#13679=DIRECTION('',(0.,1.,0.));
#13680=DIRECTION('',(0.,0.,1.));
#13681=DIRECTION('',(1.,0.,-6.28011033026267E-17));
#13682=DIRECTION('',(-6.28011033026267E-17,0.,-1.));
#13683=DIRECTION('',(1.,0.,-6.28011033026267E-17));
#13684=DIRECTION('',(-6.28011033026267E-17,0.,-1.));
#13685=DIRECTION('',(1.,0.,-6.28011033026267E-17));
#13686=DIRECTION('',(-6.28011033026267E-17,0.,-1.));
#13687=DIRECTION('',(1.,0.,-6.28011033026267E-17));
#13688=DIRECTION('',(-6.28011033026267E-17,0.,-1.));
#13689=DIRECTION('',(-1.,0.,0.));
#13690=DIRECTION('',(0.,0.,1.));
#13691=DIRECTION('',(1.,0.,0.));
#13692=DIRECTION('',(0.,0.,-1.));
#13693=DIRECTION('',(-1.,0.,0.));
#13694=DIRECTION('',(1.,0.,0.));
#13695=DIRECTION('',(0.,0.,-1.));
#13696=DIRECTION('',(-1.,0.,0.));
#13697=DIRECTION('',(0.,0.,-1.));
#13698=DIRECTION('',(-1.,0.,0.));
#13699=DIRECTION('',(0.,-1.,0.));
#13700=DIRECTION('',(-1.,0.,0.));
#13701=DIRECTION('',(0.,-1.,0.));
#13702=DIRECTION('',(-1.,0.,0.));
#13703=DIRECTION('',(0.,0.,1.));
#13704=DIRECTION('',(1.,0.,0.));
#13705=DIRECTION('',(0.,0.,-1.));
#13706=DIRECTION('',(-1.,0.,0.));
#13707=DIRECTION('',(1.,0.,0.));
#13708=DIRECTION('',(0.,0.,-1.));
#13709=DIRECTION('',(0.,1.,0.));
#13710=DIRECTION('',(0.,0.,1.));
#13711=DIRECTION('',(0.,0.,-1.));
#13712=DIRECTION('',(-1.,0.,0.));
#13713=DIRECTION('',(0.,0.,-1.));
#13714=DIRECTION('',(-1.,0.,0.));
#13715=DIRECTION('',(0.,0.,1.));
#13716=DIRECTION('',(1.,0.,0.));
#13717=DIRECTION('',(0.,0.,-1.));
#13718=DIRECTION('',(-1.,0.,0.));
#13719=DIRECTION('',(1.,0.,0.));
#13720=DIRECTION('',(0.,0.,-1.));
#13721=DIRECTION('',(0.,0.,1.));
#13722=DIRECTION('',(1.,0.,0.));
#13723=DIRECTION('',(0.,1.,0.));
#13724=DIRECTION('',(-1.,0.,0.));
#13725=DIRECTION('',(0.,1.,0.));
#13726=DIRECTION('',(-1.,0.,0.));
#13727=DIRECTION('',(0.,0.,1.));
#13728=DIRECTION('',(1.,0.,0.));
#13729=DIRECTION('',(0.,0.,-1.));
#13730=DIRECTION('',(-1.,0.,0.));
#13731=DIRECTION('',(1.,0.,0.));
#13732=DIRECTION('',(0.,0.,-1.));
#13733=DIRECTION('',(0.,-1.,0.));
#13734=DIRECTION('',(0.,0.,-1.));
#13735=DIRECTION('',(0.,0.,1.));
#13736=DIRECTION('',(0.,0.,1.));
#13737=DIRECTION('',(1.,0.,0.));
#13738=DIRECTION('',(0.,0.,-1.));
#13739=DIRECTION('',(1.,0.,0.));
#13740=DIRECTION('',(0.,0.,-1.));
#13741=DIRECTION('',(1.,0.,0.));
#13742=DIRECTION('',(0.,0.,-1.));
#13743=DIRECTION('',(1.,0.,0.));
#13744=DIRECTION('',(0.,0.,-1.));
#13745=DIRECTION('',(1.,0.,0.));
#13746=DIRECTION('',(0.,0.,-1.));
#13747=DIRECTION('',(1.,0.,0.));
#13748=DIRECTION('',(0.,0.,-1.));
#13749=DIRECTION('',(0.,-1.,0.));
#13750=DIRECTION('',(0.,0.,-1.));
#13751=DIRECTION('',(0.,-1.,0.));
#13752=DIRECTION('',(0.,0.,-1.));
#13753=DIRECTION('',(0.,-1.,0.));
#13754=DIRECTION('',(0.,0.,-1.));
#13755=DIRECTION('',(0.,-1.,0.));
#13756=DIRECTION('',(0.,0.,-1.));
#13757=DIRECTION('',(0.,-1.,0.));
#13758=DIRECTION('',(0.,0.,-1.));
#13759=DIRECTION('',(0.,-1.,0.));
#13760=DIRECTION('',(0.,0.,-1.));
#13761=DIRECTION('',(1.,0.,0.));
#13762=DIRECTION('',(0.,0.,-1.));
#13763=DIRECTION('',(1.,0.,0.));
#13764=DIRECTION('',(0.,0.,-1.));
#13765=DIRECTION('',(1.,0.,0.));
#13766=DIRECTION('',(0.,0.,-1.));
#13767=DIRECTION('',(1.,0.,0.));
#13768=DIRECTION('',(0.,0.,-1.));
#13769=DIRECTION('',(1.,0.,0.));
#13770=DIRECTION('',(0.,0.,-1.));
#13771=DIRECTION('',(1.,0.,0.));
#13772=DIRECTION('',(0.,0.,-1.));
#13773=DIRECTION('',(1.,0.,0.));
#13774=DIRECTION('',(0.,0.,-1.));
#13775=DIRECTION('',(1.,0.,0.));
#13776=DIRECTION('',(1.,0.,0.));
#13777=DIRECTION('',(0.,0.,-1.));
#13778=DIRECTION('',(1.,0.,0.));
#13779=DIRECTION('',(-1.,0.,0.));
#13780=DIRECTION('',(0.,0.,1.));
#13781=DIRECTION('',(1.,0.,0.));
#13782=DIRECTION('',(0.,0.,-1.));
#13783=DIRECTION('',(-1.,0.,0.));
#13784=DIRECTION('',(0.,0.,1.));
#13785=DIRECTION('',(1.,0.,0.));
#13786=DIRECTION('',(0.,0.,-1.));
#13787=DIRECTION('',(1.,0.,0.));
#13788=DIRECTION('',(0.,0.,-1.));
#13789=DIRECTION('',(1.,0.,0.));
#13790=DIRECTION('',(0.,0.,-1.));
#13791=DIRECTION('',(-1.,0.,0.));
#13792=DIRECTION('',(0.,0.,1.));
#13793=DIRECTION('',(1.,0.,0.));
#13794=DIRECTION('',(0.,0.,-1.));
#13795=DIRECTION('',(-1.,0.,0.));
#13796=DIRECTION('',(0.,0.,1.));
#13797=DIRECTION('',(0.,-0.965925826289069,-0.25881904510252));
#13798=DIRECTION('',(0.,0.25881904510252,-0.965925826289069));
#13799=DIRECTION('',(0.,-0.258819045102521,-0.965925826289068));
#13800=DIRECTION('',(0.,0.965925826289068,-0.258819045102521));
#13801=DIRECTION('',(0.,0.707106781186547,-0.707106781186548));
#13802=DIRECTION('',(0.,0.707106781186548,0.707106781186547));
#13803=DIRECTION('',(0.,0.965925826289069,0.25881904510252));
#13804=DIRECTION('',(0.,-0.25881904510252,0.965925826289069));
#13805=DIRECTION('',(0.,0.258819045102521,0.965925826289068));
#13806=DIRECTION('',(0.,-0.965925826289068,0.258819045102521));
#13807=DIRECTION('',(0.,-0.707106781186547,0.707106781186548));
#13808=DIRECTION('',(0.,-0.707106781186548,-0.707106781186547));
#13809=DIRECTION('',(0.,-1.,0.));
#13810=DIRECTION('',(0.,0.,-1.));
#13811=DIRECTION('',(0.,-1.,0.));
#13812=DIRECTION('',(0.,0.,-1.));
#13813=DIRECTION('',(0.,-1.,0.));
#13814=DIRECTION('',(0.,0.,-1.));
#13815=DIRECTION('',(-1.,0.,0.));
#13816=DIRECTION('',(0.,0.,1.));
#13817=DIRECTION('',(1.,0.,0.));
#13818=DIRECTION('',(0.,0.,-1.));
#13819=DIRECTION('',(1.,0.,0.));
#13820=DIRECTION('',(0.,0.,-1.));
#13821=DIRECTION('',(1.,0.,0.));
#13822=DIRECTION('',(0.,0.,-1.));
#13823=DIRECTION('',(1.,0.,0.));
#13824=DIRECTION('',(0.,0.,-1.));
#13825=DIRECTION('',(1.,0.,0.));
#13826=DIRECTION('',(0.,0.,-1.));
#13827=DIRECTION('',(-1.,0.,0.));
#13828=DIRECTION('',(0.,0.,1.));
#13829=DIRECTION('',(-1.,0.,0.));
#13830=DIRECTION('',(0.,0.,1.));
#13831=DIRECTION('',(1.,0.,0.));
#13832=DIRECTION('',(0.,0.,-1.));
#13833=DIRECTION('',(1.,0.,0.));
#13834=DIRECTION('',(0.,0.,-1.));
#13835=DIRECTION('',(1.,0.,0.));
#13836=DIRECTION('',(0.,0.,-1.));
#13837=DIRECTION('',(-1.,0.,0.));
#13838=DIRECTION('',(0.,0.,1.));
#13839=DIRECTION('',(1.,0.,0.));
#13840=DIRECTION('',(0.,0.,-1.));
#13841=DIRECTION('',(1.,0.,0.));
#13842=DIRECTION('',(0.,0.,-1.));
#13843=DIRECTION('',(1.,0.,0.));
#13844=DIRECTION('',(0.,0.,-1.));
#13845=DIRECTION('',(-1.,0.,0.));
#13846=DIRECTION('',(0.,0.,1.));
#13847=DIRECTION('',(1.,0.,0.));
#13848=DIRECTION('',(0.,0.,-1.));
#13849=DIRECTION('',(1.,0.,0.));
#13850=DIRECTION('',(0.,0.,-1.));
#13851=DIRECTION('',(1.,0.,0.));
#13852=DIRECTION('',(0.,0.,-1.));
#13853=DIRECTION('',(1.,0.,0.));
#13854=DIRECTION('',(0.,0.,-1.));
#13855=DIRECTION('',(1.,0.,0.));
#13856=DIRECTION('',(0.,0.,-1.));
#13857=DIRECTION('',(-1.,0.,0.));
#13858=DIRECTION('',(0.,0.,1.));
#13859=DIRECTION('',(1.,0.,0.));
#13860=DIRECTION('',(0.,0.,-1.));
#13861=DIRECTION('',(1.,0.,0.));
#13862=DIRECTION('',(0.,0.,-1.));
#13863=DIRECTION('',(-1.,0.,0.));
#13864=DIRECTION('',(0.,0.,1.));
#13865=DIRECTION('',(1.,0.,0.));
#13866=DIRECTION('',(0.,0.,-1.));
#13867=DIRECTION('',(1.,0.,0.));
#13868=DIRECTION('',(0.,0.,-1.));
#13869=DIRECTION('',(-1.,0.,0.));
#13870=DIRECTION('',(0.,0.,1.));
#13871=DIRECTION('',(0.,-1.,0.));
#13872=DIRECTION('',(0.,0.,-1.));
#13873=DIRECTION('',(0.,-1.,0.));
#13874=DIRECTION('',(0.,1.,0.));
#13875=DIRECTION('',(0.,0.,-1.));
#13876=DIRECTION('',(0.,-1.,0.));
#13877=DIRECTION('',(0.,0.,-1.));
#13878=DIRECTION('',(-1.,0.,0.));
#13879=DIRECTION('',(1.,0.,0.));
#13880=DIRECTION('',(0.,0.,1.));
#13881=DIRECTION('',(1.,0.,0.));
#13882=DIRECTION('',(-1.,0.,0.));
#13883=DIRECTION('',(0.,1.,0.));
#13884=DIRECTION('',(0.,0.,1.));
#13885=DIRECTION('',(0.,0.,1.));
#13886=DIRECTION('',(1.,0.,0.));
#13887=DIRECTION('',(-1.,0.,0.));
#13888=DIRECTION('',(0.,0.,1.));
#13889=DIRECTION('',(-1.,0.,0.));
#13890=DIRECTION('',(0.,0.,1.));
#13891=DIRECTION('',(-1.,0.,0.));
#13892=DIRECTION('',(0.,0.,1.));
#13893=DIRECTION('',(-1.,0.,0.));
#13894=DIRECTION('',(0.,0.,1.));
#13895=DIRECTION('',(-1.,0.,0.));
#13896=DIRECTION('',(0.,0.,1.));
#13897=DIRECTION('',(1.,0.,0.));
#13898=DIRECTION('',(0.,0.,-1.));
#13899=DIRECTION('',(1.,0.,0.));
#13900=DIRECTION('',(0.,0.,-1.));
#13901=DIRECTION('',(1.,0.,0.));
#13902=DIRECTION('',(0.,0.,-1.));
#13903=DIRECTION('',(1.,0.,0.));
#13904=DIRECTION('',(0.,0.,-1.));
#13905=DIRECTION('',(-1.,0.,0.));
#13906=DIRECTION('',(0.,0.,1.));
#13907=DIRECTION('',(-1.,0.,0.));
#13908=DIRECTION('',(0.,0.,1.));
#13909=DIRECTION('',(-1.,0.,0.));
#13910=DIRECTION('',(0.,0.,1.));
#13911=DIRECTION('',(-1.,0.,0.));
#13912=DIRECTION('',(0.,0.,1.));
#13913=DIRECTION('',(-1.,0.,0.));
#13914=DIRECTION('',(0.,0.,1.));
#13915=DIRECTION('',(-1.,0.,0.));
#13916=DIRECTION('',(0.,0.,1.));
#13917=DIRECTION('',(-1.,0.,0.));
#13918=DIRECTION('',(0.,0.,1.));
#13919=DIRECTION('',(-1.,0.,0.));
#13920=DIRECTION('',(0.,0.,1.));
#13921=DIRECTION('',(-1.,0.,0.));
#13922=DIRECTION('',(0.,0.,1.));
#13923=DIRECTION('',(-1.,0.,0.));
#13924=DIRECTION('',(0.,0.,1.));
#13925=DIRECTION('',(-1.,0.,0.));
#13926=DIRECTION('',(0.,0.,1.));
#13927=DIRECTION('',(-1.,0.,0.));
#13928=DIRECTION('',(0.,0.,1.));
#13929=DIRECTION('',(-1.,0.,0.));
#13930=DIRECTION('',(0.,0.,1.));
#13931=DIRECTION('',(-1.,0.,0.));
#13932=DIRECTION('',(0.,0.,1.));
#13933=DIRECTION('',(1.,0.,0.));
#13934=DIRECTION('',(0.,0.,-1.));
#13935=DIRECTION('',(-1.,0.,0.));
#13936=DIRECTION('',(0.,0.,1.));
#13937=DIRECTION('',(1.,0.,0.));
#13938=DIRECTION('',(0.,0.,-1.));
#13939=DIRECTION('',(1.,0.,0.));
#13940=DIRECTION('',(0.,0.,-1.));
#13941=DIRECTION('',(1.,0.,0.));
#13942=DIRECTION('',(0.,0.,-1.));
#13943=DIRECTION('',(1.,0.,0.));
#13944=DIRECTION('',(0.,0.,-1.));
#13945=DIRECTION('',(-1.,0.,0.));
#13946=DIRECTION('',(0.,0.,1.));
#13947=DIRECTION('',(-1.,0.,0.));
#13948=DIRECTION('',(0.,0.,1.));
#13949=DIRECTION('',(1.,0.,0.));
#13950=DIRECTION('',(0.,0.,-1.));
#13951=DIRECTION('',(-1.,0.,0.));
#13952=DIRECTION('',(0.,0.,1.));
#13953=DIRECTION('',(-1.,0.,0.));
#13954=DIRECTION('',(0.,0.,1.));
#13955=DIRECTION('',(-1.,0.,0.));
#13956=DIRECTION('',(0.,0.,1.));
#13957=DIRECTION('',(1.,0.,0.));
#13958=DIRECTION('',(0.,0.,-1.));
#13959=DIRECTION('',(1.,0.,0.));
#13960=DIRECTION('',(0.,0.,-1.));
#13961=DIRECTION('',(1.,0.,0.));
#13962=DIRECTION('',(0.,0.,-1.));
#13963=DIRECTION('',(1.,0.,0.));
#13964=DIRECTION('',(0.,0.,-1.));
#13965=DIRECTION('',(1.,0.,0.));
#13966=DIRECTION('',(0.,0.,-1.));
#13967=DIRECTION('',(-1.,0.,0.));
#13968=DIRECTION('',(0.,0.,1.));
#13969=DIRECTION('',(-1.,0.,0.));
#13970=DIRECTION('',(0.,0.,1.));
#13971=DIRECTION('',(-1.,0.,0.));
#13972=DIRECTION('',(0.,0.,1.));
#13973=DIRECTION('',(-1.,0.,0.));
#13974=DIRECTION('',(0.,0.,1.));
#13975=DIRECTION('',(-1.,0.,0.));
#13976=DIRECTION('',(0.,0.,1.));
#13977=DIRECTION('',(-1.,0.,0.));
#13978=DIRECTION('',(0.,0.,1.));
#13979=DIRECTION('',(-1.,0.,0.));
#13980=DIRECTION('',(0.,0.,1.));
#13981=DIRECTION('',(-1.,0.,0.));
#13982=DIRECTION('',(0.,0.,1.));
#13983=DIRECTION('',(0.,0.,1.));
#13984=DIRECTION('',(-1.,0.,0.));
#13985=DIRECTION('',(-1.,0.,0.));
#13986=DIRECTION('',(0.,0.,1.));
#13987=DIRECTION('',(0.,0.984807753012208,-0.17364817766693));
#13988=DIRECTION('',(-1.,0.,0.));
#13989=DIRECTION('',(0.,0.,1.));
#13990=DIRECTION('',(0.,0.,-1.));
#13991=DIRECTION('',(-1.,0.,0.));
#13992=DIRECTION('',(0.,0.,1.));
#13993=DIRECTION('',(0.,-0.867219917012448,0.49792531120332));
#13994=DIRECTION('',(-1.,0.,0.));
#13995=DIRECTION('',(0.,0.,1.));
#13996=DIRECTION('',(-1.,0.,0.));
#13997=DIRECTION('',(0.,0.,1.));
#13998=DIRECTION('',(-1.,0.,0.));
#13999=DIRECTION('',(0.,0.,1.));
#14000=DIRECTION('',(0.,-0.984807753012208,0.17364817766693));
#14001=DIRECTION('',(-1.,0.,0.));
#14002=DIRECTION('',(0.,0.,1.));
#14003=DIRECTION('',(-1.,0.,0.));
#14004=DIRECTION('',(0.,0.,1.));
#14005=DIRECTION('',(-1.,0.,0.));
#14006=DIRECTION('',(0.,0.,1.));
#14007=DIRECTION('',(1.,0.,0.));
#14008=DIRECTION('',(0.,0.,-1.));
#14009=DIRECTION('',(-1.,0.,0.));
#14010=DIRECTION('',(0.,0.,1.));
#14011=DIRECTION('',(0.,-0.500000000000002,0.866025403784437));
#14012=DIRECTION('',(1.,0.,0.));
#14013=DIRECTION('',(0.,0.,-1.));
#14014=DIRECTION('',(0.,0.499999999999998,-0.86602540378444));
#14015=DIRECTION('',(1.,0.,0.));
#14016=DIRECTION('',(0.,0.,-1.));
#14017=DIRECTION('',(-1.,0.,0.));
#14018=DIRECTION('',(0.,0.,1.));
#14019=DIRECTION('',(0.,-1.,0.));
#14020=DIRECTION('',(1.,0.,0.));
#14021=DIRECTION('',(0.,0.,-1.));
#14022=DIRECTION('',(0.,1.,0.));
#14023=DIRECTION('',(1.,0.,0.));
#14024=DIRECTION('',(0.,0.,-1.));
#14025=DIRECTION('',(-1.,0.,0.));
#14026=DIRECTION('',(0.,0.,1.));
#14027=DIRECTION('',(0.,-0.499999999999993,-0.866025403784442));
#14028=DIRECTION('',(1.,0.,0.));
#14029=DIRECTION('',(0.,0.,-1.));
#14030=DIRECTION('',(0.,0.500000000000004,0.866025403784436));
#14031=DIRECTION('',(1.,0.,0.));
#14032=DIRECTION('',(0.,0.,-1.));
#14033=DIRECTION('',(0.,1.,0.));
#14034=DIRECTION('',(-1.,0.,0.));
#14035=DIRECTION('',(0.,0.,1.));
#14036=DIRECTION('',(0.,-1.,0.));
#14037=DIRECTION('',(1.,0.,0.));
#14038=DIRECTION('',(0.,0.,-1.));
#14039=DIRECTION('',(1.,0.,0.));
#14040=DIRECTION('',(0.,0.,-1.));
#14041=DIRECTION('',(-1.,0.,0.));
#14042=DIRECTION('',(0.,0.,1.));
#14043=DIRECTION('',(0.,0.499999999999997,-0.866025403784441));
#14044=DIRECTION('',(1.,0.,0.));
#14045=DIRECTION('',(0.,0.,-1.));
#14046=DIRECTION('',(0.,-0.500000000000002,0.866025403784438));
#14047=DIRECTION('',(1.,0.,0.));
#14048=DIRECTION('',(0.,0.,-1.));
#14049=DIRECTION('',(-1.,0.,0.));
#14050=DIRECTION('',(0.,0.,1.));
#14051=DIRECTION('',(0.,1.,0.));
#14052=DIRECTION('',(1.,0.,0.));
#14053=DIRECTION('',(0.,0.,-1.));
#14054=DIRECTION('',(0.,-1.,0.));
#14055=DIRECTION('',(1.,0.,0.));
#14056=DIRECTION('',(0.,0.,-1.));
#14057=DIRECTION('',(-1.,0.,0.));
#14058=DIRECTION('',(0.,0.,1.));
#14059=DIRECTION('',(0.,0.5,0.866025403784439));
#14060=DIRECTION('',(1.,0.,0.));
#14061=DIRECTION('',(0.,0.,-1.));
#14062=DIRECTION('',(0.,-0.500000000000001,-0.866025403784438));
#14063=DIRECTION('',(0.,0.,1.));
#14064=DIRECTION('',(1.,0.,0.));
#14065=DIRECTION('',(-1.,0.,0.));
#14066=DIRECTION('',(0.,-1.,0.));
#14067=DIRECTION('',(1.,0.,0.));
#14068=DIRECTION('',(0.,-1.,0.));
#14069=DIRECTION('',(0.,0.,-1.));
#14070=DIRECTION('',(-1.,0.,0.));
#14071=DIRECTION('',(1.,0.,0.));
#14072=DIRECTION('',(0.,-1.,0.));
#14073=DIRECTION('',(1.,0.,0.));
#14074=DIRECTION('',(0.,-1.,0.));
#14075=DIRECTION('',(0.,1.,0.));
#14076=DIRECTION('',(0.,0.,1.));
#14077=DIRECTION('',(0.,0.,1.));
#14078=DIRECTION('',(0.,0.,1.));
#14079=DIRECTION('',(1.,0.,0.));
#14080=DIRECTION('',(0.,0.,-1.));
#14081=DIRECTION('',(1.,0.,0.));
#14082=DIRECTION('',(0.,0.,-1.));
#14083=DIRECTION('',(1.,0.,0.));
#14084=DIRECTION('',(1.,0.,0.));
#14085=DIRECTION('',(0.,0.,-1.));
#14086=DIRECTION('',(1.,0.,0.));
#14087=DIRECTION('',(1.,0.,0.));
#14088=DIRECTION('',(0.,0.,-1.));
#14089=DIRECTION('',(-1.,0.,0.));
#14090=DIRECTION('',(0.,0.,1.));
#14091=DIRECTION('',(1.,0.,0.));
#14092=DIRECTION('',(0.,0.,-1.));
#14093=DIRECTION('',(-1.,0.,0.));
#14094=DIRECTION('',(0.,0.,1.));
#14095=DIRECTION('',(0.,-1.,0.));
#14096=DIRECTION('',(0.,0.,-1.));
#14097=DIRECTION('',(0.,-1.,0.));
#14098=DIRECTION('',(1.,1.00929365875014E-15,0.));
#14099=DIRECTION('',(-1.00929365875014E-15,1.,0.));
#14100=DIRECTION('',(1.,0.,0.));
#14101=DIRECTION('',(0.,0.,-1.));
#14102=DIRECTION('',(-1.,0.,0.));
#14103=DIRECTION('',(1.,1.00929365875014E-15,0.));
#14104=DIRECTION('',(-1.00929365875014E-15,1.,0.));
#14105=DIRECTION('',(1.,1.00929365875014E-15,0.));
#14106=DIRECTION('',(1.,1.00929365875014E-15,0.));
#14107=DIRECTION('',(-1.00929365875014E-15,1.,0.));
#14108=DIRECTION('',(1.,0.,0.));
#14109=DIRECTION('',(1.,1.00929365875014E-15,0.));
#14110=DIRECTION('',(-1.00929365875014E-15,1.,0.));
#14111=DIRECTION('',(1.,1.00929365875014E-15,0.));
#14112=DIRECTION('',(-1.00929365875014E-15,1.,0.));
#14113=DIRECTION('',(-1.,0.,0.));
#14114=DIRECTION('',(1.,0.,0.));
#14115=DIRECTION('',(0.,0.,-1.));
#14116=DIRECTION('',(1.,0.,0.));
#14117=DIRECTION('',(1.,1.00929365875014E-15,0.));
#14118=DIRECTION('',(-1.00929365875014E-15,1.,0.));
#14119=DIRECTION('',(1.,1.00929365875014E-15,0.));
#14120=DIRECTION('',(1.,1.00929365875014E-15,0.));
#14121=DIRECTION('',(-1.00929365875014E-15,1.,0.));
#14122=DIRECTION('',(1.,1.00929365875014E-15,0.));
#14123=DIRECTION('',(-1.00929365875014E-15,1.,0.));
#14124=DIRECTION('',(1.,1.00929365875014E-15,0.));
#14125=DIRECTION('',(-1.00929365875014E-15,1.,0.));
#14126=DIRECTION('',(1.,1.00929365875014E-15,0.));
#14127=DIRECTION('',(-1.00929365875014E-15,1.,0.));
#14128=DIRECTION('',(1.,1.00929365875014E-15,0.));
#14129=DIRECTION('',(-1.00929365875014E-15,1.,0.));
#14130=DIRECTION('',(1.,1.00929365875014E-15,0.));
#14131=DIRECTION('',(-1.00929365875014E-15,1.,0.));
#14132=DIRECTION('',(1.,1.00929365875014E-15,0.));
#14133=DIRECTION('',(-1.00929365875014E-15,1.,0.));
#14134=DIRECTION('',(1.,1.00929365875014E-15,0.));
#14135=DIRECTION('',(-1.00929365875014E-15,1.,0.));
#14136=DIRECTION('',(1.,1.00929365875014E-15,0.));
#14137=DIRECTION('',(-1.00929365875014E-15,1.,0.));
#14138=DIRECTION('',(1.,1.00929365875014E-15,0.));
#14139=DIRECTION('',(-1.00929365875014E-15,1.,0.));
#14140=DIRECTION('',(1.,1.00929365875014E-15,0.));
#14141=DIRECTION('',(-1.00929365875014E-15,1.,0.));
#14142=DIRECTION('',(1.,1.00929365875014E-15,0.));
#14143=DIRECTION('',(-1.00929365875014E-15,1.,0.));
#14144=DIRECTION('',(1.,1.00929365875014E-15,0.));
#14145=DIRECTION('',(-1.00929365875014E-15,1.,0.));
#14146=DIRECTION('',(1.,0.,0.));
#14147=DIRECTION('',(0.,0.,-1.));
#14148=DIRECTION('',(-1.,0.,0.));
#14149=DIRECTION('',(1.,1.00929365875014E-15,0.));
#14150=DIRECTION('',(-1.00929365875014E-15,1.,0.));
#14151=DIRECTION('',(1.,1.00929365875014E-15,0.));
#14152=DIRECTION('',(1.,1.00929365875014E-15,0.));
#14153=DIRECTION('',(-1.00929365875014E-15,1.,0.));
#14154=DIRECTION('',(1.,0.,0.));
#14155=DIRECTION('',(1.,1.00929365875014E-15,0.));
#14156=DIRECTION('',(-1.00929365875014E-15,1.,0.));
#14157=DIRECTION('',(1.,1.00929365875014E-15,0.));
#14158=DIRECTION('',(-1.00929365875014E-15,1.,0.));
#14159=DIRECTION('',(-1.,0.,0.));
#14160=DIRECTION('',(1.,0.,0.));
#14161=DIRECTION('',(0.,0.,-1.));
#14162=DIRECTION('',(1.,0.,0.));
#14163=DIRECTION('',(1.,1.00929365875014E-15,0.));
#14164=DIRECTION('',(-1.00929365875014E-15,1.,0.));
#14165=DIRECTION('',(1.,1.00929365875014E-15,0.));
#14166=DIRECTION('',(1.,1.00929365875014E-15,0.));
#14167=DIRECTION('',(-1.00929365875014E-15,1.,0.));
#14168=DIRECTION('',(1.,1.00929365875014E-15,0.));
#14169=DIRECTION('',(-1.00929365875014E-15,1.,0.));
#14170=DIRECTION('',(1.,1.00929365875014E-15,0.));
#14171=DIRECTION('',(-1.00929365875014E-15,1.,0.));
#14172=DIRECTION('',(1.,1.00929365875014E-15,0.));
#14173=DIRECTION('',(-1.00929365875014E-15,1.,0.));
#14174=DIRECTION('',(1.,1.00929365875014E-15,0.));
#14175=DIRECTION('',(-1.00929365875014E-15,1.,0.));
#14176=DIRECTION('',(1.,1.00929365875014E-15,0.));
#14177=DIRECTION('',(-1.00929365875014E-15,1.,0.));
#14178=DIRECTION('',(1.,1.00929365875014E-15,0.));
#14179=DIRECTION('',(-1.00929365875014E-15,1.,0.));
#14180=DIRECTION('',(1.,1.00929365875014E-15,0.));
#14181=DIRECTION('',(-1.00929365875014E-15,1.,0.));
#14182=DIRECTION('',(1.,1.00929365875014E-15,0.));
#14183=DIRECTION('',(-1.00929365875014E-15,1.,0.));
#14184=DIRECTION('',(1.,1.00929365875014E-15,0.));
#14185=DIRECTION('',(-1.00929365875014E-15,1.,0.));
#14186=DIRECTION('',(1.,1.00929365875014E-15,0.));
#14187=DIRECTION('',(-1.00929365875014E-15,1.,0.));
#14188=DIRECTION('',(1.,1.00929365875014E-15,0.));
#14189=DIRECTION('',(-1.00929365875014E-15,1.,0.));
#14190=DIRECTION('',(1.,1.00929365875014E-15,0.));
#14191=DIRECTION('',(-1.00929365875014E-15,1.,0.));
#14192=DIRECTION('',(1.,1.00929365875014E-15,0.));
#14193=DIRECTION('',(-1.00929365875014E-15,1.,0.));
#14194=DIRECTION('',(1.,1.00929365875014E-15,0.));
#14195=DIRECTION('',(-1.00929365875014E-15,1.,0.));
#14196=DIRECTION('',(1.,1.00929365875014E-15,0.));
#14197=DIRECTION('',(-1.00929365875014E-15,1.,0.));
#14198=DIRECTION('',(1.,1.00929365875014E-15,0.));
#14199=DIRECTION('',(-1.00929365875014E-15,1.,0.));
#14200=DIRECTION('',(1.,1.00929365875014E-15,0.));
#14201=DIRECTION('',(-1.00929365875014E-15,1.,0.));
#14202=DIRECTION('',(1.,1.00929365875014E-15,0.));
#14203=DIRECTION('',(-1.00929365875014E-15,1.,0.));
#14204=DIRECTION('',(1.,1.00929365875014E-15,0.));
#14205=DIRECTION('',(-1.00929365875014E-15,1.,0.));
#14206=DIRECTION('',(1.,1.00929365875014E-15,0.));
#14207=DIRECTION('',(-1.00929365875014E-15,1.,0.));
#14208=DIRECTION('',(1.,1.00929365875014E-15,0.));
#14209=DIRECTION('',(-1.00929365875014E-15,1.,0.));
#14210=DIRECTION('',(1.,1.00929365875014E-15,0.));
#14211=DIRECTION('',(-1.00929365875014E-15,1.,0.));
#14212=DIRECTION('',(1.,1.00929365875014E-15,0.));
#14213=DIRECTION('',(-1.00929365875014E-15,1.,0.));
#14214=DIRECTION('',(1.,1.00929365875014E-15,0.));
#14215=DIRECTION('',(-1.00929365875014E-15,1.,0.));
#14216=DIRECTION('',(1.,1.00929365875014E-15,0.));
#14217=DIRECTION('',(-1.00929365875014E-15,1.,0.));
#14218=DIRECTION('',(1.,1.00929365875014E-15,0.));
#14219=DIRECTION('',(-1.00929365875014E-15,1.,0.));
#14220=DIRECTION('',(1.,1.00929365875014E-15,0.));
#14221=DIRECTION('',(-1.00929365875014E-15,1.,0.));
#14222=DIRECTION('',(1.,1.00929365875014E-15,0.));
#14223=DIRECTION('',(-1.00929365875014E-15,1.,0.));
#14224=DIRECTION('',(1.,1.00929365875014E-15,0.));
#14225=DIRECTION('',(1.,1.00929365875014E-15,0.));
#14226=DIRECTION('',(1.,1.00929365875014E-15,0.));
#14227=DIRECTION('',(-1.00929365875014E-15,1.,0.));
#14228=DIRECTION('',(1.,1.00929365875014E-15,0.));
#14229=DIRECTION('',(-1.00929365875014E-15,1.,0.));
#14230=DIRECTION('',(1.,1.00929365875014E-15,0.));
#14231=DIRECTION('',(1.,1.00929365875014E-15,0.));
#14232=DIRECTION('',(-1.00929365875014E-15,1.,0.));
#14233=DIRECTION('',(1.,1.00929365875014E-15,0.));
#14234=DIRECTION('',(1.,1.00929365875014E-15,0.));
#14235=DIRECTION('',(-1.00929365875014E-15,1.,0.));
#14236=DIRECTION('',(1.,1.00929365875014E-15,0.));
#14237=DIRECTION('',(1.,1.00929365875014E-15,0.));
#14238=DIRECTION('',(-1.00929365875014E-15,1.,0.));
#14239=DIRECTION('',(1.,1.00929365875014E-15,0.));
#14240=DIRECTION('',(1.,1.00929365875014E-15,0.));
#14241=DIRECTION('',(-1.00929365875014E-15,1.,0.));
#14242=DIRECTION('',(1.,1.00929365875014E-15,0.));
#14243=DIRECTION('',(1.,1.00929365875014E-15,0.));
#14244=DIRECTION('',(-1.00929365875014E-15,1.,0.));
#14245=DIRECTION('',(1.,1.00929365875014E-15,0.));
#14246=DIRECTION('',(1.,1.00929365875014E-15,0.));
#14247=DIRECTION('',(-1.00929365875014E-15,1.,0.));
#14248=DIRECTION('',(1.,1.00929365875014E-15,0.));
#14249=DIRECTION('',(-1.00929365875014E-15,1.,0.));
#14250=DIRECTION('',(1.,1.00929365875014E-15,0.));
#14251=DIRECTION('',(-1.00929365875014E-15,1.,0.));
#14252=DIRECTION('',(1.,1.00929365875014E-15,0.));
#14253=DIRECTION('',(-1.00929365875014E-15,1.,0.));
#14254=DIRECTION('',(1.,1.00929365875014E-15,0.));
#14255=DIRECTION('',(-1.00929365875014E-15,1.,0.));
#14256=DIRECTION('',(1.,1.00929365875014E-15,0.));
#14257=DIRECTION('',(-1.00929365875014E-15,1.,0.));
#14258=DIRECTION('',(1.,1.00929365875014E-15,0.));
#14259=DIRECTION('',(-1.00929365875014E-15,1.,0.));
#14260=DIRECTION('',(1.,1.00929365875014E-15,0.));
#14261=DIRECTION('',(-1.00929365875014E-15,1.,0.));
#14262=DIRECTION('',(1.,1.00929365875014E-15,0.));
#14263=DIRECTION('',(-1.00929365875014E-15,1.,0.));
#14264=DIRECTION('',(1.,1.00929365875014E-15,0.));
#14265=DIRECTION('',(-1.00929365875014E-15,1.,0.));
#14266=DIRECTION('',(1.,1.00929365875014E-15,0.));
#14267=DIRECTION('',(-1.00929365875014E-15,1.,0.));
#14268=DIRECTION('',(1.,1.00929365875014E-15,0.));
#14269=DIRECTION('',(-1.00929365875014E-15,1.,0.));
#14270=DIRECTION('',(1.,1.00929365875014E-15,0.));
#14271=DIRECTION('',(-1.00929365875014E-15,1.,0.));
#14272=DIRECTION('',(1.,1.00929365875014E-15,0.));
#14273=DIRECTION('',(-1.00929365875014E-15,1.,0.));
#14274=DIRECTION('',(1.,1.00929365875014E-15,0.));
#14275=DIRECTION('',(-1.00929365875014E-15,1.,0.));
#14276=DIRECTION('',(1.,1.00929365875014E-15,0.));
#14277=DIRECTION('',(-1.00929365875014E-15,1.,0.));
#14278=DIRECTION('',(1.,1.00929365875014E-15,0.));
#14279=DIRECTION('',(-1.00929365875014E-15,1.,0.));
#14280=DIRECTION('',(1.,1.00929365875014E-15,0.));
#14281=DIRECTION('',(-1.00929365875014E-15,1.,0.));
#14282=DIRECTION('',(1.,1.00929365875014E-15,0.));
#14283=DIRECTION('',(-1.00929365875014E-15,1.,0.));
#14284=DIRECTION('',(1.,1.00929365875014E-15,0.));
#14285=DIRECTION('',(-1.00929365875014E-15,1.,0.));
#14286=DIRECTION('',(1.,1.00929365875014E-15,0.));
#14287=DIRECTION('',(-1.00929365875014E-15,1.,0.));
#14288=DIRECTION('',(1.,1.00929365875014E-15,0.));
#14289=DIRECTION('',(-1.00929365875014E-15,1.,0.));
#14290=DIRECTION('',(1.,1.00929365875014E-15,0.));
#14291=DIRECTION('',(-1.00929365875014E-15,1.,0.));
#14292=DIRECTION('',(1.,1.00929365875014E-15,0.));
#14293=DIRECTION('',(-1.00929365875014E-15,1.,0.));
#14294=DIRECTION('',(1.,1.00929365875014E-15,0.));
#14295=DIRECTION('',(-1.00929365875014E-15,1.,0.));
#14296=DIRECTION('',(1.,1.00929365875014E-15,0.));
#14297=DIRECTION('',(-1.00929365875014E-15,1.,0.));
#14298=DIRECTION('',(1.,1.00929365875014E-15,0.));
#14299=DIRECTION('',(-1.00929365875014E-15,1.,0.));
#14300=DIRECTION('',(1.,1.00929365875014E-15,0.));
#14301=DIRECTION('',(-1.00929365875014E-15,1.,0.));
#14302=DIRECTION('',(1.,1.00929365875014E-15,0.));
#14303=DIRECTION('',(-1.00929365875014E-15,1.,0.));
#14304=DIRECTION('',(1.,1.00929365875014E-15,0.));
#14305=DIRECTION('',(-1.00929365875014E-15,1.,0.));
#14306=DIRECTION('',(1.,1.00929365875014E-15,0.));
#14307=DIRECTION('',(-1.00929365875014E-15,1.,0.));
#14308=DIRECTION('',(1.,1.00929365875014E-15,0.));
#14309=DIRECTION('',(-1.00929365875014E-15,1.,0.));
#14310=DIRECTION('',(1.,1.00929365875014E-15,0.));
#14311=DIRECTION('',(-1.00929365875014E-15,1.,0.));
#14312=DIRECTION('',(1.,1.00929365875014E-15,0.));
#14313=DIRECTION('',(-1.00929365875014E-15,1.,0.));
#14314=DIRECTION('',(1.,1.00929365875014E-15,0.));
#14315=DIRECTION('',(-1.00929365875014E-15,1.,0.));
#14316=DIRECTION('',(1.,1.00929365875014E-15,0.));
#14317=DIRECTION('',(-1.00929365875014E-15,1.,0.));
#14318=DIRECTION('',(1.,0.,0.));
#14319=DIRECTION('',(0.,0.,-1.));
#14320=DIRECTION('',(1.,0.,0.));
#14321=DIRECTION('',(0.,0.,-1.));
#14322=DIRECTION('',(1.,0.,0.));
#14323=DIRECTION('',(0.,0.,-1.));
#14324=DIRECTION('',(1.,0.,0.));
#14325=DIRECTION('',(0.,0.,-1.));
#14326=DIRECTION('',(1.,0.,0.));
#14327=DIRECTION('',(0.,0.,-1.));
#14328=DIRECTION('',(1.,0.,0.));
#14329=DIRECTION('',(0.,0.,-1.));
#14330=DIRECTION('',(1.,0.,0.));
#14331=DIRECTION('',(0.,0.,-1.));
#14332=DIRECTION('',(1.,0.,0.));
#14333=DIRECTION('',(0.,0.,-1.));
#14334=DIRECTION('',(1.,0.,0.));
#14335=DIRECTION('',(0.,0.,-1.));
#14336=DIRECTION('',(1.,0.,0.));
#14337=DIRECTION('',(0.,0.,-1.));
#14338=DIRECTION('',(1.,0.,0.));
#14339=DIRECTION('',(0.,0.,-1.));
#14340=DIRECTION('',(1.,0.,0.));
#14341=DIRECTION('',(0.,0.,-1.));
#14342=DIRECTION('',(1.,0.,0.));
#14343=DIRECTION('',(0.,0.,-1.));
#14344=DIRECTION('',(1.,0.,0.));
#14345=DIRECTION('',(0.,0.,-1.));
#14346=DIRECTION('',(1.,0.,0.));
#14347=DIRECTION('',(0.,0.,-1.));
#14348=DIRECTION('',(1.,0.,0.));
#14349=DIRECTION('',(0.,0.,-1.));
#14350=DIRECTION('',(-1.,0.,0.));
#14351=DIRECTION('',(0.,0.,1.));
#14352=DIRECTION('',(1.,0.,0.));
#14353=DIRECTION('',(0.,0.,-1.));
#14354=DIRECTION('',(0.,0.,1.));
#14355=DIRECTION('',(1.,0.,0.));
#14356=DIRECTION('',(0.,0.,-1.));
#14357=DIRECTION('',(1.,0.,0.));
#14358=DIRECTION('',(0.,0.,-1.));
#14359=DIRECTION('',(1.,0.,0.));
#14360=DIRECTION('',(0.,0.,-1.));
#14361=DIRECTION('',(1.,0.,0.));
#14362=DIRECTION('',(0.,0.,-1.));
#14363=DIRECTION('',(1.,0.,0.));
#14364=DIRECTION('',(0.,0.,-1.));
#14365=DIRECTION('',(0.,0.,1.));
#14366=DIRECTION('',(-1.,0.,0.));
#14367=DIRECTION('',(0.,0.,1.));
#14368=DIRECTION('',(-1.,0.,0.));
#14369=DIRECTION('',(0.,0.,1.));
#14370=DIRECTION('',(1.,0.,0.));
#14371=DIRECTION('',(0.,0.,-1.));
#14372=DIRECTION('',(1.,0.,0.));
#14373=DIRECTION('',(0.,0.,-1.));
#14374=DIRECTION('',(1.,0.,0.));
#14375=DIRECTION('',(0.,0.,-1.));
#14376=DIRECTION('',(1.,0.,0.));
#14377=DIRECTION('',(0.,0.,-1.));
#14378=DIRECTION('',(1.,0.,0.));
#14379=DIRECTION('',(1.,0.,0.));
#14380=DIRECTION('',(0.,0.,-1.));
#14381=DIRECTION('',(1.,0.,0.));
#14382=DIRECTION('',(1.,0.,0.));
#14383=DIRECTION('',(0.,0.,-1.));
#14384=DIRECTION('',(1.,0.,0.));
#14385=DIRECTION('',(1.,0.,0.));
#14386=DIRECTION('',(0.,0.,-1.));
#14387=DIRECTION('',(1.,0.,0.));
#14388=DIRECTION('',(1.,0.,0.));
#14389=DIRECTION('',(0.,0.,-1.));
#14390=DIRECTION('',(1.,0.,0.));
#14391=DIRECTION('',(-1.,0.,0.));
#14392=DIRECTION('',(0.,0.,1.));
#14393=DIRECTION('',(1.,0.,0.));
#14394=DIRECTION('',(1.,0.,0.));
#14395=DIRECTION('',(0.,0.,-1.));
#14396=DIRECTION('',(-1.,0.,0.));
#14397=DIRECTION('',(1.,0.,0.));
#14398=DIRECTION('',(0.,0.,-1.));
#14399=DIRECTION('',(-1.,0.,0.));
#14400=DIRECTION('',(1.,0.,0.));
#14401=DIRECTION('',(0.,0.,-1.));
#14402=DIRECTION('',(-1.,0.,0.));
#14403=DIRECTION('',(1.,0.,0.));
#14404=DIRECTION('',(0.,0.,-1.));
#14405=DIRECTION('',(-1.,0.,0.));
#14406=DIRECTION('',(1.,0.,0.));
#14407=DIRECTION('',(0.,0.,-1.));
#14408=DIRECTION('',(-1.,0.,0.));
#14409=DIRECTION('',(1.,0.,0.));
#14410=DIRECTION('',(0.,0.,-1.));
#14411=DIRECTION('',(-1.,0.,0.));
#14412=DIRECTION('',(1.,0.,0.));
#14413=DIRECTION('',(0.,0.,-1.));
#14414=DIRECTION('',(1.,0.,0.));
#14415=DIRECTION('',(0.,0.,-1.));
#14416=DIRECTION('',(1.,0.,0.));
#14417=DIRECTION('',(0.,0.,-1.));
#14418=DIRECTION('',(0.,-0.707106781186548,-0.707106781186547));
#14419=DIRECTION('',(0.,0.,-1.));
#14420=DIRECTION('',(0.,0.707106781186547,0.707106781186547));
#14421=DIRECTION('',(1.,0.,0.));
#14422=DIRECTION('',(0.,0.,-1.));
#14423=DIRECTION('',(1.,0.,0.));
#14424=DIRECTION('',(0.,0.,-1.));
#14425=DIRECTION('',(0.,-0.707106781186548,-0.707106781186547));
#14426=DIRECTION('',(1.,0.,0.));
#14427=DIRECTION('',(0.,0.,-1.));
#14428=DIRECTION('',(1.,0.,0.));
#14429=DIRECTION('',(0.,0.,-1.));
#14430=DIRECTION('',(0.,0.707106781186547,0.707106781186547));
#14431=DIRECTION('',(0.,0.,-1.));
#14432=DIRECTION('',(0.,0.,1.));
#14433=DIRECTION('',(1.,0.,0.));
#14434=DIRECTION('',(-1.,0.,0.));
#14435=DIRECTION('',(0.,0.,1.));
#14436=DIRECTION('',(1.,0.,0.));
#14437=DIRECTION('',(1.,0.,0.));
#14438=DIRECTION('',(0.,-1.,0.));
#14439=DIRECTION('',(0.707106781186547,-0.707106781186548,0.));
#14440=DIRECTION('',(0.707106781186547,0.707106781186548,0.));
#14441=DIRECTION('',(-0.707106781186547,0.707106781186548,0.));
#14442=DIRECTION('',(-0.707106781186547,-0.707106781186548,0.));
#14443=DIRECTION('',(1.,0.,0.));
#14444=DIRECTION('',(0.,0.,-1.));
#14445=DIRECTION('',(1.,0.,0.));
#14446=DIRECTION('',(0.,0.,-1.));
#14447=DIRECTION('',(1.,0.,0.));
#14448=DIRECTION('',(1.,0.,0.));
#14449=DIRECTION('',(0.,0.,-1.));
#14450=DIRECTION('',(1.,0.,0.));
#14451=DIRECTION('',(1.,0.,0.));
#14452=DIRECTION('',(0.,0.,-1.));
#14453=DIRECTION('',(1.,0.,0.));
#14454=DIRECTION('',(1.,0.,0.));
#14455=DIRECTION('',(0.,0.,-1.));
#14456=DIRECTION('',(1.,0.,0.));
#14457=DIRECTION('',(1.,0.,0.));
#14458=DIRECTION('',(1.,0.,0.));
#14459=DIRECTION('',(0.,0.,-1.));
#14460=DIRECTION('',(1.,0.,0.));
#14461=DIRECTION('',(1.,0.,0.));
#14462=DIRECTION('',(0.,0.,-1.));
#14463=DIRECTION('',(1.,0.,0.));
#14464=DIRECTION('',(0.,0.,-1.));
#14465=DIRECTION('',(1.,0.,0.));
#14466=DIRECTION('',(0.,0.,-1.));
#14467=DIRECTION('',(0.,1.,-1.63583712195465E-16));
#14468=DIRECTION('',(1.,0.,0.));
#14469=DIRECTION('',(0.,0.,-1.));
#14470=DIRECTION('',(0.,-1.,-1.63583712195465E-16));
#14471=DIRECTION('',(1.,0.,0.));
#14472=DIRECTION('',(0.,0.,-1.));
#14473=DIRECTION('',(1.,0.,0.));
#14474=DIRECTION('',(0.,0.,-1.));
#14475=DIRECTION('',(1.,0.,0.));
#14476=DIRECTION('',(0.,0.,-1.));
#14477=DIRECTION('',(1.,0.,0.));
#14478=DIRECTION('',(0.,0.,-1.));
#14479=DIRECTION('',(1.,0.,0.));
#14480=DIRECTION('',(0.,0.,-1.));
#14481=DIRECTION('',(1.,0.,0.));
#14482=DIRECTION('',(0.,0.,-1.));
#14483=DIRECTION('',(1.,0.,0.));
#14484=DIRECTION('',(0.,0.,-1.));
#14485=DIRECTION('',(1.,0.,0.));
#14486=DIRECTION('',(0.,0.,-1.));
#14487=DIRECTION('',(1.,0.,0.));
#14488=DIRECTION('',(0.,0.,-1.));
#14489=DIRECTION('',(1.,0.,0.));
#14490=DIRECTION('',(0.,0.,-1.));
#14491=DIRECTION('',(1.,0.,0.));
#14492=DIRECTION('',(1.,0.,0.));
#14493=DIRECTION('',(1.,0.,0.));
#14494=DIRECTION('',(0.,0.,-1.));
#14495=DIRECTION('',(1.,0.,0.));
#14496=DIRECTION('',(0.,0.,-1.));
#14497=DIRECTION('',(1.,0.,0.));
#14498=DIRECTION('',(1.,0.,0.));
#14499=DIRECTION('',(1.,0.,0.));
#14500=DIRECTION('',(0.,0.,-1.));
#14501=DIRECTION('',(1.,0.,0.));
#14502=DIRECTION('',(0.,0.,-1.));
#14503=DIRECTION('',(0.,0.,-1.));
#14504=DIRECTION('',(1.,0.,0.));
#14505=DIRECTION('',(0.,0.,-1.));
#14506=DIRECTION('',(0.,0.,-1.));
#14507=DIRECTION('',(1.,0.,0.));
#14508=DIRECTION('',(0.,0.,-1.));
#14509=DIRECTION('',(0.,0.,-1.));
#14510=DIRECTION('',(0.,0.,-1.));
#14511=DIRECTION('',(1.,0.,0.));
#14512=DIRECTION('',(0.,0.,-1.));
#14513=DIRECTION('',(1.,0.,0.));
#14514=DIRECTION('',(0.,0.,-1.));
#14515=DIRECTION('',(1.,0.,0.));
#14516=DIRECTION('',(0.,0.,-1.));
#14517=DIRECTION('',(1.,0.,0.));
#14518=DIRECTION('',(0.,0.,-1.));
#14519=DIRECTION('',(1.,0.,0.));
#14520=DIRECTION('',(0.,0.,-1.));
#14521=DIRECTION('',(1.,0.,0.));
#14522=DIRECTION('',(0.,0.,-1.));
#14523=DIRECTION('',(1.,0.,0.));
#14524=DIRECTION('',(0.,0.,-1.));
#14525=DIRECTION('',(1.,0.,0.));
#14526=DIRECTION('',(0.,0.,-1.));
#14527=DIRECTION('',(1.,0.,0.));
#14528=DIRECTION('',(0.,0.,-1.));
#14529=DIRECTION('',(-1.,0.,0.));
#14530=DIRECTION('',(0.,0.,1.));
#14531=DIRECTION('',(1.,0.,0.));
#14532=DIRECTION('',(0.,0.,-1.));
#14533=DIRECTION('',(-1.,0.,0.));
#14534=DIRECTION('',(0.,0.,1.));
#14535=DIRECTION('',(1.,0.,0.));
#14536=DIRECTION('',(0.,0.,-1.));
#14537=DIRECTION('',(1.,0.,0.));
#14538=DIRECTION('',(0.,0.,-1.));
#14539=DIRECTION('',(1.,0.,0.));
#14540=DIRECTION('',(0.,0.,-1.));
#14541=DIRECTION('',(1.,0.,0.));
#14542=DIRECTION('',(0.,0.,-1.));
#14543=DIRECTION('',(1.,0.,0.));
#14544=DIRECTION('',(0.,0.,-1.));
#14545=DIRECTION('',(1.,0.,0.));
#14546=DIRECTION('',(0.,0.,-1.));
#14547=DIRECTION('',(1.,0.,0.));
#14548=DIRECTION('',(0.,0.,-1.));
#14549=DIRECTION('',(1.,0.,0.));
#14550=DIRECTION('',(0.,0.,-1.));
#14551=DIRECTION('',(1.,0.,0.));
#14552=DIRECTION('',(0.,0.,-1.));
#14553=DIRECTION('',(1.,0.,0.));
#14554=DIRECTION('',(0.,0.,-1.));
#14555=DIRECTION('',(1.,0.,0.));
#14556=DIRECTION('',(0.,0.,-1.));
#14557=DIRECTION('',(1.,0.,0.));
#14558=DIRECTION('',(0.,0.,-1.));
#14559=DIRECTION('',(1.,0.,0.));
#14560=DIRECTION('',(0.,0.,-1.));
#14561=DIRECTION('',(1.,0.,0.));
#14562=DIRECTION('',(0.,0.,-1.));
#14563=DIRECTION('',(1.,0.,0.));
#14564=DIRECTION('',(0.,0.,-1.));
#14565=DIRECTION('',(-1.,0.,0.));
#14566=DIRECTION('',(0.,0.,1.));
#14567=DIRECTION('',(1.,0.,0.));
#14568=DIRECTION('',(0.,0.,-1.));
#14569=DIRECTION('',(1.,0.,0.));
#14570=DIRECTION('',(0.,0.,-1.));
#14571=DIRECTION('',(1.,0.,0.));
#14572=DIRECTION('',(0.,0.,-1.));
#14573=DIRECTION('',(1.,0.,0.));
#14574=DIRECTION('',(0.,0.,-1.));
#14575=DIRECTION('',(1.,0.,0.));
#14576=DIRECTION('',(0.,0.,-1.));
#14577=DIRECTION('',(1.,0.,0.));
#14578=DIRECTION('',(0.,0.,-1.));
#14579=DIRECTION('',(1.,0.,0.));
#14580=DIRECTION('',(0.,0.,-1.));
#14581=DIRECTION('',(-1.,0.,0.));
#14582=DIRECTION('',(0.,0.,1.));
#14583=DIRECTION('',(1.,0.,0.));
#14584=DIRECTION('',(0.,0.,-1.));
#14585=DIRECTION('',(-1.,0.,0.));
#14586=DIRECTION('',(0.,0.,1.));
#14587=DIRECTION('',(1.,1.00929365875014E-15,0.));
#14588=DIRECTION('',(-1.00929365875014E-15,1.,0.));
#14589=DIRECTION('',(-1.,0.,0.));
#14590=DIRECTION('',(0.,0.,1.));
#14591=DIRECTION('',(1.,0.,0.));
#14592=DIRECTION('',(0.,0.,-1.));
#14593=DIRECTION('',(-1.,0.,0.));
#14594=DIRECTION('',(0.,0.,1.));
#14595=DIRECTION('',(1.,0.,0.));
#14596=DIRECTION('',(0.,0.,-1.));
#14597=DIRECTION('',(1.,0.,0.));
#14598=DIRECTION('',(0.,0.,-1.));
#14599=DIRECTION('',(-1.,0.,0.));
#14600=DIRECTION('',(0.,0.,1.));
#14601=DIRECTION('',(1.,0.,0.));
#14602=DIRECTION('',(0.,0.,-1.));
#14603=DIRECTION('',(-1.,0.,0.));
#14604=DIRECTION('',(0.,0.,1.));
#14605=DIRECTION('',(1.,0.,0.));
#14606=DIRECTION('',(0.,0.,-1.));
#14607=DIRECTION('',(1.,0.,0.));
#14608=DIRECTION('',(0.,0.,-1.));
#14609=DIRECTION('',(-1.,0.,0.));
#14610=DIRECTION('',(0.,0.,1.));
#14611=DIRECTION('',(1.,0.,0.));
#14612=DIRECTION('',(0.,0.,-1.));
#14613=DIRECTION('',(-1.,0.,0.));
#14614=DIRECTION('',(0.,0.,1.));
#14615=DIRECTION('',(1.,0.,0.));
#14616=DIRECTION('',(0.,0.,-1.));
#14617=DIRECTION('',(1.,0.,0.));
#14618=DIRECTION('',(0.,0.,-1.));
#14619=DIRECTION('',(-1.,0.,0.));
#14620=DIRECTION('',(0.,0.,1.));
#14621=DIRECTION('',(1.,0.,0.));
#14622=DIRECTION('',(0.,0.,-1.));
#14623=DIRECTION('',(1.,0.,0.));
#14624=DIRECTION('',(0.,0.,-1.));
#14625=DIRECTION('',(1.,0.,0.));
#14626=DIRECTION('',(0.,0.,-1.));
#14627=DIRECTION('',(1.,0.,0.));
#14628=DIRECTION('',(0.,0.,-1.));
#14629=DIRECTION('',(-1.,0.,0.));
#14630=DIRECTION('',(0.,0.,1.));
#14631=DIRECTION('',(1.,0.,0.));
#14632=DIRECTION('',(0.,0.,-1.));
#14633=DIRECTION('',(1.,0.,0.));
#14634=DIRECTION('',(0.,0.,-1.));
#14635=DIRECTION('',(1.,0.,0.));
#14636=DIRECTION('',(0.,0.,-1.));
#14637=DIRECTION('',(1.,0.,0.));
#14638=DIRECTION('',(0.,0.,-1.));
#14639=DIRECTION('',(1.,0.,0.));
#14640=DIRECTION('',(0.,0.,-1.));
#14641=DIRECTION('',(1.,0.,0.));
#14642=DIRECTION('',(0.,0.,-1.));
#14643=DIRECTION('',(-1.,0.,0.));
#14644=DIRECTION('',(0.,0.,1.));
#14645=DIRECTION('',(1.,0.,0.));
#14646=DIRECTION('',(0.,0.,-1.));
#14647=DIRECTION('',(1.,0.,0.));
#14648=DIRECTION('',(0.,0.,-1.));
#14649=DIRECTION('',(1.,0.,0.));
#14650=DIRECTION('',(0.,0.,-1.));
#14651=DIRECTION('',(0.,1.,0.));
#14652=DIRECTION('',(1.,0.,0.));
#14653=DIRECTION('',(0.,0.,-1.));
#14654=DIRECTION('',(0.,-1.,0.));
#14655=DIRECTION('',(0.,0.,-1.));
#14656=DIRECTION('',(-1.,0.,0.));
#14657=DIRECTION('',(-1.,0.,0.));
#14658=DIRECTION('',(-1.,0.,0.));
#14659=DIRECTION('',(0.,0.,1.));
#14660=DIRECTION('',(-1.,0.,0.));
#14661=DIRECTION('',(0.,0.,1.));
#14662=DIRECTION('',(1.,0.,0.));
#14663=DIRECTION('',(1.,0.,0.));
#14664=DIRECTION('',(0.,0.,-1.));
#14665=DIRECTION('',(1.,0.,0.));
#14666=DIRECTION('',(0.,0.,-1.));
#14667=DIRECTION('',(1.,0.,0.));
#14668=DIRECTION('',(0.,0.,-1.));
#14669=DIRECTION('',(0.,-0.5,0.866025403784439));
#14670=DIRECTION('',(1.,0.,0.));
#14671=DIRECTION('',(0.,0.,-1.));
#14672=DIRECTION('',(0.,0.5,-0.866025403784439));
#14673=DIRECTION('',(0.,-0.866025403784439,-0.5));
#14674=DIRECTION('',(0.,0.5,-0.866025403784439));
#14675=DIRECTION('',(-1.,0.,0.));
#14676=DIRECTION('',(0.,0.866025403784439,0.5));
#14677=DIRECTION('',(0.,-0.5,0.866025403784439));
#14678=DIRECTION('',(-1.,0.,0.));
#14679=DIRECTION('',(-1.,0.,0.));
#14680=DIRECTION('',(0.,0.,1.));
#14681=DIRECTION('',(1.,0.,0.));
#14682=DIRECTION('',(0.,0.,-1.));
#14683=DIRECTION('',(1.,0.,0.));
#14684=DIRECTION('',(0.,0.,-1.));
#14685=DIRECTION('',(0.,-0.5,-0.866025403784439));
#14686=DIRECTION('',(1.,0.,0.));
#14687=DIRECTION('',(0.,0.,-1.));
#14688=DIRECTION('',(0.,0.5,0.866025403784439));
#14689=DIRECTION('',(1.,0.,0.));
#14690=DIRECTION('',(0.,0.,-1.));
#14691=DIRECTION('',(0.,-0.866025403784439,0.5));
#14692=DIRECTION('',(0.,-0.5,-0.866025403784439));
#14693=DIRECTION('',(-1.,0.,0.));
#14694=DIRECTION('',(-1.,0.,0.));
#14695=DIRECTION('',(0.,0.,1.));
#14696=DIRECTION('',(-1.,0.,0.));
#14697=DIRECTION('',(0.,0.866025403784439,-0.5));
#14698=DIRECTION('',(0.,0.5,0.866025403784439));
#14699=DIRECTION('',(1.,0.,0.));
#14700=DIRECTION('',(0.,0.,-1.));
#14701=DIRECTION('',(1.,0.,0.));
#14702=DIRECTION('',(0.,0.,-1.));
#14703=DIRECTION('',(1.,0.,0.));
#14704=DIRECTION('',(0.,0.,-1.));
#14705=DIRECTION('',(0.,0.,-1.));
#14706=DIRECTION('',(-1.,0.,0.));
#14707=DIRECTION('',(0.,0.,-1.));
#14708=DIRECTION('',(0.,0.,-1.));
#14709=DIRECTION('',(0.,1.,0.));
#14710=DIRECTION('',(0.,0.,1.));
#14711=DIRECTION('',(0.,0.,-1.));
#14712=DIRECTION('',(0.,-1.,0.));
#14713=DIRECTION('',(0.,0.,-1.));
#14714=DIRECTION('',(0.,0.,-1.));
#14715=DIRECTION('',(1.,0.,0.));
#14716=DIRECTION('',(0.,0.,-1.));
#14717=DIRECTION('',(1.,0.,0.));
#14718=DIRECTION('',(0.,0.,-1.));
#14719=DIRECTION('',(0.,0.,-1.));
#14720=DIRECTION('',(0.,0.,-1.));
#14721=DIRECTION('',(0.,-1.,0.));
#14722=DIRECTION('',(0.,-1.,0.));
#14723=DIRECTION('',(0.,-1.,0.));
#14724=DIRECTION('',(0.,-1.,0.));
#14725=DIRECTION('',(0.,0.,-1.));
#14726=DIRECTION('',(-1.,0.,0.));
#14727=DIRECTION('',(0.,0.,-1.));
#14728=DIRECTION('',(0.,1.,0.));
#14729=DIRECTION('',(0.,0.,1.));
#14730=DIRECTION('',(0.,0.,-1.));
#14731=DIRECTION('',(1.,0.,0.));
#14732=DIRECTION('',(0.,0.,-1.));
#14733=DIRECTION('',(-1.,0.,0.));
#14734=DIRECTION('',(0.,0.,1.));
#14735=DIRECTION('',(1.,0.,0.));
#14736=DIRECTION('',(0.,0.,1.));
#14737=DIRECTION('',(1.,0.,0.));
#14738=DIRECTION('',(-1.,0.,0.));
#14739=DIRECTION('',(0.,0.,1.));
#14740=DIRECTION('',(1.,0.,0.));
#14741=DIRECTION('',(0.499999999999999,-0.866025403784439,0.));
#14742=DIRECTION('',(0.,0.,1.));
#14743=DIRECTION('',(1.,0.,0.));
#14744=DIRECTION('',(-0.499999999999999,0.866025403784439,0.));
#14745=DIRECTION('',(0.,0.,1.));
#14746=DIRECTION('',(1.,0.,0.));
#14747=DIRECTION('',(-0.500000000000001,-0.866025403784438,0.));
#14748=DIRECTION('',(0.,0.,1.));
#14749=DIRECTION('',(1.,0.,0.));
#14750=DIRECTION('',(0.499999999999973,0.866025403784454,0.));
#14751=DIRECTION('',(0.,0.,1.));
#14752=DIRECTION('',(1.,0.,0.));
#14753=DIRECTION('',(-1.,0.,0.));
#14754=DIRECTION('',(0.,0.,1.));
#14755=DIRECTION('',(1.,0.,0.));
#14756=DIRECTION('',(1.,0.,0.));
#14757=DIRECTION('',(0.,0.,1.));
#14758=DIRECTION('',(1.,0.,0.));
#14759=DIRECTION('',(-0.499999999999999,0.866025403784439,0.));
#14760=DIRECTION('',(0.,0.,1.));
#14761=DIRECTION('',(1.,0.,0.));
#14762=DIRECTION('',(0.5,-0.866025403784439,0.));
#14763=DIRECTION('',(0.,0.,1.));
#14764=DIRECTION('',(1.,0.,0.));
#14765=DIRECTION('',(0.500000000000001,0.866025403784438,0.));
#14766=DIRECTION('',(0.,0.,1.));
#14767=DIRECTION('',(1.,0.,0.));
#14768=DIRECTION('',(-0.500000000000001,-0.866025403784438,0.));
#14769=DIRECTION('',(0.,0.,1.));
#14770=DIRECTION('',(1.,0.,0.));
#14771=DIRECTION('',(1.,0.,0.));
#14772=DIRECTION('',(1.,0.,0.));
#14773=DIRECTION('',(0.,0.,-1.));
#14774=DIRECTION('',(1.,0.,0.));
#14775=DIRECTION('',(0.,0.,-1.));
#14776=DIRECTION('',(0.,0.,1.));
#14777=DIRECTION('',(0.,-0.866025403784438,0.5));
#14778=DIRECTION('',(0.,-0.866025403784438,-0.5));
#14779=DIRECTION('',(0.,0.,-1.));
#14780=DIRECTION('',(0.,0.866025403784438,-0.5));
#14781=DIRECTION('',(0.,0.866025403784438,0.5));
#14782=DIRECTION('',(1.,0.,0.));
#14783=DIRECTION('',(0.,0.,-1.));
#14784=DIRECTION('',(0.,-1.,0.));
#14785=DIRECTION('',(0.,0.,-1.));
#14786=DIRECTION('',(0.,0.,1.));
#14787=DIRECTION('',(-1.,0.,0.));
#14788=DIRECTION('',(-1.,0.,0.));
#14789=DIRECTION('',(0.,-0.5,-0.866025403784438));
#14790=DIRECTION('',(0.,0.866025403784439,-0.5));
#14791=DIRECTION('',(0.,-0.866025403784438,0.5));
#14792=DIRECTION('',(-1.,0.,0.));
#14793=DIRECTION('',(0.,0.5,-0.866025403784438));
#14794=DIRECTION('',(0.,0.866025403784439,0.5));
#14795=DIRECTION('',(0.,-0.866025403784438,-0.5));
#14796=DIRECTION('',(-1.,0.,0.));
#14797=DIRECTION('',(0.,1.,0.));
#14798=DIRECTION('',(0.,0.,1.));
#14799=DIRECTION('',(0.,0.,-1.));
#14800=DIRECTION('',(-1.,0.,0.));
#14801=DIRECTION('',(0.,0.5,0.866025403784438));
#14802=DIRECTION('',(0.,-0.866025403784439,0.5));
#14803=DIRECTION('',(0.,0.866025403784438,-0.5));
#14804=DIRECTION('',(-1.,0.,0.));
#14805=DIRECTION('',(0.,-0.5,0.866025403784438));
#14806=DIRECTION('',(0.,-0.866025403784439,-0.5));
#14807=DIRECTION('',(0.,0.866025403784438,0.5));
#14808=DIRECTION('',(1.,0.,0.));
#14809=DIRECTION('',(0.,0.,-1.));
#14810=DIRECTION('',(1.,0.,0.));
#14811=DIRECTION('',(0.,0.,-1.));
#14812=DIRECTION('',(1.,0.,0.));
#14813=DIRECTION('',(0.,0.,-1.));
#14814=DIRECTION('',(0.,-0.866025403784439,-0.5));
#14815=DIRECTION('',(0.,-1.52635468502633E-15,-1.));
#14816=DIRECTION('',(0.,0.866025403784437,-0.500000000000003));
#14817=DIRECTION('',(0.,0.866025403784439,0.5));
#14818=DIRECTION('',(0.,1.52635468502633E-15,1.));
#14819=DIRECTION('',(0.,-0.866025403784437,0.500000000000003));
#14820=DIRECTION('',(1.,0.,0.));
#14821=DIRECTION('',(0.,0.,-1.));
#14822=DIRECTION('',(1.,0.,0.));
#14823=DIRECTION('',(0.,0.,-1.));
#14824=DIRECTION('',(1.,0.,0.));
#14825=DIRECTION('',(0.,0.,-1.));
#14826=DIRECTION('',(0.,0.866025403784439,-0.5));
#14827=DIRECTION('',(0.,0.866025403784437,0.500000000000003));
#14828=DIRECTION('',(0.,-1.52635468502633E-15,1.));
#14829=DIRECTION('',(0.,-0.866025403784439,0.5));
#14830=DIRECTION('',(0.,-0.866025403784437,-0.500000000000003));
#14831=DIRECTION('',(0.,1.52635468502633E-15,-1.));
#14832=DIRECTION('',(1.,0.,0.));
#14833=DIRECTION('',(0.,0.,-1.));
#14834=DIRECTION('',(0.,0.5,-0.866025403784439));
#14835=DIRECTION('',(0.,0.866025403784439,0.5));
#14836=DIRECTION('',(0.,-0.866025403784439,-0.5));
#14837=DIRECTION('',(-1.,0.,0.));
#14838=DIRECTION('',(-1.,0.,0.));
#14839=DIRECTION('',(0.,1.,-1.52635468502633E-15));
#14840=DIRECTION('',(0.,1.52635468502633E-15,1.));
#14841=DIRECTION('',(0.,-1.52635468502633E-15,-1.));
#14842=DIRECTION('',(-1.,0.,0.));
#14843=DIRECTION('',(0.,0.500000000000003,0.866025403784437));
#14844=DIRECTION('',(0.,-0.866025403784437,0.500000000000003));
#14845=DIRECTION('',(0.,0.866025403784437,-0.500000000000003));
#14846=DIRECTION('',(-1.,0.,0.));
#14847=DIRECTION('',(0.,-0.5,0.866025403784439));
#14848=DIRECTION('',(0.,-0.866025403784439,-0.5));
#14849=DIRECTION('',(0.,0.866025403784439,0.5));
#14850=DIRECTION('',(-1.,0.,0.));
#14851=DIRECTION('',(0.,-1.,1.52635468502633E-15));
#14852=DIRECTION('',(0.,-1.52635468502633E-15,-1.));
#14853=DIRECTION('',(0.,1.52635468502633E-15,1.));
#14854=DIRECTION('',(-1.,0.,0.));
#14855=DIRECTION('',(0.,-0.500000000000003,-0.866025403784437));
#14856=DIRECTION('',(0.,0.866025403784437,-0.500000000000003));
#14857=DIRECTION('',(0.,-0.866025403784437,0.500000000000003));
#14858=DIRECTION('',(1.,0.,0.));
#14859=DIRECTION('',(0.,0.,-1.));
#14860=DIRECTION('',(0.,0.5,0.866025403784439));
#14861=DIRECTION('',(0.,-0.866025403784439,0.5));
#14862=DIRECTION('',(0.,0.866025403784439,-0.5));
#14863=DIRECTION('',(-1.,0.,0.));
#14864=DIRECTION('',(-1.,0.,0.));
#14865=DIRECTION('',(0.,-0.500000000000003,0.866025403784437));
#14866=DIRECTION('',(0.,-0.866025403784437,-0.500000000000003));
#14867=DIRECTION('',(0.,0.866025403784437,0.500000000000003));
#14868=DIRECTION('',(-1.,0.,0.));
#14869=DIRECTION('',(0.,-1.,-1.52635468502633E-15));
#14870=DIRECTION('',(0.,1.52635468502633E-15,-1.));
#14871=DIRECTION('',(0.,-1.52635468502633E-15,1.));
#14872=DIRECTION('',(-1.,0.,0.));
#14873=DIRECTION('',(0.,-0.5,-0.866025403784439));
#14874=DIRECTION('',(0.,0.866025403784439,-0.5));
#14875=DIRECTION('',(0.,-0.866025403784439,0.5));
#14876=DIRECTION('',(-1.,0.,0.));
#14877=DIRECTION('',(0.,0.500000000000003,-0.866025403784437));
#14878=DIRECTION('',(0.,0.866025403784437,0.500000000000003));
#14879=DIRECTION('',(0.,-0.866025403784437,-0.500000000000003));
#14880=DIRECTION('',(-1.,0.,0.));
#14881=DIRECTION('',(0.,1.,1.52635468502633E-15));
#14882=DIRECTION('',(0.,-1.52635468502633E-15,1.));
#14883=DIRECTION('',(0.,1.52635468502633E-15,-1.));
#14884=DIRECTION('',(1.,0.,0.));
#14885=DIRECTION('',(0.,0.,-1.));
#14886=DIRECTION('',(1.,0.,0.));
#14887=DIRECTION('',(0.,0.,-1.));
#14888=DIRECTION('',(0.,0.,-1.));
#14889=DIRECTION('',(-1.,0.,0.));
#14890=DIRECTION('',(0.,0.,1.));
#14891=DIRECTION('',(0.,-0.867219917012448,0.49792531120332));
#14892=DIRECTION('',(-1.,0.,0.));
#14893=DIRECTION('',(0.,0.,1.));
#14894=DIRECTION('',(0.,1.,-1.63583712195465E-16));
#14895=DIRECTION('',(1.,0.,0.));
#14896=DIRECTION('',(0.,0.,-1.));
#14897=DIRECTION('',(0.,-1.,-1.63583712195465E-16));
#14898=DIRECTION('',(0.,1.63583712195465E-16,-1.));
#14899=DIRECTION('',(0.,1.,1.63583712195465E-16));
#14900=DIRECTION('',(-1.,0.,0.));
#14901=DIRECTION('',(0.,1.63583712195465E-16,1.));
#14902=DIRECTION('',(0.,-1.,1.63583712195465E-16));
#14903=DIRECTION('',(-1.,0.,0.));
#14904=DIRECTION('',(-1.,0.,0.));
#14905=DIRECTION('',(0.,0.,1.));
#14906=DIRECTION('',(-0.707106781186548,-0.707106781186547,0.));
#14907=DIRECTION('',(0.707106781186547,-0.707106781186548,0.));
#14908=DIRECTION('',(0.,0.,1.));
#14909=DIRECTION('',(0.707106781186547,-0.707106781186548,0.));
#14910=DIRECTION('',(0.,0.,1.));
#14911=DIRECTION('',(-0.707106781186548,0.707106781186547,0.));
#14912=DIRECTION('',(-0.707106781186547,-0.707106781186548,0.));
#14913=DIRECTION('',(0.,0.,1.));
#14914=DIRECTION('',(-0.707106781186547,-0.707106781186548,0.));
#14915=DIRECTION('',(0.707106781186548,0.707106781186547,0.));
#14916=DIRECTION('',(-0.707106781186547,0.707106781186548,0.));
#14917=DIRECTION('',(0.,0.,1.));
#14918=DIRECTION('',(-0.707106781186547,0.707106781186548,0.));
#14919=DIRECTION('',(0.707106781186548,-0.707106781186547,0.));
#14920=DIRECTION('',(0.707106781186547,0.707106781186548,0.));
#14921=DIRECTION('',(0.707106781186547,0.707106781186548,0.));
#14922=DIRECTION('',(0.,0.,-1.));
#14923=DIRECTION('',(-1.,0.,0.));
#14924=DIRECTION('',(0.,1.,0.));
#14925=DIRECTION('',(0.,0.,1.));
#14926=DIRECTION('',(0.,0.,-1.));
#14927=DIRECTION('',(-1.,0.,0.));
#14928=DIRECTION('',(0.,0.,-1.));
#14929=DIRECTION('',(0.,0.,1.));
#14930=DIRECTION('',(-1.,0.,0.));
#14931=DIRECTION('',(0.,0.,1.));
#14932=DIRECTION('',(0.,1.,0.));
#14933=DIRECTION('',(0.,0.,1.));
#14934=DIRECTION('',(0.,-1.,0.));
#14935=DIRECTION('',(0.,0.,-1.));
#14936=DIRECTION('',(0.,0.,1.));
#14937=DIRECTION('',(0.,0.,1.));
#14938=DIRECTION('',(1.,0.,0.));
#14939=DIRECTION('',(0.,0.,1.));
#14940=DIRECTION('',(0.,0.,1.));
#14941=DIRECTION('',(-1.,0.,0.));
#14942=DIRECTION('',(0.,-1.,0.));
#14943=DIRECTION('',(0.,0.,-1.));
#14944=DIRECTION('',(-1.,0.,0.));
#14945=DIRECTION('',(0.,0.,1.));
#14946=DIRECTION('',(0.,-0.500000000000002,0.866025403784438));
#14947=DIRECTION('',(1.,0.,0.));
#14948=DIRECTION('',(0.,0.,-1.));
#14949=DIRECTION('',(0.,0.499999999999997,-0.866025403784441));
#14950=DIRECTION('',(1.,0.,0.));
#14951=DIRECTION('',(0.,0.,-1.));
#14952=DIRECTION('',(0.,-1.,0.));
#14953=DIRECTION('',(1.,0.,0.));
#14954=DIRECTION('',(0.,0.,-1.));
#14955=DIRECTION('',(0.,1.,0.));
#14956=DIRECTION('',(1.,0.,0.));
#14957=DIRECTION('',(0.,0.,-1.));
#14958=DIRECTION('',(0.,-0.500000000000001,-0.866025403784438));
#14959=DIRECTION('',(1.,0.,0.));
#14960=DIRECTION('',(0.,0.,-1.));
#14961=DIRECTION('',(0.,0.5,0.866025403784439));
#14962=DIRECTION('',(1.,0.,0.));
#14963=DIRECTION('',(0.,0.,-1.));
#14964=DIRECTION('',(0.,0.499999999999998,-0.86602540378444));
#14965=DIRECTION('',(1.,0.,0.));
#14966=DIRECTION('',(0.,0.,-1.));
#14967=DIRECTION('',(0.,-0.500000000000002,0.866025403784437));
#14968=DIRECTION('',(1.,0.,0.));
#14969=DIRECTION('',(0.,0.,-1.));
#14970=DIRECTION('',(0.,1.,0.));
#14971=DIRECTION('',(1.,0.,0.));
#14972=DIRECTION('',(0.,0.,-1.));
#14973=DIRECTION('',(0.,-1.,0.));
#14974=DIRECTION('',(1.,0.,0.));
#14975=DIRECTION('',(0.,0.,-1.));
#14976=DIRECTION('',(0.,0.500000000000004,0.866025403784436));
#14977=DIRECTION('',(1.,0.,0.));
#14978=DIRECTION('',(0.,0.,-1.));
#14979=DIRECTION('',(0.,-0.499999999999993,-0.866025403784442));
#14980=DIRECTION('',(1.,0.,0.));
#14981=DIRECTION('',(0.,0.,-1.));
#14982=DIRECTION('',(0.,-1.,0.));
#14983=DIRECTION('',(1.,0.,0.));
#14984=DIRECTION('',(0.,0.,-1.));
#14985=DIRECTION('',(0.,1.,0.));
#14986=DIRECTION('',(0.,0.,1.));
#14987=DIRECTION('',(1.,0.,0.));
#14988=DIRECTION('',(-1.,0.,0.));
#14989=DIRECTION('',(0.,1.,0.));
#14990=DIRECTION('',(1.,0.,0.));
#14991=DIRECTION('',(0.,-1.,0.));
#14992=DIRECTION('',(0.,1.,0.));
#14993=DIRECTION('',(0.,0.,1.));
#14994=DIRECTION('',(-1.,0.,0.));
#14995=DIRECTION('',(0.,0.,1.));
#14996=DIRECTION('',(0.,0.,1.));
#14997=DIRECTION('',(-1.,0.,0.));
#14998=DIRECTION('',(0.,0.,1.));
#14999=DIRECTION('',(0.,-1.,0.));
#15000=DIRECTION('',(0.,0.,1.));
#15001=DIRECTION('',(0.,-1.,0.));
#15002=DIRECTION('',(0.,0.,-1.));
#15003=DIRECTION('',(1.,0.,0.));
#15004=DIRECTION('',(0.,0.,1.));
#15005=DIRECTION('',(1.,0.,0.));
#15006=DIRECTION('',(0.,0.,-1.));
#15007=DIRECTION('',(0.,1.,0.));
#15008=DIRECTION('',(0.,0.,1.));
#15009=DIRECTION('',(1.,0.,0.));
#15010=DIRECTION('',(0.,0.,1.));
#15011=DIRECTION('',(1.,0.,0.));
#15012=DIRECTION('',(0.,0.,1.));
#15013=DIRECTION('',(1.,0.,0.));
#15014=DIRECTION('',(0.,0.,1.));
#15015=DIRECTION('',(1.,0.,0.));
#15016=DIRECTION('',(0.,0.,1.));
#15017=DIRECTION('',(1.,0.,0.));
#15018=DIRECTION('',(0.,0.,-1.));
#15019=DIRECTION('',(-1.,0.,0.));
#15020=DIRECTION('',(0.,0.,1.));
#15021=DIRECTION('',(1.,0.,0.));
#15022=DIRECTION('',(0.,0.,1.));
#15023=DIRECTION('',(1.,0.,0.));
#15024=DIRECTION('',(0.,-1.,0.));
#15025=DIRECTION('',(-0.86602540378444,-0.499999999999998,0.));
#15026=DIRECTION('',(-0.86602540378444,0.499999999999998,0.));
#15027=DIRECTION('',(0.,1.,0.));
#15028=DIRECTION('',(0.86602540378444,0.499999999999998,0.));
#15029=DIRECTION('',(0.86602540378444,-0.499999999999998,0.));
#15030=DIRECTION('',(0.,0.,-1.));
#15031=DIRECTION('',(-1.,0.,0.));
#15032=DIRECTION('',(0.,0.,1.));
#15033=DIRECTION('',(1.,0.,0.));
#15034=DIRECTION('',(0.,0.,1.));
#15035=DIRECTION('',(1.,0.,0.));
#15036=DIRECTION('',(0.,-1.,0.));
#15037=DIRECTION('',(-0.86602540378444,-0.499999999999998,0.));
#15038=DIRECTION('',(-0.86602540378444,0.499999999999998,0.));
#15039=DIRECTION('',(0.,1.,0.));
#15040=DIRECTION('',(0.86602540378444,0.499999999999998,0.));
#15041=DIRECTION('',(0.86602540378444,-0.499999999999998,0.));
#15042=DIRECTION('',(0.,0.,-1.));
#15043=DIRECTION('',(-1.,0.,0.));
#15044=DIRECTION('',(0.,0.,1.));
#15045=DIRECTION('',(1.,0.,0.));
#15046=DIRECTION('',(0.,0.,1.));
#15047=DIRECTION('',(1.,0.,0.));
#15048=DIRECTION('',(0.,-1.,0.));
#15049=DIRECTION('',(-0.866025403784439,-0.499999999999999,0.));
#15050=DIRECTION('',(-0.866025403784439,0.499999999999999,0.));
#15051=DIRECTION('',(0.,1.,0.));
#15052=DIRECTION('',(0.86602540378444,0.499999999999998,0.));
#15053=DIRECTION('',(0.86602540378444,-0.499999999999998,0.));
#15054=DIRECTION('',(0.,0.,-1.));
#15055=DIRECTION('',(-1.,0.,0.));
#15056=DIRECTION('',(0.,0.,1.));
#15057=DIRECTION('',(1.,0.,0.));
#15058=DIRECTION('',(0.,0.,1.));
#15059=DIRECTION('',(1.,0.,0.));
#15060=DIRECTION('',(0.,-1.,0.));
#15061=DIRECTION('',(-0.866025403784439,-0.499999999999999,0.));
#15062=DIRECTION('',(-0.866025403784439,0.499999999999999,0.));
#15063=DIRECTION('',(0.,1.,0.));
#15064=DIRECTION('',(0.86602540378444,0.499999999999998,0.));
#15065=DIRECTION('',(0.86602540378444,-0.499999999999998,0.));
#15066=DIRECTION('',(1.,0.,0.));
#15067=DIRECTION('',(0.,0.,-1.));
#15068=DIRECTION('',(0.,0.,-1.));
#15069=DIRECTION('',(0.,-1.,0.));
#15070=DIRECTION('',(0.,0.,-1.));
#15071=DIRECTION('',(0.499999999999998,0.86602540378444,0.));
#15072=DIRECTION('',(-0.86602540378444,0.499999999999998,0.));
#15073=DIRECTION('',(0.,0.,-1.));
#15074=DIRECTION('',(0.86602540378444,-0.499999999999998,0.));
#15075=DIRECTION('',(-0.499999999999998,0.86602540378444,0.));
#15076=DIRECTION('',(-0.86602540378444,-0.499999999999998,0.));
#15077=DIRECTION('',(0.,0.,-1.));
#15078=DIRECTION('',(0.86602540378444,0.499999999999998,0.));
#15079=DIRECTION('',(-1.,0.,0.));
#15080=DIRECTION('',(0.,0.,1.));
#15081=DIRECTION('',(0.,0.,-1.));
#15082=DIRECTION('',(0.,1.,0.));
#15083=DIRECTION('',(-0.499999999999999,-0.866025403784439,0.));
#15084=DIRECTION('',(0.866025403784439,-0.499999999999999,0.));
#15085=DIRECTION('',(0.,0.,-1.));
#15086=DIRECTION('',(-0.866025403784439,0.499999999999999,0.));
#15087=DIRECTION('',(0.499999999999999,-0.866025403784439,0.));
#15088=DIRECTION('',(0.866025403784439,0.499999999999999,0.));
#15089=DIRECTION('',(-0.866025403784439,-0.499999999999999,0.));
#15090=DIRECTION('',(0.,0.,1.));
#15091=DIRECTION('',(1.,0.,0.));
#15092=DIRECTION('',(1.,0.,0.));
#15093=DIRECTION('',(0.,0.,-1.));
#15094=DIRECTION('',(0.,0.,-1.));
#15095=DIRECTION('',(0.,-1.,0.));
#15096=DIRECTION('',(0.,0.,-1.));
#15097=DIRECTION('',(0.499999999999998,0.86602540378444,0.));
#15098=DIRECTION('',(-0.86602540378444,0.499999999999998,0.));
#15099=DIRECTION('',(0.,0.,-1.));
#15100=DIRECTION('',(0.86602540378444,-0.499999999999998,0.));
#15101=DIRECTION('',(-0.499999999999998,0.86602540378444,0.));
#15102=DIRECTION('',(-0.86602540378444,-0.499999999999998,0.));
#15103=DIRECTION('',(0.,0.,-1.));
#15104=DIRECTION('',(0.86602540378444,0.499999999999998,0.));
#15105=DIRECTION('',(-1.,0.,0.));
#15106=DIRECTION('',(0.,0.,1.));
#15107=DIRECTION('',(0.,0.,-1.));
#15108=DIRECTION('',(0.,1.,0.));
#15109=DIRECTION('',(-0.499999999999999,-0.866025403784439,0.));
#15110=DIRECTION('',(0.866025403784439,-0.499999999999999,0.));
#15111=DIRECTION('',(0.,0.,-1.));
#15112=DIRECTION('',(-0.866025403784439,0.499999999999999,0.));
#15113=DIRECTION('',(0.499999999999999,-0.866025403784439,0.));
#15114=DIRECTION('',(0.866025403784439,0.499999999999999,0.));
#15115=DIRECTION('',(-0.866025403784439,-0.499999999999999,0.));
#15116=DIRECTION('',(0.,0.,1.));
#15117=DIRECTION('',(1.,0.,0.));
#15118=DIRECTION('',(1.,0.,0.));
#15119=DIRECTION('',(0.,0.,-1.));
#15120=DIRECTION('',(0.,0.,-1.));
#15121=DIRECTION('',(0.,-1.,0.));
#15122=DIRECTION('',(0.,0.,-1.));
#15123=DIRECTION('',(0.499999999999998,0.86602540378444,0.));
#15124=DIRECTION('',(-0.86602540378444,0.499999999999998,0.));
#15125=DIRECTION('',(0.,0.,-1.));
#15126=DIRECTION('',(0.86602540378444,-0.499999999999998,0.));
#15127=DIRECTION('',(-0.499999999999998,0.86602540378444,0.));
#15128=DIRECTION('',(-0.86602540378444,-0.499999999999998,0.));
#15129=DIRECTION('',(0.,0.,-1.));
#15130=DIRECTION('',(0.86602540378444,0.499999999999998,0.));
#15131=DIRECTION('',(-1.,0.,0.));
#15132=DIRECTION('',(0.,0.,1.));
#15133=DIRECTION('',(0.,0.,-1.));
#15134=DIRECTION('',(0.,1.,0.));
#15135=DIRECTION('',(-0.499999999999998,-0.86602540378444,0.));
#15136=DIRECTION('',(0.86602540378444,-0.499999999999998,0.));
#15137=DIRECTION('',(0.,0.,-1.));
#15138=DIRECTION('',(-0.86602540378444,0.499999999999998,0.));
#15139=DIRECTION('',(0.499999999999998,-0.86602540378444,0.));
#15140=DIRECTION('',(0.86602540378444,0.499999999999998,0.));
#15141=DIRECTION('',(-0.86602540378444,-0.499999999999998,0.));
#15142=DIRECTION('',(0.,0.,1.));
#15143=DIRECTION('',(1.,0.,0.));
#15144=DIRECTION('',(1.,0.,0.));
#15145=DIRECTION('',(0.,0.,-1.));
#15146=DIRECTION('',(0.,0.,-1.));
#15147=DIRECTION('',(0.,-1.,0.));
#15148=DIRECTION('',(0.,0.,-1.));
#15149=DIRECTION('',(0.499999999999998,0.86602540378444,0.));
#15150=DIRECTION('',(-0.86602540378444,0.499999999999998,0.));
#15151=DIRECTION('',(0.,0.,-1.));
#15152=DIRECTION('',(0.86602540378444,-0.499999999999998,0.));
#15153=DIRECTION('',(-0.499999999999998,0.86602540378444,0.));
#15154=DIRECTION('',(-0.86602540378444,-0.499999999999998,0.));
#15155=DIRECTION('',(0.,0.,-1.));
#15156=DIRECTION('',(0.86602540378444,0.499999999999998,0.));
#15157=DIRECTION('',(-1.,0.,0.));
#15158=DIRECTION('',(0.,0.,1.));
#15159=DIRECTION('',(0.,0.,-1.));
#15160=DIRECTION('',(0.,1.,0.));
#15161=DIRECTION('',(-0.499999999999998,-0.86602540378444,0.));
#15162=DIRECTION('',(0.86602540378444,-0.499999999999998,0.));
#15163=DIRECTION('',(0.,0.,-1.));
#15164=DIRECTION('',(-0.86602540378444,0.499999999999998,0.));
#15165=DIRECTION('',(0.499999999999998,-0.86602540378444,0.));
#15166=DIRECTION('',(0.86602540378444,0.499999999999998,0.));
#15167=DIRECTION('',(-0.86602540378444,-0.499999999999998,0.));
#15168=DIRECTION('',(0.,0.,1.));
#15169=DIRECTION('',(1.,0.,0.));
#15170=DIRECTION('',(0.,-1.,0.));
#15171=DIRECTION('',(0.,0.,-1.));
#15172=DIRECTION('',(0.,-1.,0.));
#15173=DIRECTION('',(0.,0.,-1.));
#15174=DIRECTION('',(0.,0.,1.));
#15175=DIRECTION('',(-0.866025403784439,0.,0.499999999999999));
#15176=DIRECTION('',(-0.866025403784439,0.,-0.499999999999999));
#15177=DIRECTION('',(0.,0.,-1.));
#15178=DIRECTION('',(0.866025403784438,0.,-0.500000000000001));
#15179=DIRECTION('',(0.866025403784438,0.,0.500000000000001));
#15180=DIRECTION('',(0.,-1.,0.));
#15181=DIRECTION('',(0.,0.,-1.));
#15182=DIRECTION('',(-1.,0.,0.));
#15183=DIRECTION('',(0.,0.,1.));
#15184=DIRECTION('',(0.,0.,1.));
#15185=DIRECTION('',(0.,1.,0.));
#15186=DIRECTION('',(0.,1.,0.));
#15187=DIRECTION('',(-0.499999999999999,0.,-0.866025403784439));
#15188=DIRECTION('',(-0.866025403784439,0.,0.499999999999999));
#15189=DIRECTION('',(-0.866025403784439,0.,0.499999999999999));
#15190=DIRECTION('',(0.,1.,0.));
#15191=DIRECTION('',(0.499999999999999,0.,-0.866025403784439));
#15192=DIRECTION('',(-0.866025403784439,0.,-0.499999999999999));
#15193=DIRECTION('',(-0.866025403784439,0.,-0.499999999999999));
#15194=DIRECTION('',(0.,1.,0.));
#15195=DIRECTION('',(1.,0.,0.));
#15196=DIRECTION('',(0.,0.,-1.));
#15197=DIRECTION('',(0.,0.,-1.));
#15198=DIRECTION('',(0.,1.,0.));
#15199=DIRECTION('',(0.500000000000001,0.,0.866025403784438));
#15200=DIRECTION('',(0.866025403784438,0.,-0.500000000000001));
#15201=DIRECTION('',(0.866025403784438,0.,-0.500000000000001));
#15202=DIRECTION('',(0.,1.,0.));
#15203=DIRECTION('',(-0.500000000000001,0.,0.866025403784438));
#15204=DIRECTION('',(0.866025403784438,0.,0.500000000000001));
#15205=DIRECTION('',(0.866025403784438,0.,0.500000000000001));
#15206=DIRECTION('',(0.,-1.,0.));
#15207=DIRECTION('',(0.,0.,-1.));
#15208=DIRECTION('',(0.,-1.,0.));
#15209=DIRECTION('',(0.,0.,-1.));
#15210=DIRECTION('',(0.,-1.,0.));
#15211=DIRECTION('',(0.,0.,-1.));
#15212=DIRECTION('',(0.,1.,0.));
#15213=DIRECTION('',(0.,0.,1.));
#15214=DIRECTION('',(0.,0.,-1.));
#15215=DIRECTION('',(-0.866025403784439,0.,-0.499999999999999));
#15216=DIRECTION('',(-0.866025403784439,0.,0.499999999999999));
#15217=DIRECTION('',(0.,0.,1.));
#15218=DIRECTION('',(0.866025403784439,0.,0.499999999999999));
#15219=DIRECTION('',(0.866025403784439,0.,-0.499999999999999));
#15220=DIRECTION('',(-1.,0.,0.));
#15221=DIRECTION('',(0.,0.,1.));
#15222=DIRECTION('',(0.,0.,-1.));
#15223=DIRECTION('',(0.,-1.,0.));
#15224=DIRECTION('',(0.,-1.,0.));
#15225=DIRECTION('',(-0.499999999999999,0.,0.866025403784439));
#15226=DIRECTION('',(0.866025403784439,0.,0.499999999999999));
#15227=DIRECTION('',(-0.866025403784439,0.,-0.499999999999999));
#15228=DIRECTION('',(0.,-1.,0.));
#15229=DIRECTION('',(0.499999999999999,0.,0.866025403784439));
#15230=DIRECTION('',(0.866025403784439,0.,-0.499999999999999));
#15231=DIRECTION('',(-0.866025403784439,0.,0.499999999999999));
#15232=DIRECTION('',(0.,-1.,0.));
#15233=DIRECTION('',(1.,0.,0.));
#15234=DIRECTION('',(0.,0.,-1.));
#15235=DIRECTION('',(0.,0.,-1.));
#15236=DIRECTION('',(0.,-1.,0.));
#15237=DIRECTION('',(0.499999999999999,0.,-0.866025403784439));
#15238=DIRECTION('',(-0.866025403784439,0.,-0.499999999999999));
#15239=DIRECTION('',(0.866025403784439,0.,0.499999999999999));
#15240=DIRECTION('',(0.,-1.,0.));
#15241=DIRECTION('',(-0.499999999999999,0.,-0.866025403784439));
#15242=DIRECTION('',(-0.866025403784439,0.,0.499999999999999));
#15243=DIRECTION('',(0.866025403784439,0.,-0.499999999999999));
#15244=DIRECTION('',(0.,1.,0.));
#15245=DIRECTION('',(0.,0.,1.));
#15246=DIRECTION('',(1.,0.,0.));
#15247=DIRECTION('',(0.,0.,-1.));
#15248=DIRECTION('',(1.,0.,0.));
#15249=DIRECTION('',(0.,0.,-1.));
#15250=DIRECTION('',(0.,0.515038074910054,-0.857167300702112));
#15251=DIRECTION('',(1.,0.,0.));
#15252=DIRECTION('',(0.,0.,-1.));
#15253=DIRECTION('',(0.,0.515038074910054,-0.857167300702112));
#15254=DIRECTION('',(1.,0.,0.));
#15255=DIRECTION('',(0.,0.,-1.));
#15256=DIRECTION('',(-1.,0.,0.));
#15257=DIRECTION('',(0.,0.,1.));
#15258=DIRECTION('',(-1.,0.,0.));
#15259=DIRECTION('',(0.,0.857167300702112,0.515038074910054));
#15260=DIRECTION('',(0.,-0.515038074910054,0.857167300702112));
#15261=DIRECTION('',(0.,-0.857167300702112,0.515038074910054));
#15262=DIRECTION('',(0.,-0.515038074910054,-0.857167300702112));
#15263=DIRECTION('',(0.,0.515038074910054,0.857167300702112));
#15264=DIRECTION('',(0.,0.515038074910054,0.857167300702112));
#15265=DIRECTION('',(-1.,0.,0.));
#15266=DIRECTION('',(-1.,0.,0.));
#15267=DIRECTION('',(0.,0.,1.));
#15268=DIRECTION('',(1.,0.,0.));
#15269=DIRECTION('',(0.,0.,-1.));
#15270=DIRECTION('',(1.,0.,0.));
#15271=DIRECTION('',(0.,0.,-1.));
#15272=DIRECTION('',(1.,0.,0.));
#15273=DIRECTION('',(0.,0.,-1.));
#15274=DIRECTION('',(1.,0.,0.));
#15275=DIRECTION('',(0.,0.,-1.));
#15276=DIRECTION('',(-1.,0.,0.));
#15277=DIRECTION('',(0.,0.,1.));
#15278=DIRECTION('',(-1.,0.,0.));
#15279=DIRECTION('',(-1.,0.,0.));
#15280=DIRECTION('',(0.,0.,1.));
#15281=DIRECTION('',(1.,0.,0.));
#15282=DIRECTION('',(0.,0.,-1.));
#15283=DIRECTION('',(1.,0.,0.));
#15284=DIRECTION('',(0.,0.,-1.));
#15285=DIRECTION('',(-1.,0.,0.));
#15286=DIRECTION('',(0.,-0.707106781186548,-0.707106781186548));
#15287=DIRECTION('',(0.,0.707106781186548,-0.707106781186548));
#15288=DIRECTION('',(0.,-0.707106781186547,0.707106781186547));
#15289=DIRECTION('',(-1.,0.,0.));
#15290=DIRECTION('',(0.,-0.707106781186547,0.707106781186547));
#15291=DIRECTION('',(0.,-0.707106781186548,0.707106781186548));
#15292=DIRECTION('',(0.,-0.707106781186548,-0.707106781186548));
#15293=DIRECTION('',(-1.,0.,0.));
#15294=DIRECTION('',(1.,0.,0.));
#15295=DIRECTION('',(0.,0.,-1.));
#15296=DIRECTION('',(0.,0.,-1.));
#15297=DIRECTION('',(0.,0.707106781186548,-0.707106781186547));
#15298=DIRECTION('',(1.,0.,0.));
#15299=DIRECTION('',(0.,0.,-1.));
#15300=DIRECTION('',(1.,0.,0.));
#15301=DIRECTION('',(0.,0.,-1.));
#15302=DIRECTION('',(0.,0.707106781186548,-0.707106781186547));
#15303=DIRECTION('',(0.,0.,-1.));
#15304=DIRECTION('',(1.,0.,0.));
#15305=DIRECTION('',(0.,0.,-1.));
#15306=DIRECTION('',(-1.,0.,0.));
#15307=DIRECTION('',(0.,0.,1.));
#15308=DIRECTION('',(1.,0.,0.));
#15309=DIRECTION('',(0.,0.,-1.));
#15310=DIRECTION('',(-1.,0.,0.));
#15311=DIRECTION('',(-1.,0.,0.));
#15312=DIRECTION('',(0.,0.,1.));
#15313=DIRECTION('',(1.,0.,0.));
#15314=DIRECTION('',(0.,0.,-1.));
#15315=DIRECTION('',(-1.,0.,0.));
#15316=DIRECTION('',(0.,-0.707106781186546,0.707106781186548));
#15317=DIRECTION('',(0.,-0.707106781186548,-0.707106781186547));
#15318=DIRECTION('',(-1.,0.,0.));
#15319=DIRECTION('',(0.,0.707106781186549,0.707106781186547));
#15320=DIRECTION('',(0.,-0.707106781186546,-0.707106781186548));
#15321=DIRECTION('',(0.,0.707106781186548,-0.707106781186547));
#15322=DIRECTION('',(-1.,0.,0.));
#15323=DIRECTION('',(0.,-0.707106781186549,0.707106781186547));
#15324=DIRECTION('',(1.,0.,0.));
#15325=DIRECTION('',(0.,0.,-1.));
#15326=DIRECTION('',(0.,0.,-1.));
#15327=DIRECTION('',(-1.,0.,0.));
#15328=DIRECTION('',(0.,0.,1.));
#15329=DIRECTION('',(1.,0.,0.));
#15330=DIRECTION('',(0.,0.,-1.));
#15331=DIRECTION('',(-1.,0.,0.));
#15332=DIRECTION('',(-1.,0.,0.));
#15333=DIRECTION('',(0.,0.,1.));
#15334=DIRECTION('',(1.,0.,0.));
#15335=DIRECTION('',(0.,0.,-1.));
#15336=DIRECTION('',(-1.,0.,0.));
#15337=DIRECTION('',(0.,-0.707106781186546,-0.707106781186548));
#15338=DIRECTION('',(0.,0.707106781186548,-0.707106781186547));
#15339=DIRECTION('',(-1.,0.,0.));
#15340=DIRECTION('',(0.,-0.707106781186549,0.707106781186547));
#15341=DIRECTION('',(0.,-0.707106781186546,0.707106781186548));
#15342=DIRECTION('',(0.,-0.707106781186548,-0.707106781186547));
#15343=DIRECTION('',(0.,0.707106781186549,0.707106781186547));
#15344=DIRECTION('',(-1.,0.,0.));
#15345=DIRECTION('',(1.,0.,0.));
#15346=DIRECTION('',(0.,0.,-1.));
#15347=DIRECTION('',(0.,0.,-1.));
#15348=DIRECTION('',(0.,1.,0.));
#15349=DIRECTION('',(0.,0.,1.));
#15350=DIRECTION('',(0.,0.,1.));
#15351=DIRECTION('',(0.,1.,0.));
#15352=DIRECTION('',(1.,0.,0.));
#15353=DIRECTION('',(-0.258819045102546,0.,-0.965925826289062));
#15354=DIRECTION('',(0.,1.,0.));
#15355=DIRECTION('',(1.,0.,0.));
#15356=DIRECTION('',(0.,0.,1.));
#15357=DIRECTION('',(0.,1.,0.));
#15358=DIRECTION('',(1.,0.,0.));
#15359=DIRECTION('',(0.258819045102503,0.,-0.965925826289073));
#15360=DIRECTION('',(0.,1.,0.));
#15361=DIRECTION('',(1.,0.,0.));
#15362=DIRECTION('',(0.,0.,1.));
#15363=DIRECTION('',(0.,1.,0.));
#15364=DIRECTION('',(1.,0.,0.));
#15365=DIRECTION('',(1.,0.,0.));
#15366=DIRECTION('',(0.,1.,0.));
#15367=DIRECTION('',(1.,0.,0.));
#15368=DIRECTION('',(0.,0.,-1.));
#15369=DIRECTION('',(0.,1.,0.));
#15370=DIRECTION('',(1.,0.,0.));
#15371=DIRECTION('',(0.258819045102513,0.,0.96592582628907));
#15372=DIRECTION('',(0.,1.,0.));
#15373=DIRECTION('',(1.,0.,0.));
#15374=DIRECTION('',(0.,0.,-1.));
#15375=DIRECTION('',(0.,1.,0.));
#15376=DIRECTION('',(1.,0.,0.));
#15377=DIRECTION('',(-0.258819045102518,0.,0.965925826289069));
#15378=DIRECTION('',(0.,1.,0.));
#15379=DIRECTION('',(1.,0.,0.));
#15380=DIRECTION('',(0.,0.,-1.));
#15381=DIRECTION('',(0.,1.,0.));
#15382=DIRECTION('',(1.,0.,0.));
#15383=DIRECTION('',(-1.,0.,0.));
#15384=DIRECTION('',(0.,1.,0.));
#15385=DIRECTION('',(1.,0.,0.));
#15386=DIRECTION('',(0.,1.,0.));
#15387=DIRECTION('',(1.,0.,0.));
#15388=DIRECTION('',(0.,0.,-1.));
#15389=DIRECTION('',(0.,1.,0.));
#15390=DIRECTION('',(1.,0.,0.));
#15391=DIRECTION('',(0.,0.,1.));
#15392=DIRECTION('',(0.,0.,1.));
#15393=DIRECTION('',(0.,1.,0.));
#15394=DIRECTION('',(1.,0.,0.));
#15395=DIRECTION('',(0.,0.,-1.));
#15396=DIRECTION('',(0.,1.,0.));
#15397=DIRECTION('',(1.,0.,0.));
#15398=DIRECTION('',(0.,1.,0.));
#15399=DIRECTION('',(1.,0.,0.));
#15400=DIRECTION('',(0.,0.,-1.));
#15401=DIRECTION('',(0.,1.,0.));
#15402=DIRECTION('',(1.,0.,0.));
#15403=DIRECTION('',(0.,0.,1.));
#15404=DIRECTION('',(0.,0.,1.));
#15405=DIRECTION('',(0.,1.,0.));
#15406=DIRECTION('',(1.,0.,0.));
#15407=DIRECTION('',(0.,0.,-1.));
#15408=DIRECTION('',(0.,1.,0.));
#15409=DIRECTION('',(1.,0.,0.));
#15410=DIRECTION('',(0.,1.,0.));
#15411=DIRECTION('',(1.,0.,0.));
#15412=DIRECTION('',(0.,0.,-1.));
#15413=DIRECTION('',(0.,1.,0.));
#15414=DIRECTION('',(1.,0.,0.));
#15415=DIRECTION('',(0.,0.,1.));
#15416=DIRECTION('',(0.,0.,1.));
#15417=DIRECTION('',(0.,1.,0.));
#15418=DIRECTION('',(1.,0.,0.));
#15419=DIRECTION('',(0.,0.,-1.));
#15420=DIRECTION('',(0.,1.,0.));
#15421=DIRECTION('',(1.,0.,0.));
#15422=DIRECTION('',(1.,0.,0.));
#15423=DIRECTION('',(0.,0.,-1.));
#15424=DIRECTION('',(0.,0.,1.));
#15425=DIRECTION('',(0.,-1.,0.));
#15426=DIRECTION('',(0.,-1.,0.));
#15427=DIRECTION('',(0.,-1.,0.));
#15428=DIRECTION('',(0.,0.,-1.));
#15429=DIRECTION('',(0.,1.,0.));
#15430=DIRECTION('',(1.,0.,0.));
#15431=DIRECTION('',(0.,-1.,0.));
#15432=DIRECTION('',(-0.965925826289062,0.,0.258819045102546));
#15433=DIRECTION('',(0.258819045102546,0.,0.965925826289062));
#15434=DIRECTION('',(-0.258819045102546,0.,-0.965925826289062));
#15435=DIRECTION('',(0.,-1.,0.));
#15436=DIRECTION('',(0.,-1.,0.));
#15437=DIRECTION('',(0.,0.,-1.));
#15438=DIRECTION('',(0.,1.,0.));
#15439=DIRECTION('',(1.,0.,0.));
#15440=DIRECTION('',(0.,-1.,0.));
#15441=DIRECTION('',(1.,0.,0.));
#15442=DIRECTION('',(0.,0.,-1.));
#15443=DIRECTION('',(0.,0.,1.));
#15444=DIRECTION('',(0.,-1.,0.));
#15445=DIRECTION('',(0.,-1.,0.));
#15446=DIRECTION('',(0.,0.,-1.));
#15447=DIRECTION('',(0.,1.,0.));
#15448=DIRECTION('',(1.,0.,0.));
#15449=DIRECTION('',(0.,-1.,0.));
#15450=DIRECTION('',(-0.965925826289073,0.,-0.258819045102503));
#15451=DIRECTION('',(-0.258819045102503,0.,0.965925826289073));
#15452=DIRECTION('',(0.258819045102503,0.,-0.965925826289073));
#15453=DIRECTION('',(0.,-1.,0.));
#15454=DIRECTION('',(0.,-1.,0.));
#15455=DIRECTION('',(0.,0.,-1.));
#15456=DIRECTION('',(0.,1.,0.));
#15457=DIRECTION('',(1.,0.,0.));
#15458=DIRECTION('',(0.,-1.,0.));
#15459=DIRECTION('',(1.,0.,0.));
#15460=DIRECTION('',(0.,0.,-1.));
#15461=DIRECTION('',(0.,0.,1.));
#15462=DIRECTION('',(0.,-1.,0.));
#15463=DIRECTION('',(0.,-1.,0.));
#15464=DIRECTION('',(0.,0.,-1.));
#15465=DIRECTION('',(0.,1.,0.));
#15466=DIRECTION('',(1.,0.,0.));
#15467=DIRECTION('',(0.,-1.,0.));
#15468=DIRECTION('',(0.,0.,-1.));
#15469=DIRECTION('',(-1.,0.,0.));
#15470=DIRECTION('',(1.,0.,0.));
#15471=DIRECTION('',(0.,-1.,0.));
#15472=DIRECTION('',(0.,-1.,0.));
#15473=DIRECTION('',(0.,0.,-1.));
#15474=DIRECTION('',(0.,1.,0.));
#15475=DIRECTION('',(1.,0.,0.));
#15476=DIRECTION('',(0.,-1.,0.));
#15477=DIRECTION('',(-1.,0.,0.));
#15478=DIRECTION('',(0.,0.,1.));
#15479=DIRECTION('',(0.,0.,-1.));
#15480=DIRECTION('',(0.,-1.,0.));
#15481=DIRECTION('',(0.,-1.,0.));
#15482=DIRECTION('',(0.,0.,-1.));
#15483=DIRECTION('',(0.,1.,0.));
#15484=DIRECTION('',(1.,0.,0.));
#15485=DIRECTION('',(0.,-1.,0.));
#15486=DIRECTION('',(0.96592582628907,0.,-0.258819045102513));
#15487=DIRECTION('',(-0.258819045102513,0.,-0.965925826289071));
#15488=DIRECTION('',(0.258819045102513,0.,0.96592582628907));
#15489=DIRECTION('',(0.,-1.,0.));
#15490=DIRECTION('',(0.,-1.,0.));
#15491=DIRECTION('',(0.,0.,-1.));
#15492=DIRECTION('',(0.,1.,0.));
#15493=DIRECTION('',(1.,0.,0.));
#15494=DIRECTION('',(0.,-1.,0.));
#15495=DIRECTION('',(-1.,0.,0.));
#15496=DIRECTION('',(0.,0.,1.));
#15497=DIRECTION('',(0.,0.,-1.));
#15498=DIRECTION('',(0.,-1.,0.));
#15499=DIRECTION('',(0.,-1.,0.));
#15500=DIRECTION('',(0.,0.,-1.));
#15501=DIRECTION('',(0.,1.,0.));
#15502=DIRECTION('',(1.,0.,0.));
#15503=DIRECTION('',(0.,-1.,0.));
#15504=DIRECTION('',(0.965925826289069,0.,0.258819045102518));
#15505=DIRECTION('',(0.258819045102518,0.,-0.965925826289069));
#15506=DIRECTION('',(-0.258819045102518,0.,0.965925826289069));
#15507=DIRECTION('',(0.,-1.,0.));
#15508=DIRECTION('',(0.,-1.,0.));
#15509=DIRECTION('',(0.,0.,-1.));
#15510=DIRECTION('',(0.,1.,0.));
#15511=DIRECTION('',(1.,0.,0.));
#15512=DIRECTION('',(0.,-1.,0.));
#15513=DIRECTION('',(-1.,0.,0.));
#15514=DIRECTION('',(0.,0.,1.));
#15515=DIRECTION('',(0.,0.,-1.));
#15516=DIRECTION('',(0.,-1.,0.));
#15517=DIRECTION('',(0.,-1.,0.));
#15518=DIRECTION('',(0.,0.,-1.));
#15519=DIRECTION('',(0.,1.,0.));
#15520=DIRECTION('',(1.,0.,0.));
#15521=DIRECTION('',(0.,-1.,0.));
#15522=DIRECTION('',(0.,0.,1.));
#15523=DIRECTION('',(1.,0.,0.));
#15524=DIRECTION('',(-1.,0.,0.));
#15525=DIRECTION('',(0.,-1.,0.));
#15526=DIRECTION('',(0.,-1.,0.));
#15527=DIRECTION('',(0.,0.,-1.));
#15528=DIRECTION('',(0.,1.,0.));
#15529=DIRECTION('',(1.,0.,0.));
#15530=DIRECTION('',(0.,-1.,0.));
#15531=DIRECTION('',(0.,-1.,0.));
#15532=DIRECTION('',(-1.,0.,0.));
#15533=DIRECTION('',(0.,0.,1.));
#15534=DIRECTION('',(0.,0.,-1.));
#15535=DIRECTION('',(0.,-1.,0.));
#15536=DIRECTION('',(0.,-1.,0.));
#15537=DIRECTION('',(0.,0.,-1.));
#15538=DIRECTION('',(0.,1.,0.));
#15539=DIRECTION('',(1.,0.,0.));
#15540=DIRECTION('',(0.,-1.,0.));
#15541=DIRECTION('',(1.,0.,0.));
#15542=DIRECTION('',(0.,0.,-1.));
#15543=DIRECTION('',(0.,0.,1.));
#15544=DIRECTION('',(0.,-1.,0.));
#15545=DIRECTION('',(0.,-1.,0.));
#15546=DIRECTION('',(0.,-1.,0.));
#15547=DIRECTION('',(0.,0.,-1.));
#15548=DIRECTION('',(0.,1.,0.));
#15549=DIRECTION('',(1.,0.,0.));
#15550=DIRECTION('',(0.,-1.,0.));
#15551=DIRECTION('',(-1.,0.,0.));
#15552=DIRECTION('',(0.,0.,1.));
#15553=DIRECTION('',(0.,0.,-1.));
#15554=DIRECTION('',(0.,-1.,0.));
#15555=DIRECTION('',(0.,-1.,0.));
#15556=DIRECTION('',(0.,0.,-1.));
#15557=DIRECTION('',(0.,1.,0.));
#15558=DIRECTION('',(1.,0.,0.));
#15559=DIRECTION('',(0.,-1.,0.));
#15560=DIRECTION('',(0.,-1.,0.));
#15561=DIRECTION('',(-1.,0.,0.));
#15562=DIRECTION('',(0.,0.,1.));
#15563=DIRECTION('',(0.,0.,-1.));
#15564=DIRECTION('',(0.,-1.,0.));
#15565=DIRECTION('',(0.,-1.,0.));
#15566=DIRECTION('',(0.,0.,-1.));
#15567=DIRECTION('',(0.,1.,0.));
#15568=DIRECTION('',(1.,0.,0.));
#15569=DIRECTION('',(0.,-1.,0.));
#15570=DIRECTION('',(1.,0.,0.));
#15571=DIRECTION('',(0.,0.,-1.));
#15572=DIRECTION('',(0.,0.,1.));
#15573=DIRECTION('',(0.,-1.,0.));
#15574=DIRECTION('',(0.,-1.,0.));
#15575=DIRECTION('',(0.,-1.,0.));
#15576=DIRECTION('',(0.,0.,-1.));
#15577=DIRECTION('',(0.,1.,0.));
#15578=DIRECTION('',(1.,0.,0.));
#15579=DIRECTION('',(0.,-1.,0.));
#15580=DIRECTION('',(-1.,0.,0.));
#15581=DIRECTION('',(0.,0.,1.));
#15582=DIRECTION('',(0.,0.,-1.));
#15583=DIRECTION('',(0.,-1.,0.));
#15584=DIRECTION('',(0.,-1.,0.));
#15585=DIRECTION('',(0.,0.,-1.));
#15586=DIRECTION('',(0.,1.,0.));
#15587=DIRECTION('',(1.,0.,0.));
#15588=DIRECTION('',(0.,-1.,0.));
#15589=DIRECTION('',(0.,-1.,0.));
#15590=DIRECTION('',(-1.,0.,0.));
#15591=DIRECTION('',(0.,0.,1.));
#15592=DIRECTION('',(0.,0.,-1.));
#15593=DIRECTION('',(0.,-1.,0.));
#15594=DIRECTION('',(0.,-1.,0.));
#15595=DIRECTION('',(0.,0.,-1.));
#15596=DIRECTION('',(0.,1.,0.));
#15597=DIRECTION('',(1.,0.,0.));
#15598=DIRECTION('',(0.,-1.,0.));
#15599=DIRECTION('',(1.,0.,0.));
#15600=DIRECTION('',(0.,0.,-1.));
#15601=DIRECTION('',(0.,0.,1.));
#15602=DIRECTION('',(0.,-1.,0.));
#15603=DIRECTION('',(0.,-1.,0.));
#15604=DIRECTION('',(0.,-1.,0.));
#15605=DIRECTION('',(0.,0.,-1.));
#15606=DIRECTION('',(0.,1.,0.));
#15607=DIRECTION('',(1.,0.,0.));
#15608=DIRECTION('',(0.,-1.,0.));
#15609=DIRECTION('',(-1.,0.,0.));
#15610=DIRECTION('',(0.,0.,1.));
#15611=DIRECTION('',(0.,0.,-1.));
#15612=DIRECTION('',(0.,-1.,0.));
#15613=DIRECTION('',(1.,0.,0.));
#15614=DIRECTION('',(0.,0.,-1.));
#15615=DIRECTION('',(0.,0.,1.));
#15616=DIRECTION('',(0.,-1.,0.));
#15617=DIRECTION('',(0.,0.,-1.));
#15618=DIRECTION('',(0.,1.,0.));
#15619=DIRECTION('',(1.,0.,0.));
#15620=DIRECTION('',(1.,0.,0.));
#15621=DIRECTION('',(0.,0.,-1.));
#15622=DIRECTION('',(0.,0.,1.));
#15623=DIRECTION('',(0.,-1.,0.));
#15624=DIRECTION('',(0.,0.,-1.));
#15625=DIRECTION('',(0.,1.,0.));
#15626=DIRECTION('',(1.,0.,0.));
#15627=DIRECTION('',(1.,0.,0.));
#15628=DIRECTION('',(0.,0.,-1.));
#15629=DIRECTION('',(0.,0.,1.));
#15630=DIRECTION('',(0.,-1.,0.));
#15631=DIRECTION('',(0.,0.,-1.));
#15632=DIRECTION('',(0.,1.,0.));
#15633=DIRECTION('',(1.,0.,0.));
#15634=DIRECTION('',(0.,-1.,0.));
#15635=DIRECTION('',(0.,0.,-1.));
#15636=DIRECTION('',(0.,1.,0.));
#15637=DIRECTION('',(1.,0.,0.));
#15638=DIRECTION('',(0.,1.,0.));
#15639=DIRECTION('',(0.,0.,1.));
#15640=DIRECTION('',(1.,0.,0.));
#15641=DIRECTION('',(0.,0.,-1.));
#15642=DIRECTION('',(1.,0.,0.));
#15643=DIRECTION('',(0.,0.,-1.));
#15644=DIRECTION('',(1.,0.,0.));
#15645=DIRECTION('',(0.,0.,-1.));
#15646=DIRECTION('',(1.,0.,0.));
#15647=DIRECTION('',(0.,0.,-1.));
#15648=DIRECTION('',(1.,0.,0.));
#15649=DIRECTION('',(0.,0.,-1.));
#15650=DIRECTION('',(1.,0.,0.));
#15651=DIRECTION('',(0.,0.,-1.));
#15652=DIRECTION('',(1.,0.,0.));
#15653=DIRECTION('',(0.,0.,-1.));
#15654=DIRECTION('',(1.,0.,0.));
#15655=DIRECTION('',(0.,0.,-1.));
#15656=DIRECTION('',(1.,0.,0.));
#15657=DIRECTION('',(0.,0.,-1.));
#15658=DIRECTION('',(1.,0.,0.));
#15659=DIRECTION('',(0.,0.,-1.));
#15660=DIRECTION('',(1.,0.,0.));
#15661=DIRECTION('',(0.,0.,-1.));
#15662=DIRECTION('',(1.,0.,0.));
#15663=DIRECTION('',(0.,0.,-1.));
#15664=DIRECTION('',(1.,0.,0.));
#15665=DIRECTION('',(0.,0.,-1.));
#15666=DIRECTION('',(1.,0.,0.));
#15667=DIRECTION('',(0.,0.,-1.));
#15668=DIRECTION('',(1.,0.,0.));
#15669=DIRECTION('',(0.,0.,-1.));
#15670=DIRECTION('',(1.,0.,0.));
#15671=DIRECTION('',(0.,0.,-1.));
#15672=DIRECTION('',(1.,0.,0.));
#15673=DIRECTION('',(0.,0.,-1.));
#15674=DIRECTION('',(1.,0.,0.));
#15675=DIRECTION('',(0.,0.,-1.));
#15676=DIRECTION('',(1.,0.,0.));
#15677=DIRECTION('',(0.,0.,-1.));
#15678=DIRECTION('',(1.,0.,0.));
#15679=DIRECTION('',(0.,0.,-1.));
#15680=DIRECTION('',(1.,1.00929365875014E-15,0.));
#15681=DIRECTION('',(-1.00929365875014E-15,1.,0.));
#15682=DIRECTION('',(1.,0.,0.));
#15683=DIRECTION('',(0.,1.,0.));
#15684=DIRECTION('',(0.,0.707106781186547,-0.707106781186548));
#15685=DIRECTION('',(1.,0.,0.));
#15686=DIRECTION('',(0.,0.,-1.));
#15687=DIRECTION('',(0.,-0.707106781186547,0.707106781186547));
#15688=DIRECTION('',(1.,1.00929365875014E-15,0.));
#15689=DIRECTION('',(-1.00929365875014E-15,1.,0.));
#15690=DIRECTION('',(0.,1.,6.10357925483248E-17));
#15691=DIRECTION('',(1.,0.,0.));
#15692=DIRECTION('',(0.,0.,-1.));
#15693=DIRECTION('',(0.,-1.,-6.10357925483248E-17));
#15694=DIRECTION('',(0.,0.933580426497202,0.3583679495453));
#15695=DIRECTION('',(1.,0.,0.));
#15696=DIRECTION('',(0.,0.,-1.));
#15697=DIRECTION('',(0.,-0.945518575599317,-0.325568154457156));
#15698=DIRECTION('',(0.,0.707106781186548,0.707106781186547));
#15699=DIRECTION('',(1.,0.,0.));
#15700=DIRECTION('',(0.,0.,-1.));
#15701=DIRECTION('',(0.,-0.707106781186547,-0.707106781186547));
#15702=DIRECTION('',(1.,0.,0.));
#15703=DIRECTION('',(0.,1.,0.));
#15704=DIRECTION('',(0.,-0.707106781186547,0.707106781186548));
#15705=DIRECTION('',(1.,0.,0.));
#15706=DIRECTION('',(0.,0.,-1.));
#15707=DIRECTION('',(0.,0.707106781186547,-0.707106781186547));
#15708=DIRECTION('',(0.,-1.,-6.10357925483248E-17));
#15709=DIRECTION('',(1.,0.,0.));
#15710=DIRECTION('',(0.,0.,-1.));
#15711=DIRECTION('',(0.,1.,6.10357925483248E-17));
#15712=DIRECTION('',(0.,-0.707106781186548,-0.707106781186547));
#15713=DIRECTION('',(1.,0.,0.));
#15714=DIRECTION('',(0.,0.,-1.));
#15715=DIRECTION('',(0.,0.707106781186547,0.707106781186547));
#15716=DIRECTION('',(1.,1.00929365875014E-15,0.));
#15717=DIRECTION('',(-1.00929365875014E-15,1.,0.));
#15718=DIRECTION('',(1.,1.00929365875014E-15,0.));
#15719=DIRECTION('',(-1.00929365875014E-15,1.,0.));
#15720=DIRECTION('',(1.,1.00929365875014E-15,0.));
#15721=DIRECTION('',(-1.00929365875014E-15,1.,0.));
#15722=DIRECTION('',(1.,1.00929365875014E-15,0.));
#15723=DIRECTION('',(-1.00929365875014E-15,1.,0.));
#15724=DIRECTION('',(1.,1.00929365875014E-15,0.));
#15725=DIRECTION('',(1.,1.00929365875014E-15,0.));
#15726=DIRECTION('',(-1.00929365875014E-15,1.,0.));
#15727=DIRECTION('',(1.,1.00929365875014E-15,0.));
#15728=DIRECTION('',(1.,1.00929365875014E-15,0.));
#15729=DIRECTION('',(-1.00929365875014E-15,1.,0.));
#15730=DIRECTION('',(1.,1.00929365875014E-15,0.));
#15731=DIRECTION('',(-1.00929365875014E-15,1.,0.));
#15732=DIRECTION('',(1.,1.00929365875014E-15,0.));
#15733=DIRECTION('',(-1.00929365875014E-15,1.,0.));
#15734=DIRECTION('',(1.,1.00929365875014E-15,0.));
#15735=DIRECTION('',(-1.00929365875014E-15,1.,0.));
#15736=DIRECTION('',(1.,1.00929365875014E-15,0.));
#15737=DIRECTION('',(-1.00929365875014E-15,1.,0.));
#15738=DIRECTION('',(1.,1.00929365875014E-15,0.));
#15739=DIRECTION('',(-1.00929365875014E-15,1.,0.));
#15740=DIRECTION('',(1.,1.00929365875014E-15,0.));
#15741=DIRECTION('',(-1.00929365875014E-15,1.,0.));
#15742=DIRECTION('',(1.,1.00929365875014E-15,0.));
#15743=DIRECTION('',(-1.00929365875014E-15,1.,0.));
#15744=DIRECTION('',(1.,1.00929365875014E-15,0.));
#15745=DIRECTION('',(-1.00929365875014E-15,1.,0.));
#15746=DIRECTION('',(0.,-0.965925826289068,0.258819045102521));
#15747=DIRECTION('',(0.,-0.258819045102521,-0.965925826289068));
#15748=DIRECTION('',(0.,-0.965925826289068,0.258819045102521));
#15749=DIRECTION('',(0.,-0.258819045102521,-0.965925826289068));
#15750=DIRECTION('',(0.,-0.965925826289068,0.258819045102521));
#15751=DIRECTION('',(0.,-0.258819045102521,-0.965925826289068));
#15752=DIRECTION('',(1.,0.,0.));
#15753=DIRECTION('',(0.5,0.224143868042014,0.836516303737808));
#15754=DIRECTION('',(-0.5,0.224143868042014,0.836516303737808));
#15755=DIRECTION('',(-1.,0.,0.));
#15756=DIRECTION('',(-0.5,-0.224143868042014,-0.836516303737808));
#15757=DIRECTION('',(0.5,-0.224143868042014,-0.836516303737808));
#15758=DIRECTION('',(0.,0.258819045102521,0.965925826289068));
#15759=DIRECTION('',(0.,-0.965925826289068,0.258819045102521));
#15760=DIRECTION('',(0.,0.258819045102521,0.965925826289068));
#15761=DIRECTION('',(0.,-0.965925826289068,0.258819045102521));
#15762=DIRECTION('',(0.,0.258819045102521,0.965925826289068));
#15763=DIRECTION('',(0.,-0.965925826289068,0.258819045102521));
#15764=DIRECTION('',(1.,0.,0.));
#15765=DIRECTION('',(0.5,0.836516303737808,-0.224143868042014));
#15766=DIRECTION('',(-0.5,0.836516303737808,-0.224143868042014));
#15767=DIRECTION('',(-1.,0.,0.));
#15768=DIRECTION('',(-0.5,-0.836516303737808,0.224143868042014));
#15769=DIRECTION('',(0.5,-0.836516303737808,0.224143868042014));
#15770=DIRECTION('',(0.,0.965925826289068,-0.258819045102521));
#15771=DIRECTION('',(0.,0.258819045102521,0.965925826289068));
#15772=DIRECTION('',(0.,0.965925826289068,-0.258819045102521));
#15773=DIRECTION('',(0.,0.258819045102521,0.965925826289068));
#15774=DIRECTION('',(0.,0.965925826289068,-0.258819045102521));
#15775=DIRECTION('',(0.,0.258819045102521,0.965925826289068));
#15776=DIRECTION('',(1.,0.,0.));
#15777=DIRECTION('',(0.5,-0.224143868042014,-0.836516303737808));
#15778=DIRECTION('',(-0.5,-0.224143868042014,-0.836516303737808));
#15779=DIRECTION('',(-1.,0.,0.));
#15780=DIRECTION('',(-0.5,0.224143868042014,0.836516303737808));
#15781=DIRECTION('',(0.5,0.224143868042014,0.836516303737808));
#15782=DIRECTION('',(0.,-0.258819045102521,-0.965925826289068));
#15783=DIRECTION('',(0.,0.965925826289068,-0.258819045102521));
#15784=DIRECTION('',(0.,-0.258819045102521,-0.965925826289068));
#15785=DIRECTION('',(0.,0.965925826289068,-0.258819045102521));
#15786=DIRECTION('',(0.,-0.258819045102521,-0.965925826289068));
#15787=DIRECTION('',(0.,0.965925826289068,-0.258819045102521));
#15788=DIRECTION('',(1.,0.,0.));
#15789=DIRECTION('',(0.5,-0.836516303737808,0.224143868042014));
#15790=DIRECTION('',(-0.5,-0.836516303737808,0.224143868042014));
#15791=DIRECTION('',(-1.,0.,0.));
#15792=DIRECTION('',(-0.5,0.836516303737808,-0.224143868042014));
#15793=DIRECTION('',(0.5,0.836516303737808,-0.224143868042014));
#15794=DIRECTION('',(0.,0.258819045102521,0.965925826289068));
#15795=DIRECTION('',(0.,-0.965925826289068,0.258819045102521));
#15796=DIRECTION('',(1.,0.,0.));
#15797=DIRECTION('',(0.,0.965925826289068,-0.258819045102521));
#15798=DIRECTION('',(0.,0.965925826289068,-0.258819045102521));
#15799=DIRECTION('',(-0.866025403784439,0.12940952255126,0.482962913144534));
#15800=DIRECTION('',(0.487058473848148,0.,0.873369362327711));
#15801=DIRECTION('',(0.5,0.224143868042014,0.836516303737808));
#15802=DIRECTION('',(0.,0.965925826289068,-0.258819045102521));
#15803=DIRECTION('',(-0.866025403784439,-0.12940952255126,-0.482962913144534));
#15804=DIRECTION('',(-0.487058473848148,0.,0.873369362327711));
#15805=DIRECTION('',(-0.5,0.224143868042014,0.836516303737808));
#15806=DIRECTION('',(0.,0.965925826289068,-0.258819045102521));
#15807=DIRECTION('',(0.,-0.258819045102521,-0.965925826289068));
#15808=DIRECTION('',(0.,0.965925826289068,-0.258819045102521));
#15809=DIRECTION('',(-1.,0.,0.));
#15810=DIRECTION('',(0.,0.965925826289068,-0.258819045102521));
#15811=DIRECTION('',(0.866025403784439,-0.12940952255126,-0.482962913144534));
#15812=DIRECTION('',(-0.487058473848148,0.,-0.873369362327711));
#15813=DIRECTION('',(-0.5,-0.224143868042014,-0.836516303737808));
#15814=DIRECTION('',(0.,0.965925826289068,-0.258819045102521));
#15815=DIRECTION('',(0.866025403784439,0.12940952255126,0.482962913144534));
#15816=DIRECTION('',(0.487058473848148,0.,-0.873369362327711));
#15817=DIRECTION('',(0.5,-0.224143868042014,-0.836516303737808));
#15818=DIRECTION('',(0.,-0.965925826289068,0.258819045102521));
#15819=DIRECTION('',(0.,-0.258819045102521,-0.965925826289068));
#15820=DIRECTION('',(-1.,0.,0.));
#15821=DIRECTION('',(0.,0.,1.));
#15822=DIRECTION('',(-1.,0.,0.));
#15823=DIRECTION('',(-1.,0.,0.));
#15824=DIRECTION('',(0.,-1.,0.));
#15825=DIRECTION('',(0.,0.,-1.));
#15826=DIRECTION('',(0.,-1.,0.));
#15827=DIRECTION('',(0.,0.,-1.));
#15828=DIRECTION('',(0.,0.707106781186548,-0.707106781186548));
#15829=DIRECTION('',(0.,0.707106781186548,0.707106781186548));
#15830=DIRECTION('',(0.,-0.707106781186547,0.707106781186548));
#15831=DIRECTION('',(0.,-0.707106781186548,-0.707106781186547));
#15832=DIRECTION('',(0.,6.10357925483248E-17,-1.));
#15833=DIRECTION('',(0.,1.,6.10357925483248E-17));
#15834=DIRECTION('',(0.,-6.10357925483248E-17,1.));
#15835=DIRECTION('',(0.,-1.,-6.10357925483248E-17));
#15836=DIRECTION('',(0.,-0.707106781186548,-0.707106781186548));
#15837=DIRECTION('',(0.,0.707106781186548,-0.707106781186548));
#15838=DIRECTION('',(0.,0.707106781186548,0.707106781186547));
#15839=DIRECTION('',(0.,-0.707106781186547,0.707106781186548));
#15840=DIRECTION('',(0.,-0.707106781186548,0.707106781186548));
#15841=DIRECTION('',(0.,-0.707106781186548,-0.707106781186548));
#15842=DIRECTION('',(0.,0.707106781186547,-0.707106781186548));
#15843=DIRECTION('',(0.,0.707106781186548,0.707106781186547));
#15844=DIRECTION('',(0.,-0.325568154457156,0.945518575599317));
#15845=DIRECTION('',(0.,-0.945518575599317,-0.325568154457156));
#15846=DIRECTION('',(0.,0.3583679495453,-0.933580426497202));
#15847=DIRECTION('',(0.,0.933580426497202,0.3583679495453));
#15848=DIRECTION('',(0.,-6.10357925483248E-17,1.));
#15849=DIRECTION('',(0.,-1.,-6.10357925483248E-17));
#15850=DIRECTION('',(0.,6.10357925483248E-17,-1.));
#15851=DIRECTION('',(0.,1.,6.10357925483248E-17));
#15852=DIRECTION('',(0.,-0.707106781186548,-0.707106781186547));
#15853=DIRECTION('',(0.,0.707106781186547,-0.707106781186548));
#15854=DIRECTION('',(0.,0.707106781186548,0.707106781186548));
#15855=DIRECTION('',(0.,-0.707106781186548,0.707106781186548));
#15856=DIRECTION('',(1.,0.,0.));
#15857=DIRECTION('',(0.,0.,-1.));
#15858=DIRECTION('',(1.,0.,0.));
#15859=DIRECTION('',(0.,1.,0.));
#15860=DIRECTION('',(1.,0.,0.));
#15861=DIRECTION('',(0.,0.,-1.));
#15862=DIRECTION('',(1.,0.,0.));
#15863=DIRECTION('',(0.,0.,-1.));
#15864=DIRECTION('',(-1.,0.,0.));
#15865=DIRECTION('',(0.,0.,1.));
#15866=DIRECTION('',(1.,0.,0.));
#15867=DIRECTION('',(0.,1.,0.));
#15868=DIRECTION('',(1.,0.,0.));
#15869=DIRECTION('',(0.,0.,-1.));
#15870=DIRECTION('',(0.,0.,-1.));
#15871=DIRECTION('',(0.,-0.866025403784439,-0.5));
#15872=DIRECTION('',(0.,-0.866025403784439,0.5));
#15873=DIRECTION('',(0.,0.,1.));
#15874=DIRECTION('',(0.,0.866025403784439,0.5));
#15875=DIRECTION('',(0.,0.866025403784439,-0.5));
#15876=DIRECTION('',(1.,0.,0.));
#15877=DIRECTION('',(0.,0.,-1.));
#15878=DIRECTION('',(1.,0.,0.));
#15879=DIRECTION('',(0.,1.,0.));
#15880=DIRECTION('',(1.,0.,0.));
#15881=DIRECTION('',(0.,0.,-1.));
#15882=DIRECTION('',(1.,0.,0.));
#15883=DIRECTION('',(0.,0.,-1.));
#15884=DIRECTION('',(-1.,0.,0.));
#15885=DIRECTION('',(0.,0.,1.));
#15886=DIRECTION('',(1.,0.,0.));
#15887=DIRECTION('',(0.,1.,0.));
#15888=DIRECTION('',(1.,0.,0.));
#15889=DIRECTION('',(0.,0.,-1.));
#15890=DIRECTION('',(0.,0.,-1.));
#15891=DIRECTION('',(0.,-0.866025403784439,-0.5));
#15892=DIRECTION('',(0.,-0.866025403784439,0.5));
#15893=DIRECTION('',(0.,0.,1.));
#15894=DIRECTION('',(0.,0.866025403784439,0.5));
#15895=DIRECTION('',(0.,0.866025403784439,-0.5));
#15896=DIRECTION('',(0.,1.,0.));
#15897=DIRECTION('',(0.,0.,1.));
#15898=DIRECTION('',(-1.,0.,0.));
#15899=DIRECTION('',(0.,0.,-1.));
#15900=DIRECTION('',(-1.,0.,0.));
#15901=DIRECTION('',(0.,0.5,0.866025403784438));
#15902=DIRECTION('',(0.,-0.866025403784439,0.5));
#15903=DIRECTION('',(-1.,0.,0.));
#15904=DIRECTION('',(0.,0.866025403784439,-0.5));
#15905=DIRECTION('',(0.,-0.5,0.866025403784438));
#15906=DIRECTION('',(0.,-0.866025403784439,-0.5));
#15907=DIRECTION('',(-1.,0.,0.));
#15908=DIRECTION('',(0.,0.866025403784439,0.5));
#15909=DIRECTION('',(0.,-1.,0.));
#15910=DIRECTION('',(0.,0.,-1.));
#15911=DIRECTION('',(-1.,0.,0.));
#15912=DIRECTION('',(0.,0.,1.));
#15913=DIRECTION('',(0.,-0.5,-0.866025403784439));
#15914=DIRECTION('',(0.,0.866025403784439,-0.5));
#15915=DIRECTION('',(-1.,0.,0.));
#15916=DIRECTION('',(0.,-0.866025403784439,0.5));
#15917=DIRECTION('',(0.,0.5,-0.866025403784439));
#15918=DIRECTION('',(0.,0.866025403784439,0.5));
#15919=DIRECTION('',(0.,-0.866025403784439,-0.5));
#15920=DIRECTION('',(1.,0.,0.));
#15921=DIRECTION('',(0.,0.,-1.));
#15922=DIRECTION('',(0.,1.,0.));
#15923=DIRECTION('',(0.,0.,1.));
#15924=DIRECTION('',(-1.,0.,0.));
#15925=DIRECTION('',(0.,0.,-1.));
#15926=DIRECTION('',(-1.,0.,0.));
#15927=DIRECTION('',(0.,0.5,0.866025403784439));
#15928=DIRECTION('',(0.,-0.866025403784439,0.5));
#15929=DIRECTION('',(-1.,0.,0.));
#15930=DIRECTION('',(0.,0.866025403784439,-0.5));
#15931=DIRECTION('',(0.,-0.5,0.866025403784439));
#15932=DIRECTION('',(0.,-0.866025403784439,-0.5));
#15933=DIRECTION('',(-1.,0.,0.));
#15934=DIRECTION('',(0.,0.866025403784439,0.5));
#15935=DIRECTION('',(0.,-1.,0.));
#15936=DIRECTION('',(0.,0.,-1.));
#15937=DIRECTION('',(-1.,0.,0.));
#15938=DIRECTION('',(0.,0.,1.));
#15939=DIRECTION('',(0.,-0.5,-0.866025403784438));
#15940=DIRECTION('',(0.,0.866025403784439,-0.5));
#15941=DIRECTION('',(-1.,0.,0.));
#15942=DIRECTION('',(0.,-0.866025403784439,0.5));
#15943=DIRECTION('',(0.,0.5,-0.866025403784438));
#15944=DIRECTION('',(0.,0.866025403784439,0.5));
#15945=DIRECTION('',(0.,-0.866025403784439,-0.5));
#15946=DIRECTION('',(1.,0.,0.));
#15947=DIRECTION('',(0.,0.,-1.));
#15948=DIRECTION('',(1.,0.,0.));
#15949=DIRECTION('',(0.,0.,-1.));
#15950=DIRECTION('',(1.,0.,0.));
#15951=DIRECTION('',(0.,0.,-1.));
#15952=DIRECTION('',(-1.,0.,0.));
#15953=DIRECTION('',(0.,0.,1.));
#15954=DIRECTION('',(1.,0.,0.));
#15955=DIRECTION('',(0.,0.,-1.));
#15956=DIRECTION('',(-1.,0.,0.));
#15957=DIRECTION('',(0.,0.,1.));
#15958=DIRECTION('',(1.,0.,0.));
#15959=DIRECTION('',(0.,0.,-1.));
#15960=DIRECTION('',(0.,0.,-1.));
#15961=DIRECTION('',(-1.,0.,0.));
#15962=DIRECTION('',(0.,-1.,0.));
#15963=DIRECTION('',(1.,0.,0.));
#15964=DIRECTION('',(0.,0.,1.));
#15965=DIRECTION('',(1.,0.,0.));
#15966=DIRECTION('',(0.,-1.,0.));
#15967=DIRECTION('',(-1.,0.,0.));
#15968=DIRECTION('',(1.,0.,0.));
#15969=DIRECTION('',(0.,0.,-1.));
#15970=DIRECTION('',(0.,0.,1.));
#15971=DIRECTION('',(0.,1.,0.));
#15972=DIRECTION('',(0.,0.,1.));
#15973=DIRECTION('',(0.,0.866025403784438,0.500000000000002));
#15974=DIRECTION('',(0.,-0.500000000000002,0.866025403784438));
#15975=DIRECTION('',(1.,0.,0.));
#15976=DIRECTION('',(0.,-0.500000000000002,0.866025403784438));
#15977=DIRECTION('',(1.,0.,0.));
#15978=DIRECTION('',(1.,0.,0.));
#15979=DIRECTION('',(0.,0.,-1.));
#15980=DIRECTION('',(1.,0.,0.));
#15981=DIRECTION('',(0.,-0.866025403784441,-0.499999999999997));
#15982=DIRECTION('',(0.,0.499999999999997,-0.866025403784441));
#15983=DIRECTION('',(0.,0.499999999999997,-0.866025403784441));
#15984=DIRECTION('',(1.,0.,0.));
#15985=DIRECTION('',(1.,0.,0.));
#15986=DIRECTION('',(0.,0.,-1.));
#15987=DIRECTION('',(1.,0.,0.));
#15988=DIRECTION('',(0.,0.,-1.));
#15989=DIRECTION('',(1.,0.,0.));
#15990=DIRECTION('',(0.,0.,1.));
#15991=DIRECTION('',(1.,0.,0.));
#15992=DIRECTION('',(0.,-1.,0.));
#15993=DIRECTION('',(1.,0.,0.));
#15994=DIRECTION('',(1.,0.,0.));
#15995=DIRECTION('',(0.,0.,-1.));
#15996=DIRECTION('',(1.,0.,0.));
#15997=DIRECTION('',(0.,0.,-1.));
#15998=DIRECTION('',(1.,0.,0.));
#15999=DIRECTION('',(0.,0.,-1.));
#16000=DIRECTION('',(1.,0.,0.));
#16001=DIRECTION('',(0.,0.,-1.));
#16002=DIRECTION('',(-1.,0.,0.));
#16003=DIRECTION('',(0.,1.,0.));
#16004=DIRECTION('',(0.,1.,0.));
#16005=DIRECTION('',(1.,0.,0.));
#16006=DIRECTION('',(1.,0.,0.));
#16007=DIRECTION('',(0.,0.,-1.));
#16008=DIRECTION('',(1.,0.,0.));
#16009=DIRECTION('',(0.,0.,-1.));
#16010=DIRECTION('',(1.,0.,0.));
#16011=DIRECTION('',(0.,-0.866025403784438,0.500000000000001));
#16012=DIRECTION('',(0.,-0.500000000000001,-0.866025403784438));
#16013=DIRECTION('',(0.,-0.500000000000001,-0.866025403784438));
#16014=DIRECTION('',(1.,0.,0.));
#16015=DIRECTION('',(1.,0.,0.));
#16016=DIRECTION('',(0.,0.,-1.));
#16017=DIRECTION('',(1.,0.,0.));
#16018=DIRECTION('',(0.,0.866025403784438,-0.5));
#16019=DIRECTION('',(0.,0.5,0.866025403784439));
#16020=DIRECTION('',(0.,0.5,0.866025403784439));
#16021=DIRECTION('',(1.,0.,0.));
#16022=DIRECTION('',(1.,0.,0.));
#16023=DIRECTION('',(0.,0.,-1.));
#16024=DIRECTION('',(1.,0.,0.));
#16025=DIRECTION('',(0.,0.,-1.));
#16026=DIRECTION('',(1.,0.,0.));
#16027=DIRECTION('',(0.,-0.86602540378444,-0.499999999999998));
#16028=DIRECTION('',(0.,0.499999999999998,-0.86602540378444));
#16029=DIRECTION('',(0.,0.499999999999998,-0.86602540378444));
#16030=DIRECTION('',(1.,0.,0.));
#16031=DIRECTION('',(1.,0.,0.));
#16032=DIRECTION('',(0.,0.,-1.));
#16033=DIRECTION('',(1.,0.,0.));
#16034=DIRECTION('',(0.,0.866025403784438,0.500000000000002));
#16035=DIRECTION('',(0.,-0.500000000000002,0.866025403784437));
#16036=DIRECTION('',(0.,-0.500000000000002,0.866025403784437));
#16037=DIRECTION('',(1.,0.,0.));
#16038=DIRECTION('',(1.,0.,0.));
#16039=DIRECTION('',(0.,0.,-1.));
#16040=DIRECTION('',(1.,0.,0.));
#16041=DIRECTION('',(0.,0.,-1.));
#16042=DIRECTION('',(1.,0.,0.));
#16043=DIRECTION('',(0.,0.,-1.));
#16044=DIRECTION('',(-1.,0.,0.));
#16045=DIRECTION('',(0.,1.,0.));
#16046=DIRECTION('',(1.,0.,0.));
#16047=DIRECTION('',(1.,0.,0.));
#16048=DIRECTION('',(0.,0.,-1.));
#16049=DIRECTION('',(1.,0.,0.));
#16050=DIRECTION('',(0.,0.,-1.));
#16051=DIRECTION('',(1.,0.,0.));
#16052=DIRECTION('',(0.,0.,1.));
#16053=DIRECTION('',(1.,0.,0.));
#16054=DIRECTION('',(0.,-1.,0.));
#16055=DIRECTION('',(1.,0.,0.));
#16056=DIRECTION('',(1.,0.,0.));
#16057=DIRECTION('',(0.,0.,-1.));
#16058=DIRECTION('',(1.,0.,0.));
#16059=DIRECTION('',(0.,0.,-1.));
#16060=DIRECTION('',(1.,0.,0.));
#16061=DIRECTION('',(0.,0.866025403784436,-0.500000000000004));
#16062=DIRECTION('',(0.,0.500000000000004,0.866025403784436));
#16063=DIRECTION('',(0.,0.500000000000004,0.866025403784436));
#16064=DIRECTION('',(1.,0.,0.));
#16065=DIRECTION('',(1.,0.,0.));
#16066=DIRECTION('',(0.,0.,-1.));
#16067=DIRECTION('',(1.,0.,0.));
#16068=DIRECTION('',(0.,-0.866025403784442,0.499999999999993));
#16069=DIRECTION('',(0.,-0.499999999999993,-0.866025403784443));
#16070=DIRECTION('',(0.,-0.499999999999993,-0.866025403784442));
#16071=DIRECTION('',(1.,0.,0.));
#16072=DIRECTION('',(1.,0.,0.));
#16073=DIRECTION('',(0.,0.,-1.));
#16074=DIRECTION('',(1.,0.,0.));
#16075=DIRECTION('',(0.,0.,-1.));
#16076=DIRECTION('',(1.,0.,0.));
#16077=DIRECTION('',(0.,0.,-1.));
#16078=DIRECTION('',(0.,-1.,0.));
#16079=DIRECTION('',(-1.,0.,0.));
#16080=DIRECTION('',(0.,0.,1.));
#16081=DIRECTION('',(-1.,0.,0.));
#16082=DIRECTION('',(0.,0.,1.));
#16083=DIRECTION('',(-1.,0.,0.));
#16084=DIRECTION('',(0.,0.,1.));
#16085=DIRECTION('',(0.,0.,-1.));
#16086=DIRECTION('',(-1.,0.,0.));
#16087=DIRECTION('',(0.,0.,1.));
#16088=DIRECTION('',(0.,0.,1.));
#16089=DIRECTION('',(-1.,0.,0.));
#16090=DIRECTION('',(0.,0.,1.));
#16091=DIRECTION('',(-1.,0.,0.));
#16092=DIRECTION('',(0.,0.,1.));
#16093=DIRECTION('',(-1.,0.,0.));
#16094=DIRECTION('',(0.,0.,1.));
#16095=DIRECTION('',(-1.,0.,0.));
#16096=DIRECTION('',(0.,0.,1.));
#16097=DIRECTION('',(0.,-1.,0.));
#16098=DIRECTION('',(-1.,0.,0.));
#16099=DIRECTION('',(0.,0.,1.));
#16100=DIRECTION('',(0.,1.,0.));
#16101=DIRECTION('',(-1.,0.,0.));
#16102=DIRECTION('',(0.,0.,1.));
#16103=DIRECTION('',(-1.,0.,0.));
#16104=DIRECTION('',(0.,0.,1.));
#16105=DIRECTION('',(-1.,0.,0.));
#16106=DIRECTION('',(0.,0.,1.));
#16107=DIRECTION('',(-1.,0.,0.));
#16108=DIRECTION('',(0.,0.,1.));
#16109=DIRECTION('',(0.,0.,1.));
#16110=DIRECTION('',(-1.,0.,0.));
#16111=DIRECTION('',(0.,0.,1.));
#16112=DIRECTION('',(0.,0.,-1.));
#16113=DIRECTION('',(-1.,0.,0.));
#16114=DIRECTION('',(0.,0.,1.));
#16115=DIRECTION('',(-1.,0.,0.));
#16116=DIRECTION('',(0.,0.,1.));
#16117=DIRECTION('',(-1.,0.,0.));
#16118=DIRECTION('',(0.,0.,1.));
#16119=DIRECTION('',(-1.,0.,0.));
#16120=DIRECTION('',(0.,0.,1.));
#16121=DIRECTION('',(0.,1.,0.));
#16122=DIRECTION('',(-1.,0.,0.));
#16123=DIRECTION('',(0.,0.,1.));
#16124=DIRECTION('',(0.,-1.,0.));
#16125=DIRECTION('',(0.,-1.,0.));
#16126=DIRECTION('',(0.,0.,-1.));
#16127=DIRECTION('',(1.,0.,0.));
#16128=DIRECTION('',(0.,0.,-1.));
#16129=DIRECTION('',(1.,0.,0.));
#16130=DIRECTION('',(1.,0.,0.));
#16131=DIRECTION('',(0.,0.,-1.));
#16132=DIRECTION('',(1.,0.,0.));
#16133=DIRECTION('',(-1.,0.,0.));
#16134=DIRECTION('',(0.,0.,1.));
#16135=DIRECTION('',(0.,1.,0.));
#16136=DIRECTION('',(0.,0.,1.));
#16137=DIRECTION('',(1.,0.,0.));
#16138=DIRECTION('',(0.,0.,1.));
#16139=DIRECTION('',(1.,0.,0.));
#16140=DIRECTION('',(0.,0.,-1.));
#16141=DIRECTION('',(1.,0.,0.));
#16142=DIRECTION('',(-1.,0.,0.));
#16143=DIRECTION('',(0.,0.,1.));
#16144=DIRECTION('',(0.,0.,1.));
#16145=DIRECTION('',(1.,0.,0.));
#16146=DIRECTION('',(1.,0.,0.));
#16147=DIRECTION('',(0.,-1.,0.));
#16148=DIRECTION('',(1.,0.,0.));
#16149=DIRECTION('',(0.,0.,-1.));
#16150=DIRECTION('',(1.,0.,0.));
#16151=DIRECTION('',(-1.,0.,0.));
#16152=DIRECTION('',(0.,0.,1.));
#16153=DIRECTION('',(0.,0.,-1.));
#16154=DIRECTION('',(-1.,0.,0.));
#16155=DIRECTION('',(1.,0.,0.));
#16156=DIRECTION('',(0.,1.,0.));
#16157=DIRECTION('',(1.,0.,0.));
#16158=DIRECTION('',(0.,0.,-1.));
#16159=DIRECTION('',(-1.,0.,0.));
#16160=DIRECTION('',(0.,0.,1.));
#16161=DIRECTION('',(1.,0.,0.));
#16162=DIRECTION('',(-1.,0.,0.));
#16163=DIRECTION('',(0.,0.,1.));
#16164=DIRECTION('',(0.,1.,0.));
#16165=DIRECTION('',(0.,0.,1.));
#16166=DIRECTION('',(1.,0.,0.));
#16167=DIRECTION('',(0.,0.,1.));
#16168=DIRECTION('',(1.,0.,0.));
#16169=DIRECTION('',(0.,0.,-1.));
#16170=DIRECTION('',(1.,0.,0.));
#16171=DIRECTION('',(-1.,0.,0.));
#16172=DIRECTION('',(0.,0.,1.));
#16173=DIRECTION('',(0.,-1.,0.));
#16174=DIRECTION('',(0.,0.,-1.));
#16175=DIRECTION('',(1.,0.,0.));
#16176=DIRECTION('',(0.,0.,-1.));
#16177=DIRECTION('',(1.,0.,0.));
#16178=DIRECTION('',(0.,0.,-1.));
#16179=DIRECTION('',(1.,0.,0.));
#16180=DIRECTION('',(-1.,0.,0.));
#16181=DIRECTION('',(0.,0.,1.));
#16182=DIRECTION('',(0.,0.,-1.));
#16183=DIRECTION('',(-1.,0.,0.));
#16184=DIRECTION('',(1.,0.,0.));
#16185=DIRECTION('',(0.,1.,0.));
#16186=DIRECTION('',(1.,0.,0.));
#16187=DIRECTION('',(0.,0.,-1.));
#16188=DIRECTION('',(1.,0.,0.));
#16189=DIRECTION('',(-1.,0.,0.));
#16190=DIRECTION('',(0.,0.,1.));
#16191=DIRECTION('',(0.,0.,1.));
#16192=DIRECTION('',(1.,0.,0.));
#16193=DIRECTION('',(1.,0.,0.));
#16194=DIRECTION('',(0.,-1.,0.));
#16195=DIRECTION('',(1.,0.,0.));
#16196=DIRECTION('',(0.,0.,-1.));
#16197=DIRECTION('',(-1.,0.,0.));
#16198=DIRECTION('',(0.,0.,1.));
#16199=DIRECTION('',(-1.,0.,0.));
#16200=DIRECTION('',(0.,0.,1.));
#16201=DIRECTION('',(-1.,0.,0.));
#16202=DIRECTION('',(0.,0.,1.));
#16203=DIRECTION('',(-1.,0.,0.));
#16204=DIRECTION('',(0.,0.,1.));
#16205=DIRECTION('',(1.,0.,0.));
#16206=DIRECTION('',(0.,0.,-1.));
#16207=DIRECTION('',(-1.,0.,0.));
#16208=DIRECTION('',(0.,0.,1.));
#16209=DIRECTION('',(0.,-1.,0.));
#16210=DIRECTION('',(0.,0.,-1.));
#16211=DIRECTION('',(-6.12323399573677E-17,0.,-1.));
#16212=DIRECTION('',(-1.,0.,6.12323399573677E-17));
#16213=DIRECTION('',(0.,0.,1.));
#16214=DIRECTION('',(1.,0.,0.));
#16215=DIRECTION('',(0.,0.,1.));
#16216=DIRECTION('',(1.,0.,0.));
#16217=DIRECTION('',(0.,-1.,0.));
#16218=DIRECTION('',(0.,0.,-1.));
#16219=DIRECTION('',(-1.,0.,0.));
#16220=DIRECTION('',(0.,0.,-1.));
#16221=DIRECTION('',(-1.,0.,0.));
#16222=DIRECTION('',(0.,0.,-1.));
#16223=DIRECTION('',(0.,0.,-1.));
#16224=DIRECTION('',(-1.,0.,0.));
#16225=DIRECTION('',(0.,0.,1.));
#16226=DIRECTION('',(1.,0.,0.));
#16227=DIRECTION('',(0.,0.,-1.));
#16228=DIRECTION('',(0.,0.,1.));
#16229=DIRECTION('',(1.,0.,0.));
#16230=DIRECTION('',(0.,1.,0.));
#16231=DIRECTION('',(0.,0.,1.));
#16232=DIRECTION('',(1.,0.,0.));
#16233=DIRECTION('',(0.,0.,-1.));
#16234=DIRECTION('',(1.,0.,0.));
#16235=DIRECTION('',(0.,0.,-1.));
#16236=DIRECTION('',(-1.,0.,0.));
#16237=DIRECTION('',(0.,0.,-1.));
#16238=DIRECTION('',(0.,0.,1.));
#16239=DIRECTION('',(1.,0.,0.));
#16240=DIRECTION('',(0.866025403784438,-0.500000000000001,0.));
#16241=DIRECTION('',(0.500000000000001,0.866025403784438,0.));
#16242=DIRECTION('',(0.,0.,-1.));
#16243=DIRECTION('',(-0.500000000000001,-0.866025403784438,0.));
#16244=DIRECTION('',(0.,0.,-1.));
#16245=DIRECTION('',(-1.,0.,0.));
#16246=DIRECTION('',(0.,0.,-1.));
#16247=DIRECTION('',(0.,0.,1.));
#16248=DIRECTION('',(1.,0.,0.));
#16249=DIRECTION('',(-0.866025403784438,0.500000000000001,0.));
#16250=DIRECTION('',(-0.500000000000001,-0.866025403784438,0.));
#16251=DIRECTION('',(0.,0.,-1.));
#16252=DIRECTION('',(0.500000000000001,0.866025403784438,0.));
#16253=DIRECTION('',(0.,0.,-1.));
#16254=DIRECTION('',(-1.,0.,0.));
#16255=DIRECTION('',(0.,0.,-1.));
#16256=DIRECTION('',(0.,0.,1.));
#16257=DIRECTION('',(1.,0.,0.));
#16258=DIRECTION('',(0.866025403784439,0.5,0.));
#16259=DIRECTION('',(-0.5,0.866025403784439,0.));
#16260=DIRECTION('',(0.,0.,-1.));
#16261=DIRECTION('',(0.5,-0.866025403784439,0.));
#16262=DIRECTION('',(0.,0.,-1.));
#16263=DIRECTION('',(-1.,0.,0.));
#16264=DIRECTION('',(0.,0.,-1.));
#16265=DIRECTION('',(0.,0.,1.));
#16266=DIRECTION('',(1.,0.,0.));
#16267=DIRECTION('',(-0.866025403784439,-0.499999999999999,0.));
#16268=DIRECTION('',(0.499999999999999,-0.866025403784439,0.));
#16269=DIRECTION('',(0.,0.,-1.));
#16270=DIRECTION('',(-0.499999999999999,0.866025403784439,0.));
#16271=DIRECTION('',(0.,0.,-1.));
#16272=DIRECTION('',(-1.,0.,0.));
#16273=DIRECTION('',(0.,0.,-1.));
#16274=DIRECTION('',(0.,0.,1.));
#16275=DIRECTION('',(1.,0.,0.));
#16276=DIRECTION('',(0.,1.,0.));
#16277=DIRECTION('',(0.,0.,1.));
#16278=DIRECTION('',(0.,0.,-1.));
#16279=DIRECTION('',(1.,0.,0.));
#16280=DIRECTION('',(0.,0.,-1.));
#16281=DIRECTION('',(-1.,0.,0.));
#16282=DIRECTION('',(0.,0.,-1.));
#16283=DIRECTION('',(0.,0.,1.));
#16284=DIRECTION('',(1.,0.,0.));
#16285=DIRECTION('',(0.,-1.,0.));
#16286=DIRECTION('',(0.,0.,-1.));
#16287=DIRECTION('',(0.,0.,-1.));
#16288=DIRECTION('',(-1.,0.,0.));
#16289=DIRECTION('',(0.,0.,-1.));
#16290=DIRECTION('',(-1.,0.,0.));
#16291=DIRECTION('',(0.,0.,-1.));
#16292=DIRECTION('',(0.,0.,1.));
#16293=DIRECTION('',(1.,0.,0.));
#16294=DIRECTION('',(-0.866025403784454,0.499999999999973,0.));
#16295=DIRECTION('',(-0.499999999999973,-0.866025403784454,0.));
#16296=DIRECTION('',(0.,0.,-1.));
#16297=DIRECTION('',(0.499999999999973,0.866025403784454,0.));
#16298=DIRECTION('',(0.,0.,-1.));
#16299=DIRECTION('',(-1.,0.,0.));
#16300=DIRECTION('',(0.,0.,-1.));
#16301=DIRECTION('',(0.,0.,1.));
#16302=DIRECTION('',(1.,0.,0.));
#16303=DIRECTION('',(0.866025403784438,-0.500000000000001,0.));
#16304=DIRECTION('',(0.500000000000001,0.866025403784438,0.));
#16305=DIRECTION('',(0.,0.,-1.));
#16306=DIRECTION('',(-0.500000000000001,-0.866025403784438,0.));
#16307=DIRECTION('',(0.,0.,-1.));
#16308=DIRECTION('',(-1.,0.,0.));
#16309=DIRECTION('',(0.,0.,-1.));
#16310=DIRECTION('',(0.,0.,1.));
#16311=DIRECTION('',(1.,0.,0.));
#16312=DIRECTION('',(-0.866025403784439,-0.499999999999999,0.));
#16313=DIRECTION('',(0.499999999999999,-0.866025403784439,0.));
#16314=DIRECTION('',(0.,0.,-1.));
#16315=DIRECTION('',(-0.499999999999999,0.866025403784439,0.));
#16316=DIRECTION('',(0.,0.,-1.));
#16317=DIRECTION('',(-1.,0.,0.));
#16318=DIRECTION('',(0.,0.,-1.));
#16319=DIRECTION('',(0.,0.,1.));
#16320=DIRECTION('',(1.,0.,0.));
#16321=DIRECTION('',(0.866025403784439,0.499999999999999,0.));
#16322=DIRECTION('',(-0.499999999999999,0.866025403784439,0.));
#16323=DIRECTION('',(0.,0.,-1.));
#16324=DIRECTION('',(0.499999999999999,-0.866025403784439,0.));
#16325=DIRECTION('',(0.,0.,-1.));
#16326=DIRECTION('',(-1.,0.,0.));
#16327=DIRECTION('',(0.,0.,1.));
#16328=DIRECTION('',(1.,0.,0.));
#16329=DIRECTION('',(0.,0.,1.));
#16330=DIRECTION('',(1.,0.,0.));
#16331=DIRECTION('',(0.,0.,1.));
#16332=DIRECTION('',(1.,0.,0.));
#16333=DIRECTION('',(0.,-0.965925826289068,0.258819045102521));
#16334=DIRECTION('',(0.,-0.258819045102521,-0.965925826289068));
#16335=DIRECTION('',(1.,0.,0.));
#16336=DIRECTION('',(0.,0.258819045102521,0.965925826289068));
#16337=DIRECTION('',(0.,0.258819045102521,0.965925826289068));
#16338=DIRECTION('',(-0.866025403784439,-0.482962913144534,0.12940952255126));
#16339=DIRECTION('',(0.487058473848148,-0.873369362327711,0.));
#16340=DIRECTION('',(0.5,-0.836516303737808,0.224143868042014));
#16341=DIRECTION('',(0.,0.258819045102521,0.965925826289068));
#16342=DIRECTION('',(-0.866025403784439,0.482962913144534,-0.12940952255126));
#16343=DIRECTION('',(-0.487058473848148,-0.873369362327711,0.));
#16344=DIRECTION('',(-0.5,-0.836516303737808,0.224143868042014));
#16345=DIRECTION('',(0.,0.258819045102521,0.965925826289068));
#16346=DIRECTION('',(0.,0.965925826289068,-0.258819045102521));
#16347=DIRECTION('',(0.,0.258819045102521,0.965925826289068));
#16348=DIRECTION('',(-1.,0.,0.));
#16349=DIRECTION('',(0.,0.258819045102521,0.965925826289068));
#16350=DIRECTION('',(0.866025403784439,0.482962913144534,-0.12940952255126));
#16351=DIRECTION('',(-0.487058473848148,0.873369362327711,0.));
#16352=DIRECTION('',(-0.5,0.836516303737808,-0.224143868042014));
#16353=DIRECTION('',(0.,0.258819045102521,0.965925826289068));
#16354=DIRECTION('',(0.866025403784439,-0.482962913144534,0.12940952255126));
#16355=DIRECTION('',(0.487058473848148,0.873369362327711,0.));
#16356=DIRECTION('',(0.5,0.836516303737808,-0.224143868042014));
#16357=DIRECTION('',(0.,-0.258819045102521,-0.965925826289068));
#16358=DIRECTION('',(0.,0.965925826289068,-0.258819045102521));
#16359=DIRECTION('',(0.,-0.258819045102521,-0.965925826289068));
#16360=DIRECTION('',(0.,0.965925826289068,-0.258819045102521));
#16361=DIRECTION('',(1.,0.,0.));
#16362=DIRECTION('',(0.,-0.965925826289068,0.258819045102521));
#16363=DIRECTION('',(0.,-0.965925826289068,0.258819045102521));
#16364=DIRECTION('',(-0.866025403784439,-0.12940952255126,-0.482962913144534));
#16365=DIRECTION('',(-0.487058473848148,0.,0.873369362327711));
#16366=DIRECTION('',(0.5,-0.224143868042014,-0.836516303737808));
#16367=DIRECTION('',(0.,-0.965925826289068,0.258819045102521));
#16368=DIRECTION('',(-0.866025403784439,0.12940952255126,0.482962913144534));
#16369=DIRECTION('',(0.487058473848148,0.,0.873369362327711));
#16370=DIRECTION('',(-0.5,-0.224143868042014,-0.836516303737808));
#16371=DIRECTION('',(0.,-0.965925826289068,0.258819045102521));
#16372=DIRECTION('',(0.,0.258819045102521,0.965925826289068));
#16373=DIRECTION('',(0.,-0.965925826289068,0.258819045102521));
#16374=DIRECTION('',(-1.,0.,0.));
#16375=DIRECTION('',(0.,-0.965925826289068,0.258819045102521));
#16376=DIRECTION('',(0.866025403784439,0.12940952255126,0.482962913144534));
#16377=DIRECTION('',(0.487058473848148,0.,-0.873369362327711));
#16378=DIRECTION('',(-0.5,0.224143868042014,0.836516303737808));
#16379=DIRECTION('',(0.,-0.965925826289068,0.258819045102521));
#16380=DIRECTION('',(0.866025403784439,-0.12940952255126,-0.482962913144534));
#16381=DIRECTION('',(-0.487058473848148,0.,-0.873369362327711));
#16382=DIRECTION('',(0.5,0.224143868042014,0.836516303737808));
#16383=DIRECTION('',(0.,0.965925826289068,-0.258819045102521));
#16384=DIRECTION('',(0.,0.258819045102521,0.965925826289068));
#16385=DIRECTION('',(0.,0.965925826289068,-0.258819045102521));
#16386=DIRECTION('',(0.,0.258819045102521,0.965925826289068));
#16387=DIRECTION('',(1.,0.,0.));
#16388=DIRECTION('',(0.,-0.258819045102521,-0.965925826289068));
#16389=DIRECTION('',(0.,-0.258819045102521,-0.965925826289068));
#16390=DIRECTION('',(-0.866025403784439,0.482962913144534,-0.12940952255126));
#16391=DIRECTION('',(-0.487058473848148,-0.873369362327711,0.));
#16392=DIRECTION('',(0.5,0.836516303737808,-0.224143868042014));
#16393=DIRECTION('',(0.,-0.258819045102521,-0.965925826289068));
#16394=DIRECTION('',(-0.866025403784439,-0.482962913144534,0.12940952255126));
#16395=DIRECTION('',(0.487058473848148,-0.873369362327711,0.));
#16396=DIRECTION('',(-0.5,0.836516303737808,-0.224143868042014));
#16397=DIRECTION('',(0.,-0.258819045102521,-0.965925826289068));
#16398=DIRECTION('',(0.,-0.965925826289068,0.258819045102521));
#16399=DIRECTION('',(0.,-0.258819045102521,-0.965925826289068));
#16400=DIRECTION('',(-1.,0.,0.));
#16401=DIRECTION('',(0.,-0.258819045102521,-0.965925826289068));
#16402=DIRECTION('',(0.866025403784439,-0.482962913144534,0.12940952255126));
#16403=DIRECTION('',(0.487058473848148,0.873369362327711,0.));
#16404=DIRECTION('',(-0.5,-0.836516303737808,0.224143868042014));
#16405=DIRECTION('',(0.,-0.258819045102521,-0.965925826289068));
#16406=DIRECTION('',(0.866025403784439,0.482962913144534,-0.12940952255126));
#16407=DIRECTION('',(-0.487058473848148,0.873369362327711,0.));
#16408=DIRECTION('',(0.5,-0.836516303737808,0.224143868042014));
#16409=DIRECTION('',(0.,0.258819045102521,0.965925826289068));
#16410=DIRECTION('',(0.,-0.965925826289068,0.258819045102521));
#16411=DIRECTION('',(0.,-1.,0.));
#16412=DIRECTION('',(0.,0.,-1.));
#16413=DIRECTION('',(1.,0.,0.));
#16414=DIRECTION('',(1.,0.,0.));
#16415=DIRECTION('',(0.,0.,-1.));
#16416=DIRECTION('',(1.,0.,0.));
#16417=DIRECTION('',(1.,0.,0.));
#16418=DIRECTION('',(0.,0.,-1.));
#16419=DIRECTION('',(1.,0.,0.));
#16420=DIRECTION('',(0.,0.49792531120332,0.867219917012448));
#16421=DIRECTION('',(0.,-0.867219917012448,0.49792531120332));
#16422=DIRECTION('',(1.,0.,0.));
#16423=DIRECTION('',(1.,0.,0.));
#16424=DIRECTION('',(0.,0.,-1.));
#16425=DIRECTION('',(-1.,0.,0.));
#16426=DIRECTION('',(0.,0.,1.));
#16427=DIRECTION('',(1.,0.,0.));
#16428=DIRECTION('',(1.,0.,0.));
#16429=DIRECTION('',(-1.,0.,0.));
#16430=DIRECTION('',(0.,0.,1.));
#16431=DIRECTION('',(1.,0.,0.));
#16432=DIRECTION('',(1.,0.,0.));
#16433=DIRECTION('',(0.,0.,-1.));
#16434=DIRECTION('',(1.,0.,0.));
#16435=DIRECTION('',(-1.,0.,0.));
#16436=DIRECTION('',(0.,0.,1.));
#16437=DIRECTION('',(0.,0.17364817766693,0.984807753012208));
#16438=DIRECTION('',(0.,-0.984807753012208,0.17364817766693));
#16439=DIRECTION('',(1.,0.,0.));
#16440=DIRECTION('',(0.,-0.984807753012208,0.17364817766693));
#16441=DIRECTION('',(1.,0.,0.));
#16442=DIRECTION('',(0.,0.,-1.));
#16443=DIRECTION('',(-1.,0.,0.));
#16444=DIRECTION('',(0.,0.,1.));
#16445=DIRECTION('',(1.,0.,0.));
#16446=DIRECTION('',(0.,0.,-1.));
#16447=DIRECTION('',(1.,0.,0.));
#16448=DIRECTION('',(-1.,0.,0.));
#16449=DIRECTION('',(0.,0.,1.));
#16450=DIRECTION('',(0.,-0.17364817766693,-0.984807753012208));
#16451=DIRECTION('',(0.,0.984807753012208,-0.17364817766693));
#16452=DIRECTION('',(1.,0.,0.));
#16453=DIRECTION('',(0.,0.984807753012208,-0.17364817766693));
#16454=DIRECTION('',(1.,0.,0.));
#16455=DIRECTION('',(0.,0.,-1.));
#16456=DIRECTION('',(-1.,0.,0.));
#16457=DIRECTION('',(0.,0.,1.));
#16458=DIRECTION('',(-1.,0.,0.));
#16459=DIRECTION('',(0.,0.,1.));
#16460=DIRECTION('',(0.,0.,1.));
#16461=DIRECTION('',(1.,0.,0.));
#16462=DIRECTION('',(0.,0.,1.));
#16463=DIRECTION('',(1.,0.,0.));
#16464=DIRECTION('',(0.,0.,1.));
#16465=DIRECTION('',(1.,0.,0.));
#16466=DIRECTION('',(0.,0.,1.));
#16467=DIRECTION('',(1.,0.,0.));
#16468=DIRECTION('',(0.,0.,1.));
#16469=DIRECTION('',(1.,0.,0.));
#16470=DIRECTION('',(0.,0.,1.));
#16471=DIRECTION('',(1.,0.,0.));
#16472=DIRECTION('',(0.,0.,1.));
#16473=DIRECTION('',(1.,0.,0.));
#16474=DIRECTION('',(0.,0.,1.));
#16475=DIRECTION('',(1.,0.,0.));
#16476=DIRECTION('',(0.,0.,1.));
#16477=DIRECTION('',(1.,0.,0.));
#16478=DIRECTION('',(1.,0.,0.));
#16479=DIRECTION('',(0.,0.,-1.));
#16480=DIRECTION('',(1.,0.,0.));
#16481=DIRECTION('',(0.,0.,-1.));
#16482=DIRECTION('',(1.,0.,0.));
#16483=DIRECTION('',(0.,0.,-1.));
#16484=DIRECTION('',(1.,0.,0.));
#16485=DIRECTION('',(0.,0.,-1.));
#16486=DIRECTION('',(-1.,0.,0.));
#16487=DIRECTION('',(0.,0.,1.));
#16488=DIRECTION('',(1.,0.,0.));
#16489=DIRECTION('',(0.,0.,-1.));
#16490=DIRECTION('',(1.,0.,0.));
#16491=DIRECTION('',(0.,0.,-1.));
#16492=DIRECTION('',(1.,0.,0.));
#16493=DIRECTION('',(0.,0.,-1.));
#16494=DIRECTION('',(-1.,0.,0.));
#16495=DIRECTION('',(0.,0.,1.));
#16496=DIRECTION('',(1.,0.,0.));
#16497=DIRECTION('',(0.,0.,-1.));
#16498=DIRECTION('',(-1.,0.,0.));
#16499=DIRECTION('',(0.,0.,1.));
#16500=DIRECTION('',(-1.,0.,0.));
#16501=DIRECTION('',(0.,-1.,0.));
#16502=DIRECTION('',(-1.,0.,0.));
#16503=DIRECTION('',(0.,0.,1.));
#16504=DIRECTION('',(-1.,0.,0.));
#16505=DIRECTION('',(0.,0.,1.));
#16506=DIRECTION('',(-1.,0.,0.));
#16507=DIRECTION('',(0.,0.,1.));
#16508=DIRECTION('',(-1.,0.,0.));
#16509=DIRECTION('',(0.,0.,1.));
#16510=DIRECTION('',(-1.,0.,0.));
#16511=DIRECTION('',(0.,0.,1.));
#16512=DIRECTION('',(1.,0.,0.));
#16513=DIRECTION('',(0.,0.,-1.));
#16514=DIRECTION('',(-1.,0.,0.));
#16515=DIRECTION('',(0.,0.,1.));
#16516=DIRECTION('',(-1.,0.,0.));
#16517=DIRECTION('',(0.,0.,1.));
#16518=DIRECTION('',(-1.,0.,0.));
#16519=DIRECTION('',(0.,0.,1.));
#16520=DIRECTION('',(-1.,0.,0.));
#16521=DIRECTION('',(0.,0.,1.));
#16522=DIRECTION('',(-1.,0.,0.));
#16523=DIRECTION('',(0.,0.,1.));
#16524=DIRECTION('',(-1.,0.,0.));
#16525=DIRECTION('',(0.,0.,1.));
#16526=DIRECTION('',(1.,0.,0.));
#16527=DIRECTION('',(0.,0.,-1.));
#16528=DIRECTION('',(-1.,0.,0.));
#16529=DIRECTION('',(0.,0.,1.));
#16530=DIRECTION('',(-1.,0.,0.));
#16531=DIRECTION('',(0.,0.,1.));
#16532=DIRECTION('',(-1.,0.,0.));
#16533=DIRECTION('',(0.,0.,1.));
#16534=DIRECTION('',(-1.,0.,0.));
#16535=DIRECTION('',(0.,0.,1.));
#16536=DIRECTION('',(-1.,0.,0.));
#16537=DIRECTION('',(0.,0.,1.));
#16538=DIRECTION('',(-1.,0.,0.));
#16539=DIRECTION('',(0.,0.,1.));
#16540=DIRECTION('',(-1.,0.,0.));
#16541=DIRECTION('',(0.,0.,1.));
#16542=DIRECTION('',(-1.,0.,0.));
#16543=DIRECTION('',(0.,0.,1.));
#16544=DIRECTION('',(1.,0.,0.));
#16545=DIRECTION('',(0.,0.,-1.));
#16546=DIRECTION('',(-1.,0.,0.));
#16547=DIRECTION('',(0.,0.,1.));
#16548=DIRECTION('',(-1.,0.,0.));
#16549=DIRECTION('',(0.,0.,1.));
#16550=DIRECTION('',(-1.,0.,0.));
#16551=DIRECTION('',(0.,0.,1.));
#16552=DIRECTION('',(-1.,0.,0.));
#16553=DIRECTION('',(0.,0.,1.));
#16554=DIRECTION('',(-1.,0.,0.));
#16555=DIRECTION('',(0.,0.,1.));
#16556=DIRECTION('',(1.,0.,0.));
#16557=DIRECTION('',(0.,0.,-1.));
#16558=DIRECTION('',(1.,0.,0.));
#16559=DIRECTION('',(0.,0.,-1.));
#16560=DIRECTION('',(1.,0.,0.));
#16561=DIRECTION('',(0.,0.,-1.));
#16562=DIRECTION('',(1.,0.,0.));
#16563=DIRECTION('',(0.,0.,-1.));
#16564=DIRECTION('',(1.,0.,0.));
#16565=DIRECTION('',(0.,0.,-1.));
#16566=DIRECTION('',(-1.,0.,0.));
#16567=DIRECTION('',(0.,0.,1.));
#16568=DIRECTION('',(-1.,0.,0.));
#16569=DIRECTION('',(0.,0.,1.));
#16570=DIRECTION('',(-1.,0.,0.));
#16571=DIRECTION('',(0.,0.,1.));
#16572=DIRECTION('',(-1.,0.,0.));
#16573=DIRECTION('',(0.,0.,1.));
#16574=DIRECTION('',(-1.,0.,0.));
#16575=DIRECTION('',(0.,1.,0.));
#16576=CARTESIAN_POINT('',(0.,0.,0.));
#16577=CARTESIAN_POINT('',(3.5,1.75,-1.751));
#16578=CARTESIAN_POINT('',(3.5,1.75,-1.751));
#16579=CARTESIAN_POINT('',(3.5,1.9923174570682,-1.6895));
#16580=CARTESIAN_POINT('',(3.5,1.99180105458827,-1.8145));
#16581=CARTESIAN_POINT('',(3.5,1.9923174570682,-1.6895));
#16582=CARTESIAN_POINT('',(2.5625,1.9923174570682,-1.6895));
#16583=CARTESIAN_POINT('',(2.5625,1.99180105458827,-1.8145));
#16584=CARTESIAN_POINT('',(2.54592149540029,1.99180105458827,-1.8145));
#16585=CARTESIAN_POINT('',(2.51368304526369,1.99588953830002,-1.80100180292567));
#16586=CARTESIAN_POINT('',(2.49317306324848,2.00195088452982,-1.75201969396947));
#16587=CARTESIAN_POINT('',(2.51362472267176,1.99629441714517,-1.70304470895858));
#16588=CARTESIAN_POINT('',(2.54592278503652,1.9923174570682,-1.6895));
#16589=CARTESIAN_POINT('',(2.5625,1.9923174570682,-1.6895));
#16590=CARTESIAN_POINT('',(2.5625,1.99180105458827,-1.8145));
#16591=CARTESIAN_POINT('',(3.5,1.99180105458827,-1.8145));
#16592=CARTESIAN_POINT('',(2.375,1.75,-1.751));
#16593=CARTESIAN_POINT('',(2.375,1.75,-2.001));
#16594=CARTESIAN_POINT('',(3.5,1.75,-2.001));
#16595=CARTESIAN_POINT('',(3.5,1.75,-1.6895));
#16596=CARTESIAN_POINT('',(3.5,1.9375,-1.6895));
#16597=CARTESIAN_POINT('',(3.5,1.75,-1.8145));
#16598=CARTESIAN_POINT('',(3.5,1.9375,-1.8145));
#16599=CARTESIAN_POINT('',(3.5,1.9375,-1.6895));
#16600=CARTESIAN_POINT('',(1.755,1.76009150487285,0.));
#16601=CARTESIAN_POINT('',(1.77232050807569,1.76009150487285,0.));
#16602=CARTESIAN_POINT('',(1.77232050807569,1.99961927485262,-0.0715992137423074));
#16603=CARTESIAN_POINT('',(1.77232050807569,2.00332824545832,-0.0577571469980564));
#16604=CARTESIAN_POINT('',(1.77232050807569,1.99961927485262,-0.0715992137423074));
#16605=CARTESIAN_POINT('',(1.76163694711753,1.97207114545775,-0.0991473431371733));
#16606=CARTESIAN_POINT('',(1.755,1.94416042125675,-0.12705806733818));
#16607=CARTESIAN_POINT('',(1.755,1.91565499673389,-0.155563491861041));
#16608=CARTESIAN_POINT('',(1.755,1.91565499673389,-0.15556349186104));
#16609=CARTESIAN_POINT('',(1.755,1.76009150487285,0.));
#16610=CARTESIAN_POINT('',(1.755,1.97259518665644,0.0569401899225545));
#16611=CARTESIAN_POINT('',(1.755,1.97259518665644,0.0569401899225544));
#16612=CARTESIAN_POINT('',(1.755,1.98297036552659,0.0182194952415515));
#16613=CARTESIAN_POINT('',(1.76167788161992,1.99328356490913,-0.020269888842689));
#16614=CARTESIAN_POINT('',(1.77232050807569,2.00332824545832,-0.0577571469980565));
#16615=CARTESIAN_POINT('',(1.755,1.76009150487285,0.));
#16616=CARTESIAN_POINT('',(1.755,1.76009150487285,0.));
#16617=CARTESIAN_POINT('',(1.755,1.70315131495029,-0.212503681783595));
#16618=CARTESIAN_POINT('',(1.755,1.91565499673389,-0.15556349186104));
#16619=CARTESIAN_POINT('',(1.755,1.88730948092303,-0.183909007671896));
#16620=CARTESIAN_POINT('',(1.76167788161992,1.85913329622133,-0.212085192373594));
#16621=CARTESIAN_POINT('',(1.77232050807569,1.83169071861515,-0.239527769979774));
#16622=CARTESIAN_POINT('',(1.77232050807569,1.83169071861515,-0.239527769979774));
#16623=CARTESIAN_POINT('',(1.77232050807569,1.76009150487285,0.));
#16624=CARTESIAN_POINT('',(1.77232050807569,1.8178486518709,-0.243236740585473));
#16625=CARTESIAN_POINT('',(1.77232050807569,1.8178486518709,-0.243236740585473));
#16626=CARTESIAN_POINT('',(1.76163694711753,1.78021720729078,-0.233153425400211));
#16627=CARTESIAN_POINT('',(1.755,1.74209044899418,-0.222937391304622));
#16628=CARTESIAN_POINT('',(1.755,1.70315131495029,-0.212503681783595));
#16629=CARTESIAN_POINT('',(1.755,1.76009150487285,0.));
#16630=CARTESIAN_POINT('',(1.755,1.76009150487285,0.));
#16631=CARTESIAN_POINT('',(1.755,1.54758782308925,-0.0569401899225545));
#16632=CARTESIAN_POINT('',(1.755,1.70315131495029,-0.212503681783595));
#16633=CARTESIAN_POINT('',(1.755,1.66443062026929,-0.202128502913448));
#16634=CARTESIAN_POINT('',(1.76167788161992,1.62594123618505,-0.191815303530905));
#16635=CARTESIAN_POINT('',(1.77232050807569,1.58845397802968,-0.181770622981717));
#16636=CARTESIAN_POINT('',(1.77232050807569,1.58845397802968,-0.181770622981717));
#16637=CARTESIAN_POINT('',(1.77232050807569,1.76009150487285,0.));
#16638=CARTESIAN_POINT('',(1.77232050807569,1.57832088189113,-0.171637526843165));
#16639=CARTESIAN_POINT('',(1.77232050807569,1.57832088189113,-0.171637526843165));
#16640=CARTESIAN_POINT('',(1.76163694711753,1.56823756670587,-0.134006082263038));
#16641=CARTESIAN_POINT('',(1.755,1.55802153261028,-0.0958793239664426));
#16642=CARTESIAN_POINT('',(1.755,1.54758782308925,-0.0569401899225544));
#16643=CARTESIAN_POINT('',(1.755,1.76009150487285,0.));
#16644=CARTESIAN_POINT('',(1.755,1.76009150487285,0.));
#16645=CARTESIAN_POINT('',(1.755,1.8170316947954,0.212503681783595));
#16646=CARTESIAN_POINT('',(1.755,1.60452801301181,0.15556349186104));
#16647=CARTESIAN_POINT('',(1.755,1.60452801301181,0.15556349186104));
#16648=CARTESIAN_POINT('',(1.755,1.63287352882266,0.183909007671896));
#16649=CARTESIAN_POINT('',(1.76167788161992,1.66104971352436,0.212085192373594));
#16650=CARTESIAN_POINT('',(1.77232050807569,1.68849229113054,0.239527769979774));
#16651=CARTESIAN_POINT('',(1.77232050807569,1.68849229113054,0.239527769979774));
#16652=CARTESIAN_POINT('',(1.77232050807569,1.76009150487285,0.));
#16653=CARTESIAN_POINT('',(1.77232050807569,1.70233435787479,0.243236740585473));
#16654=CARTESIAN_POINT('',(1.77232050807569,1.70233435787479,0.243236740585473));
#16655=CARTESIAN_POINT('',(1.76163694711753,1.73996580245492,0.233153425400211));
#16656=CARTESIAN_POINT('',(1.755,1.77809256075151,0.222937391304622));
#16657=CARTESIAN_POINT('',(1.755,1.8170316947954,0.212503681783595));
#16658=CARTESIAN_POINT('',(1.755,1.76009150487285,0.));
#16659=CARTESIAN_POINT('',(1.755,1.76009150487285,0.));
#16660=CARTESIAN_POINT('',(1.755,1.8170316947954,0.212503681783595));
#16661=CARTESIAN_POINT('',(1.755,1.8557523894764,0.202128502913448));
#16662=CARTESIAN_POINT('',(1.76167788161992,1.89424177356065,0.191815303530905));
#16663=CARTESIAN_POINT('',(1.77232050807569,1.93172903171601,0.181770622981717));
#16664=CARTESIAN_POINT('',(1.77232050807569,1.93172903171601,0.181770622981717));
#16665=CARTESIAN_POINT('',(1.77232050807569,1.76009150487285,0.));
#16666=CARTESIAN_POINT('',(1.77232050807569,1.94186212785456,0.171637526843165));
#16667=CARTESIAN_POINT('',(1.77232050807569,1.94186212785456,0.171637526843165));
#16668=CARTESIAN_POINT('',(1.76163694711753,1.95194544303983,0.134006082263038));
#16669=CARTESIAN_POINT('',(1.755,1.96216147713542,0.0958793239664426));
#16670=CARTESIAN_POINT('',(1.755,1.97259518665644,0.0569401899225544));
#16671=CARTESIAN_POINT('',(2.135,1.76009150487285,0.));
#16672=CARTESIAN_POINT('',(2.135,1.83169071861515,-0.239527769979774));
#16673=CARTESIAN_POINT('',(1.82767949192431,1.83169071861515,-0.239527769979774));
#16674=CARTESIAN_POINT('',(1.82767949192431,1.76009150487285,0.));
#16675=CARTESIAN_POINT('',(1.82767949192431,1.8178486518709,-0.243236740585473));
#16676=CARTESIAN_POINT('',(2.135,1.8178486518709,-0.243236740585473));
#16677=CARTESIAN_POINT('',(2.135,1.76009150487285,0.));
#16678=CARTESIAN_POINT('',(2.135,1.58845397802968,-0.181770622981717));
#16679=CARTESIAN_POINT('',(1.82767949192431,1.58845397802968,-0.181770622981717));
#16680=CARTESIAN_POINT('',(1.82767949192431,1.76009150487285,0.));
#16681=CARTESIAN_POINT('',(1.82767949192431,1.57832088189113,-0.171637526843166));
#16682=CARTESIAN_POINT('',(2.135,1.57832088189113,-0.171637526843165));
#16683=CARTESIAN_POINT('',(2.135,1.76009150487285,0.));
#16684=CARTESIAN_POINT('',(2.135,1.68849229113054,0.239527769979774));
#16685=CARTESIAN_POINT('',(1.82767949192431,1.68849229113054,0.239527769979774));
#16686=CARTESIAN_POINT('',(1.82767949192431,1.76009150487285,0.));
#16687=CARTESIAN_POINT('',(1.82767949192431,1.70233435787479,0.243236740585473));
#16688=CARTESIAN_POINT('',(2.135,1.70233435787479,0.243236740585473));
#16689=CARTESIAN_POINT('',(2.135,1.76009150487285,0.));
#16690=CARTESIAN_POINT('',(2.135,1.93172903171601,0.181770622981717));
#16691=CARTESIAN_POINT('',(1.82767949192431,1.93172903171601,0.181770622981717));
#16692=CARTESIAN_POINT('',(1.82767949192431,1.76009150487285,0.));
#16693=CARTESIAN_POINT('',(1.82767949192431,1.94186212785456,0.171637526843166));
#16694=CARTESIAN_POINT('',(2.135,1.94186212785456,0.171637526843165));
#16695=CARTESIAN_POINT('',(2.135,1.76009150487285,0.));
#16696=CARTESIAN_POINT('',(1.82767949192431,1.76009150487285,0.));
#16697=CARTESIAN_POINT('',(1.82767949192431,1.99961927485262,-0.0715992137423074));
#16698=CARTESIAN_POINT('',(1.82767949192431,2.00332824545832,-0.0577571469980567));
#16699=CARTESIAN_POINT('',(2.135,1.99961927485262,-0.0715992137423074));
#16700=CARTESIAN_POINT('',(2.135,2.00332824545832,-0.0577571469980564));
#16701=CARTESIAN_POINT('',(1.82767949192431,1.76009150487285,0.));
#16702=CARTESIAN_POINT('',(1.82767949192431,1.83169071861515,-0.239527769979774));
#16703=CARTESIAN_POINT('',(1.83836305288247,1.85923884801002,-0.211979640584908));
#16704=CARTESIAN_POINT('',(1.845,1.88714957221103,-0.184068916383901));
#16705=CARTESIAN_POINT('',(1.845,1.91565499673389,-0.155563491861041));
#16706=CARTESIAN_POINT('',(1.845,1.91565499673389,-0.155563491861041));
#16707=CARTESIAN_POINT('',(1.845,1.76009150487285,0.));
#16708=CARTESIAN_POINT('',(1.845,1.70315131495029,-0.212503681783595));
#16709=CARTESIAN_POINT('',(1.845,1.70315131495029,-0.212503681783595));
#16710=CARTESIAN_POINT('',(1.845,1.7418720096313,-0.222878860653742));
#16711=CARTESIAN_POINT('',(1.83832211838008,1.78036139371554,-0.233192060036285));
#16712=CARTESIAN_POINT('',(1.82767949192431,1.8178486518709,-0.243236740585473));
#16713=CARTESIAN_POINT('',(1.82767949192431,1.76009150487285,0.));
#16714=CARTESIAN_POINT('',(1.82767949192431,1.58845397802968,-0.181770622981717));
#16715=CARTESIAN_POINT('',(1.83836305288247,1.62608542260981,-0.191853938166979));
#16716=CARTESIAN_POINT('',(1.845,1.6642121809064,-0.202069972262568));
#16717=CARTESIAN_POINT('',(1.845,1.70315131495029,-0.212503681783595));
#16718=CARTESIAN_POINT('',(1.845,1.76009150487285,0.));
#16719=CARTESIAN_POINT('',(1.845,1.54758782308925,-0.0569401899225544));
#16720=CARTESIAN_POINT('',(1.845,1.54758782308925,-0.0569401899225545));
#16721=CARTESIAN_POINT('',(1.845,1.5579630019594,-0.0956608846035573));
#16722=CARTESIAN_POINT('',(1.83832211838008,1.56827620134194,-0.134150268687798));
#16723=CARTESIAN_POINT('',(1.82767949192431,1.57832088189113,-0.171637526843166));
#16724=CARTESIAN_POINT('',(1.82767949192431,1.76009150487285,0.));
#16725=CARTESIAN_POINT('',(1.82767949192431,1.68849229113054,0.239527769979774));
#16726=CARTESIAN_POINT('',(1.83836305288247,1.66094416173567,0.211979640584908));
#16727=CARTESIAN_POINT('',(1.845,1.63303343753467,0.184068916383901));
#16728=CARTESIAN_POINT('',(1.845,1.60452801301181,0.155563491861041));
#16729=CARTESIAN_POINT('',(1.845,1.60452801301181,0.15556349186104));
#16730=CARTESIAN_POINT('',(1.845,1.76009150487285,0.));
#16731=CARTESIAN_POINT('',(1.845,1.8170316947954,0.212503681783595));
#16732=CARTESIAN_POINT('',(1.845,1.8170316947954,0.212503681783595));
#16733=CARTESIAN_POINT('',(1.845,1.7783110001144,0.222878860653742));
#16734=CARTESIAN_POINT('',(1.83832211838008,1.73982161603016,0.233192060036285));
#16735=CARTESIAN_POINT('',(1.82767949192431,1.70233435787479,0.243236740585473));
#16736=CARTESIAN_POINT('',(1.82767949192431,1.76009150487285,0.));
#16737=CARTESIAN_POINT('',(1.82767949192431,1.93172903171601,0.181770622981717));
#16738=CARTESIAN_POINT('',(1.83836305288247,1.89409758713589,0.191853938166979));
#16739=CARTESIAN_POINT('',(1.845,1.85597082883929,0.202069972262568));
#16740=CARTESIAN_POINT('',(1.845,1.8170316947954,0.212503681783595));
#16741=CARTESIAN_POINT('',(1.845,1.76009150487285,0.));
#16742=CARTESIAN_POINT('',(1.845,1.97259518665644,0.0569401899225545));
#16743=CARTESIAN_POINT('',(1.845,1.97259518665644,0.0569401899225544));
#16744=CARTESIAN_POINT('',(1.845,1.9622200077863,0.0956608846035572));
#16745=CARTESIAN_POINT('',(1.83832211838008,1.95190680840375,0.134150268687798));
#16746=CARTESIAN_POINT('',(1.82767949192431,1.94186212785456,0.171637526843166));
#16747=CARTESIAN_POINT('',(1.82767949192431,1.76009150487285,0.));
#16748=CARTESIAN_POINT('',(1.845,1.76009150487285,0.));
#16749=CARTESIAN_POINT('',(1.845,1.91565499673389,-0.155563491861041));
#16750=CARTESIAN_POINT('',(1.845,1.94400051254474,-0.127217976050185));
#16751=CARTESIAN_POINT('',(1.83832211838008,1.97217669724644,-0.0990417913484872));
#16752=CARTESIAN_POINT('',(1.82767949192431,1.99961927485262,-0.0715992137423074));
#16753=CARTESIAN_POINT('',(1.82767949192431,2.00332824545832,-0.0577571469980566));
#16754=CARTESIAN_POINT('',(1.83836305288247,1.99324493027306,-0.020125702417929));
#16755=CARTESIAN_POINT('',(1.845,1.98302889617747,0.0180010558786665));
#16756=CARTESIAN_POINT('',(1.845,1.97259518665644,0.0569401899225544));
#16757=CARTESIAN_POINT('',(0.,3.25,0.));
#16758=CARTESIAN_POINT('',(-1.33149607502518,3.25,1.13522828747902));
#16759=CARTESIAN_POINT('',(-1.33164532083429,2.41665833335275,1.13518168341575));
#16760=CARTESIAN_POINT('',(-1.33179448217731,1.58331666668613,1.13513515529657));
#16761=CARTESIAN_POINT('',(-1.33194355942979,0.749975000000251,1.13508870280851));
#16762=CARTESIAN_POINT('',(-1.33149607502518,3.25,1.13522828747902));
#16763=CARTESIAN_POINT('',(-1.33194355942979,0.74997500000025,1.13508870280851));
#16764=CARTESIAN_POINT('',(0.,3.25,0.));
#16765=CARTESIAN_POINT('',(1.33149607502518,3.25,1.13522828747902));
#16766=CARTESIAN_POINT('',(1.33194355942979,0.74997500000025,1.13508870280851));
#16767=CARTESIAN_POINT('',(1.33179448217731,1.58331666668613,1.13513515529657));
#16768=CARTESIAN_POINT('',(1.33164532083429,2.41665833335275,1.13518168341575));
#16769=CARTESIAN_POINT('',(1.33149607502518,3.25,1.13522828747902));
#16770=CARTESIAN_POINT('',(1.33194355942979,0.74997500000025,1.13508870280851));
#16771=CARTESIAN_POINT('',(0.,0.74997500000025,0.));
#16772=CARTESIAN_POINT('',(1.63382098430336,0.74997500000025,-0.627000000000002));
#16773=CARTESIAN_POINT('',(1.63362550277175,2.575,-0.627000000000003));
#16774=CARTESIAN_POINT('',(1.63369066378279,1.96665833333347,-0.627000000000003));
#16775=CARTESIAN_POINT('',(1.63375582429327,1.35831666666689,-0.627000000000003));
#16776=CARTESIAN_POINT('',(1.63382098430336,0.749975000000251,-0.627000000000003));
#16777=CARTESIAN_POINT('',(1.63362550277175,2.575,-0.627000000000002));
#16778=CARTESIAN_POINT('',(1.4840577128792,2.875,-0.927000000000003));
#16779=CARTESIAN_POINT('',(1.50636588942709,2.875,-0.891286276735533));
#16780=CARTESIAN_POINT('',(1.54781787907578,2.86236763781788,-0.819071219766418));
#16781=CARTESIAN_POINT('',(1.59653673047893,2.80161375450038,-0.718377097986491));
#16782=CARTESIAN_POINT('',(1.62685505636485,2.70060791408515,-0.645041782136203));
#16783=CARTESIAN_POINT('',(1.63362097401955,2.61728032403402,-0.627000000000002));
#16784=CARTESIAN_POINT('',(1.63362550277175,2.575,-0.627000000000002));
#16785=CARTESIAN_POINT('',(1.4840577128792,2.875,-0.927000000000003));
#16786=CARTESIAN_POINT('',(0.,2.875,0.));
#16787=CARTESIAN_POINT('',(-1.4840577128792,2.875,-0.927000000000003));
#16788=CARTESIAN_POINT('',(-1.63362550277175,2.575,-0.627000000000002));
#16789=CARTESIAN_POINT('',(-1.63362098441314,2.61718328967532,-0.627000000000002));
#16790=CARTESIAN_POINT('',(-1.62689528162758,2.70020651703478,-0.644927112008095));
#16791=CARTESIAN_POINT('',(-1.59674060435783,2.80122881575736,-0.717921589504769));
#16792=CARTESIAN_POINT('',(-1.54790186559574,2.86238358565458,-0.818936526384372));
#16793=CARTESIAN_POINT('',(-1.50633992499578,2.875,-0.891327843849385));
#16794=CARTESIAN_POINT('',(-1.4840577128792,2.875,-0.927000000000003));
#16795=CARTESIAN_POINT('',(-1.63362550277175,2.575,-0.627000000000002));
#16796=CARTESIAN_POINT('',(-1.63382098430336,0.74997500000025,-0.627000000000003));
#16797=CARTESIAN_POINT('',(-1.63375582429327,1.35831666666689,-0.627000000000003));
#16798=CARTESIAN_POINT('',(-1.63369066378279,1.96665833333347,-0.627000000000003));
#16799=CARTESIAN_POINT('',(-1.63362550277175,2.575,-0.627000000000003));
#16800=CARTESIAN_POINT('',(-1.63382098430336,0.74997500000025,-0.627000000000002));
#16801=CARTESIAN_POINT('',(0.,0.74997500000025,0.));
#16802=CARTESIAN_POINT('',(1.74987553799333,1.74607912201462,0.0140103809392814));
#16803=CARTESIAN_POINT('',(1.74987533286774,1.74609675824682,-0.0140292646947867));
#16804=CARTESIAN_POINT('',(1.74987277147196,1.77410971860489,-0.0139979433101601));
#16805=CARTESIAN_POINT('',(1.74987256009274,1.77408829061243,0.0140181011927148));
#16806=CARTESIAN_POINT('',(1.74987553799333,1.74607912201462,0.0140103809392814));
#16807=CARTESIAN_POINT('',(1.74987533286774,1.74609675824682,-0.0140292646947867));
#16808=CARTESIAN_POINT('',(1.74987277147196,1.77410971860489,-0.0139979433101601));
#16809=CARTESIAN_POINT('',(1.74987494015604,1.75076264560113,-0.0093507701916709));
#16810=CARTESIAN_POINT('',(0.,3.25,0.));
#16811=CARTESIAN_POINT('',(-0.876294147783326,0.74997500000025,1.51479654584723));
#16812=CARTESIAN_POINT('',(-0.876366721538427,1.58331666668613,1.51465828916231));
#16813=CARTESIAN_POINT('',(-0.876439384848655,2.41665833335275,1.51451996340379));
#16814=CARTESIAN_POINT('',(-0.876512138089575,3.25,1.51438156825869));
#16815=CARTESIAN_POINT('',(-0.876294147783326,0.74997500000025,1.51479654584723));
#16816=CARTESIAN_POINT('',(-0.876512138089575,3.25,1.51438156825869));
#16817=CARTESIAN_POINT('',(0.,0.74997500000025,0.));
#16818=CARTESIAN_POINT('',(0.876294147783326,0.74997500000025,1.51479654584723));
#16819=CARTESIAN_POINT('',(0.876512138089575,3.25,1.51438156825869));
#16820=CARTESIAN_POINT('',(0.876439384848655,2.41665833335275,1.51451996340379));
#16821=CARTESIAN_POINT('',(0.876366721538427,1.58331666668613,1.51465828916231));
#16822=CARTESIAN_POINT('',(0.876294147783326,0.749975000000251,1.51479654584723));
#16823=CARTESIAN_POINT('',(0.876512138089575,3.25,1.51438156825869));
#16824=CARTESIAN_POINT('',(0.,3.25,0.));
#16825=CARTESIAN_POINT('',(0.,0.749999999999999,0.));
#16826=CARTESIAN_POINT('',(-0.788380982825511,0.5,1.83805751431207));
#16827=CARTESIAN_POINT('',(-0.790198792822944,0.500000000171454,1.7999658357902));
#16828=CARTESIAN_POINT('',(-0.799570889615485,0.513975673432184,1.72500374025915));
#16829=CARTESIAN_POINT('',(-0.826506390722775,0.56551221838028,1.62595003172868));
#16830=CARTESIAN_POINT('',(-0.859731742626821,0.639880177146047,1.54563028429055));
#16831=CARTESIAN_POINT('',(-0.876290799526345,0.711528015023641,1.51480292444662));
#16832=CARTESIAN_POINT('',(-0.876294147783332,0.749975000000249,1.51479654584722));
#16833=CARTESIAN_POINT('',(-0.788380982825511,0.5,1.83805751431207));
#16834=CARTESIAN_POINT('',(0.,0.5,0.));
#16835=CARTESIAN_POINT('',(0.788380982759246,0.5,1.83805751570063));
#16836=CARTESIAN_POINT('',(0.876294147783326,0.74997500000025,1.51479654584723));
#16837=CARTESIAN_POINT('',(0.876290791554381,0.711436475536661,1.51480293963362));
#16838=CARTESIAN_POINT('',(0.859790443729979,0.640095990814257,1.54550082608837));
#16839=CARTESIAN_POINT('',(0.826462153941095,0.565391018588318,1.62605245991397));
#16840=CARTESIAN_POINT('',(0.799549243407064,0.513948839856027,1.72514161415022));
#16841=CARTESIAN_POINT('',(0.790197397901155,0.5,1.79999506453571));
#16842=CARTESIAN_POINT('',(0.788380982759246,0.5,1.83805751570063));
#16843=CARTESIAN_POINT('',(0.,0.749999999999999,0.));
#16844=CARTESIAN_POINT('',(-1.33194355942979,0.74997500000025,1.13508870280851));
#16845=CARTESIAN_POINT('',(-1.3319504536216,0.711436475653821,1.13508655457759));
#16846=CARTESIAN_POINT('',(-1.36512056840021,0.640095991119426,1.12439238876386));
#16847=CARTESIAN_POINT('',(-1.45036170273926,0.565391018998232,1.10613616887677));
#16848=CARTESIAN_POINT('',(-1.55267959199552,0.513948840235226,1.09753298954428));
#16849=CARTESIAN_POINT('',(-1.62799233469071,0.500000000171322,1.10183261602517));
#16850=CARTESIAN_POINT('',(-1.66575836143678,0.5,1.10690969880268));
#16851=CARTESIAN_POINT('',(-1.66575836143678,0.5,1.10690969880268));
#16852=CARTESIAN_POINT('',(-1.89917640057247,0.5,-0.627000000000003));
#16853=CARTESIAN_POINT('',(-1.83181923716769,0.500000000288376,-0.627000000000003));
#16854=CARTESIAN_POINT('',(-1.73071134392553,0.538114880092628,-0.627000000000002));
#16855=CARTESIAN_POINT('',(-1.64879452768451,0.648866716122535,-0.627000000000003));
#16856=CARTESIAN_POINT('',(-1.63382459384331,0.716275902092126,-0.627000000000002));
#16857=CARTESIAN_POINT('',(-1.63382098430336,0.74997500000025,-0.627000000000002));
#16858=CARTESIAN_POINT('',(-1.89917640057247,0.5,-0.626999999608127));
#16859=CARTESIAN_POINT('',(0.,0.5,0.));
#16860=CARTESIAN_POINT('',(0.,0.,0.));
#16861=CARTESIAN_POINT('',(-0.876512138089575,1.876,1.51438156825869));
#16862=CARTESIAN_POINT('',(-0.876512138089575,3.252,1.51438156825869));
#16863=CARTESIAN_POINT('',(0.876512138089575,1.876,1.51438156825869));
#16864=CARTESIAN_POINT('',(0.876512138089575,3.252,1.51438156825869));
#16865=CARTESIAN_POINT('',(0.,3.252,0.));
#16866=CARTESIAN_POINT('',(2.125,0.5,-2.87700000000001));
#16867=CARTESIAN_POINT('',(-0.968681004008799,3.252,-2.877));
#16868=CARTESIAN_POINT('',(-0.968681004008796,2.575,-2.877));
#16869=CARTESIAN_POINT('',(-0.968681004008789,0.5,-2.87700000000001));
#16870=CARTESIAN_POINT('',(2.125,2.575,-2.877));
#16871=CARTESIAN_POINT('',(0.968681004008796,2.575,-2.877));
#16872=CARTESIAN_POINT('',(0.968681004008799,3.252,-2.877));
#16873=CARTESIAN_POINT('',(0.968681004008789,0.5,-2.87700000000001));
#16874=CARTESIAN_POINT('',(2.125,0.5,-2.87700000000001));
#16875=CARTESIAN_POINT('',(2.125,2.575,-2.577));
#16876=CARTESIAN_POINT('',(-2.125,2.71585271624726,-2.8418782971966));
#16877=CARTESIAN_POINT('',(-2.09926961992027,2.76690598047603,-2.81473001432096));
#16878=CARTESIAN_POINT('',(-2.03986652079125,2.81900466100938,-2.7592258628118));
#16879=CARTESIAN_POINT('',(-1.93703746264834,2.85240507388661,-2.69447064773445));
#16880=CARTESIAN_POINT('',(-1.85398478571807,2.86544403581138,-2.65488083512822));
#16881=CARTESIAN_POINT('',(-1.76470306755534,2.87149290505919,-2.62490782717744));
#16882=CARTESIAN_POINT('',(-1.64388155405709,2.87433963824529,-2.5999444935497));
#16883=CARTESIAN_POINT('',(-1.48659574181751,2.87436619069405,-2.59618235162025));
#16884=CARTESIAN_POINT('',(-1.30410192907625,2.87109839811356,-2.63631907905847));
#16885=CARTESIAN_POINT('',(-1.16348951899801,2.85052271441231,-2.70586569441544));
#16886=CARTESIAN_POINT('',(-1.0696376137844,2.80393581706918,-2.7749842976399));
#16887=CARTESIAN_POINT('',(-1.01321655752855,2.74766319068036,-2.82691248863419));
#16888=CARTESIAN_POINT('',(-0.977085387412715,2.66918760566961,-2.86673182441433));
#16889=CARTESIAN_POINT('',(-0.968681004008796,2.60666165584637,-2.877));
#16890=CARTESIAN_POINT('',(-0.968681004008796,2.575,-2.877));
#16891=CARTESIAN_POINT('',(-2.125,2.71585271624726,-2.8418782971966));
#16892=CARTESIAN_POINT('',(-2.125,2.575,-2.577));
#16893=CARTESIAN_POINT('',(-2.125,2.875,-2.577));
#16894=CARTESIAN_POINT('',(2.125,2.875,-2.577));
#16895=CARTESIAN_POINT('',(2.125,2.875,-2.577));
#16896=CARTESIAN_POINT('',(2.125,2.575,-2.577));
#16897=CARTESIAN_POINT('',(2.125,2.71585271624726,-2.8418782971966));
#16898=CARTESIAN_POINT('',(0.968681004008796,2.575,-2.877));
#16899=CARTESIAN_POINT('',(0.968681004008796,2.60663420328511,-2.877));
#16900=CARTESIAN_POINT('',(0.97697043202853,2.66881879032339,-2.8668618429073));
#16901=CARTESIAN_POINT('',(1.01330220583778,2.74787332238768,-2.82681690484579));
#16902=CARTESIAN_POINT('',(1.06980752031206,2.80404259581368,-2.77484215543139));
#16903=CARTESIAN_POINT('',(1.16377890114251,2.85061794240175,-2.70568184101314));
#16904=CARTESIAN_POINT('',(1.30438151091418,2.87106666819631,-2.63627046381823));
#16905=CARTESIAN_POINT('',(1.4557764865461,2.87387917926654,-2.60294791546492));
#16906=CARTESIAN_POINT('',(1.58119489090223,2.87424905300604,-2.598355393427));
#16907=CARTESIAN_POINT('',(1.70417537083861,2.87342789531029,-2.60866550591399));
#16908=CARTESIAN_POINT('',(1.82581533802851,2.86978181298977,-2.64148768485467));
#16909=CARTESIAN_POINT('',(1.93684822844747,2.85244743562728,-2.69436961176389));
#16910=CARTESIAN_POINT('',(2.03946793136799,2.81923833057814,-2.75891830433176));
#16911=CARTESIAN_POINT('',(2.09932042920398,2.76680516658293,-2.81478362350989));
#16912=CARTESIAN_POINT('',(2.125,2.71585271624726,-2.8418782971966));
#16913=CARTESIAN_POINT('',(2.125,2.575,-0.927000000000002));
#16914=CARTESIAN_POINT('',(2.125,1.755,-1.752));
#16915=CARTESIAN_POINT('',(2.125,1.755,-2.537));
#16916=CARTESIAN_POINT('',(2.125,0.5,-0.627000000000002));
#16917=CARTESIAN_POINT('',(2.125,0.5,-0.627000000000002));
#16918=CARTESIAN_POINT('',(2.125,0.5,-2.8418782971966));
#16919=CARTESIAN_POINT('',(2.125,3.252,-2.8418782971966));
#16920=CARTESIAN_POINT('',(2.125,2.875,-2.577));
#16921=CARTESIAN_POINT('',(2.125,2.875,-0.927000000000003));
#16922=CARTESIAN_POINT('',(2.125,2.575,-0.927000000000002));
#16923=CARTESIAN_POINT('',(2.125,2.575,-0.627000000000002));
#16924=CARTESIAN_POINT('',(2.125,2.575,-0.627000000000002));
#16925=CARTESIAN_POINT('',(-2.125,2.575,-0.927000000000002));
#16926=CARTESIAN_POINT('',(-2.125,3.252,-2.8418782971966));
#16927=CARTESIAN_POINT('',(-2.125,0.5,-2.8418782971966));
#16928=CARTESIAN_POINT('',(-2.125,0.5,-0.627000000000002));
#16929=CARTESIAN_POINT('',(-2.125,0.5,-0.627000000000002));
#16930=CARTESIAN_POINT('',(-2.125,2.575,-0.627000000000002));
#16931=CARTESIAN_POINT('',(-2.125,2.575,-0.627000000000002));
#16932=CARTESIAN_POINT('',(-2.125,2.575,-0.927000000000002));
#16933=CARTESIAN_POINT('',(-2.125,2.875,-0.927000000000003));
#16934=CARTESIAN_POINT('',(-2.125,2.875,-2.577));
#16935=CARTESIAN_POINT('',(0.,0.749999999999999,0.));
#16936=CARTESIAN_POINT('',(1.66575836281452,0.5,1.1069096989879));
#16937=CARTESIAN_POINT('',(1.62809533811233,0.5,1.1018464632404));
#16938=CARTESIAN_POINT('',(1.55235308285686,0.513982413382689,1.09750829239173));
#16939=CARTESIAN_POINT('',(1.44997901994073,0.565734181012977,1.10621627279441));
#16940=CARTESIAN_POINT('',(1.36543972665472,0.63973274278876,1.12431602558821));
#16941=CARTESIAN_POINT('',(1.33195045923339,0.711405105752518,1.13508655282896));
#16942=CARTESIAN_POINT('',(1.33194355942979,0.74997500000025,1.13508870280851));
#16943=CARTESIAN_POINT('',(1.66575836281452,0.5,1.1069096989879));
#16944=CARTESIAN_POINT('',(0.,0.5,0.));
#16945=CARTESIAN_POINT('',(1.89917640175946,0.5,-0.627000000000002));
#16946=CARTESIAN_POINT('',(1.63382098430336,0.74997500000025,-0.627000000000002));
#16947=CARTESIAN_POINT('',(1.63382457955798,0.716409271642107,-0.627000000000002));
#16948=CARTESIAN_POINT('',(1.64896536167778,0.648394508634193,-0.627000000000002));
#16949=CARTESIAN_POINT('',(1.73078119663858,0.538187428238933,-0.627000000000002));
#16950=CARTESIAN_POINT('',(1.83211182859892,0.5,-0.627000000000002));
#16951=CARTESIAN_POINT('',(1.89917640175946,0.5,-0.627000000000002));
#16952=CARTESIAN_POINT('',(0.,0.,0.));
#16953=CARTESIAN_POINT('',(1.33149607502518,1.876,1.13522828747902));
#16954=CARTESIAN_POINT('',(1.33149607502518,3.252,1.13522828747902));
#16955=CARTESIAN_POINT('',(-1.33149607502518,1.876,1.13522828747902));
#16956=CARTESIAN_POINT('',(-1.33149607502518,3.252,1.13522828747902));
#16957=CARTESIAN_POINT('',(0.,3.252,0.));
#16958=CARTESIAN_POINT('',(-1.5625,0.5,1.875));
#16959=CARTESIAN_POINT('',(-1.5625,0.5,1.875));
#16960=CARTESIAN_POINT('',(2.125,0.5,-0.627000000000002));
#16961=CARTESIAN_POINT('',(-2.0625,0.5,-0.627000000000002));
#16962=CARTESIAN_POINT('',(-2.0625,0.5,-3.375));
#16963=CARTESIAN_POINT('',(-2.0625,0.5,1.875));
#16964=CARTESIAN_POINT('',(-1.5625,0.5,1.875));
#16965=CARTESIAN_POINT('',(-1.5625,0.5,2.375));
#16966=CARTESIAN_POINT('',(-1.5625,0.5,2.375));
#16967=CARTESIAN_POINT('',(1.5625,0.5,2.375));
#16968=CARTESIAN_POINT('',(1.5625,0.5,1.875));
#16969=CARTESIAN_POINT('',(2.0625,0.5,1.875));
#16970=CARTESIAN_POINT('',(2.0625,0.5,1.875));
#16971=CARTESIAN_POINT('',(2.0625,0.5,-0.627000000000002));
#16972=CARTESIAN_POINT('',(2.125,0.5,-0.627000000000002));
#16973=CARTESIAN_POINT('',(1.5625,0.5,1.875));
#16974=CARTESIAN_POINT('',(1.5625,0.5,1.875));
#16975=CARTESIAN_POINT('',(1.5625,0.5,1.671875));
#16976=CARTESIAN_POINT('',(-1.5625,0.5,1.875));
#16977=CARTESIAN_POINT('',(-1.5625,0.5,1.671875));
#16978=CARTESIAN_POINT('',(-1.5625,0.5,1.875));
#16979=CARTESIAN_POINT('',(1.5625,0.5,-3.875));
#16980=CARTESIAN_POINT('',(1.5625,0.5,-3.875));
#16981=CARTESIAN_POINT('',(-1.5625,0.5,-3.875));
#16982=CARTESIAN_POINT('',(-1.5625,0.5,-3.375));
#16983=CARTESIAN_POINT('',(-2.0625,0.5,-3.375));
#16984=CARTESIAN_POINT('',(-2.0625,0.5,-3.375));
#16985=CARTESIAN_POINT('',(-2.0625,0.5,-2.78286403588365));
#16986=CARTESIAN_POINT('',(-1.5625,0.5,-3.375));
#16987=CARTESIAN_POINT('',(1.5625,0.5,-3.375));
#16988=CARTESIAN_POINT('',(2.0625,0.5,-2.78286403588365));
#16989=CARTESIAN_POINT('',(2.0625,0.5,1.875));
#16990=CARTESIAN_POINT('',(2.0625,0.5,-3.375));
#16991=CARTESIAN_POINT('',(1.5625,0.5,-3.375));
#16992=CARTESIAN_POINT('',(1.5625,0.5,-3.375));
#16993=CARTESIAN_POINT('',(1.5625,0.5,-3.578125));
#16994=CARTESIAN_POINT('',(-1.5625,0.5,-3.375));
#16995=CARTESIAN_POINT('',(-1.5625,0.5,-3.578125));
#16996=CARTESIAN_POINT('',(-1.5625,0.5,1.875));
#16997=CARTESIAN_POINT('',(-1.5625,0.,1.875));
#16998=CARTESIAN_POINT('',(-2.0625,0.,1.875));
#16999=CARTESIAN_POINT('',(-1.5625,0.,2.375));
#17000=CARTESIAN_POINT('',(-1.5625,0.5,2.375));
#17001=CARTESIAN_POINT('',(-2.0625,0.5,1.875));
#17002=CARTESIAN_POINT('',(-1.5625,0.5,2.375));
#17003=CARTESIAN_POINT('',(-1.5625,0.,2.375));
#17004=CARTESIAN_POINT('',(1.5625,0.,2.375));
#17005=CARTESIAN_POINT('',(1.5625,0.5,2.375));
#17006=CARTESIAN_POINT('',(1.5625,0.5,1.875));
#17007=CARTESIAN_POINT('',(1.5625,0.,1.875));
#17008=CARTESIAN_POINT('',(2.0625,0.,1.875));
#17009=CARTESIAN_POINT('',(2.0625,0.5,1.875));
#17010=CARTESIAN_POINT('',(2.0625,0.5,1.875));
#17011=CARTESIAN_POINT('',(2.0625,0.,1.875));
#17012=CARTESIAN_POINT('',(2.0625,0.,-3.375));
#17013=CARTESIAN_POINT('',(2.0625,0.5,-3.375));
#17014=CARTESIAN_POINT('',(2.0625,0.5,1.875));
#17015=CARTESIAN_POINT('',(1.5625,0.5,-3.375));
#17016=CARTESIAN_POINT('',(1.5625,0.,-3.375));
#17017=CARTESIAN_POINT('',(1.5625,0.,-3.875));
#17018=CARTESIAN_POINT('',(1.5625,0.5,-3.875));
#17019=CARTESIAN_POINT('',(1.5625,0.5,-3.875));
#17020=CARTESIAN_POINT('',(1.5625,0.,-3.875));
#17021=CARTESIAN_POINT('',(-1.5625,0.,-3.875));
#17022=CARTESIAN_POINT('',(-1.5625,0.5,-3.875));
#17023=CARTESIAN_POINT('',(-1.5625,0.5,-3.375));
#17024=CARTESIAN_POINT('',(-1.5625,0.,-3.375));
#17025=CARTESIAN_POINT('',(-2.0625,0.,-3.375));
#17026=CARTESIAN_POINT('',(-2.0625,0.5,-3.375));
#17027=CARTESIAN_POINT('',(1.5625,0.5,-3.375));
#17028=CARTESIAN_POINT('',(1.5625,0.,-3.375));
#17029=CARTESIAN_POINT('',(1.5625,0.,-3.578125));
#17030=CARTESIAN_POINT('',(-1.5625,0.5,-3.375));
#17031=CARTESIAN_POINT('',(-1.5625,0.,-3.375));
#17032=CARTESIAN_POINT('',(-1.5625,0.,-3.578125));
#17033=CARTESIAN_POINT('',(1.5625,0.5,1.875));
#17034=CARTESIAN_POINT('',(1.5625,0.,1.875));
#17035=CARTESIAN_POINT('',(1.5625,0.,1.671875));
#17036=CARTESIAN_POINT('',(-1.5625,0.5,1.875));
#17037=CARTESIAN_POINT('',(-1.5625,0.,1.875));
#17038=CARTESIAN_POINT('',(-1.5625,0.,1.671875));
#17039=CARTESIAN_POINT('',(-2.0625,0.5,-3.375));
#17040=CARTESIAN_POINT('',(-2.0625,0.,-3.375));
#17041=CARTESIAN_POINT('',(-2.0625,0.5,-3.375));
#17042=CARTESIAN_POINT('',(-1.5625,0.,1.875));
#17043=CARTESIAN_POINT('',(0.,0.,0.));
#17044=CARTESIAN_POINT('',(0.,0.,-0.875));
#17045=CARTESIAN_POINT('',(0.,3.812,0.));
#17046=CARTESIAN_POINT('',(0.,3.812,0.));
#17047=CARTESIAN_POINT('',(0.,3.812,-1.7));
#17048=CARTESIAN_POINT('',(0.,3.812,0.));
#17049=CARTESIAN_POINT('',(0.,3.812,-1.5));
#17050=CARTESIAN_POINT('',(0.,3.762,0.));
#17051=CARTESIAN_POINT('',(0.,3.762,0.));
#17052=CARTESIAN_POINT('',(0.,3.762,-1.75));
#17053=CARTESIAN_POINT('',(0.,3.762,0.));
#17054=CARTESIAN_POINT('',(0.,3.252,0.));
#17055=CARTESIAN_POINT('',(0.,3.252,0.));
#17056=CARTESIAN_POINT('',(2.125,2.575,-0.927000000000002));
#17057=CARTESIAN_POINT('',(2.125,2.875,-0.927000000000003));
#17058=CARTESIAN_POINT('',(2.125,2.575,-0.627000000000002));
#17059=CARTESIAN_POINT('',(2.125,2.575,-0.927000000000002));
#17060=CARTESIAN_POINT('',(2.125,2.575,-0.627000000000002));
#17061=CARTESIAN_POINT('',(2.125,2.875,-0.927000000000003));
#17062=CARTESIAN_POINT('',(2.125,2.575,-0.627000000000002));
#17063=CARTESIAN_POINT('',(2.125,0.5,-0.627000000000002));
#17064=CARTESIAN_POINT('',(2.125,2.575,-0.627000000000002));
#17065=CARTESIAN_POINT('',(2.125,0.5,-0.627000000000002));
#17066=CARTESIAN_POINT('',(2.125,0.5,-0.627000000000002));
#17067=CARTESIAN_POINT('',(1.5625,0.5,-3.375));
#17068=CARTESIAN_POINT('',(2.125,0.5,-0.627000000000002));
#17069=CARTESIAN_POINT('',(-1.5625,0.5,-3.375));
#17070=CARTESIAN_POINT('',(2.125,2.875,-2.577));
#17071=CARTESIAN_POINT('',(1.5625,3.252,1.875));
#17072=CARTESIAN_POINT('',(1.5625,3.252,1.875));
#17073=CARTESIAN_POINT('',(1.5625,3.252,1.875));
#17074=CARTESIAN_POINT('',(-1.5625,3.252,-3.375));
#17075=CARTESIAN_POINT('',(1.5625,3.252,-3.375));
#17076=CARTESIAN_POINT('',(-1.5625,3.252,1.875));
#17077=CARTESIAN_POINT('',(-1.5625,3.252,1.875));
#17078=CARTESIAN_POINT('',(-1.5625,3.252,1.875));
#17079=CARTESIAN_POINT('',(2.175,1.755,-1.752));
#17080=CARTESIAN_POINT('',(2.135,1.755,-1.752));
#17081=CARTESIAN_POINT('',(2.135,1.755,-2.537));
#17082=CARTESIAN_POINT('',(2.135,1.755,-1.752));
#17083=CARTESIAN_POINT('',(2.175,1.755,-1.752));
#17084=CARTESIAN_POINT('',(2.175,1.755,-2.577));
#17085=CARTESIAN_POINT('',(2.375,1.755,-1.752));
#17086=CARTESIAN_POINT('',(2.175,1.755,-1.752));
#17087=CARTESIAN_POINT('',(2.175,2.88,-1.06151104281097));
#17088=CARTESIAN_POINT('',(2.175,2.44548895718903,-0.627));
#17089=CARTESIAN_POINT('',(2.375,2.44548895718903,-0.627));
#17090=CARTESIAN_POINT('',(2.375,2.44548895718903,-0.627));
#17091=CARTESIAN_POINT('',(2.375,1.755,-1.752));
#17092=CARTESIAN_POINT('',(2.375,2.88,-1.06151104281097));
#17093=CARTESIAN_POINT('',(2.375,2.88,-1.06151104281097));
#17094=CARTESIAN_POINT('',(2.375,2.44548895718903,-0.627));
#17095=CARTESIAN_POINT('',(2.175,2.44548895718903,-0.627));
#17096=CARTESIAN_POINT('',(2.175,1.06451104281097,-0.627));
#17097=CARTESIAN_POINT('',(2.375,1.06451104281097,-0.627));
#17098=CARTESIAN_POINT('',(2.375,1.06451104281097,-0.627));
#17099=CARTESIAN_POINT('',(2.375,2.44548895718903,-0.627));
#17100=CARTESIAN_POINT('',(2.375,1.755,-1.752));
#17101=CARTESIAN_POINT('',(2.175,1.755,-1.752));
#17102=CARTESIAN_POINT('',(2.175,0.630000000000001,-1.06151104281097));
#17103=CARTESIAN_POINT('',(2.375,0.630000000000001,-1.06151104281097));
#17104=CARTESIAN_POINT('',(2.375,0.630000000000001,-1.06151104281097));
#17105=CARTESIAN_POINT('',(2.375,1.755,-1.752));
#17106=CARTESIAN_POINT('',(2.375,0.63,-1.06151104281097));
#17107=CARTESIAN_POINT('',(2.175,0.63,-1.06151104281097));
#17108=CARTESIAN_POINT('',(2.175,0.63,-2.44248895718903));
#17109=CARTESIAN_POINT('',(2.375,0.63,-2.44248895718903));
#17110=CARTESIAN_POINT('',(2.375,0.63,-2.44248895718903));
#17111=CARTESIAN_POINT('',(2.375,0.63,-1.06151104281097));
#17112=CARTESIAN_POINT('',(2.375,1.755,-1.752));
#17113=CARTESIAN_POINT('',(2.175,1.755,-1.752));
#17114=CARTESIAN_POINT('',(2.175,1.06451104281097,-2.877));
#17115=CARTESIAN_POINT('',(2.375,1.06451104281097,-2.877));
#17116=CARTESIAN_POINT('',(2.375,1.06451104281097,-2.877));
#17117=CARTESIAN_POINT('',(2.375,1.755,-1.752));
#17118=CARTESIAN_POINT('',(2.375,1.06451104281097,-2.877));
#17119=CARTESIAN_POINT('',(2.175,1.06451104281097,-2.877));
#17120=CARTESIAN_POINT('',(2.175,2.44548895718903,-2.877));
#17121=CARTESIAN_POINT('',(2.375,2.44548895718903,-2.877));
#17122=CARTESIAN_POINT('',(2.375,2.44548895718903,-2.877));
#17123=CARTESIAN_POINT('',(2.375,1.06451104281097,-2.877));
#17124=CARTESIAN_POINT('',(2.375,1.755,-1.752));
#17125=CARTESIAN_POINT('',(2.175,1.755,-1.752));
#17126=CARTESIAN_POINT('',(2.175,2.88,-2.44248895718903));
#17127=CARTESIAN_POINT('',(2.375,2.88,-2.44248895718903));
#17128=CARTESIAN_POINT('',(2.375,2.88,-2.44248895718903));
#17129=CARTESIAN_POINT('',(2.375,1.755,-1.752));
#17130=CARTESIAN_POINT('',(2.375,2.88,-2.44248895718903));
#17131=CARTESIAN_POINT('',(2.175,2.88,-2.44248895718903));
#17132=CARTESIAN_POINT('',(2.375,2.88,-2.44248895718903));
#17133=CARTESIAN_POINT('',(2.375,1.755,-1.752));
#17134=CARTESIAN_POINT('',(2.375,2.46210678118655,-1.04489321881345));
#17135=CARTESIAN_POINT('',(2.375,2.46210678118655,-1.28789321881345));
#17136=CARTESIAN_POINT('',(2.375,1.04789321881345,-1.04489321881345));
#17137=CARTESIAN_POINT('',(2.375,1.04789321881345,-1.28789321881345));
#17138=CARTESIAN_POINT('',(2.375,1.04789321881345,-2.45910678118655));
#17139=CARTESIAN_POINT('',(2.375,1.04789321881345,-2.70210678118655));
#17140=CARTESIAN_POINT('',(2.375,2.46210678118655,-2.45910678118655));
#17141=CARTESIAN_POINT('',(2.375,2.46210678118655,-2.70210678118655));
#17142=CARTESIAN_POINT('',(2.175,1.755,-1.752));
#17143=CARTESIAN_POINT('',(0.,-0.6875,0.));
#17144=CARTESIAN_POINT('',(0.,-0.6875,0.));
#17145=CARTESIAN_POINT('',(0.,-0.6875,-0.5));
#17146=CARTESIAN_POINT('',(0.,4.,0.));
#17147=CARTESIAN_POINT('',(0.,4.,-0.5));
#17148=CARTESIAN_POINT('',(0.,-0.6875,-0.5));
#17149=CARTESIAN_POINT('',(0.,-0.6875,0.));
#17150=CARTESIAN_POINT('',(0.,-0.6875,-0.875));
#17151=CARTESIAN_POINT('',(0.,-0.6875,0.));
#17152=CARTESIAN_POINT('',(2.135,1.76009150487285,0.));
#17153=CARTESIAN_POINT('',(1.755,1.76009150487285,0.));
#17154=CARTESIAN_POINT('',(1.755,1.76009150487285,-0.013208501750344));
#17155=CARTESIAN_POINT('',(1.755,1.7468830031225,0.));
#17156=CARTESIAN_POINT('',(1.755,1.76009150487285,0.));
#17157=CARTESIAN_POINT('',(1.755,1.76009150487285,0.));
#17158=CARTESIAN_POINT('',(1.755,1.54758782308925,-0.0569401899225544));
#17159=CARTESIAN_POINT('',(1.755,1.53721264421911,-0.0182194952415515));
#17160=CARTESIAN_POINT('',(1.76167788161992,1.52689944483656,0.020269888842689));
#17161=CARTESIAN_POINT('',(1.77232050807569,1.51685476428737,0.0577571469980565));
#17162=CARTESIAN_POINT('',(1.77232050807569,1.51685476428737,0.0577571469980564));
#17163=CARTESIAN_POINT('',(1.77232050807569,1.76009150487285,0.));
#17164=CARTESIAN_POINT('',(1.77232050807569,1.52056373489307,0.0715992137423074));
#17165=CARTESIAN_POINT('',(1.77232050807569,1.52056373489307,0.0715992137423074));
#17166=CARTESIAN_POINT('',(1.76163694711753,1.54811186428794,0.0991473431371733));
#17167=CARTESIAN_POINT('',(1.755,1.57602258848895,0.12705806733818));
#17168=CARTESIAN_POINT('',(1.755,1.60452801301181,0.155563491861041));
#17169=CARTESIAN_POINT('',(2.135,1.76009150487285,0.));
#17170=CARTESIAN_POINT('',(2.135,1.51685476428737,0.0577571469980564));
#17171=CARTESIAN_POINT('',(1.82767949192431,1.51685476428737,0.0577571469980567));
#17172=CARTESIAN_POINT('',(1.82767949192431,1.76009150487285,0.));
#17173=CARTESIAN_POINT('',(1.82767949192431,1.52056373489307,0.0715992137423074));
#17174=CARTESIAN_POINT('',(2.135,1.52056373489307,0.0715992137423074));
#17175=CARTESIAN_POINT('',(1.82767949192431,1.76009150487285,0.));
#17176=CARTESIAN_POINT('',(1.82767949192431,1.51685476428737,0.0577571469980566));
#17177=CARTESIAN_POINT('',(1.83836305288247,1.52693807947264,0.020125702417929));
#17178=CARTESIAN_POINT('',(1.845,1.53715411356822,-0.0180010558786665));
#17179=CARTESIAN_POINT('',(1.845,1.54758782308925,-0.0569401899225545));
#17180=CARTESIAN_POINT('',(1.845,1.76009150487285,0.));
#17181=CARTESIAN_POINT('',(1.845,1.60452801301181,0.155563491861041));
#17182=CARTESIAN_POINT('',(1.845,1.57618249720095,0.127217976050185));
#17183=CARTESIAN_POINT('',(1.83832211838008,1.54800631249925,0.0990417913484872));
#17184=CARTESIAN_POINT('',(1.82767949192431,1.52056373489307,0.0715992137423074));
#17185=CARTESIAN_POINT('',(1.845,1.54009150487285,0.));
#17186=CARTESIAN_POINT('',(1.845,1.76009150487285,0.));
#17187=CARTESIAN_POINT('',(1.845,1.76009150487285,-0.18));
#17188=CARTESIAN_POINT('',(1.925,1.76009150487285,0.));
#17189=CARTESIAN_POINT('',(1.99352360926648,1.76009150487285,0.));
#17190=CARTESIAN_POINT('',(1.99352360926648,1.76009150487285,-0.138714227958109));
#17191=CARTESIAN_POINT('',(1.99352360926648,1.76009150487285,0.));
#17192=CARTESIAN_POINT('',(2.135,1.76009150487285,0.));
#17193=CARTESIAN_POINT('',(2.135,1.76009150487285,-0.0899999999999999));
#17194=CARTESIAN_POINT('',(2.135,1.67009150487285,0.));
#17195=CARTESIAN_POINT('',(1.935,2.00546962063594,-0.0657488679589906));
#17196=CARTESIAN_POINT('',(1.935,1.93972075267695,0.1796292478041));
#17197=CARTESIAN_POINT('',(1.935,1.69434263691386,0.24537811576309));
#17198=CARTESIAN_POINT('',(1.935,1.51471338910976,0.0657488679589906));
#17199=CARTESIAN_POINT('',(1.935,1.58046225706875,-0.1796292478041));
#17200=CARTESIAN_POINT('',(1.935,1.82584037283184,-0.24537811576309));
#17201=CARTESIAN_POINT('',(0.,4.,0.));
#17202=CARTESIAN_POINT('',(0.,4.,0.));
#17203=CARTESIAN_POINT('',(0.,4.,-1.5));
#17204=CARTESIAN_POINT('',(0.,-50.,0.));
#17205=CARTESIAN_POINT('',(2.437,2.46210678118655,-2.45910678118655));
#17206=CARTESIAN_POINT('',(2.437,2.46210678118655,-2.45910678118655));
#17207=CARTESIAN_POINT('',(2.437,2.46210678118655,-2.70210678118655));
#17208=CARTESIAN_POINT('',(2.437,2.46210678118655,-2.45910678118655));
#17209=CARTESIAN_POINT('',(2.437,2.46210678118655,-2.45910678118655));
#17210=CARTESIAN_POINT('',(2.437,2.46210678118655,-2.61510678118655));
#17211=CARTESIAN_POINT('',(2.625,2.46210678118655,-2.45910678118655));
#17212=CARTESIAN_POINT('',(2.625,2.46210678118655,-2.45910678118655));
#17213=CARTESIAN_POINT('',(2.625,2.46210678118655,-2.61510678118655));
#17214=CARTESIAN_POINT('',(2.625,2.46210678118655,-2.45910678118655));
#17215=CARTESIAN_POINT('',(2.437,2.46210678118655,-1.04489321881345));
#17216=CARTESIAN_POINT('',(2.437,2.46210678118655,-1.04489321881345));
#17217=CARTESIAN_POINT('',(2.437,2.46210678118655,-1.28789321881345));
#17218=CARTESIAN_POINT('',(2.437,2.46210678118655,-1.04489321881345));
#17219=CARTESIAN_POINT('',(2.437,2.46210678118655,-1.04489321881345));
#17220=CARTESIAN_POINT('',(2.437,2.46210678118655,-1.20089321881345));
#17221=CARTESIAN_POINT('',(2.437,1.04789321881345,-1.04489321881345));
#17222=CARTESIAN_POINT('',(2.437,1.04789321881345,-1.04489321881345));
#17223=CARTESIAN_POINT('',(2.437,1.04789321881345,-1.28789321881345));
#17224=CARTESIAN_POINT('',(2.437,1.04789321881345,-1.04489321881345));
#17225=CARTESIAN_POINT('',(2.437,1.04789321881345,-1.04489321881345));
#17226=CARTESIAN_POINT('',(2.437,1.04789321881345,-1.20089321881345));
#17227=CARTESIAN_POINT('',(2.437,1.04789321881345,-2.45910678118655));
#17228=CARTESIAN_POINT('',(2.437,1.04789321881345,-2.45910678118655));
#17229=CARTESIAN_POINT('',(2.437,1.04789321881345,-2.70210678118655));
#17230=CARTESIAN_POINT('',(2.437,1.04789321881345,-2.45910678118655));
#17231=CARTESIAN_POINT('',(2.437,1.04789321881345,-2.45910678118655));
#17232=CARTESIAN_POINT('',(2.437,1.04789321881345,-2.61510678118655));
#17233=CARTESIAN_POINT('',(2.625,2.46210678118655,-1.04489321881345));
#17234=CARTESIAN_POINT('',(2.625,2.46210678118655,-1.04489321881345));
#17235=CARTESIAN_POINT('',(2.625,2.46210678118655,-1.20089321881345));
#17236=CARTESIAN_POINT('',(2.625,2.46210678118655,-1.04489321881345));
#17237=CARTESIAN_POINT('',(2.625,1.04789321881345,-1.04489321881345));
#17238=CARTESIAN_POINT('',(2.625,1.04789321881345,-1.04489321881345));
#17239=CARTESIAN_POINT('',(2.625,1.04789321881345,-1.20089321881345));
#17240=CARTESIAN_POINT('',(2.625,1.04789321881345,-1.04489321881345));
#17241=CARTESIAN_POINT('',(2.625,1.04789321881345,-2.45910678118655));
#17242=CARTESIAN_POINT('',(2.625,1.04789321881345,-2.45910678118655));
#17243=CARTESIAN_POINT('',(2.625,1.04789321881345,-2.61510678118655));
#17244=CARTESIAN_POINT('',(2.625,1.04789321881345,-2.45910678118655));
#17245=CARTESIAN_POINT('',(2.5625,2.0625,-1.752));
#17246=CARTESIAN_POINT('',(2.5625,2.0625,-1.6895));
#17247=CARTESIAN_POINT('',(2.5625,1.9375,-1.6895));
#17248=CARTESIAN_POINT('',(2.5625,1.9375,-1.752));
#17249=CARTESIAN_POINT('',(2.5625,1.9375,-1.8145));
#17250=CARTESIAN_POINT('',(2.5625,2.0625,-1.8145));
#17251=CARTESIAN_POINT('',(2.5625,2.0625,-1.6895));
#17252=CARTESIAN_POINT('',(2.5625,1.9375,-1.6895));
#17253=CARTESIAN_POINT('',(3.5,2.0625,-1.8145));
#17254=CARTESIAN_POINT('',(3.5,1.9375,-1.8145));
#17255=CARTESIAN_POINT('',(2.5625,1.9375,-1.752));
#17256=CARTESIAN_POINT('',(0.,0.,0.));
#17257=CARTESIAN_POINT('',(0.,0.,0.));
#17258=CARTESIAN_POINT('',(0.,0.,0.));
#17259=CARTESIAN_POINT('',(0.,0.,0.375));
#17260=CARTESIAN_POINT('',(0.32,0.,0.));
#17261=CARTESIAN_POINT('',(0.32,0.,0.375));
#17262=CARTESIAN_POINT('',(0.,-0.375,0.));
#17263=CARTESIAN_POINT('',(0.,0.,0.));
#17264=CARTESIAN_POINT('',(0.,0.,1.555));
#17265=CARTESIAN_POINT('',(0.,-0.707106781186548,-0.707106781186548));
#17266=CARTESIAN_POINT('',(0.,-0.707106781186548,-0.832106781186548));
#17267=CARTESIAN_POINT('',(0.,-0.707106781186548,0.707106781186548));
#17268=CARTESIAN_POINT('',(0.,-0.707106781186548,0.582106781186548));
#17269=CARTESIAN_POINT('',(0.,0.707106781186548,0.707106781186548));
#17270=CARTESIAN_POINT('',(0.,0.707106781186548,0.582106781186548));
#17271=CARTESIAN_POINT('',(0.,0.707106781186548,-0.707106781186548));
#17272=CARTESIAN_POINT('',(0.,0.707106781186548,-0.832106781186548));
#17273=CARTESIAN_POINT('',(0.319999999999999,0.,0.));
#17274=CARTESIAN_POINT('',(0.32,0.,0.));
#17275=CARTESIAN_POINT('',(0.32,0.,1.875));
#17276=CARTESIAN_POINT('',(0.,0.,0.));
#17277=CARTESIAN_POINT('',(3.17,0.,0.));
#17278=CARTESIAN_POINT('',(3.17,0.,1.875));
#17279=CARTESIAN_POINT('',(3.17,0.,0.));
#17280=CARTESIAN_POINT('',(3.49,0.,0.));
#17281=CARTESIAN_POINT('',(3.49,0.,2.195));
#17282=CARTESIAN_POINT('',(3.49,-2.195,0.));
#17283=CARTESIAN_POINT('',(3.49,0.,0.));
#17284=CARTESIAN_POINT('',(3.49,0.,3.315));
#17285=CARTESIAN_POINT('',(3.49,-2.07889393668845,-2.07889393668845));
#17286=CARTESIAN_POINT('',(3.49,-2.07889393668845,-1.86239393668845));
#17287=CARTESIAN_POINT('',(3.49,-2.07889393668845,2.07889393668845));
#17288=CARTESIAN_POINT('',(3.49,-2.07889393668845,2.29539393668845));
#17289=CARTESIAN_POINT('',(3.49,2.07889393668845,2.07889393668845));
#17290=CARTESIAN_POINT('',(3.49,2.07889393668845,2.29539393668845));
#17291=CARTESIAN_POINT('',(3.49,2.07889393668845,-2.07889393668845));
#17292=CARTESIAN_POINT('',(3.49,2.07889393668845,-1.86239393668845));
#17293=CARTESIAN_POINT('',(0.,0.,0.));
#17294=CARTESIAN_POINT('',(4.12,0.,0.));
#17295=CARTESIAN_POINT('',(4.12,0.,3.315));
#17296=CARTESIAN_POINT('',(4.12,-3.315,0.));
#17297=CARTESIAN_POINT('',(4.12,0.,0.));
#17298=CARTESIAN_POINT('',(4.12,0.,2.25));
#17299=CARTESIAN_POINT('',(4.12,-2.07889393668845,-2.07889393668845));
#17300=CARTESIAN_POINT('',(4.12,-2.07889393668845,-2.29539393668845));
#17301=CARTESIAN_POINT('',(4.12,-2.07889393668845,2.07889393668845));
#17302=CARTESIAN_POINT('',(4.12,-2.07889393668845,1.86239393668845));
#17303=CARTESIAN_POINT('',(4.12,2.07889393668845,2.07889393668845));
#17304=CARTESIAN_POINT('',(4.12,2.07889393668845,1.86239393668845));
#17305=CARTESIAN_POINT('',(4.12,2.07889393668845,-2.07889393668845));
#17306=CARTESIAN_POINT('',(4.12,2.07889393668845,-2.29539393668845));
#17307=CARTESIAN_POINT('',(0.,0.,0.));
#17308=CARTESIAN_POINT('',(3.8,0.,0.));
#17309=CARTESIAN_POINT('',(3.8,0.,2.25));
#17310=CARTESIAN_POINT('',(3.8,-2.25,0.));
#17311=CARTESIAN_POINT('',(3.8,0.,0.));
#17312=CARTESIAN_POINT('',(3.8,0.,1.555));
#17313=CARTESIAN_POINT('',(0.,0.,0.));
#17314=CARTESIAN_POINT('',(0.32,0.,0.));
#17315=CARTESIAN_POINT('',(0.32,0.,1.555));
#17316=CARTESIAN_POINT('',(0.32,-1.555,0.));
#17317=CARTESIAN_POINT('',(0.32,-0.707106781186548,-0.707106781186548));
#17318=CARTESIAN_POINT('',(0.32,-0.707106781186548,-0.832106781186548));
#17319=CARTESIAN_POINT('',(0.32,-0.707106781186548,0.707106781186548));
#17320=CARTESIAN_POINT('',(0.32,-0.707106781186548,0.582106781186548));
#17321=CARTESIAN_POINT('',(0.32,0.707106781186548,0.707106781186548));
#17322=CARTESIAN_POINT('',(0.32,0.707106781186548,0.582106781186548));
#17323=CARTESIAN_POINT('',(0.32,0.707106781186548,-0.707106781186548));
#17324=CARTESIAN_POINT('',(0.32,0.707106781186548,-0.832106781186548));
#17325=CARTESIAN_POINT('',(6.63,2.07889393668845,-2.07889393668845));
#17326=CARTESIAN_POINT('',(6.63,2.07889393668845,2.07889393668845));
#17327=CARTESIAN_POINT('',(6.63,-2.07889393668845,2.07889393668845));
#17328=CARTESIAN_POINT('',(6.63,-2.07889393668845,-2.07889393668845));
#17329=CARTESIAN_POINT('',(6.63,0.707106781186548,-0.707106781186548));
#17330=CARTESIAN_POINT('',(6.63,0.707106781186548,0.707106781186548));
#17331=CARTESIAN_POINT('',(6.63,-0.707106781186548,0.707106781186548));
#17332=CARTESIAN_POINT('',(6.63,-0.707106781186548,-0.707106781186548));
#17333=CARTESIAN_POINT('',(-2.125,1.755,-1.752));
#17334=CARTESIAN_POINT('',(-16.72,2.77,-0.76));
#17335=CARTESIAN_POINT('',(-16.72,2.85544335905661,-0.2754266311752));
#17336=CARTESIAN_POINT('',(-16.72,1.78787578929123,-0.0871856648961969));
#17337=CARTESIAN_POINT('',(-16.72,2.86479055466999,-0.277074793955799));
#17338=CARTESIAN_POINT('',(-16.72,2.87,-0.247530561365433));
#17339=CARTESIAN_POINT('',(-16.72,2.9,-0.247530561365433));
#17340=CARTESIAN_POINT('',(-16.72,2.9,0.));
#17341=CARTESIAN_POINT('',(-16.72,2.9,-0.76));
#17342=CARTESIAN_POINT('',(-16.72,2.77,-0.76));
#17343=CARTESIAN_POINT('',(-16.72,2.70526970954357,-0.872738589211618));
#17344=CARTESIAN_POINT('',(-16.72,2.70526970954357,-0.872738589211618));
#17345=CARTESIAN_POINT('',(-16.72,2.04618257261411,-0.494315352697095));
#17346=CARTESIAN_POINT('',(-16.72,2.33,-1.43395341464311E-16));
#17347=CARTESIAN_POINT('',(-16.72,1.76325663654464,-0.060843734100599));
#17348=CARTESIAN_POINT('',(-16.72,1.79308523462124,-0.0576414323058306));
#17349=CARTESIAN_POINT('',(-16.72,2.77,-0.76));
#17350=CARTESIAN_POINT('',(-16.72,2.9179567030167,0.0791041599091954));
#17351=CARTESIAN_POINT('',(-16.72,2.87212421070877,0.0871856648961967));
#17352=CARTESIAN_POINT('',(-16.72,1.85038913325132,0.267345126188198));
#17353=CARTESIAN_POINT('',(-16.72,1.84517968792132,0.237800893597832));
#17354=CARTESIAN_POINT('',(-16.72,1.81824522613917,0.251012054353267));
#17355=CARTESIAN_POINT('',(-16.72,2.33,-1.43395341464311E-16));
#17356=CARTESIAN_POINT('',(-16.72,2.89674336324157,0.0608437360920406));
#17357=CARTESIAN_POINT('',(-16.72,2.86691476537876,0.0576414323058307));
#17358=CARTESIAN_POINT('',(-9.79,6.14665798574459E-16,4.26));
#17359=CARTESIAN_POINT('',(-9.79,1.36592399683213E-16,4.26));
#17360=CARTESIAN_POINT('',(-9.79,0.339972294235404,3.92115071321852));
#17361=CARTESIAN_POINT('',(-9.79,0.123465943289295,3.79615071321852));
#17362=CARTESIAN_POINT('',(-9.79,0.350314634611018,3.90323725421879));
#17363=CARTESIAN_POINT('',(-9.79,0.350314634611018,3.90323725421879));
#17364=CARTESIAN_POINT('',(-9.79,-2.69769989374346E-15,4.26));
#17365=CARTESIAN_POINT('',(-9.79,0.133808283664908,3.77823725421879));
#17366=CARTESIAN_POINT('',(-9.79,0.102682241183323,3.83214914123544));
#17367=CARTESIAN_POINT('',(-9.79,6.14665798574459E-16,4.26));
#17368=CARTESIAN_POINT('',(-9.79,1.36592399683213E-16,4.26));
#17369=CARTESIAN_POINT('',(-9.79,0.475578594976687,4.195));
#17370=CARTESIAN_POINT('',(-9.79,0.4634382375247,4.135));
#17371=CARTESIAN_POINT('',(-9.79,0.536073688964493,4.195));
#17372=CARTESIAN_POINT('',(-9.79,0.495756996924905,4.195));
#17373=CARTESIAN_POINT('',(-9.79,-5.80517698653656E-15,4.26));
#17374=CARTESIAN_POINT('',(-9.79,0.484122918275927,4.135));
#17375=CARTESIAN_POINT('',(-9.79,0.421870833312757,4.135));
#17376=CARTESIAN_POINT('',(-9.79,6.14665798574459E-16,4.26));
#17377=CARTESIAN_POINT('',(-9.79,-3.41480999208033E-16,4.26));
#17378=CARTESIAN_POINT('',(-9.79,0.123465943289295,4.72384928678148));
#17379=CARTESIAN_POINT('',(-9.79,0.339972294235405,4.59884928678148));
#17380=CARTESIAN_POINT('',(-9.79,0.133808283664909,4.74176274578121));
#17381=CARTESIAN_POINT('',(-9.79,0.133808283664909,4.74176274578121));
#17382=CARTESIAN_POINT('',(-9.79,-1.82692334576298E-14,4.25999999999997));
#17383=CARTESIAN_POINT('',(-9.79,0.350314634611018,4.61676274578121));
#17384=CARTESIAN_POINT('',(-9.79,0.319188592129434,4.56285085876456));
#17385=CARTESIAN_POINT('',(-9.79,6.14665798574459E-16,4.26));
#17386=CARTESIAN_POINT('',(-9.79,0.475578594976687,4.325));
#17387=CARTESIAN_POINT('',(-9.79,0.475578594976687,4.325));
#17388=CARTESIAN_POINT('',(-9.79,0.495756996924905,4.325));
#17389=CARTESIAN_POINT('',(-9.79,-3.41480999208033E-16,4.26));
#17390=CARTESIAN_POINT('',(-9.79,0.4634382375247,4.385));
#17391=CARTESIAN_POINT('',(-9.79,0.484122918275927,4.385));
#17392=CARTESIAN_POINT('',(-9.79,0.484122918275927,4.385));
#17393=CARTESIAN_POINT('',(-9.79,-5.80517698653656E-15,4.26));
#17394=CARTESIAN_POINT('',(-9.79,6.14665798574459E-16,4.26));
#17395=CARTESIAN_POINT('',(-9.79,1.36592399683213E-16,4.26));
#17396=CARTESIAN_POINT('',(-9.79,-0.339972294235405,4.59884928678148));
#17397=CARTESIAN_POINT('',(-9.79,-0.123465943289295,4.72384928678148));
#17398=CARTESIAN_POINT('',(-9.79,-0.350314634611018,4.61676274578121));
#17399=CARTESIAN_POINT('',(-9.79,-0.350314634611018,4.61676274578121));
#17400=CARTESIAN_POINT('',(-9.79,6.14665798574459E-16,4.26));
#17401=CARTESIAN_POINT('',(-9.79,-0.133808283664908,4.74176274578121));
#17402=CARTESIAN_POINT('',(-9.79,-0.102682241183323,4.68785085876456));
#17403=CARTESIAN_POINT('',(-9.79,6.14665798574459E-16,4.26));
#17404=CARTESIAN_POINT('',(-9.79,1.36592399683213E-16,4.26));
#17405=CARTESIAN_POINT('',(-9.79,-0.475578594976687,4.325));
#17406=CARTESIAN_POINT('',(-9.79,-0.4634382375247,4.385));
#17407=CARTESIAN_POINT('',(-9.79,-0.536073688964493,4.325));
#17408=CARTESIAN_POINT('',(-9.79,-0.495756996924905,4.325));
#17409=CARTESIAN_POINT('',(-9.79,5.73688078669495E-15,4.26));
#17410=CARTESIAN_POINT('',(-9.79,-0.484122918275927,4.385));
#17411=CARTESIAN_POINT('',(-9.79,-0.421870833312757,4.385));
#17412=CARTESIAN_POINT('',(-9.79,6.14665798574459E-16,4.26));
#17413=CARTESIAN_POINT('',(-9.79,3.75629099128836E-16,4.26));
#17414=CARTESIAN_POINT('',(-9.79,-0.123465943289295,3.79615071321852));
#17415=CARTESIAN_POINT('',(-9.79,-0.339972294235405,3.92115071321852));
#17416=CARTESIAN_POINT('',(-9.79,-0.133808283664909,3.77823725421879));
#17417=CARTESIAN_POINT('',(-9.79,-0.133808283664909,3.77823725421879));
#17418=CARTESIAN_POINT('',(-9.79,2.18547839493141E-15,4.26));
#17419=CARTESIAN_POINT('',(-9.79,-0.350314634611019,3.90323725421879));
#17420=CARTESIAN_POINT('',(-9.79,-0.319188592129434,3.95714914123544));
#17421=CARTESIAN_POINT('',(2.12,0.44,-0.095));
#17422=CARTESIAN_POINT('',(2.12,0.33,-0.095));
#17423=CARTESIAN_POINT('',(0.74,0.33,-0.095));
#17424=CARTESIAN_POINT('',(0.62,0.33,-0.095));
#17425=CARTESIAN_POINT('',(0.74,0.52,-0.095));
#17426=CARTESIAN_POINT('',(0.74,0.429621926814729,-0.095));
#17427=CARTESIAN_POINT('',(2.12,0.429621926814729,-0.095));
#17428=CARTESIAN_POINT('',(0.62,0.429621926814729,-0.095));
#17429=CARTESIAN_POINT('',(0.62,0.44,-0.095));
#17430=CARTESIAN_POINT('',(0.62,0.44,0.095));
#17431=CARTESIAN_POINT('',(2.12,0.429621926814729,0.095));
#17432=CARTESIAN_POINT('',(0.62,0.429621926814729,0.095));
#17433=CARTESIAN_POINT('',(0.74,0.429621926814729,0.095));
#17434=CARTESIAN_POINT('',(0.74,0.52,0.095));
#17435=CARTESIAN_POINT('',(0.74,0.33,0.095));
#17436=CARTESIAN_POINT('',(0.62,0.33,0.095));
#17437=CARTESIAN_POINT('',(0.62,0.33,0.095));
#17438=CARTESIAN_POINT('',(0.62,0.44,0.095));
#17439=CARTESIAN_POINT('',(0.,0.33,0.));
#17440=CARTESIAN_POINT('',(0.74,0.33,-0.095));
#17441=CARTESIAN_POINT('',(0.62,0.33,-0.095));
#17442=CARTESIAN_POINT('',(2.12,0.,0.));
#17443=CARTESIAN_POINT('',(0.62,0.,0.));
#17444=CARTESIAN_POINT('',(2.12,0.429621926814729,-0.095));
#17445=CARTESIAN_POINT('',(2.09171572875254,0.429621926814729,-0.095));
#17446=CARTESIAN_POINT('',(2.09171572875254,0.,0.));
#17447=CARTESIAN_POINT('',(2.09171572875254,0.429621926814729,0.095));
#17448=CARTESIAN_POINT('',(2.12,0.429621926814729,0.095));
#17449=CARTESIAN_POINT('',(0.22,0.,0.));
#17450=CARTESIAN_POINT('',(0.22,0.,-0.44));
#17451=CARTESIAN_POINT('',(2.09171572875254,0.,0.));
#17452=CARTESIAN_POINT('',(2.12,0.400605593198889,-0.095));
#17453=CARTESIAN_POINT('',(2.1105806361388,0.410286187584831,-0.095));
#17454=CARTESIAN_POINT('',(2.10115197091899,0.419957740016765,-0.095));
#17455=CARTESIAN_POINT('',(2.09171572875254,0.429621926814728,-0.095));
#17456=CARTESIAN_POINT('',(2.12,0.400605593198889,-0.095));
#17457=CARTESIAN_POINT('',(2.12,0.,0.));
#17458=CARTESIAN_POINT('',(2.12,0.400605593198889,0.095));
#17459=CARTESIAN_POINT('',(2.09171572875254,0.429621926814729,0.095));
#17460=CARTESIAN_POINT('',(2.10115197091899,0.419957740016766,0.095));
#17461=CARTESIAN_POINT('',(2.1105806361388,0.410286187584831,0.095));
#17462=CARTESIAN_POINT('',(2.12,0.400605593198889,0.095));
#17463=CARTESIAN_POINT('',(2.12,0.411715728752538,0.));
#17464=CARTESIAN_POINT('',(2.12,0.52,-0.095));
#17465=CARTESIAN_POINT('',(2.12,0.52,-0.095));
#17466=CARTESIAN_POINT('',(2.12,0.52,0.095));
#17467=CARTESIAN_POINT('',(2.12,0.52,0.095));
#17468=CARTESIAN_POINT('',(2.12,0.52,0.095));
#17469=CARTESIAN_POINT('',(0.12,0.,0.));
#17470=CARTESIAN_POINT('',(-0.3,-4.2390333667506E-16,0.));
#17471=CARTESIAN_POINT('',(-0.3,0.269534765846634,-1.1601));
#17472=CARTESIAN_POINT('',(-0.3,0.172312171928085,-1.178469140625));
#17473=CARTESIAN_POINT('',(-0.3475,0.172312171928085,-1.178469140625));
#17474=CARTESIAN_POINT('',(-0.369999999999999,0.172312171928085,-1.178469140625));
#17475=CARTESIAN_POINT('',(-0.369999999999999,-4.94553892787569E-16,0.));
#17476=CARTESIAN_POINT('',(-0.37,0.830774469781651,-0.853401886779621));
#17477=CARTESIAN_POINT('',(0.119999999999999,0.830774469781651,-0.853401886779621));
#17478=CARTESIAN_POINT('',(-0.13,0.830774469781651,-0.853401886779621));
#17479=CARTESIAN_POINT('',(-0.129999999999999,-2.52323414687534E-16,0.));
#17480=CARTESIAN_POINT('',(-0.129999999999999,0.269534765846634,-1.1601));
#17481=CARTESIAN_POINT('',(-0.2,0.269534765846634,-1.1601));
#17482=CARTESIAN_POINT('',(0.12,0.,0.));
#17483=CARTESIAN_POINT('',(-0.369999999999999,-4.94553892787569E-16,0.));
#17484=CARTESIAN_POINT('',(-0.369999999999998,-0.830774469781652,-0.853401886779621));
#17485=CARTESIAN_POINT('',(-0.369999999999999,-0.172312171928086,-1.178469140625));
#17486=CARTESIAN_POINT('',(-0.3475,-0.172312171928086,-1.178469140625));
#17487=CARTESIAN_POINT('',(-0.3,-0.172312171928086,-1.178469140625));
#17488=CARTESIAN_POINT('',(-0.3,-4.2390333667506E-16,0.));
#17489=CARTESIAN_POINT('',(-0.3,-0.269534765846635,-1.1601));
#17490=CARTESIAN_POINT('',(-0.2,-0.269534765846635,-1.1601));
#17491=CARTESIAN_POINT('',(-0.129999999999999,-0.269534765846635,-1.1601));
#17492=CARTESIAN_POINT('',(-0.129999999999999,-2.52323414687534E-16,0.));
#17493=CARTESIAN_POINT('',(-0.129999999999998,-0.830774469781652,-0.853401886779621));
#17494=CARTESIAN_POINT('',(0.120000000000001,-0.830774469781652,-0.853401886779621));
#17495=CARTESIAN_POINT('',(-0.369999999999998,-5.46369598732853E-16,0.));
#17496=CARTESIAN_POINT('',(-0.369999999999999,-0.172312171928086,-1.178469140625));
#17497=CARTESIAN_POINT('',(-0.395946429927249,-0.172312171928086,-1.178469140625));
#17498=CARTESIAN_POINT('',(-0.446342526668887,-0.181791494391456,-1.1928322035391));
#17499=CARTESIAN_POINT('',(-0.480329524775587,-0.19565107287663,-1.2320762298936));
#17500=CARTESIAN_POINT('',(-0.490206606309634,-0.198542908264709,-1.25590200054379));
#17501=CARTESIAN_POINT('',(-0.490206606309634,-0.198542908264709,-1.25590200054379));
#17502=CARTESIAN_POINT('',(-0.369999999999998,-0.830774469781652,-0.853401886779621));
#17503=CARTESIAN_POINT('',(-0.395789596642589,-0.830774469781652,-0.853401886779621));
#17504=CARTESIAN_POINT('',(-0.446390275614501,-0.841743662701911,-0.864371079699881));
#17505=CARTESIAN_POINT('',(-0.480387191393421,-0.870838186894305,-0.893465603892274));
#17506=CARTESIAN_POINT('',(-0.490206606309706,-0.887700507571044,-0.910327924569013));
#17507=CARTESIAN_POINT('',(-0.490206606309633,-0.887700507571071,-0.91032792456904));
#17508=CARTESIAN_POINT('',(-0.490206606309634,-6.15877658275759E-16,0.));
#17509=CARTESIAN_POINT('',(-0.369999999999998,-5.46369598732853E-16,0.));
#17510=CARTESIAN_POINT('',(-0.490206606309634,0.198542908264709,-1.25590200054379));
#17511=CARTESIAN_POINT('',(-0.480327420137882,0.195650456675803,-1.23207115302802));
#17512=CARTESIAN_POINT('',(-0.446653976861508,0.181878055809565,-1.19302975638436));
#17513=CARTESIAN_POINT('',(-0.395940463857338,0.172312171928067,-1.17846914062497));
#17514=CARTESIAN_POINT('',(-0.370000000000003,0.172312171928066,-1.17846914062497));
#17515=CARTESIAN_POINT('',(-0.490206606309634,0.198542908264709,-1.25590200054379));
#17516=CARTESIAN_POINT('',(-0.490206606309634,-6.15877658275759E-16,0.));
#17517=CARTESIAN_POINT('',(-0.490206606309635,0.88770050757107,-0.91032792456904));
#17518=CARTESIAN_POINT('',(-0.490206606309635,0.88770050757107,-0.91032792456904));
#17519=CARTESIAN_POINT('',(-0.480387310983982,0.870838392260494,-0.893465809258464));
#17520=CARTESIAN_POINT('',(-0.446779805438843,0.841928104420921,-0.86455552141889));
#17521=CARTESIAN_POINT('',(-0.395789773149482,0.830774469781643,-0.853401886779613));
#17522=CARTESIAN_POINT('',(-0.370000000000001,0.830774469781643,-0.853401886779612));
#17523=CARTESIAN_POINT('',(-0.397739986071452,-5.46369598732853E-16,0.));
#17524=CARTESIAN_POINT('',(-0.491709248150044,0.193715443929594,-1.32974260531134));
#17525=CARTESIAN_POINT('',(-0.499796097476121,0.199705012391559,-1.30641708976398));
#17526=CARTESIAN_POINT('',(-0.499948138451731,0.201395057179916,-1.27940079518238));
#17527=CARTESIAN_POINT('',(-0.490206606309708,0.198542908264739,-1.25590200054377));
#17528=CARTESIAN_POINT('',(-0.491709248150045,0.193715443929595,-1.32974260531134));
#17529=CARTESIAN_POINT('',(-0.491709248150044,-6.17394265156657E-16,0.));
#17530=CARTESIAN_POINT('',(-0.491709248150045,0.938813932820075,-0.961441349818044));
#17531=CARTESIAN_POINT('',(-0.491709248150045,0.938813932820075,-0.961441349818045));
#17532=CARTESIAN_POINT('',(-0.500163109082469,0.922388946351362,-0.945016363349331));
#17533=CARTESIAN_POINT('',(-0.499677055903783,0.903963570021388,-0.926590987019358));
#17534=CARTESIAN_POINT('',(-0.490206606309652,0.887700507571066,-0.910327924569036));
#17535=CARTESIAN_POINT('',(-0.397739986071452,-5.46369598732853E-16,0.));
#17536=CARTESIAN_POINT('',(-0.490206606309634,-0.198542908264709,-1.25590200054379));
#17537=CARTESIAN_POINT('',(-0.499938621939702,-0.201392270912913,-1.27937783918771));
#17538=CARTESIAN_POINT('',(-0.499818955786066,-0.199721942521802,-1.30635115779931));
#17539=CARTESIAN_POINT('',(-0.491709248150044,-0.193715443929595,-1.32974260531134));
#17540=CARTESIAN_POINT('',(-0.491709248150045,-0.193715443929595,-1.32974260531134));
#17541=CARTESIAN_POINT('',(-0.490206606309633,-0.887700507571071,-0.91032792456904));
#17542=CARTESIAN_POINT('',(-0.499678123183864,-0.903965402800578,-0.926592819798547));
#17543=CARTESIAN_POINT('',(-0.500205454428268,-0.92230667367887,-0.94493409067684));
#17544=CARTESIAN_POINT('',(-0.491709248150043,-0.938813932820076,-0.961441349818045));
#17545=CARTESIAN_POINT('',(-0.491709248150043,-0.938813932820076,-0.961441349818045));
#17546=CARTESIAN_POINT('',(-0.491709248150044,-6.17394265156657E-16,0.));
#17547=CARTESIAN_POINT('',(-0.491709248150044,-6.17394265156657E-16,0.));
#17548=CARTESIAN_POINT('',(-0.491709248150044,0.193715443929594,-1.32974260531134));
#17549=CARTESIAN_POINT('',(-0.477275924791733,0.183025325330561,-1.37137373936856));
#17550=CARTESIAN_POINT('',(-0.452169728597219,0.134552585447528,-1.44771221480412));
#17551=CARTESIAN_POINT('',(-0.437137789279889,0.000317011256317152,-1.49605232223872));
#17552=CARTESIAN_POINT('',(-0.452051826895427,-0.134268199864443,-1.44807749205694));
#17553=CARTESIAN_POINT('',(-0.477272497480898,-0.183022786874352,-1.37138362502228));
#17554=CARTESIAN_POINT('',(-0.491709248150044,-0.193715443929595,-1.32974260531134));
#17555=CARTESIAN_POINT('',(-0.271183532117161,-1.36726338712005,-1.38989080411802));
#17556=CARTESIAN_POINT('',(-0.344693089753731,-1.22444715600734,-1.24707457300531));
#17557=CARTESIAN_POINT('',(-0.418202106174563,-1.08163078561101,-1.10425820260898));
#17558=CARTESIAN_POINT('',(-0.491709248150043,-0.938813932820076,-0.961441349818045));
#17559=CARTESIAN_POINT('',(-0.271183532117161,-1.36726338712005,-1.38989080411802));
#17560=CARTESIAN_POINT('',(-0.271183532117163,-3.94819058373335E-16,0.));
#17561=CARTESIAN_POINT('',(-0.271183532117164,1.36726338712005,-1.38989080411802));
#17562=CARTESIAN_POINT('',(-0.491709248150045,0.938813932820075,-0.961441349818044));
#17563=CARTESIAN_POINT('',(-0.418202106174565,1.08163078561101,-1.10425820260898));
#17564=CARTESIAN_POINT('',(-0.344693089753733,1.22444715600734,-1.24707457300531));
#17565=CARTESIAN_POINT('',(-0.271183532117164,1.36726338712005,-1.38989080411802));
#17566=CARTESIAN_POINT('',(-0.129999999999999,-2.73184799366426E-16,0.));
#17567=CARTESIAN_POINT('',(-0.129999999999999,0.269534765846634,-1.1601));
#17568=CARTESIAN_POINT('',(-0.121936155120747,0.269534765846634,-1.1601));
#17569=CARTESIAN_POINT('',(-0.106176464507285,0.266819699546317,-1.1537350943175));
#17570=CARTESIAN_POINT('',(-0.0999999999999989,0.259486713438554,-1.13944651966295));
#17571=CARTESIAN_POINT('',(-0.099999999999999,0.255499141082216,-1.1325375));
#17572=CARTESIAN_POINT('',(-0.0999999999999996,0.255499141082216,-1.1325375));
#17573=CARTESIAN_POINT('',(-0.0999999999999997,0.809559302386377,-0.832186719384347));
#17574=CARTESIAN_POINT('',(-0.0999999999999996,0.8207643402532,-0.843391757251169));
#17575=CARTESIAN_POINT('',(-0.114153104110599,0.830774469781754,-0.853401886779724));
#17576=CARTESIAN_POINT('',(-0.129999999999982,0.830774469781761,-0.85340188677973));
#17577=CARTESIAN_POINT('',(-0.0999999999999997,0.809559302386377,-0.832186719384348));
#17578=CARTESIAN_POINT('',(-0.0999999999999989,-2.2204460492503E-16,0.));
#17579=CARTESIAN_POINT('',(0.12,0.,0.));
#17580=CARTESIAN_POINT('',(-0.3,-4.2390333667506E-16,0.));
#17581=CARTESIAN_POINT('',(-0.3,-0.269534765846635,1.1601));
#17582=CARTESIAN_POINT('',(-0.3,-0.172312171928086,1.178469140625));
#17583=CARTESIAN_POINT('',(-0.3475,-0.172312171928086,1.178469140625));
#17584=CARTESIAN_POINT('',(-0.369999999999999,-0.172312171928086,1.178469140625));
#17585=CARTESIAN_POINT('',(-0.369999999999999,-4.94553892787569E-16,0.));
#17586=CARTESIAN_POINT('',(-0.369999999999998,-0.830774469781652,0.853401886779621));
#17587=CARTESIAN_POINT('',(0.120000000000001,-0.830774469781652,0.853401886779621));
#17588=CARTESIAN_POINT('',(-0.129999999999998,-0.830774469781652,0.853401886779621));
#17589=CARTESIAN_POINT('',(-0.129999999999999,-2.52323414687534E-16,0.));
#17590=CARTESIAN_POINT('',(-0.129999999999999,-0.269534765846635,1.1601));
#17591=CARTESIAN_POINT('',(-0.2,-0.269534765846635,1.1601));
#17592=CARTESIAN_POINT('',(0.12,0.,0.));
#17593=CARTESIAN_POINT('',(-0.369999999999999,-4.94553892787569E-16,0.));
#17594=CARTESIAN_POINT('',(-0.37,0.830774469781651,0.853401886779621));
#17595=CARTESIAN_POINT('',(-0.369999999999999,0.172312171928085,1.178469140625));
#17596=CARTESIAN_POINT('',(-0.3475,0.172312171928085,1.178469140625));
#17597=CARTESIAN_POINT('',(-0.3,0.172312171928085,1.178469140625));
#17598=CARTESIAN_POINT('',(-0.3,-4.2390333667506E-16,0.));
#17599=CARTESIAN_POINT('',(-0.3,0.269534765846634,1.1601));
#17600=CARTESIAN_POINT('',(-0.2,0.269534765846634,1.1601));
#17601=CARTESIAN_POINT('',(-0.129999999999999,0.269534765846634,1.1601));
#17602=CARTESIAN_POINT('',(-0.129999999999999,-2.52323414687534E-16,0.));
#17603=CARTESIAN_POINT('',(-0.13,0.830774469781651,0.853401886779621));
#17604=CARTESIAN_POINT('',(0.119999999999999,0.830774469781651,0.853401886779621));
#17605=CARTESIAN_POINT('',(-0.369999999999998,-5.46369598732853E-16,0.));
#17606=CARTESIAN_POINT('',(-0.369999999999999,0.172312171928085,1.178469140625));
#17607=CARTESIAN_POINT('',(-0.395946429927249,0.172312171928085,1.178469140625));
#17608=CARTESIAN_POINT('',(-0.446342526668887,0.181791494391456,1.1928322035391));
#17609=CARTESIAN_POINT('',(-0.480329524775588,0.195651072876629,1.2320762298936));
#17610=CARTESIAN_POINT('',(-0.490206606309634,0.198542908264709,1.25590200054379));
#17611=CARTESIAN_POINT('',(-0.490206606309634,0.198542908264709,1.25590200054379));
#17612=CARTESIAN_POINT('',(-0.37,0.830774469781651,0.853401886779621));
#17613=CARTESIAN_POINT('',(-0.39578959664259,0.830774469781651,0.853401886779621));
#17614=CARTESIAN_POINT('',(-0.446390275614502,0.84174366270191,0.86437107969988));
#17615=CARTESIAN_POINT('',(-0.480387191393422,0.870838186894304,0.893465603892274));
#17616=CARTESIAN_POINT('',(-0.490206606309708,0.887700507571043,0.910327924569013));
#17617=CARTESIAN_POINT('',(-0.490206606309635,0.88770050757107,0.91032792456904));
#17618=CARTESIAN_POINT('',(-0.490206606309634,-6.15877658275759E-16,0.));
#17619=CARTESIAN_POINT('',(-0.369999999999998,-5.46369598732853E-16,0.));
#17620=CARTESIAN_POINT('',(-0.490206606309634,-0.198542908264709,1.25590200054379));
#17621=CARTESIAN_POINT('',(-0.480327420137881,-0.195650456675804,1.23207115302802));
#17622=CARTESIAN_POINT('',(-0.446653976861508,-0.181878055809566,1.19302975638436));
#17623=CARTESIAN_POINT('',(-0.395940463857338,-0.172312171928067,1.17846914062497));
#17624=CARTESIAN_POINT('',(-0.370000000000003,-0.172312171928067,1.17846914062497));
#17625=CARTESIAN_POINT('',(-0.490206606309634,-0.198542908264709,1.25590200054379));
#17626=CARTESIAN_POINT('',(-0.490206606309634,-6.15877658275759E-16,0.));
#17627=CARTESIAN_POINT('',(-0.490206606309633,-0.887700507571071,0.91032792456904));
#17628=CARTESIAN_POINT('',(-0.490206606309633,-0.887700507571071,0.91032792456904));
#17629=CARTESIAN_POINT('',(-0.48038731098398,-0.870838392260495,0.893465809258464));
#17630=CARTESIAN_POINT('',(-0.446779805438841,-0.841928104420921,0.86455552141889));
#17631=CARTESIAN_POINT('',(-0.395789773149481,-0.830774469781644,0.853401886779613));
#17632=CARTESIAN_POINT('',(-0.369999999999999,-0.830774469781644,0.853401886779613));
#17633=CARTESIAN_POINT('',(-0.397739986071452,-5.46369598732853E-16,0.));
#17634=CARTESIAN_POINT('',(-0.490206606309634,0.198542908264709,1.25590200054379));
#17635=CARTESIAN_POINT('',(-0.499938621939702,0.201392270912912,1.27937783918771));
#17636=CARTESIAN_POINT('',(-0.499818955786066,0.199721942521802,1.30635115779931));
#17637=CARTESIAN_POINT('',(-0.491709248150044,0.193715443929594,1.32974260531134));
#17638=CARTESIAN_POINT('',(-0.491709248150045,0.193715443929595,1.32974260531134));
#17639=CARTESIAN_POINT('',(-0.490206606309635,0.88770050757107,0.91032792456904));
#17640=CARTESIAN_POINT('',(-0.499678123183865,0.903965402800577,0.926592819798546));
#17641=CARTESIAN_POINT('',(-0.500205454428269,0.92230667367887,0.944934090676839));
#17642=CARTESIAN_POINT('',(-0.491709248150045,0.938813932820075,0.961441349818045));
#17643=CARTESIAN_POINT('',(-0.491709248150045,0.938813932820075,0.961441349818045));
#17644=CARTESIAN_POINT('',(-0.491709248150044,-6.17394265156657E-16,0.));
#17645=CARTESIAN_POINT('',(-0.397739986071452,-5.46369598732853E-16,0.));
#17646=CARTESIAN_POINT('',(-0.491709248150044,-0.193715443929595,1.32974260531134));
#17647=CARTESIAN_POINT('',(-0.499796097476121,-0.19970501239156,1.30641708976398));
#17648=CARTESIAN_POINT('',(-0.49994813845173,-0.201395057179917,1.27940079518238));
#17649=CARTESIAN_POINT('',(-0.490206606309707,-0.198542908264739,1.25590200054377));
#17650=CARTESIAN_POINT('',(-0.491709248150045,-0.193715443929595,1.32974260531134));
#17651=CARTESIAN_POINT('',(-0.491709248150044,-6.17394265156657E-16,0.));
#17652=CARTESIAN_POINT('',(-0.491709248150043,-0.938813932820076,0.961441349818045));
#17653=CARTESIAN_POINT('',(-0.491709248150043,-0.938813932820076,0.961441349818045));
#17654=CARTESIAN_POINT('',(-0.500163109082467,-0.922388946351363,0.945016363349331));
#17655=CARTESIAN_POINT('',(-0.499677055903782,-0.903963570021389,0.926590987019358));
#17656=CARTESIAN_POINT('',(-0.49020660630965,-0.887700507571067,0.910327924569036));
#17657=CARTESIAN_POINT('',(-0.491709248150044,-6.17394265156657E-16,0.));
#17658=CARTESIAN_POINT('',(-0.491709248150044,-0.193715443929595,1.32974260531134));
#17659=CARTESIAN_POINT('',(-0.477275924791733,-0.183025325330561,1.37137373936856));
#17660=CARTESIAN_POINT('',(-0.452169728597219,-0.134552585447529,1.44771221480412));
#17661=CARTESIAN_POINT('',(-0.437137789279889,-0.000317011256317531,1.49605232223871));
#17662=CARTESIAN_POINT('',(-0.452051826895427,0.134268199864442,1.44807749205694));
#17663=CARTESIAN_POINT('',(-0.477272497480899,0.183022786874352,1.37138362502228));
#17664=CARTESIAN_POINT('',(-0.491709248150044,0.193715443929594,1.32974260531134));
#17665=CARTESIAN_POINT('',(-0.271183532117164,1.36726338712005,1.38989080411802));
#17666=CARTESIAN_POINT('',(-0.344693089753733,1.22444715600734,1.24707457300531));
#17667=CARTESIAN_POINT('',(-0.418202106174565,1.08163078561101,1.10425820260898));
#17668=CARTESIAN_POINT('',(-0.491709248150045,0.938813932820075,0.961441349818045));
#17669=CARTESIAN_POINT('',(-0.271183532117164,1.36726338712005,1.38989080411802));
#17670=CARTESIAN_POINT('',(-0.271183532117163,-3.94819058373335E-16,0.));
#17671=CARTESIAN_POINT('',(-0.271183532117161,-1.36726338712005,1.38989080411802));
#17672=CARTESIAN_POINT('',(-0.491709248150043,-0.938813932820076,0.961441349818045));
#17673=CARTESIAN_POINT('',(-0.418202106174563,-1.08163078561101,1.10425820260898));
#17674=CARTESIAN_POINT('',(-0.344693089753731,-1.22444715600734,1.24707457300531));
#17675=CARTESIAN_POINT('',(-0.271183532117161,-1.36726338712005,1.38989080411802));
#17676=CARTESIAN_POINT('',(-0.129999999999999,-2.73184799366426E-16,0.));
#17677=CARTESIAN_POINT('',(-0.0999999999999986,0.255499141082216,1.1325375));
#17678=CARTESIAN_POINT('',(-0.0999999999999985,0.259489460035985,1.13945127852222));
#17679=CARTESIAN_POINT('',(-0.106156943633909,0.266809612018853,1.15371466387471));
#17680=CARTESIAN_POINT('',(-0.121936905617876,0.26953476584664,1.16010000000001));
#17681=CARTESIAN_POINT('',(-0.129999999999998,0.26953476584664,1.16010000000001));
#17682=CARTESIAN_POINT('',(-0.1,0.255499141082216,1.1325375));
#17683=CARTESIAN_POINT('',(-0.0999999999999989,-2.2204460492503E-16,0.));
#17684=CARTESIAN_POINT('',(-0.0999999999999997,0.809559302386377,0.832186719384347));
#17685=CARTESIAN_POINT('',(-0.13,0.830774469781651,0.853401886779621));
#17686=CARTESIAN_POINT('',(-0.114153374482318,0.830774469781651,0.853401886779621));
#17687=CARTESIAN_POINT('',(-0.0999999999997075,0.820764567208769,0.843391984206739));
#17688=CARTESIAN_POINT('',(-0.0999999999996895,0.809559302386402,0.832186719384371));
#17689=CARTESIAN_POINT('',(-0.129999999999999,-2.73184799366426E-16,0.));
#17690=CARTESIAN_POINT('',(-0.099999999999997,-1.16088974498012,0.0159999999999999));
#17691=CARTESIAN_POINT('',(-0.099999999999997,-1.16870664816798,0.0159999999999999));
#17692=CARTESIAN_POINT('',(-0.106435504186652,-1.18436503170832,0.0159999999999999));
#17693=CARTESIAN_POINT('',(-0.122185808642775,-1.19089252243853,0.0159999999999999));
#17694=CARTESIAN_POINT('',(-0.129999999999998,-1.19089252243853,0.0159999999999999));
#17695=CARTESIAN_POINT('',(-0.0999999999999977,-1.16088974498012,0.0159999999999999));
#17696=CARTESIAN_POINT('',(-0.129999999999998,-1.19089252243853,0.0159999999999999));
#17697=CARTESIAN_POINT('',(-0.0999999999999989,-2.2204460492503E-16,0.));
#17698=CARTESIAN_POINT('',(-0.099999999999998,-0.832186719384347,0.809559302386378));
#17699=CARTESIAN_POINT('',(-0.129999999999998,-0.853401886779621,0.830774469781652));
#17700=CARTESIAN_POINT('',(-0.114153374482316,-0.853401886779621,0.830774469781652));
#17701=CARTESIAN_POINT('',(-0.0999999999997059,-0.843391984206739,0.820764567208769));
#17702=CARTESIAN_POINT('',(-0.0999999999996878,-0.832186719384372,0.809559302386402));
#17703=CARTESIAN_POINT('',(-0.129999999999998,-0.853401886779621,0.830774469781651));
#17704=CARTESIAN_POINT('',(-0.129999999999999,-2.52323414687534E-16,0.));
#17705=CARTESIAN_POINT('',(-0.129999999999999,-2.73184799366426E-16,0.));
#17706=CARTESIAN_POINT('',(-0.129999999999998,-1.19089252243853,-0.0160000000000001));
#17707=CARTESIAN_POINT('',(-0.122114410236649,-1.19089252243853,-0.0160000000000001));
#17708=CARTESIAN_POINT('',(-0.106514818431332,-1.18439582800795,-0.0160000000000001));
#17709=CARTESIAN_POINT('',(-0.0999999999999972,-1.16873238988171,-0.0160000000000001));
#17710=CARTESIAN_POINT('',(-0.0999999999999972,-1.16088974498012,-0.0160000000000001));
#17711=CARTESIAN_POINT('',(-0.129999999999998,-1.19089252243853,-0.0160000000000001));
#17712=CARTESIAN_POINT('',(-0.0999999999999977,-1.16088974498012,-0.0160000000000001));
#17713=CARTESIAN_POINT('',(-0.129999999999999,-2.52323414687534E-16,0.));
#17714=CARTESIAN_POINT('',(-0.129999999999998,-0.853401886779621,-0.830774469781651));
#17715=CARTESIAN_POINT('',(-0.099999999999998,-0.832186719384347,-0.809559302386378));
#17716=CARTESIAN_POINT('',(-0.0999999999999979,-0.84339175725117,-0.8207643402532));
#17717=CARTESIAN_POINT('',(-0.114153104110598,-0.853401886779724,-0.830774469781755));
#17718=CARTESIAN_POINT('',(-0.129999999999981,-0.853401886779731,-0.830774469781761));
#17719=CARTESIAN_POINT('',(-0.099999999999998,-0.832186719384348,-0.809559302386377));
#17720=CARTESIAN_POINT('',(-0.0999999999999989,-2.2204460492503E-16,0.));
#17721=CARTESIAN_POINT('',(-0.129999999999999,-2.73184799366426E-16,0.));
#17722=CARTESIAN_POINT('',(-0.0999999999999981,-0.255499141082216,-1.1325375));
#17723=CARTESIAN_POINT('',(-0.0999999999999979,-0.259489460035986,-1.13945127852222));
#17724=CARTESIAN_POINT('',(-0.106156943633908,-0.266809612018854,-1.15371466387471));
#17725=CARTESIAN_POINT('',(-0.121936905617876,-0.26953476584664,-1.16010000000001));
#17726=CARTESIAN_POINT('',(-0.129999999999998,-0.26953476584664,-1.16010000000001));
#17727=CARTESIAN_POINT('',(-0.1,-0.255499141082216,-1.1325375));
#17728=CARTESIAN_POINT('',(-0.0999999999999989,-2.2204460492503E-16,0.));
#17729=CARTESIAN_POINT('',(-0.099999999999998,-0.809559302386378,-0.832186719384347));
#17730=CARTESIAN_POINT('',(-0.129999999999998,-0.830774469781652,-0.853401886779621));
#17731=CARTESIAN_POINT('',(-0.114153374482316,-0.830774469781652,-0.853401886779621));
#17732=CARTESIAN_POINT('',(-0.0999999999997059,-0.820764567208769,-0.843391984206738));
#17733=CARTESIAN_POINT('',(-0.0999999999996878,-0.809559302386402,-0.832186719384371));
#17734=CARTESIAN_POINT('',(-0.129999999999999,-2.73184799366426E-16,0.));
#17735=CARTESIAN_POINT('',(-0.13,1.19089252243853,0.0160000000000001));
#17736=CARTESIAN_POINT('',(-0.122183329606499,1.19089252243853,0.0160000000000001));
#17737=CARTESIAN_POINT('',(-0.106525053355595,1.18445482500263,0.0160000000000001));
#17738=CARTESIAN_POINT('',(-0.1,1.16870370582509,0.0160000000000001));
#17739=CARTESIAN_POINT('',(-0.1,1.16088974498012,0.0160000000000001));
#17740=CARTESIAN_POINT('',(-0.13,1.19089252243853,0.0160000000000001));
#17741=CARTESIAN_POINT('',(-0.1,1.16088974498012,0.0160000000000001));
#17742=CARTESIAN_POINT('',(-0.129999999999999,-2.52323414687534E-16,0.));
#17743=CARTESIAN_POINT('',(-0.13,1.15940640288443,0.272502831087294));
#17744=CARTESIAN_POINT('',(-0.1,1.13113242219358,0.261649466772791));
#17745=CARTESIAN_POINT('',(-0.1,1.14599574932618,0.26735496349996));
#17746=CARTESIAN_POINT('',(-0.114074572817847,1.15940640288455,0.27250283108734));
#17747=CARTESIAN_POINT('',(-0.129999999999985,1.15940640288456,0.272502831087343));
#17748=CARTESIAN_POINT('',(-0.1,1.13113242219358,0.261649466772791));
#17749=CARTESIAN_POINT('',(-0.0999999999999989,-2.2204460492503E-16,0.));
#17750=CARTESIAN_POINT('',(-0.129999999999999,-2.73184799366426E-16,0.));
#17751=CARTESIAN_POINT('',(-0.13,1.0633182756736,0.53650279087674));
#17752=CARTESIAN_POINT('',(-0.114077512963729,1.0633182756736,0.53650279087674));
#17753=CARTESIAN_POINT('',(-0.0999999999998193,1.04973398351047,0.531825343977982));
#17754=CARTESIAN_POINT('',(-0.0999999999998079,1.03468274177576,0.526642785834424));
#17755=CARTESIAN_POINT('',(-0.13,1.0633182756736,0.53650279087674));
#17756=CARTESIAN_POINT('',(-0.0999999999999999,1.03468274177574,0.526642785834417));
#17757=CARTESIAN_POINT('',(-0.129999999999999,-2.52323414687534E-16,0.));
#17758=CARTESIAN_POINT('',(-0.13,0.85340188677962,0.830774469781652));
#17759=CARTESIAN_POINT('',(-0.0999999999999997,0.832186719384347,0.809559302386378));
#17760=CARTESIAN_POINT('',(-0.0999999999999995,0.843391757251169,0.8207643402532));
#17761=CARTESIAN_POINT('',(-0.114153104110599,0.853401886779724,0.830774469781755));
#17762=CARTESIAN_POINT('',(-0.129999999999982,0.85340188677973,0.830774469781761));
#17763=CARTESIAN_POINT('',(-0.0999999999999997,0.832186719384347,0.809559302386378));
#17764=CARTESIAN_POINT('',(-0.0999999999999989,-2.2204460492503E-16,0.));
#17765=CARTESIAN_POINT('',(-0.129999999999999,-2.73184799366426E-16,0.));
#17766=CARTESIAN_POINT('',(-0.129999999999999,-0.269534765846635,1.1601));
#17767=CARTESIAN_POINT('',(-0.121936155120747,-0.269534765846635,1.1601));
#17768=CARTESIAN_POINT('',(-0.106176464507284,-0.266819699546317,1.1537350943175));
#17769=CARTESIAN_POINT('',(-0.0999999999999984,-0.259486713438554,1.13944651966295));
#17770=CARTESIAN_POINT('',(-0.0999999999999985,-0.255499141082216,1.1325375));
#17771=CARTESIAN_POINT('',(-0.0999999999999991,-0.255499141082216,1.1325375));
#17772=CARTESIAN_POINT('',(-0.099999999999998,-0.809559302386378,0.832186719384347));
#17773=CARTESIAN_POINT('',(-0.0999999999999978,-0.8207643402532,0.843391757251169));
#17774=CARTESIAN_POINT('',(-0.114153104110598,-0.830774469781755,0.853401886779724));
#17775=CARTESIAN_POINT('',(-0.129999999999981,-0.830774469781761,0.85340188677973));
#17776=CARTESIAN_POINT('',(-0.099999999999998,-0.809559302386378,0.832186719384347));
#17777=CARTESIAN_POINT('',(-0.0999999999999989,-2.2204460492503E-16,0.));
#17778=CARTESIAN_POINT('',(0.12,0.,0.));
#17779=CARTESIAN_POINT('',(0.120000000000001,-1.19089252243853,0.0159999999999999));
#17780=CARTESIAN_POINT('',(-0.369999999999998,-1.19089252243853,0.0159999999999999));
#17781=CARTESIAN_POINT('',(0.120000000000001,-0.853401886779621,0.830774469781651));
#17782=CARTESIAN_POINT('',(-0.369999999999998,-0.853401886779622,0.830774469781652));
#17783=CARTESIAN_POINT('',(-0.369999999999999,-4.94553892787569E-16,0.));
#17784=CARTESIAN_POINT('',(0.12,0.,0.));
#17785=CARTESIAN_POINT('',(0.120000000000001,-1.19089252243853,-0.0160000000000001));
#17786=CARTESIAN_POINT('',(-0.369999999999998,-1.19089252243853,-0.0160000000000001));
#17787=CARTESIAN_POINT('',(-0.369999999999999,-4.94553892787569E-16,0.));
#17788=CARTESIAN_POINT('',(-0.369999999999998,-0.853401886779621,-0.830774469781652));
#17789=CARTESIAN_POINT('',(0.120000000000001,-0.853401886779621,-0.830774469781651));
#17790=CARTESIAN_POINT('',(0.12,0.,0.));
#17791=CARTESIAN_POINT('',(0.119999999999999,1.19089252243853,0.0160000000000001));
#17792=CARTESIAN_POINT('',(-0.37,1.19089252243853,0.0160000000000001));
#17793=CARTESIAN_POINT('',(-0.369999999999999,-4.94553892787569E-16,0.));
#17794=CARTESIAN_POINT('',(-0.37,1.15940640288443,0.272502831087294));
#17795=CARTESIAN_POINT('',(0.119999999999999,1.15940640288443,0.272502831087294));
#17796=CARTESIAN_POINT('',(0.12,0.,0.));
#17797=CARTESIAN_POINT('',(0.119999999999999,1.0633182756736,0.53650279087674));
#17798=CARTESIAN_POINT('',(-0.37,1.0633182756736,0.53650279087674));
#17799=CARTESIAN_POINT('',(-0.369999999999999,-4.94553892787569E-16,0.));
#17800=CARTESIAN_POINT('',(-0.37,0.853401886779621,0.830774469781651));
#17801=CARTESIAN_POINT('',(0.119999999999999,0.853401886779621,0.830774469781652));
#17802=CARTESIAN_POINT('',(-0.369999999999998,-5.46369598732853E-16,0.));
#17803=CARTESIAN_POINT('',(-0.490206606309634,-6.15877658275759E-16,0.));
#17804=CARTESIAN_POINT('',(-0.490206606309633,-0.910327924569041,0.887700507571071));
#17805=CARTESIAN_POINT('',(-0.490206606309633,-1.27139809713249,0.0159999999999999));
#17806=CARTESIAN_POINT('',(-0.490206606309633,-1.27139809713249,0.0159999999999999));
#17807=CARTESIAN_POINT('',(-0.480495179077426,-1.24781342783606,0.0159999999999999));
#17808=CARTESIAN_POINT('',(-0.446572251032963,-1.2063732135643,0.0159999999999999));
#17809=CARTESIAN_POINT('',(-0.395613759329109,-1.19089252243853,0.0159999999999999));
#17810=CARTESIAN_POINT('',(-0.369999999999998,-1.19089252243853,0.0159999999999999));
#17811=CARTESIAN_POINT('',(-0.369999999999998,-0.853401886779622,0.830774469781652));
#17812=CARTESIAN_POINT('',(-0.395789596642589,-0.853401886779622,0.830774469781652));
#17813=CARTESIAN_POINT('',(-0.4463902756145,-0.864371079699881,0.841743662701911));
#17814=CARTESIAN_POINT('',(-0.480387191393421,-0.893465603892274,0.870838186894304));
#17815=CARTESIAN_POINT('',(-0.490206606309707,-0.910327924569014,0.887700507571044));
#17816=CARTESIAN_POINT('',(-0.369999999999998,-5.46369598732853E-16,0.));
#17817=CARTESIAN_POINT('',(-0.369999999999998,-1.19089252243853,-0.0160000000000001));
#17818=CARTESIAN_POINT('',(-0.395589845553891,-1.19089252243853,-0.0160000000000001));
#17819=CARTESIAN_POINT('',(-0.446607879591762,-1.2063817313336,-0.0160000000000001));
#17820=CARTESIAN_POINT('',(-0.480503514400035,-1.24783367056893,-0.0160000000000001));
#17821=CARTESIAN_POINT('',(-0.490206606309633,-1.27139809713249,-0.0160000000000001));
#17822=CARTESIAN_POINT('',(-0.490206606309633,-1.27139809713249,-0.0160000000000001));
#17823=CARTESIAN_POINT('',(-0.490206606309634,-6.15877658275759E-16,0.));
#17824=CARTESIAN_POINT('',(-0.490206606309633,-0.91032792456904,-0.887700507571071));
#17825=CARTESIAN_POINT('',(-0.490206606309633,-0.91032792456904,-0.887700507571071));
#17826=CARTESIAN_POINT('',(-0.48038731098398,-0.893465809258465,-0.870838392260495));
#17827=CARTESIAN_POINT('',(-0.446779805438841,-0.864555521418891,-0.841928104420921));
#17828=CARTESIAN_POINT('',(-0.395789773149481,-0.853401886779613,-0.830774469781644));
#17829=CARTESIAN_POINT('',(-0.369999999999999,-0.853401886779613,-0.830774469781643));
#17830=CARTESIAN_POINT('',(-0.369999999999998,-5.46369598732853E-16,0.));
#17831=CARTESIAN_POINT('',(-0.37,1.19089252243853,0.0160000000000001));
#17832=CARTESIAN_POINT('',(-0.395589845553894,1.19089252243853,0.0160000000000001));
#17833=CARTESIAN_POINT('',(-0.446607879591765,1.2063817313336,0.0160000000000001));
#17834=CARTESIAN_POINT('',(-0.480503514400038,1.24783367056893,0.0160000000000001));
#17835=CARTESIAN_POINT('',(-0.490206606309636,1.27139809713249,0.0160000000000001));
#17836=CARTESIAN_POINT('',(-0.490206606309636,1.27139809713249,0.0160000000000001));
#17837=CARTESIAN_POINT('',(-0.490206606309634,-6.15877658275759E-16,0.));
#17838=CARTESIAN_POINT('',(-0.490206606309636,1.23521079582893,0.301601411236379));
#17839=CARTESIAN_POINT('',(-0.490206606309636,1.23521079582893,0.301601411236379));
#17840=CARTESIAN_POINT('',(-0.480425663568506,1.21285662508672,0.293020449055404));
#17841=CARTESIAN_POINT('',(-0.446975999681012,1.17438831471354,0.27825384821456));
#17842=CARTESIAN_POINT('',(-0.395871277567885,1.15940640288442,0.27250283108729));
#17843=CARTESIAN_POINT('',(-0.370000000000001,1.15940640288442,0.27250283108729));
#17844=CARTESIAN_POINT('',(-0.369999999999998,-5.46369598732853E-16,0.));
#17845=CARTESIAN_POINT('',(-0.37,1.0633182756736,0.53650279087674));
#17846=CARTESIAN_POINT('',(-0.39586680221758,1.0633182756736,0.53650279087674));
#17847=CARTESIAN_POINT('',(-0.44658643541412,1.0782397111979,0.54164065315768));
#17848=CARTESIAN_POINT('',(-0.480426989349633,1.117455060781,0.555143580883947));
#17849=CARTESIAN_POINT('',(-0.490206606309721,1.140092016432,0.562938109795401));
#17850=CARTESIAN_POINT('',(-0.490206606309635,1.14009201643204,0.562938109795415));
#17851=CARTESIAN_POINT('',(-0.490206606309634,-6.15877658275759E-16,0.));
#17852=CARTESIAN_POINT('',(-0.490206606309635,0.910327924569039,0.88770050757107));
#17853=CARTESIAN_POINT('',(-0.490206606309635,0.91032792456904,0.88770050757107));
#17854=CARTESIAN_POINT('',(-0.480387310983982,0.893465809258464,0.870838392260495));
#17855=CARTESIAN_POINT('',(-0.446779805438843,0.86455552141889,0.841928104420921));
#17856=CARTESIAN_POINT('',(-0.395789773149482,0.853401886779612,0.830774469781643));
#17857=CARTESIAN_POINT('',(-0.370000000000001,0.853401886779612,0.830774469781643));
#17858=CARTESIAN_POINT('',(-0.397739986071452,-5.46369598732853E-16,0.));
#17859=CARTESIAN_POINT('',(-0.491709248150044,-6.17394265156657E-16,0.));
#17860=CARTESIAN_POINT('',(-0.491709248150043,-0.961441349818045,0.938813932820075));
#17861=CARTESIAN_POINT('',(-0.491709248150042,-1.34368339633897,0.0159999999999999));
#17862=CARTESIAN_POINT('',(-0.491709248150043,-1.34368339633897,0.0159999999999999));
#17863=CARTESIAN_POINT('',(-0.50021014822599,-1.32032570956638,0.0159999999999999));
#17864=CARTESIAN_POINT('',(-0.499603379123845,-1.29421861300289,0.0159999999999999));
#17865=CARTESIAN_POINT('',(-0.490206606309634,-1.27139809713249,0.0159999999999999));
#17866=CARTESIAN_POINT('',(-0.490206606309633,-0.91032792456904,0.887700507571071));
#17867=CARTESIAN_POINT('',(-0.499678123183864,-0.926592819798547,0.903965402800577));
#17868=CARTESIAN_POINT('',(-0.500205454428268,-0.94493409067684,0.92230667367887));
#17869=CARTESIAN_POINT('',(-0.491709248150043,-0.961441349818045,0.938813932820076));
#17870=CARTESIAN_POINT('',(-0.397739986071452,-5.46369598732853E-16,0.));
#17871=CARTESIAN_POINT('',(-0.490206606309633,-1.27139809713249,-0.0160000000000001));
#17872=CARTESIAN_POINT('',(-0.499614166748105,-1.29424481126856,-0.0160000000000001));
#17873=CARTESIAN_POINT('',(-0.500195245622658,-1.3203666570352,-0.0160000000000001));
#17874=CARTESIAN_POINT('',(-0.491709248150043,-1.34368339633897,-0.0160000000000001));
#17875=CARTESIAN_POINT('',(-0.491709248150042,-1.34368339633897,-0.0160000000000001));
#17876=CARTESIAN_POINT('',(-0.491709248150044,-6.17394265156657E-16,0.));
#17877=CARTESIAN_POINT('',(-0.491709248150043,-0.961441349818045,-0.938813932820075));
#17878=CARTESIAN_POINT('',(-0.491709248150043,-0.961441349818045,-0.938813932820076));
#17879=CARTESIAN_POINT('',(-0.500163109082467,-0.945016363349332,-0.922388946351362));
#17880=CARTESIAN_POINT('',(-0.499677055903782,-0.926590987019358,-0.903963570021388));
#17881=CARTESIAN_POINT('',(-0.49020660630965,-0.910327924569036,-0.887700507571067));
#17882=CARTESIAN_POINT('',(-0.397739986071452,-5.46369598732853E-16,0.));
#17883=CARTESIAN_POINT('',(-0.490206606309636,1.27139809713249,0.0160000000000001));
#17884=CARTESIAN_POINT('',(-0.499614166748108,1.29424481126856,0.0160000000000001));
#17885=CARTESIAN_POINT('',(-0.50019524562266,1.32036665703519,0.0160000000000001));
#17886=CARTESIAN_POINT('',(-0.491709248150045,1.34368339633897,0.0160000000000001));
#17887=CARTESIAN_POINT('',(-0.491709248150045,1.34368339633897,0.0160000000000001));
#17888=CARTESIAN_POINT('',(-0.491709248150044,-6.17394265156657E-16,0.));
#17889=CARTESIAN_POINT('',(-0.491709248150045,1.30320823147774,0.327703181256594));
#17890=CARTESIAN_POINT('',(-0.491709248150045,1.30320823147774,0.327703181256594));
#17891=CARTESIAN_POINT('',(-0.500171466372878,1.28134505069891,0.319310692464122));
#17892=CARTESIAN_POINT('',(-0.4996809957419,1.25686434443382,0.309913429776688));
#17893=CARTESIAN_POINT('',(-0.490206606309649,1.23521079582892,0.301601411236378));
#17894=CARTESIAN_POINT('',(-0.397739986071452,-5.46369598732853E-16,0.));
#17895=CARTESIAN_POINT('',(-0.490206606309636,1.14009201643204,0.562938109795415));
#17896=CARTESIAN_POINT('',(-0.499682330391288,1.1620255488672,0.570490430669825));
#17897=CARTESIAN_POINT('',(-0.500214733972084,1.18670299592513,0.578987557117363));
#17898=CARTESIAN_POINT('',(-0.491709248150045,1.20895896851704,0.586650903041376));
#17899=CARTESIAN_POINT('',(-0.491709248150045,1.20895896851704,0.586650903041376));
#17900=CARTESIAN_POINT('',(-0.491709248150044,-6.17394265156657E-16,0.));
#17901=CARTESIAN_POINT('',(-0.491709248150045,0.961441349818044,0.938813932820075));
#17902=CARTESIAN_POINT('',(-0.491709248150045,0.961441349818044,0.938813932820075));
#17903=CARTESIAN_POINT('',(-0.500163109082469,0.945016363349331,0.922388946351362));
#17904=CARTESIAN_POINT('',(-0.499677055903783,0.926590987019357,0.903963570021388));
#17905=CARTESIAN_POINT('',(-0.490206606309652,0.910327924569035,0.887700507571066));
#17906=CARTESIAN_POINT('',(-0.491709248150044,-6.17394265156657E-16,0.));
#17907=CARTESIAN_POINT('',(-0.491709248150042,-1.34368339633897,0.0159999999999999));
#17908=CARTESIAN_POINT('',(-0.418202106182284,-1.54565692647013,0.0159999999999999));
#17909=CARTESIAN_POINT('',(-0.344693089759052,-1.74762977442012,0.0159999999999999));
#17910=CARTESIAN_POINT('',(-0.271183532117161,-1.94960242540135,0.0159999999999999));
#17911=CARTESIAN_POINT('',(-0.271183532117161,-1.94960242540135,0.0159999999999999));
#17912=CARTESIAN_POINT('',(-0.271183532117161,-1.38989080411802,1.36726338712005));
#17913=CARTESIAN_POINT('',(-0.344693089753731,-1.24707457300531,1.22444715600734));
#17914=CARTESIAN_POINT('',(-0.418202106174563,-1.10425820260898,1.08163078561101));
#17915=CARTESIAN_POINT('',(-0.491709248150043,-0.961441349818045,0.938813932820075));
#17916=CARTESIAN_POINT('',(-0.271183532117161,-1.38989080411802,1.36726338712005));
#17917=CARTESIAN_POINT('',(-0.271183532117163,-3.94819058373335E-16,0.));
#17918=CARTESIAN_POINT('',(-0.491709248150044,-6.17394265156657E-16,0.));
#17919=CARTESIAN_POINT('',(-0.271183532117161,-1.94960242540135,-0.0160000000000001));
#17920=CARTESIAN_POINT('',(-0.344693089763679,-1.74762977440741,-0.0160000000000001));
#17921=CARTESIAN_POINT('',(-0.418202106188997,-1.54565692645169,-0.0160000000000001));
#17922=CARTESIAN_POINT('',(-0.491709248150042,-1.34368339633897,-0.0160000000000001));
#17923=CARTESIAN_POINT('',(-0.271183532117161,-1.94960242540135,-0.0160000000000001));
#17924=CARTESIAN_POINT('',(-0.271183532117163,-3.94819058373335E-16,0.));
#17925=CARTESIAN_POINT('',(-0.271183532117161,-1.38989080411802,-1.36726338712005));
#17926=CARTESIAN_POINT('',(-0.491709248150043,-0.961441349818045,-0.938813932820075));
#17927=CARTESIAN_POINT('',(-0.418202106174563,-1.10425820260898,-1.08163078561101));
#17928=CARTESIAN_POINT('',(-0.344693089753731,-1.24707457300531,-1.22444715600734));
#17929=CARTESIAN_POINT('',(-0.271183532117161,-1.38989080411802,-1.36726338712005));
#17930=CARTESIAN_POINT('',(-0.491709248150044,-6.17394265156657E-16,0.));
#17931=CARTESIAN_POINT('',(-0.271183532117165,1.94960242540135,0.0160000000000001));
#17932=CARTESIAN_POINT('',(-0.344693089763683,1.74762977440741,0.0160000000000001));
#17933=CARTESIAN_POINT('',(-0.418202106189,1.54565692645169,0.0160000000000001));
#17934=CARTESIAN_POINT('',(-0.491709248150045,1.34368339633897,0.0160000000000001));
#17935=CARTESIAN_POINT('',(-0.271183532117165,1.94960242540135,0.0160000000000001));
#17936=CARTESIAN_POINT('',(-0.271183532117163,-3.94819058373335E-16,0.));
#17937=CARTESIAN_POINT('',(-0.271183532117165,1.87167807509358,0.545918309222921));
#17938=CARTESIAN_POINT('',(-0.491709248150045,1.30320823147774,0.327703181256594));
#17939=CARTESIAN_POINT('',(-0.418347329646924,1.49274776405422,0.400460591030127));
#17940=CARTESIAN_POINT('',(-0.344793138136525,1.68222228761457,0.473193046180418));
#17941=CARTESIAN_POINT('',(-0.271183532117165,1.87167807509358,0.545918309222921));
#17942=CARTESIAN_POINT('',(-0.491709248150044,-6.17394265156657E-16,0.));
#17943=CARTESIAN_POINT('',(-0.271183532117164,1.78469811380258,0.784893788814978));
#17944=CARTESIAN_POINT('',(-0.344793138136525,1.59281966259264,0.718824739668144));
#17945=CARTESIAN_POINT('',(-0.418347329646924,1.40092223571393,0.652749156674567));
#17946=CARTESIAN_POINT('',(-0.491709248150045,1.20895896851704,0.586650903041375));
#17947=CARTESIAN_POINT('',(-0.271183532117164,1.78469811380258,0.784893788814978));
#17948=CARTESIAN_POINT('',(-0.271183532117163,-3.94819058373335E-16,0.));
#17949=CARTESIAN_POINT('',(-0.271183532117164,1.38989080411802,1.36726338712005));
#17950=CARTESIAN_POINT('',(-0.491709248150045,0.961441349818044,0.938813932820075));
#17951=CARTESIAN_POINT('',(-0.418202106174565,1.10425820260898,1.08163078561101));
#17952=CARTESIAN_POINT('',(-0.344693089753733,1.24707457300531,1.22444715600734));
#17953=CARTESIAN_POINT('',(-0.271183532117164,1.38989080411802,1.36726338712005));
#17954=CARTESIAN_POINT('',(-0.214801974870008,-2.73184799366426E-16,0.));
#17955=CARTESIAN_POINT('',(-0.215849119256245,-3.38970386362149E-16,0.));
#17956=CARTESIAN_POINT('',(-0.215849119256244,-1.41780098468375,1.39517356768578));
#17957=CARTESIAN_POINT('',(-0.215849119256243,-1.98907338128568,0.0159999999999999));
#17958=CARTESIAN_POINT('',(-0.215849119256243,-1.98907338128568,0.0159999999999999));
#17959=CARTESIAN_POINT('',(-0.239806052312909,-1.98865519793506,0.0159999999999999));
#17960=CARTESIAN_POINT('',(-0.262992683289245,-1.97210735543534,0.0159999999999999));
#17961=CARTESIAN_POINT('',(-0.271183532117161,-1.94960242540135,0.0159999999999999));
#17962=CARTESIAN_POINT('',(-0.271183532117161,-1.38989080411802,1.36726338712005));
#17963=CARTESIAN_POINT('',(-0.262875964680998,-1.40603095662462,1.38340353962665));
#17964=CARTESIAN_POINT('',(-0.240137141941409,-1.41750119776345,1.39487378076548));
#17965=CARTESIAN_POINT('',(-0.215849119256249,-1.41780098468378,1.39517356768581));
#17966=CARTESIAN_POINT('',(-0.214801974870008,-2.73184799366426E-16,0.));
#17967=CARTESIAN_POINT('',(-0.271183532117161,-1.94960242540135,-0.0160000000000001));
#17968=CARTESIAN_POINT('',(-0.262907181832245,-1.97234227666854,-0.0160000000000001));
#17969=CARTESIAN_POINT('',(-0.240113266547957,-1.98864983531716,-0.0160000000000001));
#17970=CARTESIAN_POINT('',(-0.215849119256243,-1.98907338128568,-0.0160000000000001));
#17971=CARTESIAN_POINT('',(-0.215849119256243,-1.98907338128568,-0.0160000000000001));
#17972=CARTESIAN_POINT('',(-0.215849119256245,-3.38970386362149E-16,0.));
#17973=CARTESIAN_POINT('',(-0.215849119256244,-1.41780098468375,-1.39517356768578));
#17974=CARTESIAN_POINT('',(-0.215849119256244,-1.41780098468375,-1.39517356768578));
#17975=CARTESIAN_POINT('',(-0.240136893934011,-1.41750120082457,-1.3948737838266));
#17976=CARTESIAN_POINT('',(-0.262875733690495,-1.40603140539883,-1.38340398840086));
#17977=CARTESIAN_POINT('',(-0.271183532117161,-1.38989080411802,-1.36726338712005));
#17978=CARTESIAN_POINT('',(-0.214801974870008,-2.73184799366426E-16,0.));
#17979=CARTESIAN_POINT('',(-0.271183532117161,-1.36726338712005,-1.38989080411802));
#17980=CARTESIAN_POINT('',(-0.262875964680999,-1.38340353962665,-1.40603095662462));
#17981=CARTESIAN_POINT('',(-0.240137141941409,-1.39487378076548,-1.41750119776345));
#17982=CARTESIAN_POINT('',(-0.215849119256249,-1.39517356768581,-1.41780098468378));
#17983=CARTESIAN_POINT('',(-0.215849119256244,-1.39517356768578,-1.41780098468375));
#17984=CARTESIAN_POINT('',(-0.215849119256245,-3.38970386362149E-16,0.));
#17985=CARTESIAN_POINT('',(-0.215849119256246,1.39517356768578,-1.41780098468375));
#17986=CARTESIAN_POINT('',(-0.215849119256247,1.39517356768578,-1.41780098468375));
#17987=CARTESIAN_POINT('',(-0.240136893934014,1.3948737838266,-1.41750120082457));
#17988=CARTESIAN_POINT('',(-0.262875733690498,1.38340398840086,-1.40603140539883));
#17989=CARTESIAN_POINT('',(-0.271183532117164,1.36726338712005,-1.38989080411802));
#17990=CARTESIAN_POINT('',(-0.214801974870008,-2.73184799366426E-16,0.));
#17991=CARTESIAN_POINT('',(-0.271183532117165,1.94960242540135,0.0160000000000001));
#17992=CARTESIAN_POINT('',(-0.26298643790017,1.97212451507865,0.0160000000000001));
#17993=CARTESIAN_POINT('',(-0.240035422559256,1.98865119413299,0.0160000000000001));
#17994=CARTESIAN_POINT('',(-0.215849119256247,1.98907338128568,0.0160000000000001));
#17995=CARTESIAN_POINT('',(-0.215849119256247,1.98907338128568,0.0160000000000001));
#17996=CARTESIAN_POINT('',(-0.215849119256245,-3.38970386362149E-16,0.));
#17997=CARTESIAN_POINT('',(-0.215849119256247,1.90865007528245,0.56011053039875));
#17998=CARTESIAN_POINT('',(-0.215849119256247,1.90865007528245,0.56011053039875));
#17999=CARTESIAN_POINT('',(-0.240167402844201,1.90825248569731,0.559957910056312));
#18000=CARTESIAN_POINT('',(-0.262890792077576,1.89302185995429,0.554111420602481));
#18001=CARTESIAN_POINT('',(-0.271183532117165,1.87167807509358,0.545918309222921));
#18002=CARTESIAN_POINT('',(-0.214801974870008,-2.73184799366426E-16,0.));
#18003=CARTESIAN_POINT('',(-0.271183532117164,1.78469811380258,0.784893788814978));
#18004=CARTESIAN_POINT('',(-0.262890629096099,1.80631525691428,0.79233716810877));
#18005=CARTESIAN_POINT('',(-0.240168991012265,1.82174019296897,0.797648399525626));
#18006=CARTESIAN_POINT('',(-0.215849119256252,1.82214289302405,0.797787060274466));
#18007=CARTESIAN_POINT('',(-0.215849119256247,1.82214289302401,0.797787060274452));
#18008=CARTESIAN_POINT('',(-0.215849119256245,-3.38970386362149E-16,0.));
#18009=CARTESIAN_POINT('',(-0.215849119256246,1.41780098468375,1.39517356768578));
#18010=CARTESIAN_POINT('',(-0.215849119256247,1.41780098468375,1.39517356768578));
#18011=CARTESIAN_POINT('',(-0.240136893934014,1.41750120082457,1.3948737838266));
#18012=CARTESIAN_POINT('',(-0.262875733690498,1.40603140539883,1.38340398840086));
#18013=CARTESIAN_POINT('',(-0.271183532117164,1.38989080411802,1.36726338712005));
#18014=CARTESIAN_POINT('',(-0.214801974870008,-2.73184799366426E-16,0.));
#18015=CARTESIAN_POINT('',(-0.271183532117164,1.36726338712005,1.38989080411802));
#18016=CARTESIAN_POINT('',(-0.262875964681001,1.38340353962665,1.40603095662462));
#18017=CARTESIAN_POINT('',(-0.240137141941412,1.39487378076548,1.41750119776345));
#18018=CARTESIAN_POINT('',(-0.215849119256252,1.39517356768581,1.41780098468378));
#18019=CARTESIAN_POINT('',(-0.215849119256246,1.39517356768578,1.41780098468375));
#18020=CARTESIAN_POINT('',(-0.215849119256245,-3.38970386362149E-16,0.));
#18021=CARTESIAN_POINT('',(-0.215849119256244,-1.39517356768578,1.41780098468375));
#18022=CARTESIAN_POINT('',(-0.215849119256244,-1.39517356768578,1.41780098468375));
#18023=CARTESIAN_POINT('',(-0.24013689393401,-1.3948737838266,1.41750120082457));
#18024=CARTESIAN_POINT('',(-0.262875733690491,-1.38340398840087,1.40603140539884));
#18025=CARTESIAN_POINT('',(-0.271183532117161,-1.36726338712005,1.38989080411802));
#18026=CARTESIAN_POINT('',(-11.1829147807636,0.,0.));
#18027=CARTESIAN_POINT('',(-11.1829147807636,-3.21,-1.79648288754731));
#18028=CARTESIAN_POINT('',(-10.7152826309518,-3.21,-1.81319667696817));
#18029=CARTESIAN_POINT('',(-10.2476442066011,-3.21,-1.82973322693007));
#18030=CARTESIAN_POINT('',(-9.78,-3.21,-1.84610644330169));
#18031=CARTESIAN_POINT('',(-11.1829147807636,-3.21,-1.79648288754731));
#18032=CARTESIAN_POINT('',(-9.78,-3.21,-1.84610644330169));
#18033=CARTESIAN_POINT('',(-11.1829147807636,0.,0.));
#18034=CARTESIAN_POINT('',(-11.1829147807636,-2.12665090743436,-3.00146742163877));
#18035=CARTESIAN_POINT('',(-11.08,-2.12755298192512,-3.00302986048899));
#18036=CARTESIAN_POINT('',(-11.1143049269435,-2.12725229106378,-3.00250904863977));
#18037=CARTESIAN_POINT('',(-11.1486098538647,-2.12695159956718,-3.00198823569025));
#18038=CARTESIAN_POINT('',(-11.1829147807636,-2.12665090743436,-3.00146742163877));
#18039=CARTESIAN_POINT('',(-11.08,-2.12755298192513,-3.00302986048899));
#18040=CARTESIAN_POINT('',(-11.08,0.,0.));
#18041=CARTESIAN_POINT('',(-11.08,-2.10241176640101,-3.02068449169813));
#18042=CARTESIAN_POINT('',(-11.08,-2.10241176640101,-3.02068449169813));
#18043=CARTESIAN_POINT('',(-10.6466325099385,-2.0967240315628,-3.0338594849835));
#18044=CARTESIAN_POINT('',(-10.2132929916773,-2.09018056764124,-3.04755839142397));
#18045=CARTESIAN_POINT('',(-9.78,-2.08235131929493,-3.06202906306107));
#18046=CARTESIAN_POINT('',(-9.78,-2.08235131929494,-3.06202906306106));
#18047=CARTESIAN_POINT('',(-9.78,0.,0.));
#18048=CARTESIAN_POINT('',(-11.1829147807636,0.,0.));
#18049=CARTESIAN_POINT('',(-9.78,-3.21,1.84610644330169));
#18050=CARTESIAN_POINT('',(-10.2476442066011,-3.21,1.82973322693007));
#18051=CARTESIAN_POINT('',(-10.7152826309518,-3.21,1.81319667696817));
#18052=CARTESIAN_POINT('',(-11.1829147807636,-3.21,1.79648288754731));
#18053=CARTESIAN_POINT('',(-9.78,-3.21,1.84610644330169));
#18054=CARTESIAN_POINT('',(-11.1829147807636,-3.21,1.79648288754731));
#18055=CARTESIAN_POINT('',(-9.78,0.,0.));
#18056=CARTESIAN_POINT('',(-9.78,-2.08235131929494,3.06202906306107));
#18057=CARTESIAN_POINT('',(-9.78,-2.08235131929494,3.06202906306107));
#18058=CARTESIAN_POINT('',(-10.2132931344108,-2.09018057022032,3.04755838665711));
#18059=CARTESIAN_POINT('',(-10.6466323760703,-2.09672402980584,3.03385948905329));
#18060=CARTESIAN_POINT('',(-11.08,-2.10241176640101,3.02068449169813));
#18061=CARTESIAN_POINT('',(-11.08,-2.10241176640101,3.02068449169813));
#18062=CARTESIAN_POINT('',(-11.08,0.,0.));
#18063=CARTESIAN_POINT('',(-11.08,-2.12755298192512,3.00302986048899));
#18064=CARTESIAN_POINT('',(-11.1829147807636,-2.12665090743436,3.00146742163877));
#18065=CARTESIAN_POINT('',(-11.1486098538647,-2.12695159956718,3.00198823569025));
#18066=CARTESIAN_POINT('',(-11.1143049269435,-2.12725229106378,3.00250904863977));
#18067=CARTESIAN_POINT('',(-11.08,-2.12755298192512,3.00302986048899));
#18068=CARTESIAN_POINT('',(-11.1829147807636,-2.12665090743436,3.00146742163877));
#18069=CARTESIAN_POINT('',(-11.1829147807636,0.,0.));
#18070=CARTESIAN_POINT('',(-11.17,0.,0.));
#18071=CARTESIAN_POINT('',(-11.91,1.84239438044976,-2.28934451137864));
#18072=CARTESIAN_POINT('',(-11.91,1.87206708721918,-2.32223736144665));
#18073=CARTESIAN_POINT('',(-11.9018031636863,1.9440710691074,-2.37444431058106));
#18074=CARTESIAN_POINT('',(-11.873913083288,2.07219113667372,-2.40355681006729));
#18075=CARTESIAN_POINT('',(-11.8457736288915,2.20098400637251,-2.38077299711253));
#18076=CARTESIAN_POINT('',(-11.8333848525294,2.31293458121348,-2.30762456733179));
#18077=CARTESIAN_POINT('',(-11.8457926605593,2.38629000415313,-2.19500505949328));
#18078=CARTESIAN_POINT('',(-11.8740926371941,2.40847612348267,-2.06560839075081));
#18079=CARTESIAN_POINT('',(-11.9018686119439,2.37903247185606,-1.93808351176555));
#18080=CARTESIAN_POINT('',(-11.91,2.32623905189956,-1.86602633642838));
#18081=CARTESIAN_POINT('',(-11.91,2.2937720367439,-1.83687919808138));
#18082=CARTESIAN_POINT('',(-11.91,1.84239438044976,-2.28934451137864));
#18083=CARTESIAN_POINT('',(-11.91,2.2937720367439,-1.83687919808138));
#18084=CARTESIAN_POINT('',(-11.91,0.,0.));
#18085=CARTESIAN_POINT('',(-11.91,2.2937720367439,1.83687919808138));
#18086=CARTESIAN_POINT('',(-11.91,2.2937720367439,1.83687919808138));
#18087=CARTESIAN_POINT('',(-11.91,2.32621369118609,1.86600356894513));
#18088=CARTESIAN_POINT('',(-11.9018489827719,2.37922773109741,1.93829529936602));
#18089=CARTESIAN_POINT('',(-11.8739107709768,2.40850604787105,2.06637164787884));
#18090=CARTESIAN_POINT('',(-11.8457675198283,2.3860722230854,2.19527869550146));
#18091=CARTESIAN_POINT('',(-11.8333937858784,2.31313817109908,2.3073844248969));
#18092=CARTESIAN_POINT('',(-11.8457630366719,2.20092196957871,2.38092409964998));
#18093=CARTESIAN_POINT('',(-11.8740844383007,2.07142051136461,2.40351627645189));
#18094=CARTESIAN_POINT('',(-11.9018729329654,1.94380357819285,2.37437021716002));
#18095=CARTESIAN_POINT('',(-11.91,1.87157813009664,2.32169534168936));
#18096=CARTESIAN_POINT('',(-11.91,1.84239438044976,2.28934451137864));
#18097=CARTESIAN_POINT('',(-11.91,1.84239438044976,2.28934451137864));
#18098=CARTESIAN_POINT('',(-11.91,0.,0.));
#18099=CARTESIAN_POINT('',(-11.91,-1.84239438044976,2.28934451137864));
#18100=CARTESIAN_POINT('',(-11.91,-1.84239438044976,2.28934451137864));
#18101=CARTESIAN_POINT('',(-11.91,-1.87156108959516,2.32167645191753));
#18102=CARTESIAN_POINT('',(-11.9018724895351,-1.94387567991734,2.37448168278019));
#18103=CARTESIAN_POINT('',(-11.8739468026922,-2.07201163174013,2.40352795101706));
#18104=CARTESIAN_POINT('',(-11.8457864622093,-2.20090287000461,2.38082687529971));
#18105=CARTESIAN_POINT('',(-11.8334006865009,-2.31284227990906,2.30767478558306));
#18106=CARTESIAN_POINT('',(-11.8457166751254,-2.38606409445937,2.19542758608163));
#18107=CARTESIAN_POINT('',(-11.8740085115249,-2.40860363560816,2.06607026875696));
#18108=CARTESIAN_POINT('',(-11.8971692505795,-2.38377516041125,1.95935463646281));
#18109=CARTESIAN_POINT('',(-11.9079741045986,-2.34007444768168,1.88471531439561));
#18110=CARTESIAN_POINT('',(-11.91,-2.3100620642853,1.85150350783543));
#18111=CARTESIAN_POINT('',(-11.91,-2.2937720367439,1.83687919808138));
#18112=CARTESIAN_POINT('',(-11.91,-2.2937720367439,1.83687919808138));
#18113=CARTESIAN_POINT('',(-11.91,0.,0.));
#18114=CARTESIAN_POINT('',(-11.91,-2.2937720367439,-1.83687919808138));
#18115=CARTESIAN_POINT('',(-11.91,-2.2937720367439,-1.83687919808138));
#18116=CARTESIAN_POINT('',(-11.91,-2.3263338134711,-1.86611140826583));
#18117=CARTESIAN_POINT('',(-11.9018480413812,-2.37913403569704,-1.93822350063451));
#18118=CARTESIAN_POINT('',(-11.8739667878498,-2.40851190283816,-2.0661519531484));
#18119=CARTESIAN_POINT('',(-11.8457390485682,-2.38611861920605,-2.19533734537837));
#18120=CARTESIAN_POINT('',(-11.8333737398579,-2.31276462023281,-2.30783076185245));
#18121=CARTESIAN_POINT('',(-11.8458723363228,-2.20038716491411,-2.3810653771136));
#18122=CARTESIAN_POINT('',(-11.8740937903108,-2.07141587738346,-2.40350184834809));
#18123=CARTESIAN_POINT('',(-11.9018570846941,-1.94375726964265,-2.37427106464282));
#18124=CARTESIAN_POINT('',(-11.91,-1.8718699796128,-2.32201886331657));
#18125=CARTESIAN_POINT('',(-11.91,-1.84239438044976,-2.28934451137864));
#18126=CARTESIAN_POINT('',(-11.91,-1.84239438044976,-2.28934451137864));
#18127=CARTESIAN_POINT('',(-11.91,0.,0.));
#18128=CARTESIAN_POINT('',(-11.1829147807636,-3.21,-1.79648288754731));
#18129=CARTESIAN_POINT('',(-11.2341566019463,-3.21,-1.79465143731632));
#18130=CARTESIAN_POINT('',(-11.3363769610706,-3.21,-1.76805841614091));
#18131=CARTESIAN_POINT('',(-11.4633052944674,-3.21,-1.67790392195174));
#18132=CARTESIAN_POINT('',(-11.5631467967454,-3.21,-1.56009454706395));
#18133=CARTESIAN_POINT('',(-11.6663898372417,-3.21,-1.38184731941125));
#18134=CARTESIAN_POINT('',(-11.7504790074411,-3.21,-1.14156089656034));
#18135=CARTESIAN_POINT('',(-11.7901735082342,-3.21,-0.940118702508993));
#18136=CARTESIAN_POINT('',(-11.8053537674569,-3.21,-0.839657072857724));
#18137=CARTESIAN_POINT('',(-11.8053537674569,-3.21,-0.839657072857723));
#18138=CARTESIAN_POINT('',(-11.8053537674569,0.,0.));
#18139=CARTESIAN_POINT('',(-11.8053537674569,-3.21,0.839657072857725));
#18140=CARTESIAN_POINT('',(-11.8053537674569,-3.21,0.839657072857725));
#18141=CARTESIAN_POINT('',(-11.7901296477291,-3.21,0.940408967500883));
#18142=CARTESIAN_POINT('',(-11.7604089462337,-3.21,1.09165406140091));
#18143=CARTESIAN_POINT('',(-11.6997489065599,-3.21,1.28590902244101));
#18144=CARTESIAN_POINT('',(-11.639782962156,-3.21,1.42818544227569));
#18145=CARTESIAN_POINT('',(-11.5627243305241,-3.21,1.56060286263998));
#18146=CARTESIAN_POINT('',(-11.4625539232762,-3.21,1.67867859230109));
#18147=CARTESIAN_POINT('',(-11.3354661500541,-3.21,1.76842349292628));
#18148=CARTESIAN_POINT('',(-11.2338173763924,-3.21,1.79466356168475));
#18149=CARTESIAN_POINT('',(-11.1829147807636,-3.21,1.79648288754731));
#18150=CARTESIAN_POINT('',(-11.1829147807636,-2.12665090743436,3.00146742163877));
#18151=CARTESIAN_POINT('',(-11.2289213430249,-2.12624764724464,3.0007689545015));
#18152=CARTESIAN_POINT('',(-11.3190889340744,-2.12124247670604,2.99209974482811));
#18153=CARTESIAN_POINT('',(-11.4951882230915,-2.09442885242399,2.94565718523652));
#18154=CARTESIAN_POINT('',(-11.6111761654966,-2.05697816416053,2.8807906903858));
#18155=CARTESIAN_POINT('',(-11.6779440947756,-2.02531466269064,2.82594789709441));
#18156=CARTESIAN_POINT('',(-11.6779440947754,-2.02531466269049,2.82594789709416));
#18157=CARTESIAN_POINT('',(-11.6779440947757,-2.02531466269062,2.82594789709438));
#18158=CARTESIAN_POINT('',(-11.7140072260094,-2.00821236490847,2.79632584840947));
#18159=CARTESIAN_POINT('',(-11.7783685726037,-1.96298836836082,2.73749585320142));
#18160=CARTESIAN_POINT('',(-11.8485957347947,-1.84748521351532,2.6657885417857));
#18161=CARTESIAN_POINT('',(-11.88204476528,-1.70005344840461,2.64588562781503));
#18162=CARTESIAN_POINT('',(-11.8904392259871,-1.5548849279751,2.69106303857236));
#18163=CARTESIAN_POINT('',(-11.8822770187481,-1.44218767322436,2.79390999506677));
#18164=CARTESIAN_POINT('',(-11.848974101247,-1.38521145188194,2.93157600482646));
#18165=CARTESIAN_POINT('',(-11.7796967939493,-1.38875959843937,3.06703887403419));
#18166=CARTESIAN_POINT('',(-11.7141033811441,-1.41753743966717,3.13724686713464));
#18167=CARTESIAN_POINT('',(-11.6779440947759,-1.43468533730951,3.16694789709416));
#18168=CARTESIAN_POINT('',(-11.6779440947759,-1.43468533730951,3.16694789709416));
#18169=CARTESIAN_POINT('',(-11.677944094776,-1.43468533730951,3.16694789709416));
#18170=CARTESIAN_POINT('',(-11.6445592698226,-1.45051749603301,3.19437000039675));
#18171=CARTESIAN_POINT('',(-11.5732461288043,-1.47856068566784,3.24294222965058));
#18172=CARTESIAN_POINT('',(-11.410128005467,-1.521219850599,3.31683007071981));
#18173=CARTESIAN_POINT('',(-11.2749313568056,-1.5352150314204,3.34107043496359));
#18174=CARTESIAN_POINT('',(-11.1829147807636,-1.53602158205338,3.34246742163877));
#18175=CARTESIAN_POINT('',(-11.1829147807636,-1.53602158205338,3.34246742163878));
#18176=CARTESIAN_POINT('',(-11.1829147807636,0.,0.));
#18177=CARTESIAN_POINT('',(-11.1829147807636,3.66267248948774,0.341));
#18178=CARTESIAN_POINT('',(-11.1829147807636,3.66267248948774,0.341));
#18179=CARTESIAN_POINT('',(-11.2283266010484,3.66187639526275,0.341));
#18180=CARTESIAN_POINT('',(-11.3202707085334,3.65163087731622,0.341));
#18181=CARTESIAN_POINT('',(-11.4506572016351,3.61184175923308,0.341));
#18182=CARTESIAN_POINT('',(-11.57353765084,3.54761843481119,0.341));
#18183=CARTESIAN_POINT('',(-11.6448642194813,3.49137508355668,0.341));
#18184=CARTESIAN_POINT('',(-11.6779440947762,3.4599999999998,0.341));
#18185=CARTESIAN_POINT('',(-11.6779440947763,3.46,0.341));
#18186=CARTESIAN_POINT('',(-11.6779440947761,3.45999999999984,0.341));
#18187=CARTESIAN_POINT('',(-11.7140073652134,3.42579527240589,0.340999999999984));
#18188=CARTESIAN_POINT('',(-11.7783685079222,3.35223518068975,0.331249837348796));
#18189=CARTESIAN_POINT('',(-11.848595669414,3.23238336003274,0.267075002072804));
#18190=CARTESIAN_POINT('',(-11.8820447749302,3.14143087553258,0.149346669124557));
#18191=CARTESIAN_POINT('',(-11.8904392143302,3.10797145006917,0.0010383940022232));
#18192=CARTESIAN_POINT('',(-11.8822770553643,3.14069076141755,-0.147983626889766));
#18193=CARTESIAN_POINT('',(-11.8489741080176,3.23142498994965,-0.26615967423337));
#18194=CARTESIAN_POINT('',(-11.7796969305008,3.35051319163754,-0.330818281024325));
#18195=CARTESIAN_POINT('',(-11.7141034037954,3.42570418323135,-0.341000000000025));
#18196=CARTESIAN_POINT('',(-11.677944094776,3.46000000000001,-0.341000000000024));
#18197=CARTESIAN_POINT('',(-11.677944094776,3.46,-0.341));
#18198=CARTESIAN_POINT('',(-11.677944094776,3.46,-0.341));
#18199=CARTESIAN_POINT('',(-11.6448987145955,3.49134236616944,-0.341));
#18200=CARTESIAN_POINT('',(-11.573511801604,3.54763601519154,-0.341));
#18201=CARTESIAN_POINT('',(-11.4507048040763,3.61182355893249,-0.341));
#18202=CARTESIAN_POINT('',(-11.3201988937693,3.65164811045894,-0.341));
#18203=CARTESIAN_POINT('',(-11.2283264230213,3.66187639838367,-0.341));
#18204=CARTESIAN_POINT('',(-11.1829147807636,3.66267248948774,-0.341));
#18205=CARTESIAN_POINT('',(-11.1829147807636,3.66267248948774,-0.341));
#18206=CARTESIAN_POINT('',(-11.1829147807636,0.,0.));
#18207=CARTESIAN_POINT('',(-11.1829147807636,-1.53602158205338,-3.34246742163877));
#18208=CARTESIAN_POINT('',(-11.1829147807636,-1.53602158205338,-3.34246742163878));
#18209=CARTESIAN_POINT('',(-11.2289213430249,-1.53561832186365,-3.3417689545015));
#18210=CARTESIAN_POINT('',(-11.3190889340746,-1.53061315132504,-3.33309974482808));
#18211=CARTESIAN_POINT('',(-11.4951882230919,-1.50379952704292,-3.28665718523639));
#18212=CARTESIAN_POINT('',(-11.6111761654971,-1.46634883877938,-3.22179069038551));
#18213=CARTESIAN_POINT('',(-11.6779440947762,-1.43468533730941,-3.16694789709399));
#18214=CARTESIAN_POINT('',(-11.6779440947763,-1.43468533730951,-3.16694789709416));
#18215=CARTESIAN_POINT('',(-11.6779440947761,-1.43468533730942,-3.16694789709401));
#18216=CARTESIAN_POINT('',(-11.7140073497573,-1.41758298084224,-3.13732574676367));
#18217=CARTESIAN_POINT('',(-11.7783685339775,-1.38924680161839,-3.06874572250545));
#18218=CARTESIAN_POINT('',(-11.8485956991594,-1.38489795576773,-2.93286352483305));
#18219=CARTESIAN_POINT('',(-11.8820447839492,-1.44137747176752,-2.79523221365603));
#18220=CARTESIAN_POINT('',(-11.8904392173652,-1.55308654261288,-2.69210136210157));
#18221=CARTESIAN_POINT('',(-11.8822770347123,-1.69850312811289,-2.64592615546324));
#18222=CARTESIAN_POINT('',(-11.8489740612397,-1.84621367423196,-2.66541634051563));
#18223=CARTESIAN_POINT('',(-11.7796967973041,-1.96175378144377,-2.7362205329003));
#18224=CARTESIAN_POINT('',(-11.7141032952444,-2.00816680578454,-2.79624693769213));
#18225=CARTESIAN_POINT('',(-11.677944094776,-2.02531466269049,-2.82594789709416));
#18226=CARTESIAN_POINT('',(-11.677944094776,-2.02531466269049,-2.82594789709416));
#18227=CARTESIAN_POINT('',(-11.677944094776,-2.02531466269049,-2.82594789709416));
#18228=CARTESIAN_POINT('',(-11.6445592698226,-2.04114682141399,-2.85337000039675));
#18229=CARTESIAN_POINT('',(-11.5732461288043,-2.06919001104883,-2.90194222965058));
#18230=CARTESIAN_POINT('',(-11.410128005467,-2.11184917597999,-2.9758300707198));
#18231=CARTESIAN_POINT('',(-11.2749313568056,-2.12584435680139,-3.00007043496359));
#18232=CARTESIAN_POINT('',(-11.1829147807636,-2.12665090743436,-3.00146742163877));
#18233=CARTESIAN_POINT('',(-9.78,3.703,0.));
#18234=CARTESIAN_POINT('',(-9.78,0.,0.));
#18235=CARTESIAN_POINT('',(-9.78,0.,-3.263));
#18236=CARTESIAN_POINT('',(-9.78,-3.21,0.));
#18237=CARTESIAN_POINT('',(-9.78,-3.21,-0.839657072857723));
#18238=CARTESIAN_POINT('',(-9.78,-1.625,-2.81458256229943));
#18239=CARTESIAN_POINT('',(-9.78,-1.61061929608967,-3.33438367364399));
#18240=CARTESIAN_POINT('',(-9.78,0.,0.));
#18241=CARTESIAN_POINT('',(-9.78,3.69297061538461,-0.272354610582926));
#18242=CARTESIAN_POINT('',(-9.78,3.25,0.));
#18243=CARTESIAN_POINT('',(-9.78,3.69297061538462,0.272354610582927));
#18244=CARTESIAN_POINT('',(-9.78,0.,0.));
#18245=CARTESIAN_POINT('',(-9.78,-1.61061929608967,3.33438367364399));
#18246=CARTESIAN_POINT('',(-9.78,-1.625,2.81458256229943));
#18247=CARTESIAN_POINT('',(-9.78,-3.21,0.));
#18248=CARTESIAN_POINT('',(-9.78,-3.21,0.839657072857725));
#18249=CARTESIAN_POINT('',(-9.78,-2.18547839493141E-15,0.));
#18250=CARTESIAN_POINT('',(-1.63,0.,0.));
#18251=CARTESIAN_POINT('',(0.,0.,0.));
#18252=CARTESIAN_POINT('',(0.,0.,-3.244548244167));
#18253=CARTESIAN_POINT('',(-0.547127227195224,-3.14647632894156,0.836275759654374));
#18254=CARTESIAN_POINT('',(-0.475754867125978,-3.18143002959922,0.681202740073757));
#18255=CARTESIAN_POINT('',(-0.313244117320184,-3.19022986568618,0.619774995800489));
#18256=CARTESIAN_POINT('',(-0.154764491985506,-3.1740972180904,0.68910495412724));
#18257=CARTESIAN_POINT('',(-0.0928797083576774,-3.13538527335804,0.847045887993512));
#18258=CARTESIAN_POINT('',(-0.16425043757235,-3.09055182478625,0.9993252834253));
#18259=CARTESIAN_POINT('',(-0.326659016431676,-3.07293253786611,1.05844318998234));
#18260=CARTESIAN_POINT('',(-0.485213349062712,-3.09897309112293,0.991780467217311));
#18261=CARTESIAN_POINT('',(-0.547127227195224,-3.14647632894156,0.836275759654374));
#18262=CARTESIAN_POINT('',(-0.475754867125978,-3.18143002959922,0.681202740073757));
#18263=CARTESIAN_POINT('',(-0.313244117320184,-3.19022986568618,0.619774995800489));
#18264=CARTESIAN_POINT('',(-0.46056513550322,-3.17707105217077,0.696810285958316));
#18265=CARTESIAN_POINT('',(-0.312675909593118,3.0726789277223,-1.05842994752206));
#18266=CARTESIAN_POINT('',(-0.475524926401327,3.09572672100954,-1.00097934570843));
#18267=CARTESIAN_POINT('',(-0.54703194909693,3.14291234368769,-0.849546557185082));
#18268=CARTESIAN_POINT('',(-0.485730674501212,3.17956471793263,-0.691172496791068));
#18269=CARTESIAN_POINT('',(-0.3274458444777,3.19048227380787,-0.619792041736504));
#18270=CARTESIAN_POINT('',(-0.164588431168502,3.17622490727297,-0.679523911730341));
#18271=CARTESIAN_POINT('',(-0.0929697671236887,3.13904631041889,-0.833370390164796));
#18272=CARTESIAN_POINT('',(-0.154191091109128,3.09356836418712,-0.989735068569726));
#18273=CARTESIAN_POINT('',(-0.312675909593118,3.0726789277223,-1.05842994752206));
#18274=CARTESIAN_POINT('',(-0.475524926401327,3.09572672100954,-1.00097934570843));
#18275=CARTESIAN_POINT('',(-0.54703194909693,3.14291234368769,-0.849546557185082));
#18276=CARTESIAN_POINT('',(-0.460301260715893,3.09974969257469,-0.985315647923479));
#18277=CARTESIAN_POINT('',(-1.63,0.,0.));
#18278=CARTESIAN_POINT('',(-1.63,0.,-3.273));
#18279=CARTESIAN_POINT('',(-0.312675909593115,-1.05842994752206,-3.0726789277223));
#18280=CARTESIAN_POINT('',(-0.475524926401328,-1.00097934570843,-3.09572672100954));
#18281=CARTESIAN_POINT('',(-0.54703194909693,-0.849546557185082,-3.14291234368769));
#18282=CARTESIAN_POINT('',(-0.485730674501212,-0.691172496791069,-3.17956471793263));
#18283=CARTESIAN_POINT('',(-0.3274458444777,-0.619792041736504,-3.19048227380787));
#18284=CARTESIAN_POINT('',(-0.164588431168502,-0.679523911730341,-3.17622490727297));
#18285=CARTESIAN_POINT('',(-0.0929697671236884,-0.833370390164796,-3.13904631041888));
#18286=CARTESIAN_POINT('',(-0.154191091109129,-0.989735068569727,-3.09356836418712));
#18287=CARTESIAN_POINT('',(-0.312675909593115,-1.05842994752206,-3.0726789277223));
#18288=CARTESIAN_POINT('',(-0.475524926401328,-1.00097934570843,-3.09572672100954));
#18289=CARTESIAN_POINT('',(-0.54703194909693,-0.849546557185082,-3.14291234368769));
#18290=CARTESIAN_POINT('',(-0.460301260715893,-0.98531564792348,-3.09974969257469));
#18291=CARTESIAN_POINT('',(-0.547127227195224,0.836275759654371,3.14647632894156));
#18292=CARTESIAN_POINT('',(-0.475754867125978,0.681202740073756,3.18143002959922));
#18293=CARTESIAN_POINT('',(-0.313244117320183,0.619774995800488,3.19022986568618));
#18294=CARTESIAN_POINT('',(-0.154764491985505,0.689104954127239,3.1740972180904));
#18295=CARTESIAN_POINT('',(-0.0928797083576773,0.847045887993512,3.13538527335804));
#18296=CARTESIAN_POINT('',(-0.16425043757235,0.9993252834253,3.09055182478626));
#18297=CARTESIAN_POINT('',(-0.326659016431678,1.05844318998234,3.07293253786611));
#18298=CARTESIAN_POINT('',(-0.485213349062713,0.991780467217309,3.09897309112293));
#18299=CARTESIAN_POINT('',(-0.547127227195224,0.836275759654371,3.14647632894156));
#18300=CARTESIAN_POINT('',(-0.475754867125978,0.681202740073756,3.18143002959922));
#18301=CARTESIAN_POINT('',(-0.313244117320183,0.619774995800488,3.19022986568618));
#18302=CARTESIAN_POINT('',(-0.46056513550322,0.696810285958314,3.17707105217077));
#18303=CARTESIAN_POINT('',(0.12,0.,0.));
#18304=CARTESIAN_POINT('',(-1.63,0.,0.));
#18305=CARTESIAN_POINT('',(-1.63,0.,-3.263));
#18306=CARTESIAN_POINT('',(0.12,1.68056923843151,2.79693690219099));
#18307=CARTESIAN_POINT('',(-7.285,1.68056923843151,2.79693690219099));
#18308=CARTESIAN_POINT('',(-8.855,1.68056923843151,2.79693690219099));
#18309=CARTESIAN_POINT('',(-7.285,0.,0.));
#18310=CARTESIAN_POINT('',(-7.285,1.5,2.89778691418123));
#18311=CARTESIAN_POINT('',(0.12,1.5,2.89778691418123));
#18312=CARTESIAN_POINT('',(-6.45,1.5,2.89778691418123));
#18313=CARTESIAN_POINT('',(-6.45,0.,0.));
#18314=CARTESIAN_POINT('',(-6.45,-1.5,2.89778691418123));
#18315=CARTESIAN_POINT('',(0.12,-1.5,2.89778691418123));
#18316=CARTESIAN_POINT('',(-7.285,-1.5,2.89778691418123));
#18317=CARTESIAN_POINT('',(-7.285,0.,0.));
#18318=CARTESIAN_POINT('',(-7.285,-1.68056923843151,2.79693690219099));
#18319=CARTESIAN_POINT('',(0.12,-1.68056923843151,2.79693690219099));
#18320=CARTESIAN_POINT('',(-8.855,-1.68056923843151,2.79693690219099));
#18321=CARTESIAN_POINT('',(-8.855,0.,0.));
#18322=CARTESIAN_POINT('',(-8.855,-1.5,2.89778691418123));
#18323=CARTESIAN_POINT('',(0.12,-1.5,2.89778691418123));
#18324=CARTESIAN_POINT('',(-9.7,-1.5,2.89778691418123));
#18325=CARTESIAN_POINT('',(-9.7,0.,0.));
#18326=CARTESIAN_POINT('',(-9.7,1.5,2.89778691418123));
#18327=CARTESIAN_POINT('',(0.12,1.5,2.89778691418123));
#18328=CARTESIAN_POINT('',(-8.855,1.5,2.89778691418123));
#18329=CARTESIAN_POINT('',(-8.855,0.,0.));
#18330=CARTESIAN_POINT('',(-5.535,-3.07053241047404,-1.10408320167843));
#18331=CARTESIAN_POINT('',(-3.88,-3.07053241047404,-1.10408320167843));
#18332=CARTESIAN_POINT('',(-2.88,-3.07053241047404,-1.10408320167843));
#18333=CARTESIAN_POINT('',(-3.88,0.,0.));
#18334=CARTESIAN_POINT('',(-3.88,-2.53040416999135,-2.06015138678942));
#18335=CARTESIAN_POINT('',(-4.88,-2.53040416999135,-2.06015138678942));
#18336=CARTESIAN_POINT('',(-5.88,-2.53040416999136,-2.06015138678942));
#18337=CARTESIAN_POINT('',(-5.88,0.,0.));
#18338=CARTESIAN_POINT('',(-5.88,-3.07053241047404,-1.10408320167843));
#18339=CARTESIAN_POINT('',(-5.535,-3.07053241047404,-1.10408320167843));
#18340=CARTESIAN_POINT('',(-8.19,-3.07053241047404,-1.10408320167843));
#18341=CARTESIAN_POINT('',(-8.19,0.,0.));
#18342=CARTESIAN_POINT('',(-8.19,-3.07053241047404,1.10408320167843));
#18343=CARTESIAN_POINT('',(-5.535,-3.07053241047404,1.10408320167843));
#18344=CARTESIAN_POINT('',(-5.88,-3.07053241047404,1.10408320167843));
#18345=CARTESIAN_POINT('',(-5.88,0.,0.));
#18346=CARTESIAN_POINT('',(-5.88,-2.53040416999136,2.06015138678942));
#18347=CARTESIAN_POINT('',(-4.88,-2.53040416999135,2.06015138678942));
#18348=CARTESIAN_POINT('',(-3.88,-2.53040416999135,2.06015138678942));
#18349=CARTESIAN_POINT('',(-3.88,0.,0.));
#18350=CARTESIAN_POINT('',(-3.88,-3.07053241047404,1.10408320167843));
#18351=CARTESIAN_POINT('',(-5.535,-3.07053241047404,1.10408320167843));
#18352=CARTESIAN_POINT('',(-2.88,-3.07053241047404,1.10408320167843));
#18353=CARTESIAN_POINT('',(-2.88,0.,0.));
#18354=CARTESIAN_POINT('',(-3.88,-2.81836229277747,-2.17495608844181));
#18355=CARTESIAN_POINT('',(-3.88,-3.38026888696126,-1.1168626826256));
#18356=CARTESIAN_POINT('',(-3.88,-3.16106578479343,-1.33606578479343));
#18357=CARTESIAN_POINT('',(-3.88,-3.40915919060964,-1.58415919060964));
#18358=CARTESIAN_POINT('',(-3.88,-3.35,-1.525));
#18359=CARTESIAN_POINT('',(-3.88,-3.35,3.145));
#18360=CARTESIAN_POINT('',(-3.88,-3.35,-3.145));
#18361=CARTESIAN_POINT('',(-3.88,-3.35,-3.145));
#18362=CARTESIAN_POINT('',(-3.88,-2.59915919060964,-2.39415919060964));
#18363=CARTESIAN_POINT('',(-3.88,-2.81836229277747,-2.17495608844181));
#18364=CARTESIAN_POINT('',(-5.88,-2.81836229277747,-2.17495608844181));
#18365=CARTESIAN_POINT('',(-5.88,-3.40915919060964,-1.58415919060964));
#18366=CARTESIAN_POINT('',(-5.88,-3.16106578479343,-1.33606578479343));
#18367=CARTESIAN_POINT('',(-5.88,-3.35,-1.525));
#18368=CARTESIAN_POINT('',(-5.88,-3.38026888696126,-1.1168626826256));
#18369=CARTESIAN_POINT('',(-5.88,-2.81836229277747,-2.17495608844181));
#18370=CARTESIAN_POINT('',(-5.88,-2.59915919060964,-2.39415919060964));
#18371=CARTESIAN_POINT('',(-5.88,-3.35,-3.145));
#18372=CARTESIAN_POINT('',(-5.88,-3.35,-3.145));
#18373=CARTESIAN_POINT('',(-5.88,-3.35,3.145));
#18374=CARTESIAN_POINT('',(-13.44,-3.41480999208033E-17,-3.49));
#18375=CARTESIAN_POINT('',(-13.44,0.52,-3.49));
#18376=CARTESIAN_POINT('',(-13.44,0.52,-3.49));
#18377=CARTESIAN_POINT('',(-13.9,0.52,-3.49));
#18378=CARTESIAN_POINT('',(-13.44,-3.41480999208033E-17,-3.49));
#18379=CARTESIAN_POINT('',(-13.44,-0.52,-3.49));
#18380=CARTESIAN_POINT('',(-13.9,-0.52,-3.49));
#18381=CARTESIAN_POINT('',(-13.9,-0.52,-3.49));
#18382=CARTESIAN_POINT('',(-13.9,0.52,-3.49));
#18383=CARTESIAN_POINT('',(-13.44,0.395979797464467,-3.49));
#18384=CARTESIAN_POINT('',(-13.44,0.395979797464467,-3.49));
#18385=CARTESIAN_POINT('',(-13.0440202025355,0.,-3.49));
#18386=CARTESIAN_POINT('',(-13.8359797974645,0.,-3.49));
#18387=CARTESIAN_POINT('',(-13.8359797974645,0.,-3.49));
#18388=CARTESIAN_POINT('',(-13.44,-0.395979797464467,-3.49));
#18389=CARTESIAN_POINT('',(-13.44,-0.395979797464467,-3.49));
#18390=CARTESIAN_POINT('',(-13.0440202025355,0.,-3.49));
#18391=CARTESIAN_POINT('',(-12.33,0.,0.));
#18392=CARTESIAN_POINT('',(-13.75,0.,0.));
#18393=CARTESIAN_POINT('',(-13.75,0.52,-3.22332514649081));
#18394=CARTESIAN_POINT('',(-13.75,0.52,3.22332514649081));
#18395=CARTESIAN_POINT('',(-12.33,0.52,-3.22332514649081));
#18396=CARTESIAN_POINT('',(-13.9,0.52,-3.22332514649081));
#18397=CARTESIAN_POINT('',(-13.9,0.,0.));
#18398=CARTESIAN_POINT('',(-13.9,-0.52,-3.22332514649081));
#18399=CARTESIAN_POINT('',(-12.33,-0.52,-3.22332514649081));
#18400=CARTESIAN_POINT('',(-13.75,-0.52,-3.22332514649081));
#18401=CARTESIAN_POINT('',(-13.75,0.,0.));
#18402=CARTESIAN_POINT('',(-13.75,-0.52,3.22332514649081));
#18403=CARTESIAN_POINT('',(-12.33,-0.52,3.22332514649081));
#18404=CARTESIAN_POINT('',(-13.9,-0.52,3.22332514649081));
#18405=CARTESIAN_POINT('',(-13.9,0.,0.));
#18406=CARTESIAN_POINT('',(-13.9,0.52,3.22332514649081));
#18407=CARTESIAN_POINT('',(-12.33,0.52,3.22332514649081));
#18408=CARTESIAN_POINT('',(-12.33,3.10615340896099,1.006));
#18409=CARTESIAN_POINT('',(-16.59,3.106153408961,1.006));
#18410=CARTESIAN_POINT('',(-16.42,3.10615340896099,1.006));
#18411=CARTESIAN_POINT('',(-16.59,0.,0.));
#18412=CARTESIAN_POINT('',(-16.59,3.10615340896099,-1.006));
#18413=CARTESIAN_POINT('',(-12.33,3.10615340896099,-1.006));
#18414=CARTESIAN_POINT('',(-16.42,3.10615340896099,-1.006));
#18415=CARTESIAN_POINT('',(-16.42,0.,0.));
#18416=CARTESIAN_POINT('',(-16.84,0.,0.));
#18417=CARTESIAN_POINT('',(-16.84,2.33,0.));
#18418=CARTESIAN_POINT('',(-16.84,2.33,1.006));
#18419=CARTESIAN_POINT('',(-16.84,2.33,-1.006));
#18420=CARTESIAN_POINT('',(-16.84,2.33,-1.006));
#18421=CARTESIAN_POINT('',(-16.84,2.84221550907035,-1.006));
#18422=CARTESIAN_POINT('',(-16.84,0.,0.));
#18423=CARTESIAN_POINT('',(-16.84,2.84221550907035,1.006));
#18424=CARTESIAN_POINT('',(-16.84,4.,1.006));
#18425=CARTESIAN_POINT('',(-16.59,0.,0.));
#18426=CARTESIAN_POINT('',(-16.59,3.10615340896099,1.006));
#18427=CARTESIAN_POINT('',(-16.6236661560104,3.10615340896099,1.006));
#18428=CARTESIAN_POINT('',(-16.6910207403963,3.09154460090515,1.006));
#18429=CARTESIAN_POINT('',(-16.802294529772,3.0105599868349,1.006));
#18430=CARTESIAN_POINT('',(-16.84,2.90921741231495,1.006));
#18431=CARTESIAN_POINT('',(-16.84,2.84221550907035,1.006));
#18432=CARTESIAN_POINT('',(-16.84,2.84221550907035,-1.006));
#18433=CARTESIAN_POINT('',(-16.84,2.90939104610553,-1.006));
#18434=CARTESIAN_POINT('',(-16.802179601755,3.01068172763508,-1.006));
#18435=CARTESIAN_POINT('',(-16.6909679213678,3.09154900681906,-1.006));
#18436=CARTESIAN_POINT('',(-16.6236954135849,3.10615340896099,-1.006));
#18437=CARTESIAN_POINT('',(-16.59,3.10615340896099,-1.006));
#18438=CARTESIAN_POINT('',(-13.75,0.,0.));
#18439=CARTESIAN_POINT('',(-13.72,0.52,3.2537094152941));
#18440=CARTESIAN_POINT('',(-13.7200000016087,0.52,3.24582067451562));
#18441=CARTESIAN_POINT('',(-13.7263712368969,0.52,3.23002676364731));
#18442=CARTESIAN_POINT('',(-13.7421111221478,0.52,3.22332514649081));
#18443=CARTESIAN_POINT('',(-13.75,0.52,3.22332514649081));
#18444=CARTESIAN_POINT('',(-13.72,0.52,3.2537094152941));
#18445=CARTESIAN_POINT('',(-13.72,0.,0.));
#18446=CARTESIAN_POINT('',(-13.72,0.52,-3.2537094152941));
#18447=CARTESIAN_POINT('',(-13.75,0.52,-3.22332514649081));
#18448=CARTESIAN_POINT('',(-13.7421004324321,0.52,-3.22332514649081));
#18449=CARTESIAN_POINT('',(-13.7263700950481,0.52,-3.23002094963697));
#18450=CARTESIAN_POINT('',(-13.7200000016036,0.52,-3.24584553620082));
#18451=CARTESIAN_POINT('',(-13.72,0.52,-3.2537094152941));
#18452=CARTESIAN_POINT('',(-13.75,0.,0.));
#18453=CARTESIAN_POINT('',(-13.72,-0.52,-3.2537094152941));
#18454=CARTESIAN_POINT('',(-13.7200000016129,-0.52,-3.2457998214245));
#18455=CARTESIAN_POINT('',(-13.7263974130681,-0.52,-3.2300257786834));
#18456=CARTESIAN_POINT('',(-13.7420811533509,-0.52,-3.22332514649081));
#18457=CARTESIAN_POINT('',(-13.75,-0.52,-3.22332514649081));
#18458=CARTESIAN_POINT('',(-13.72,-0.52,-3.2537094152941));
#18459=CARTESIAN_POINT('',(-13.72,0.,0.));
#18460=CARTESIAN_POINT('',(-13.72,-0.52,3.2537094152941));
#18461=CARTESIAN_POINT('',(-13.75,-0.52,3.22332514649081));
#18462=CARTESIAN_POINT('',(-13.742083399088,-0.52,3.22332514649081));
#18463=CARTESIAN_POINT('',(-13.7263671834781,-0.52,3.23007015387674));
#18464=CARTESIAN_POINT('',(-13.7200000016189,-0.52,3.24577045257277));
#18465=CARTESIAN_POINT('',(-13.72,-0.52,3.2537094152941));
#18466=CARTESIAN_POINT('',(-13.69,0.,0.));
#18467=CARTESIAN_POINT('',(-13.72,0.52,3.2537094152941));
#18468=CARTESIAN_POINT('',(-13.7200000016198,0.52,3.26165280603728));
#18469=CARTESIAN_POINT('',(-13.7136073146861,0.52,3.27738234987983));
#18470=CARTESIAN_POINT('',(-13.6978904149044,0.52,3.28408663101326));
#18471=CARTESIAN_POINT('',(-13.69,0.52,3.28408663101326));
#18472=CARTESIAN_POINT('',(-13.69,0.52,3.28408663101326));
#18473=CARTESIAN_POINT('',(-13.69,0.,0.));
#18474=CARTESIAN_POINT('',(-13.69,0.52,-3.28408663101326));
#18475=CARTESIAN_POINT('',(-13.69,0.52,-3.28408663101326));
#18476=CARTESIAN_POINT('',(-13.6978934201163,0.52,-3.28408663101326));
#18477=CARTESIAN_POINT('',(-13.7136513202311,0.52,-3.27735212735521));
#18478=CARTESIAN_POINT('',(-13.7200000016132,0.52,-3.26162044453103));
#18479=CARTESIAN_POINT('',(-13.72,0.52,-3.2537094152941));
#18480=CARTESIAN_POINT('',(-13.69,0.,0.));
#18481=CARTESIAN_POINT('',(-13.72,-0.52,-3.2537094152941));
#18482=CARTESIAN_POINT('',(-13.7200000016127,-0.52,-3.26161779819851));
#18483=CARTESIAN_POINT('',(-13.7136096995947,-0.52,-3.27738812798271));
#18484=CARTESIAN_POINT('',(-13.6979086628477,-0.52,-3.28408663101326));
#18485=CARTESIAN_POINT('',(-13.69,-0.52,-3.28408663101326));
#18486=CARTESIAN_POINT('',(-13.69,-0.52,-3.28408663101326));
#18487=CARTESIAN_POINT('',(-13.69,0.,0.));
#18488=CARTESIAN_POINT('',(-13.69,-0.52,3.28408663101326));
#18489=CARTESIAN_POINT('',(-13.69,-0.52,3.28408663101326));
#18490=CARTESIAN_POINT('',(-13.697926823382,-0.52,3.28408663101326));
#18491=CARTESIAN_POINT('',(-13.7136182170575,-0.52,3.27739158622631));
#18492=CARTESIAN_POINT('',(-13.7200000016039,-0.52,3.26157499813965));
#18493=CARTESIAN_POINT('',(-13.72,-0.52,3.2537094152941));
#18494=CARTESIAN_POINT('',(-12.33,0.,0.));
#18495=CARTESIAN_POINT('',(-12.33,-0.52,3.28408663101326));
#18496=CARTESIAN_POINT('',(-13.44,-0.52,3.28408663101326));
#18497=CARTESIAN_POINT('',(-12.33,-0.52,-3.28408663101326));
#18498=CARTESIAN_POINT('',(-13.44,-0.52,-3.28408663101326));
#18499=CARTESIAN_POINT('',(-13.42,-0.519615242270663,-3.28414753018192));
#18500=CARTESIAN_POINT('',(-13.426658971784,-0.519871546214129,-3.28410697797333));
#18501=CARTESIAN_POINT('',(-13.4333256262169,-0.52,-3.28408663101326));
#18502=CARTESIAN_POINT('',(-13.44,-0.52,-3.28408663101326));
#18503=CARTESIAN_POINT('',(-13.42,-0.519615242270663,-3.28414753018192));
#18504=CARTESIAN_POINT('',(-13.42,0.,0.));
#18505=CARTESIAN_POINT('',(-13.42,-0.519615242270663,3.28414753018192));
#18506=CARTESIAN_POINT('',(-13.44,-0.52,3.28408663101326));
#18507=CARTESIAN_POINT('',(-13.4333111244289,-0.52,3.28408663101326));
#18508=CARTESIAN_POINT('',(-13.4266445888682,-0.519870992615443,3.28410706556328));
#18509=CARTESIAN_POINT('',(-13.42,-0.519615242270663,3.28414753018192));
#18510=CARTESIAN_POINT('',(-12.33,0.,0.));
#18511=CARTESIAN_POINT('',(-12.33,0.52,-3.28408663101326));
#18512=CARTESIAN_POINT('',(-13.44,0.52,-3.28408663101326));
#18513=CARTESIAN_POINT('',(-12.33,0.52,3.28408663101326));
#18514=CARTESIAN_POINT('',(-13.44,0.52,3.28408663101326));
#18515=CARTESIAN_POINT('',(-13.42,0.519615242270663,3.28414753018192));
#18516=CARTESIAN_POINT('',(-13.426658971784,0.519871546214129,3.28410697797333));
#18517=CARTESIAN_POINT('',(-13.4333256262169,0.52,3.28408663101326));
#18518=CARTESIAN_POINT('',(-13.44,0.52,3.28408663101326));
#18519=CARTESIAN_POINT('',(-13.42,0.519615242270663,3.28414753018192));
#18520=CARTESIAN_POINT('',(-13.42,0.,0.));
#18521=CARTESIAN_POINT('',(-13.42,0.519615242270663,-3.28414753018192));
#18522=CARTESIAN_POINT('',(-13.44,0.52,-3.28408663101326));
#18523=CARTESIAN_POINT('',(-13.4333111244289,0.52,-3.28408663101326));
#18524=CARTESIAN_POINT('',(-13.4266445888682,0.519870992615443,-3.28410706556328));
#18525=CARTESIAN_POINT('',(-13.42,0.519615242270663,-3.28414753018192));
#18526=CARTESIAN_POINT('',(-13.42,3.325,0.));
#18527=CARTESIAN_POINT('',(-13.42,-0.519615242270663,3.49));
#18528=CARTESIAN_POINT('',(-13.42,-0.519615242270663,-3.35144774030445));
#18529=CARTESIAN_POINT('',(-13.42,0.,0.));
#18530=CARTESIAN_POINT('',(-13.42,-0.519615242270663,3.35144774030445));
#18531=CARTESIAN_POINT('',(-13.42,-0.519615242270663,3.49));
#18532=CARTESIAN_POINT('',(-13.42,3.325,0.));
#18533=CARTESIAN_POINT('',(-13.42,0.519615242270663,3.49));
#18534=CARTESIAN_POINT('',(-13.42,0.519615242270663,-3.35144774030445));
#18535=CARTESIAN_POINT('',(-13.42,0.519615242270663,3.49));
#18536=CARTESIAN_POINT('',(-13.42,0.519615242270663,3.35144774030445));
#18537=CARTESIAN_POINT('',(-13.42,0.,0.));
#18538=CARTESIAN_POINT('',(-13.39,0.,0.));
#18539=CARTESIAN_POINT('',(-13.3910469849011,0.,0.));
#18540=CARTESIAN_POINT('',(-13.3910469849011,-0.51769064344715,3.38207963765992));
#18541=CARTESIAN_POINT('',(-13.3910469849011,-0.51769064344715,-3.38207963765992));
#18542=CARTESIAN_POINT('',(-13.3910469849011,-0.51769064344715,3.38207963765992));
#18543=CARTESIAN_POINT('',(-13.4066247203072,-0.519163679759849,3.38130383943709));
#18544=CARTESIAN_POINT('',(-13.42,-0.519615242270663,3.36688965738022));
#18545=CARTESIAN_POINT('',(-13.42,-0.519615242270663,3.35144774030445));
#18546=CARTESIAN_POINT('',(-13.42,-0.519615242270682,-3.35144774030445));
#18547=CARTESIAN_POINT('',(-13.42,-0.519615242270682,-3.36690624221106));
#18548=CARTESIAN_POINT('',(-13.4066192403503,-0.51916316157314,-3.38130411234843));
#18549=CARTESIAN_POINT('',(-13.3910469849011,-0.517690643447151,-3.38207963765992));
#18550=CARTESIAN_POINT('',(-13.39,0.,0.));
#18551=CARTESIAN_POINT('',(-13.3910469849011,0.,0.));
#18552=CARTESIAN_POINT('',(-13.3910469849011,0.51769064344715,-3.38207963765992));
#18553=CARTESIAN_POINT('',(-13.3910469849011,0.51769064344715,3.38207963765992));
#18554=CARTESIAN_POINT('',(-13.3910469849011,0.51769064344715,-3.38207963765992));
#18555=CARTESIAN_POINT('',(-13.4066247203072,0.519163679759849,-3.38130383943709));
#18556=CARTESIAN_POINT('',(-13.42,0.519615242270663,-3.36688965738022));
#18557=CARTESIAN_POINT('',(-13.42,0.519615242270663,-3.35144774030445));
#18558=CARTESIAN_POINT('',(-13.42,0.519615242270682,3.35144774030445));
#18559=CARTESIAN_POINT('',(-13.42,0.519615242270682,3.36690624221106));
#18560=CARTESIAN_POINT('',(-13.4066192403503,0.51916316157314,3.38130411234843));
#18561=CARTESIAN_POINT('',(-13.3910469849011,0.51769064344715,3.38207963765992));
#18562=CARTESIAN_POINT('',(-13.3910469849011,0.,0.));
#18563=CARTESIAN_POINT('',(-13.29,-0.497895571380184,-3.38861697451925));
#18564=CARTESIAN_POINT('',(-13.3229985507845,-0.507836978579194,-3.38599155850885));
#18565=CARTESIAN_POINT('',(-13.3566784487092,-0.514440742193525,-3.38379125033045));
#18566=CARTESIAN_POINT('',(-13.3910469849011,-0.51769064344715,-3.38207963765992));
#18567=CARTESIAN_POINT('',(-13.29,-0.497895571380184,-3.38861697451925));
#18568=CARTESIAN_POINT('',(-13.29,0.,0.));
#18569=CARTESIAN_POINT('',(-13.29,-0.497895571380184,3.38861697451925));
#18570=CARTESIAN_POINT('',(-13.3910469849011,-0.51769064344715,3.38207963765992));
#18571=CARTESIAN_POINT('',(-13.3566784487092,-0.514440742193525,3.38379125033045));
#18572=CARTESIAN_POINT('',(-13.3229985507845,-0.507836978579194,3.38599155850885));
#18573=CARTESIAN_POINT('',(-13.29,-0.497895571380184,3.38861697451925));
#18574=CARTESIAN_POINT('',(-13.3910469849011,0.,0.));
#18575=CARTESIAN_POINT('',(-13.3910469849011,0.51769064344715,-3.38207963765992));
#18576=CARTESIAN_POINT('',(-13.3566784487092,0.514440742193525,-3.38379125033045));
#18577=CARTESIAN_POINT('',(-13.3229985507845,0.507836978579194,-3.38599155850885));
#18578=CARTESIAN_POINT('',(-13.29,0.497895571380184,-3.38861697451925));
#18579=CARTESIAN_POINT('',(-13.29,0.497895571380184,-3.38861697451925));
#18580=CARTESIAN_POINT('',(-13.29,0.497895571380184,3.38861697451925));
#18581=CARTESIAN_POINT('',(-13.3229985507845,0.507836978579193,3.38599155850885));
#18582=CARTESIAN_POINT('',(-13.3566784487092,0.514440742193525,3.38379125033045));
#18583=CARTESIAN_POINT('',(-13.3910469849011,0.51769064344715,3.38207963765992));
#18584=CARTESIAN_POINT('',(-13.29,0.497895571380184,3.38861697451925));
#18585=CARTESIAN_POINT('',(-13.29,0.,0.));
#18586=CARTESIAN_POINT('',(-13.29,0.,0.));
#18587=CARTESIAN_POINT('',(-13.0565569752954,-0.351242717796935,-3.29748961941268));
#18588=CARTESIAN_POINT('',(-13.0889902740165,-0.386649351251909,-3.30892762033614));
#18589=CARTESIAN_POINT('',(-13.1612731257754,-0.446300382263286,-3.33545848122083));
#18590=CARTESIAN_POINT('',(-13.2462918858106,-0.484727715497798,-3.36995149077925));
#18591=CARTESIAN_POINT('',(-13.29,-0.497895571380185,-3.38861697451925));
#18592=CARTESIAN_POINT('',(-13.0565569752954,-0.351242717796935,-3.29748961941267));
#18593=CARTESIAN_POINT('',(-13.0565569752954,0.,0.));
#18594=CARTESIAN_POINT('',(-13.0565569752954,-0.351242717796935,3.29748961941267));
#18595=CARTESIAN_POINT('',(-13.29,-0.497895571380184,3.38861697451925));
#18596=CARTESIAN_POINT('',(-13.2463164952709,-0.484735129540544,3.36996200021189));
#18597=CARTESIAN_POINT('',(-13.162925491696,-0.447338596328548,3.33609870693736));
#18598=CARTESIAN_POINT('',(-13.0889733166245,-0.386630839284686,3.30892164010369));
#18599=CARTESIAN_POINT('',(-13.0565569752954,-0.351242717796935,3.29748961941267));
#18600=CARTESIAN_POINT('',(-13.29,0.,0.));
#18601=CARTESIAN_POINT('',(-13.29,0.497895571380184,-3.38861697451925));
#18602=CARTESIAN_POINT('',(-13.2463164952709,0.484735129540544,-3.36996200021189));
#18603=CARTESIAN_POINT('',(-13.162925491696,0.447338596328548,-3.33609870693736));
#18604=CARTESIAN_POINT('',(-13.0889733166245,0.386630839284686,-3.30892164010369));
#18605=CARTESIAN_POINT('',(-13.0565569752954,0.351242717796935,-3.29748961941267));
#18606=CARTESIAN_POINT('',(-13.0565569752954,0.351242717796935,-3.29748961941267));
#18607=CARTESIAN_POINT('',(-13.0565569752954,0.351242717796935,3.29748961941268));
#18608=CARTESIAN_POINT('',(-13.0889902740165,0.386649351251909,3.30892762033614));
#18609=CARTESIAN_POINT('',(-13.1612731257754,0.446300382263286,3.33545848122083));
#18610=CARTESIAN_POINT('',(-13.2462918858106,0.484727715497798,3.36995149077925));
#18611=CARTESIAN_POINT('',(-13.29,0.497895571380184,3.38861697451925));
#18612=CARTESIAN_POINT('',(-13.0565569752954,0.351242717796935,3.29748961941267));
#18613=CARTESIAN_POINT('',(-13.0565569752954,0.,0.));
#18614=CARTESIAN_POINT('',(-12.845247844425,0.,0.));
#18615=CARTESIAN_POINT('',(-12.8626975927763,0.,0.));
#18616=CARTESIAN_POINT('',(-12.8626975927763,0.,-3.26960220984615));
#18617=CARTESIAN_POINT('',(-13.0565569752954,-0.351242717796935,3.29748961941267));
#18618=CARTESIAN_POINT('',(-13.0351210884034,-0.327841687994396,3.28992999076761));
#18619=CARTESIAN_POINT('',(-12.9966680725443,-0.277396269661787,3.28040276493895));
#18620=CARTESIAN_POINT('',(-12.9381046234688,-0.1611067076432,3.27389516562851));
#18621=CARTESIAN_POINT('',(-12.9079418617938,-4.55459666915488E-5,3.27556792993776));
#18622=CARTESIAN_POINT('',(-12.944095397707,0.193141844557342,3.27367018623346));
#18623=CARTESIAN_POINT('',(-13.0137252795864,0.304484410439352,3.28238449614766));
#18624=CARTESIAN_POINT('',(-13.0565569752954,0.351242717796958,3.29748961941264));
#18625=CARTESIAN_POINT('',(-13.0565569752954,0.351242717796936,-3.29748961941267));
#18626=CARTESIAN_POINT('',(-13.0351210884034,0.327841687994396,-3.28992999076761));
#18627=CARTESIAN_POINT('',(-12.9966680725443,0.277396269661787,-3.28040276493895));
#18628=CARTESIAN_POINT('',(-12.9381046234688,0.1611067076432,-3.27389516562852));
#18629=CARTESIAN_POINT('',(-12.9079418617938,4.55459666914225E-5,-3.27556792993776));
#18630=CARTESIAN_POINT('',(-12.944095397707,-0.193141844557342,-3.27367018623347));
#18631=CARTESIAN_POINT('',(-13.0137252795864,-0.304484410439352,-3.28238449614766));
#18632=CARTESIAN_POINT('',(-13.0565569752954,-0.351242717796958,-3.29748961941264));
#18633=CARTESIAN_POINT('',(-11.1829147807636,0.,0.));
#18634=CARTESIAN_POINT('',(-9.78,-1.61061929608968,-3.33438367364399));
#18635=CARTESIAN_POINT('',(-10.2132931344108,-1.59417269725122,-3.33392866563599));
#18636=CARTESIAN_POINT('',(-10.6466323760703,-1.5790373741297,-3.33274601906379));
#18637=CARTESIAN_POINT('',(-11.08,-1.56478362342776,-3.33108424476765));
#18638=CARTESIAN_POINT('',(-11.08,-1.56478362342776,-3.33108424476765));
#18639=CARTESIAN_POINT('',(-11.08,0.,0.));
#18640=CARTESIAN_POINT('',(-11.08,-1.53692365654414,-3.34402986048899));
#18641=CARTESIAN_POINT('',(-11.1829147807636,-1.53602158205338,-3.34246742163877));
#18642=CARTESIAN_POINT('',(-11.1486098538647,-1.53632227418619,-3.34298823569024));
#18643=CARTESIAN_POINT('',(-11.1143049269435,-1.5366229656828,-3.34350904863977));
#18644=CARTESIAN_POINT('',(-11.08,-1.53692365654414,-3.34402986048899));
#18645=CARTESIAN_POINT('',(-11.08,3.66447663846926,-0.341));
#18646=CARTESIAN_POINT('',(-11.1143049269435,3.66387525674658,-0.341));
#18647=CARTESIAN_POINT('',(-11.1486098538647,3.66327387375337,-0.341));
#18648=CARTESIAN_POINT('',(-11.1829147807636,3.66267248948774,-0.341));
#18649=CARTESIAN_POINT('',(-11.08,3.66447663846926,-0.341));
#18650=CARTESIAN_POINT('',(-11.08,0.,0.));
#18651=CARTESIAN_POINT('',(-11.08,3.66719538982877,-0.310399753069525));
#18652=CARTESIAN_POINT('',(-11.08,3.66719538982877,-0.310399753069524));
#18653=CARTESIAN_POINT('',(-10.6466325099385,3.67576140128949,-0.298886533566957));
#18654=CARTESIAN_POINT('',(-10.2132929916773,3.68435327031022,-0.286370274361906));
#18655=CARTESIAN_POINT('',(-9.78,3.69297061538462,-0.272354610582923));
#18656=CARTESIAN_POINT('',(-11.1829147807636,0.,0.));
#18657=CARTESIAN_POINT('',(-11.08,0.,0.));
#18658=CARTESIAN_POINT('',(-11.08,-1.53692365654414,3.34402986048899));
#18659=CARTESIAN_POINT('',(-11.08,-1.56478362342776,3.33108424476765));
#18660=CARTESIAN_POINT('',(-11.08,-1.56478362342776,3.33108424476765));
#18661=CARTESIAN_POINT('',(-10.6466325099385,-1.57903736972669,3.33274601855046));
#18662=CARTESIAN_POINT('',(-10.2132929916773,-1.59417270266898,3.33392866578588));
#18663=CARTESIAN_POINT('',(-9.78,-1.61061929608968,3.33438367364399));
#18664=CARTESIAN_POINT('',(-9.78,3.69297061538461,0.272354610582923));
#18665=CARTESIAN_POINT('',(-10.2132931344108,3.68435326747153,0.286370278978884));
#18666=CARTESIAN_POINT('',(-10.6466323760703,3.67576140393555,0.298886530010499));
#18667=CARTESIAN_POINT('',(-11.08,3.66719538982877,0.310399753069524));
#18668=CARTESIAN_POINT('',(-11.08,3.66719538982877,0.310399753069525));
#18669=CARTESIAN_POINT('',(-11.08,0.,0.));
#18670=CARTESIAN_POINT('',(-11.08,3.66447663846926,0.341));
#18671=CARTESIAN_POINT('',(-11.1829147807636,3.66267248948774,0.341));
#18672=CARTESIAN_POINT('',(-11.1486098538647,3.66327387375337,0.341));
#18673=CARTESIAN_POINT('',(-11.1143049269435,3.66387525674658,0.341));
#18674=CARTESIAN_POINT('',(-11.08,3.66447663846926,0.341));
#18675=CARTESIAN_POINT('',(-11.08,-1.53692365654414,3.34402986048899));
#18676=CARTESIAN_POINT('',(-11.1143049269435,-1.5366229656828,3.34350904863977));
#18677=CARTESIAN_POINT('',(-11.1486098538647,-1.53632227418619,3.34298823569025));
#18678=CARTESIAN_POINT('',(-11.1829147807636,-1.53602158205338,3.34246742163878));
#18679=CARTESIAN_POINT('',(-11.91,0.,0.));
#18680=CARTESIAN_POINT('',(-11.91,2.08,-2.075));
#18681=CARTESIAN_POINT('',(-11.91,-2.08,-2.075));
#18682=CARTESIAN_POINT('',(-11.91,-2.08,2.075));
#18683=CARTESIAN_POINT('',(-11.91,2.08,2.075));
#18684=CARTESIAN_POINT('',(-1.63,3.263,0.));
#18685=CARTESIAN_POINT('',(0.,3.244548244167,0.));
#18686=CARTESIAN_POINT('',(0.,0.,0.));
#18687=CARTESIAN_POINT('',(0.,0.,-2.25));
#18688=CARTESIAN_POINT('',(0.,2.07889393668845,-2.07889393668845));
#18689=CARTESIAN_POINT('',(0.,2.07889393668845,-2.27389393668845));
#18690=CARTESIAN_POINT('',(0.,-2.07889393668845,2.07889393668845));
#18691=CARTESIAN_POINT('',(0.,-2.07889393668845,1.88389393668845));
#18692=CARTESIAN_POINT('',(0.,-2.07889393668845,-2.07889393668845));
#18693=CARTESIAN_POINT('',(0.,-2.07889393668845,-2.27389393668845));
#18694=CARTESIAN_POINT('',(0.,2.07889393668845,2.07889393668845));
#18695=CARTESIAN_POINT('',(0.,2.07889393668845,1.88389393668845));
#18696=CARTESIAN_POINT('',(0.12,0.,0.));
#18697=CARTESIAN_POINT('',(0.1,0.,0.));
#18698=CARTESIAN_POINT('',(0.1,0.,-2.25));
#18699=CARTESIAN_POINT('',(0.1,0.,0.));
#18700=CARTESIAN_POINT('',(0.12,0.,0.));
#18701=CARTESIAN_POINT('',(0.12,0.,-2.23));
#18702=CARTESIAN_POINT('',(0.12,2.23,0.));
#18703=CARTESIAN_POINT('',(0.120000000000002,2.01502128038432E-30,0.));
#18704=CARTESIAN_POINT('',(0.12,1.995,0.));
#18705=CARTESIAN_POINT('',(-10.41,2.08,-2.075));
#18706=CARTESIAN_POINT('',(-12.33,2.08,-2.075));
#18707=CARTESIAN_POINT('',(-12.33,2.19178830812828,-2.37483891369503));
#18708=CARTESIAN_POINT('',(-12.33,2.38010709018068,-2.18606635144491));
#18709=CARTESIAN_POINT('',(-12.33,2.08,-2.075));
#18710=CARTESIAN_POINT('',(-12.33,2.08,-2.075));
#18711=CARTESIAN_POINT('',(-12.33,0.,0.));
#18712=CARTESIAN_POINT('',(-10.41,2.08,2.075));
#18713=CARTESIAN_POINT('',(-12.33,2.08,2.075));
#18714=CARTESIAN_POINT('',(-12.33,2.38010709018068,2.18606635144491));
#18715=CARTESIAN_POINT('',(-12.33,2.19178830812828,2.37483891369503));
#18716=CARTESIAN_POINT('',(-12.33,2.08,2.075));
#18717=CARTESIAN_POINT('',(-12.33,2.08,2.075));
#18718=CARTESIAN_POINT('',(-12.33,0.,0.));
#18719=CARTESIAN_POINT('',(-10.41,-2.08,-2.075));
#18720=CARTESIAN_POINT('',(-12.33,-2.08,-2.075));
#18721=CARTESIAN_POINT('',(-12.33,-2.38010709018068,-2.18606635144491));
#18722=CARTESIAN_POINT('',(-12.33,-2.19178830812828,-2.37483891369503));
#18723=CARTESIAN_POINT('',(-12.33,-2.08,-2.075));
#18724=CARTESIAN_POINT('',(-12.33,-2.08,-2.075));
#18725=CARTESIAN_POINT('',(-12.33,0.,0.));
#18726=CARTESIAN_POINT('',(-10.41,-2.08,2.075));
#18727=CARTESIAN_POINT('',(-12.33,-2.08,2.075));
#18728=CARTESIAN_POINT('',(-12.33,-2.19178830812828,2.37483891369503));
#18729=CARTESIAN_POINT('',(-12.33,-2.38010709018068,2.18606635144491));
#18730=CARTESIAN_POINT('',(-12.33,-2.08,2.075));
#18731=CARTESIAN_POINT('',(-12.33,-2.08,2.075));
#18732=CARTESIAN_POINT('',(-12.33,0.,0.));
#18733=CARTESIAN_POINT('',(-12.8626975927763,0.,0.));
#18734=CARTESIAN_POINT('',(-12.3493020100659,0.,0.));
#18735=CARTESIAN_POINT('',(-12.3493020100659,0.,-3.25167404104424));
#18736=CARTESIAN_POINT('',(-12.35,0.,0.));
#18737=CARTESIAN_POINT('',(-12.33,0.,0.));
#18738=CARTESIAN_POINT('',(-12.33,0.,0.));
#18739=CARTESIAN_POINT('',(-12.33,0.,0.));
#18740=CARTESIAN_POINT('',(-12.33,0.,0.));
#18741=CARTESIAN_POINT('',(-12.33,3.23168622450386,0.));
#18742=CARTESIAN_POINT('',(-11.08,3.46,3.41480999208033E-17));
#18743=CARTESIAN_POINT('',(-11.08,3.46,0.));
#18744=CARTESIAN_POINT('',(-11.08,3.46,-0.205));
#18745=CARTESIAN_POINT('',(-11.08,3.25,0.));
#18746=CARTESIAN_POINT('',(-11.08,3.46,-0.341));
#18747=CARTESIAN_POINT('',(-11.08,3.46,-0.341));
#18748=CARTESIAN_POINT('',(-11.08,3.46,3.41480999208033E-17));
#18749=CARTESIAN_POINT('',(-11.08,3.46,0.341));
#18750=CARTESIAN_POINT('',(-11.08,4.46,0.341));
#18751=CARTESIAN_POINT('',(-11.08,4.46,0.341));
#18752=CARTESIAN_POINT('',(-11.08,3.46,0.341));
#18753=CARTESIAN_POINT('',(-11.08,3.46,3.41480999208033E-17));
#18754=CARTESIAN_POINT('',(-11.08,3.46,-0.341));
#18755=CARTESIAN_POINT('',(-11.08,3.46,-0.341));
#18756=CARTESIAN_POINT('',(-11.08,-1.73,2.99644789709416));
#18757=CARTESIAN_POINT('',(-11.08,-1.73,2.99644789709416));
#18758=CARTESIAN_POINT('',(-11.08,-1.73,2.79144789709416));
#18759=CARTESIAN_POINT('',(-11.08,-1.625,2.81458256229943));
#18760=CARTESIAN_POINT('',(-11.08,-1.43468533730951,3.16694789709416));
#18761=CARTESIAN_POINT('',(-11.08,-1.43468533730951,3.16694789709416));
#18762=CARTESIAN_POINT('',(-11.08,-1.73,2.99644789709416));
#18763=CARTESIAN_POINT('',(-11.08,-2.02531466269049,2.82594789709416));
#18764=CARTESIAN_POINT('',(-11.08,-2.52531466269049,3.6919733008786));
#18765=CARTESIAN_POINT('',(-11.08,-1.43468533730951,3.16694789709416));
#18766=CARTESIAN_POINT('',(-11.08,-1.43468533730951,3.16694789709416));
#18767=CARTESIAN_POINT('',(-11.08,-2.52531466269049,3.6919733008786));
#18768=CARTESIAN_POINT('',(-11.08,-2.02531466269049,2.82594789709416));
#18769=CARTESIAN_POINT('',(-11.08,-1.73,2.99644789709416));
#18770=CARTESIAN_POINT('',(-11.08,-1.73,-2.99644789709416));
#18771=CARTESIAN_POINT('',(-11.08,-1.73,-2.99644789709416));
#18772=CARTESIAN_POINT('',(-11.08,-1.73,-3.20144789709416));
#18773=CARTESIAN_POINT('',(-11.08,-2.02531466269049,-2.82594789709416));
#18774=CARTESIAN_POINT('',(-11.08,-2.02531466269049,-2.82594789709416));
#18775=CARTESIAN_POINT('',(-11.08,-1.73,-2.99644789709416));
#18776=CARTESIAN_POINT('',(-11.08,-1.43468533730951,-3.16694789709416));
#18777=CARTESIAN_POINT('',(-11.08,-1.93468533730951,-4.0329733008786));
#18778=CARTESIAN_POINT('',(-11.08,-1.625,-2.81458256229943));
#18779=CARTESIAN_POINT('',(-11.08,-1.93468533730951,-4.0329733008786));
#18780=CARTESIAN_POINT('',(-11.08,-1.43468533730951,-3.16694789709416));
#18781=CARTESIAN_POINT('',(-11.08,-1.73,-2.99644789709416));
#18782=CARTESIAN_POINT('',(-11.08,-2.02531466269049,-2.82594789709416));
#18783=CARTESIAN_POINT('',(-11.08,-2.02531466269049,-2.82594789709416));
#18784=CARTESIAN_POINT('',(-11.08,3.25,0.));
#18785=CARTESIAN_POINT('',(-11.08,-1.625,2.81458256229943));
#18786=CARTESIAN_POINT('',(-11.08,-1.625,-2.81458256229943));
#18787=CARTESIAN_POINT('',(-13.44,-3.41480999208033E-17,3.49));
#18788=CARTESIAN_POINT('',(-13.44,0.52,3.49));
#18789=CARTESIAN_POINT('',(-13.44,-0.52,3.49));
#18790=CARTESIAN_POINT('',(-13.9,-0.52,3.49));
#18791=CARTESIAN_POINT('',(-13.9,-0.52,3.49));
#18792=CARTESIAN_POINT('',(-13.44,0.52,3.49));
#18793=CARTESIAN_POINT('',(-13.9,0.52,3.49));
#18794=CARTESIAN_POINT('',(-13.9,0.52,3.49));
#18795=CARTESIAN_POINT('',(-13.9,0.52,3.49));
#18796=CARTESIAN_POINT('',(-13.9,0.52,3.49));
#18797=CARTESIAN_POINT('',(-13.9,0.52,3.49));
#18798=CARTESIAN_POINT('',(-13.9,-0.52,3.49));
#18799=CARTESIAN_POINT('',(-13.9,-0.52,3.49));
#18800=CARTESIAN_POINT('',(-13.9,0.52,3.49));
#18801=CARTESIAN_POINT('',(-13.9,-0.125,3.49));
#18802=CARTESIAN_POINT('',(-13.9,0.52,3.49));
#18803=CARTESIAN_POINT('',(-13.9,0.125,3.49));
#18804=CARTESIAN_POINT('',(-13.9,0.52,3.49));
#18805=CARTESIAN_POINT('',(-13.44,0.52,3.49));
#18806=CARTESIAN_POINT('',(-13.44,0.52,3.49));
#18807=CARTESIAN_POINT('',(-13.44,0.52,3.49));
#18808=CARTESIAN_POINT('',(-13.44,0.52,3.49));
#18809=CARTESIAN_POINT('',(-13.9,-0.52,3.49));
#18810=CARTESIAN_POINT('',(-13.44,-0.52,3.49));
#18811=CARTESIAN_POINT('',(-13.44,-0.52,3.49));
#18812=CARTESIAN_POINT('',(-13.9,-0.52,3.49));
#18813=CARTESIAN_POINT('',(-13.44,-3.41480999208033E-17,3.49));
#18814=CARTESIAN_POINT('',(-13.44,-3.41480999208033E-17,3.49));
#18815=CARTESIAN_POINT('',(-13.44,-3.41480999208033E-17,3.49));
#18816=CARTESIAN_POINT('',(-13.8618708333128,0.125,3.49));
#18817=CARTESIAN_POINT('',(-13.8618708333128,0.125,3.49));
#18818=CARTESIAN_POINT('',(-13.44,-6.14665798574459E-16,3.49));
#18819=CARTESIAN_POINT('',(-13.7591885921294,0.302850858764558,3.49));
#18820=CARTESIAN_POINT('',(-13.790314634611,0.356762745781211,3.49));
#18821=CARTESIAN_POINT('',(-13.790314634611,0.356762745781211,3.49));
#18822=CARTESIAN_POINT('',(-13.44,4.09777199049639E-16,3.49));
#18823=CARTESIAN_POINT('',(-13.5738082836649,0.481762745781211,3.49));
#18824=CARTESIAN_POINT('',(-13.5426822411833,0.427850858764558,3.49));
#18825=CARTESIAN_POINT('',(-13.5426822411833,0.427850858764558,3.49));
#18826=CARTESIAN_POINT('',(-13.44,-2.0488859952482E-16,3.49));
#18827=CARTESIAN_POINT('',(-13.3373177588167,0.427850858764558,3.49));
#18828=CARTESIAN_POINT('',(-13.3061917163351,0.48176274578121,3.49));
#18829=CARTESIAN_POINT('',(-13.3061917163351,0.48176274578121,3.49));
#18830=CARTESIAN_POINT('',(-13.44,-4.78073398891246E-15,3.49));
#18831=CARTESIAN_POINT('',(-13.089685365389,0.356762745781211,3.49));
#18832=CARTESIAN_POINT('',(-13.1208114078706,0.302850858764558,3.49));
#18833=CARTESIAN_POINT('',(-13.1208114078706,0.302850858764558,3.49));
#18834=CARTESIAN_POINT('',(-13.44,8.87850597940886E-16,3.49));
#18835=CARTESIAN_POINT('',(-13.0181291666872,0.125,3.49));
#18836=CARTESIAN_POINT('',(-12.9558770817241,0.125,3.49));
#18837=CARTESIAN_POINT('',(-12.9558770817241,0.125,3.49));
#18838=CARTESIAN_POINT('',(-13.44,0.,3.49));
#18839=CARTESIAN_POINT('',(-12.9558770817241,-0.125,3.49));
#18840=CARTESIAN_POINT('',(-13.0181291666872,-0.125,3.49));
#18841=CARTESIAN_POINT('',(-13.0181291666872,-0.125,3.49));
#18842=CARTESIAN_POINT('',(-13.44,1.63910879619856E-15,3.49));
#18843=CARTESIAN_POINT('',(-13.1208114078706,-0.302850858764558,3.49));
#18844=CARTESIAN_POINT('',(-13.089685365389,-0.356762745781211,3.49));
#18845=CARTESIAN_POINT('',(-13.089685365389,-0.356762745781211,3.49));
#18846=CARTESIAN_POINT('',(-13.44,5.46369598732853E-16,3.49));
#18847=CARTESIAN_POINT('',(-13.3061917163351,-0.481762745781211,3.49));
#18848=CARTESIAN_POINT('',(-13.3373177588167,-0.427850858764558,3.49));
#18849=CARTESIAN_POINT('',(-13.3373177588167,-0.427850858764558,3.49));
#18850=CARTESIAN_POINT('',(-13.44,-1.09273919746571E-15,3.49));
#18851=CARTESIAN_POINT('',(-13.5426822411833,-0.427850858764558,3.49));
#18852=CARTESIAN_POINT('',(-13.5738082836649,-0.48176274578121,3.49));
#18853=CARTESIAN_POINT('',(-13.5738082836649,-0.48176274578121,3.49));
#18854=CARTESIAN_POINT('',(-13.44,-1.84399739572338E-15,3.49));
#18855=CARTESIAN_POINT('',(-13.790314634611,-0.35676274578121,3.49));
#18856=CARTESIAN_POINT('',(-13.7591885921294,-0.302850858764558,3.49));
#18857=CARTESIAN_POINT('',(-13.7591885921294,-0.302850858764558,3.49));
#18858=CARTESIAN_POINT('',(-13.44,-8.87850597940886E-16,3.49));
#18859=CARTESIAN_POINT('',(-13.8618708333128,-0.125,3.49));
#18860=CARTESIAN_POINT('',(-13.9241229182759,-0.125,3.49));
#18861=CARTESIAN_POINT('',(-11.11,3.64,0.));
#18862=CARTESIAN_POINT('',(-11.11,3.46,0.));
#18863=CARTESIAN_POINT('',(-11.11,3.46,-0.205));
#18864=CARTESIAN_POINT('',(-11.11,3.305,-0.089489291724392));
#18865=CARTESIAN_POINT('',(-11.11,3.305,-0.089489291724392));
#18866=CARTESIAN_POINT('',(-11.11,3.305,0.089489291724392));
#18867=CARTESIAN_POINT('',(-11.11,3.46,-0.178978583448784));
#18868=CARTESIAN_POINT('',(-11.11,3.46,-0.178978583448784));
#18869=CARTESIAN_POINT('',(-11.11,3.615,-0.089489291724392));
#18870=CARTESIAN_POINT('',(-11.11,3.615,-0.089489291724392));
#18871=CARTESIAN_POINT('',(-11.11,3.615,0.089489291724392));
#18872=CARTESIAN_POINT('',(-11.11,3.615,0.089489291724392));
#18873=CARTESIAN_POINT('',(-11.11,3.46,0.178978583448784));
#18874=CARTESIAN_POINT('',(-11.11,3.46,0.178978583448784));
#18875=CARTESIAN_POINT('',(-11.11,3.305,0.089489291724392));
#18876=CARTESIAN_POINT('',(-11.08,3.46,0.));
#18877=CARTESIAN_POINT('',(-11.11,3.305,-0.089489291724392));
#18878=CARTESIAN_POINT('',(-11.23,3.305,-0.089489291724392));
#18879=CARTESIAN_POINT('',(-11.23,3.305,-0.089489291724392));
#18880=CARTESIAN_POINT('',(-11.23,3.305,0.089489291724392));
#18881=CARTESIAN_POINT('',(-11.11,3.305,-0.089489291724392));
#18882=CARTESIAN_POINT('',(-11.11,3.305,0.089489291724392));
#18883=CARTESIAN_POINT('',(-11.11,3.46,-0.178978583448784));
#18884=CARTESIAN_POINT('',(-11.23,3.46,-0.178978583448784));
#18885=CARTESIAN_POINT('',(-11.23,3.46,-0.178978583448784));
#18886=CARTESIAN_POINT('',(-11.11,3.46,-0.178978583448784));
#18887=CARTESIAN_POINT('',(-11.11,3.615,-0.089489291724392));
#18888=CARTESIAN_POINT('',(-11.23,3.615,-0.089489291724392));
#18889=CARTESIAN_POINT('',(-11.23,3.615,-0.089489291724392));
#18890=CARTESIAN_POINT('',(-11.11,3.615,-0.089489291724392));
#18891=CARTESIAN_POINT('',(-11.11,3.615,0.089489291724392));
#18892=CARTESIAN_POINT('',(-11.23,3.615,0.089489291724392));
#18893=CARTESIAN_POINT('',(-11.23,3.615,0.089489291724392));
#18894=CARTESIAN_POINT('',(-11.11,3.615,0.089489291724392));
#18895=CARTESIAN_POINT('',(-11.11,3.46,0.178978583448784));
#18896=CARTESIAN_POINT('',(-11.23,3.46,0.178978583448784));
#18897=CARTESIAN_POINT('',(-11.23,3.46,0.178978583448784));
#18898=CARTESIAN_POINT('',(-11.11,3.46,0.178978583448784));
#18899=CARTESIAN_POINT('',(-11.11,3.305,0.089489291724392));
#18900=CARTESIAN_POINT('',(-11.23,3.305,0.089489291724392));
#18901=CARTESIAN_POINT('',(-11.23,3.46,0.));
#18902=CARTESIAN_POINT('',(-11.11,-1.82,3.15233246977536));
#18903=CARTESIAN_POINT('',(-11.11,-1.73,2.99644789709416));
#18904=CARTESIAN_POINT('',(-11.11,-1.73,2.79144789709416));
#18905=CARTESIAN_POINT('',(-11.11,-1.575,2.90695860536977));
#18906=CARTESIAN_POINT('',(-11.11,-1.575,2.90695860536977));
#18907=CARTESIAN_POINT('',(-11.11,-1.73,2.81746931364537));
#18908=CARTESIAN_POINT('',(-11.11,-1.575,3.08593718881855));
#18909=CARTESIAN_POINT('',(-11.11,-1.575,3.08593718881855));
#18910=CARTESIAN_POINT('',(-11.11,-1.73,3.17542648054294));
#18911=CARTESIAN_POINT('',(-11.11,-1.73,3.17542648054294));
#18912=CARTESIAN_POINT('',(-11.11,-1.885,3.08593718881855));
#18913=CARTESIAN_POINT('',(-11.11,-1.885,3.08593718881855));
#18914=CARTESIAN_POINT('',(-11.11,-1.885,2.90695860536977));
#18915=CARTESIAN_POINT('',(-11.11,-1.885,2.90695860536977));
#18916=CARTESIAN_POINT('',(-11.11,-1.73,2.81746931364537));
#18917=CARTESIAN_POINT('',(-11.08,-1.73,2.99644789709416));
#18918=CARTESIAN_POINT('',(-11.11,-1.82,-3.15233246977536));
#18919=CARTESIAN_POINT('',(-11.11,-1.73,-2.99644789709416));
#18920=CARTESIAN_POINT('',(-11.11,-1.73,-3.20144789709416));
#18921=CARTESIAN_POINT('',(-11.11,-1.73,-2.81746931364537));
#18922=CARTESIAN_POINT('',(-11.11,-1.73,-2.81746931364537));
#18923=CARTESIAN_POINT('',(-11.11,-1.575,-2.90695860536977));
#18924=CARTESIAN_POINT('',(-11.11,-1.885,-2.90695860536977));
#18925=CARTESIAN_POINT('',(-11.11,-1.885,-2.90695860536977));
#18926=CARTESIAN_POINT('',(-11.11,-1.885,-3.08593718881855));
#18927=CARTESIAN_POINT('',(-11.11,-1.885,-3.08593718881855));
#18928=CARTESIAN_POINT('',(-11.11,-1.73,-3.17542648054294));
#18929=CARTESIAN_POINT('',(-11.11,-1.73,-3.17542648054294));
#18930=CARTESIAN_POINT('',(-11.11,-1.575,-3.08593718881855));
#18931=CARTESIAN_POINT('',(-11.11,-1.575,-3.08593718881855));
#18932=CARTESIAN_POINT('',(-11.11,-1.575,-2.90695860536977));
#18933=CARTESIAN_POINT('',(-11.08,-1.73,-2.99644789709416));
#18934=CARTESIAN_POINT('',(-11.11,-1.575,2.90695860536977));
#18935=CARTESIAN_POINT('',(-11.23,-1.575,2.90695860536977));
#18936=CARTESIAN_POINT('',(-11.23,-1.575,2.90695860536977));
#18937=CARTESIAN_POINT('',(-11.23,-1.73,2.81746931364537));
#18938=CARTESIAN_POINT('',(-11.11,-1.575,2.90695860536977));
#18939=CARTESIAN_POINT('',(-11.11,-1.73,2.81746931364537));
#18940=CARTESIAN_POINT('',(-11.11,-1.575,3.08593718881855));
#18941=CARTESIAN_POINT('',(-11.23,-1.575,3.08593718881855));
#18942=CARTESIAN_POINT('',(-11.23,-1.575,3.08593718881855));
#18943=CARTESIAN_POINT('',(-11.11,-1.575,3.08593718881855));
#18944=CARTESIAN_POINT('',(-11.11,-1.73,3.17542648054294));
#18945=CARTESIAN_POINT('',(-11.23,-1.73,3.17542648054294));
#18946=CARTESIAN_POINT('',(-11.23,-1.73,3.17542648054294));
#18947=CARTESIAN_POINT('',(-11.11,-1.73,3.17542648054294));
#18948=CARTESIAN_POINT('',(-11.11,-1.885,3.08593718881855));
#18949=CARTESIAN_POINT('',(-11.23,-1.885,3.08593718881855));
#18950=CARTESIAN_POINT('',(-11.23,-1.885,3.08593718881855));
#18951=CARTESIAN_POINT('',(-11.11,-1.885,3.08593718881855));
#18952=CARTESIAN_POINT('',(-11.11,-1.885,2.90695860536977));
#18953=CARTESIAN_POINT('',(-11.23,-1.885,2.90695860536977));
#18954=CARTESIAN_POINT('',(-11.23,-1.885,2.90695860536977));
#18955=CARTESIAN_POINT('',(-11.11,-1.885,2.90695860536977));
#18956=CARTESIAN_POINT('',(-11.11,-1.73,2.81746931364537));
#18957=CARTESIAN_POINT('',(-11.23,-1.73,2.81746931364537));
#18958=CARTESIAN_POINT('',(-11.23,-1.73,2.99644789709416));
#18959=CARTESIAN_POINT('',(-11.11,-1.73,-2.81746931364537));
#18960=CARTESIAN_POINT('',(-11.23,-1.73,-2.81746931364537));
#18961=CARTESIAN_POINT('',(-11.23,-1.73,-2.81746931364537));
#18962=CARTESIAN_POINT('',(-11.23,-1.575,-2.90695860536977));
#18963=CARTESIAN_POINT('',(-11.11,-1.73,-2.81746931364537));
#18964=CARTESIAN_POINT('',(-11.11,-1.575,-2.90695860536977));
#18965=CARTESIAN_POINT('',(-11.11,-1.885,-2.90695860536977));
#18966=CARTESIAN_POINT('',(-11.23,-1.885,-2.90695860536977));
#18967=CARTESIAN_POINT('',(-11.23,-1.885,-2.90695860536977));
#18968=CARTESIAN_POINT('',(-11.11,-1.885,-2.90695860536977));
#18969=CARTESIAN_POINT('',(-11.11,-1.885,-3.08593718881855));
#18970=CARTESIAN_POINT('',(-11.23,-1.885,-3.08593718881855));
#18971=CARTESIAN_POINT('',(-11.23,-1.885,-3.08593718881855));
#18972=CARTESIAN_POINT('',(-11.11,-1.885,-3.08593718881855));
#18973=CARTESIAN_POINT('',(-11.11,-1.73,-3.17542648054294));
#18974=CARTESIAN_POINT('',(-11.23,-1.73,-3.17542648054294));
#18975=CARTESIAN_POINT('',(-11.23,-1.73,-3.17542648054294));
#18976=CARTESIAN_POINT('',(-11.11,-1.73,-3.17542648054294));
#18977=CARTESIAN_POINT('',(-11.11,-1.575,-3.08593718881855));
#18978=CARTESIAN_POINT('',(-11.23,-1.575,-3.08593718881855));
#18979=CARTESIAN_POINT('',(-11.23,-1.575,-3.08593718881855));
#18980=CARTESIAN_POINT('',(-11.11,-1.575,-3.08593718881855));
#18981=CARTESIAN_POINT('',(-11.11,-1.575,-2.90695860536977));
#18982=CARTESIAN_POINT('',(-11.23,-1.575,-2.90695860536977));
#18983=CARTESIAN_POINT('',(-11.23,-1.73,-2.99644789709416));
#18984=CARTESIAN_POINT('',(-16.42,2.33,0.));
#18985=CARTESIAN_POINT('',(-16.42,2.9,0.));
#18986=CARTESIAN_POINT('',(-16.42,2.9,-1.08492907688611E-16));
#18987=CARTESIAN_POINT('',(-16.42,2.9,-0.76));
#18988=CARTESIAN_POINT('',(-16.42,2.33,-1.43395341464311E-16));
#18989=CARTESIAN_POINT('',(-16.42,2.04618257261411,-0.494315352697095));
#18990=CARTESIAN_POINT('',(-16.42,2.70526970954357,-0.872738589211618));
#18991=CARTESIAN_POINT('',(-16.42,2.70526970954357,-0.872738589211619));
#18992=CARTESIAN_POINT('',(-16.42,2.77,-0.76));
#18993=CARTESIAN_POINT('',(-16.42,2.33,-1.006));
#18994=CARTESIAN_POINT('',(-16.42,2.33,-1.006));
#18995=CARTESIAN_POINT('',(-16.42,2.33,0.));
#18996=CARTESIAN_POINT('',(-16.42,2.33,1.006));
#18997=CARTESIAN_POINT('',(-16.42,4.,1.006));
#18998=CARTESIAN_POINT('',(-16.42,4.,1.006));
#18999=CARTESIAN_POINT('',(-16.42,2.33,1.006));
#19000=CARTESIAN_POINT('',(-16.42,2.33,-1.006));
#19001=CARTESIAN_POINT('',(-16.42,2.33,-1.006));
#19002=CARTESIAN_POINT('',(-16.42,2.33,0.));
#19003=CARTESIAN_POINT('',(-13.44,0.395979797464467,-3.87));
#19004=CARTESIAN_POINT('',(-13.0440202025355,0.,-3.87));
#19005=CARTESIAN_POINT('',(-13.0440202025355,0.,-3.87));
#19006=CARTESIAN_POINT('',(-13.44,0.395979797464467,-3.87));
#19007=CARTESIAN_POINT('',(-13.44,0.395979797464467,-3.87));
#19008=CARTESIAN_POINT('',(-13.44,0.395979797464467,-3.87));
#19009=CARTESIAN_POINT('',(-13.0440202025355,0.,-3.87));
#19010=CARTESIAN_POINT('',(-13.44,-0.395979797464467,-3.87));
#19011=CARTESIAN_POINT('',(-13.44,-0.395979797464467,-3.87));
#19012=CARTESIAN_POINT('',(-13.0440202025355,0.,-3.87));
#19013=CARTESIAN_POINT('',(-13.44,-0.395979797464467,-3.87));
#19014=CARTESIAN_POINT('',(-13.8359797974645,0.,-3.87));
#19015=CARTESIAN_POINT('',(-13.8359797974645,0.,-3.87));
#19016=CARTESIAN_POINT('',(-13.44,-0.395979797464467,-3.87));
#19017=CARTESIAN_POINT('',(-13.8359797974645,0.,-3.87));
#19018=CARTESIAN_POINT('',(-13.8359797974645,0.,-3.87));
#19019=CARTESIAN_POINT('',(0.,0.,-3.87));
#19020=CARTESIAN_POINT('',(-6.45,1.5,2.15));
#19021=CARTESIAN_POINT('',(-7.285,1.5,2.15));
#19022=CARTESIAN_POINT('',(-7.285,1.5,3.02892720282281));
#19023=CARTESIAN_POINT('',(-7.285,1.5,3.02892720282281));
#19024=CARTESIAN_POINT('',(-8.855,1.5,3.02892720282281));
#19025=CARTESIAN_POINT('',(-8.855,1.5,2.15));
#19026=CARTESIAN_POINT('',(-9.7,1.5,2.15));
#19027=CARTESIAN_POINT('',(-9.7,1.5,5.15));
#19028=CARTESIAN_POINT('',(-6.45,1.5,5.15));
#19029=CARTESIAN_POINT('',(-6.45,1.5,5.15));
#19030=CARTESIAN_POINT('',(-6.45,1.5,2.15));
#19031=CARTESIAN_POINT('',(-9.16,1.5,4.82));
#19032=CARTESIAN_POINT('',(-9.16,1.5,5.025));
#19033=CARTESIAN_POINT('',(-9.7,-1.5,2.15));
#19034=CARTESIAN_POINT('',(-7.285,-1.5,2.15));
#19035=CARTESIAN_POINT('',(-7.285,-1.5,3.02892720282281));
#19036=CARTESIAN_POINT('',(-6.45,-1.5,2.15));
#19037=CARTESIAN_POINT('',(-6.45,-1.5,5.15));
#19038=CARTESIAN_POINT('',(-9.7,-1.5,5.15));
#19039=CARTESIAN_POINT('',(-9.7,-1.5,5.15));
#19040=CARTESIAN_POINT('',(-9.7,-1.5,2.15));
#19041=CARTESIAN_POINT('',(-8.855,-1.5,2.15));
#19042=CARTESIAN_POINT('',(-8.855,-1.5,3.02892720282281));
#19043=CARTESIAN_POINT('',(-7.285,-1.5,3.02892720282281));
#19044=CARTESIAN_POINT('',(-6.88,-1.5,3.45));
#19045=CARTESIAN_POINT('',(-6.88,-1.5,3.245));
#19046=CARTESIAN_POINT('',(-9.7,1.5,2.15));
#19047=CARTESIAN_POINT('',(-9.7,-0.102682241183323,4.68785085876456));
#19048=CARTESIAN_POINT('',(-9.7,-0.102682241183323,4.68785085876456));
#19049=CARTESIAN_POINT('',(-9.7,-0.133808283664908,4.74176274578121));
#19050=CARTESIAN_POINT('',(-9.7,6.14665798574459E-16,4.26));
#19051=CARTESIAN_POINT('',(-9.7,-0.350314634611018,4.61676274578121));
#19052=CARTESIAN_POINT('',(-9.7,-0.350314634611018,4.61676274578121));
#19053=CARTESIAN_POINT('',(-9.7,-0.319188592129433,4.56285085876456));
#19054=CARTESIAN_POINT('',(-9.7,-5.46369598732853E-15,4.26));
#19055=CARTESIAN_POINT('',(-9.7,-0.421870833312757,4.385));
#19056=CARTESIAN_POINT('',(-9.7,-0.421870833312757,4.385));
#19057=CARTESIAN_POINT('',(-9.7,-0.484122918275927,4.385));
#19058=CARTESIAN_POINT('',(-9.7,5.73688078669495E-15,4.26));
#19059=CARTESIAN_POINT('',(-9.7,-0.484122918275927,4.135));
#19060=CARTESIAN_POINT('',(-9.7,-0.484122918275927,4.135));
#19061=CARTESIAN_POINT('',(-9.7,-0.421870833312757,4.135));
#19062=CARTESIAN_POINT('',(-9.7,-4.37095678986282E-15,4.26));
#19063=CARTESIAN_POINT('',(-9.7,-0.319188592129433,3.95714914123544));
#19064=CARTESIAN_POINT('',(-9.7,-0.319188592129434,3.95714914123544));
#19065=CARTESIAN_POINT('',(-9.7,-0.350314634611019,3.90323725421879));
#19066=CARTESIAN_POINT('',(-9.7,2.18547839493141E-15,4.26));
#19067=CARTESIAN_POINT('',(-9.7,-0.133808283664909,3.77823725421879));
#19068=CARTESIAN_POINT('',(-9.7,-0.133808283664909,3.77823725421879));
#19069=CARTESIAN_POINT('',(-9.7,-0.102682241183324,3.83214914123544));
#19070=CARTESIAN_POINT('',(-9.7,-1.19518349722812E-16,4.25999999999999));
#19071=CARTESIAN_POINT('',(-9.7,0.102682241183323,3.83214914123544));
#19072=CARTESIAN_POINT('',(-9.7,0.102682241183323,3.83214914123544));
#19073=CARTESIAN_POINT('',(-9.7,0.133808283664908,3.77823725421879));
#19074=CARTESIAN_POINT('',(-9.7,-2.69769989374346E-15,4.26));
#19075=CARTESIAN_POINT('',(-9.7,0.350314634611018,3.90323725421879));
#19076=CARTESIAN_POINT('',(-9.7,0.350314634611018,3.90323725421879));
#19077=CARTESIAN_POINT('',(-9.7,0.319188592129433,3.95714914123544));
#19078=CARTESIAN_POINT('',(-9.7,5.46369598732853E-15,4.26));
#19079=CARTESIAN_POINT('',(-9.7,0.421870833312757,4.135));
#19080=CARTESIAN_POINT('',(-9.7,0.421870833312757,4.135));
#19081=CARTESIAN_POINT('',(-9.7,0.484122918275927,4.135));
#19082=CARTESIAN_POINT('',(-9.7,-5.80517698653656E-15,4.26));
#19083=CARTESIAN_POINT('',(-9.7,0.484122918275927,4.385));
#19084=CARTESIAN_POINT('',(-9.7,0.484122918275927,4.385));
#19085=CARTESIAN_POINT('',(-9.7,0.421870833312757,4.385));
#19086=CARTESIAN_POINT('',(-9.7,1.57081259635695E-14,4.26000000000001));
#19087=CARTESIAN_POINT('',(-9.7,0.319188592129434,4.56285085876456));
#19088=CARTESIAN_POINT('',(-9.7,0.319188592129434,4.56285085876456));
#19089=CARTESIAN_POINT('',(-9.7,0.350314634611018,4.61676274578121));
#19090=CARTESIAN_POINT('',(-9.7,-1.82692334576298E-14,4.25999999999997));
#19091=CARTESIAN_POINT('',(-9.7,0.133808283664909,4.74176274578121));
#19092=CARTESIAN_POINT('',(-9.7,0.133808283664909,4.74176274578121));
#19093=CARTESIAN_POINT('',(-9.7,0.102682241183324,4.68785085876456));
#19094=CARTESIAN_POINT('',(-9.7,-1.83546037074318E-15,4.26000000000001));
#19095=CARTESIAN_POINT('',(-9.7,1.5,5.15));
#19096=CARTESIAN_POINT('',(-6.45,-1.5,2.15));
#19097=CARTESIAN_POINT('',(-6.45,-1.5,5.15));
#19098=CARTESIAN_POINT('',(0.,0.,5.15));
#19099=CARTESIAN_POINT('',(-6.39,1.56,5.15));
#19100=CARTESIAN_POINT('',(-6.39,1.56,5.15));
#19101=CARTESIAN_POINT('',(-9.76,1.56,5.15));
#19102=CARTESIAN_POINT('',(-6.39,-1.56,5.15));
#19103=CARTESIAN_POINT('',(-6.39,-1.56,5.15));
#19104=CARTESIAN_POINT('',(-9.76,-1.56,5.15));
#19105=CARTESIAN_POINT('',(-9.76,-1.56,5.15));
#19106=CARTESIAN_POINT('',(-9.76,1.56,5.15));
#19107=CARTESIAN_POINT('',(-6.39,1.56,5.15));
#19108=CARTESIAN_POINT('',(-6.39,1.56,5.31));
#19109=CARTESIAN_POINT('',(-6.39,1.56,5.31));
#19110=CARTESIAN_POINT('',(-9.76,1.56,5.31));
#19111=CARTESIAN_POINT('',(-6.39,1.56,5.15));
#19112=CARTESIAN_POINT('',(-9.76,1.56,5.15));
#19113=CARTESIAN_POINT('',(-9.76,1.56,5.15));
#19114=CARTESIAN_POINT('',(-9.76,1.56,5.31));
#19115=CARTESIAN_POINT('',(-9.76,-1.56,5.31));
#19116=CARTESIAN_POINT('',(-9.76,-1.56,5.15));
#19117=CARTESIAN_POINT('',(-9.76,-1.56,5.15));
#19118=CARTESIAN_POINT('',(-9.76,-1.56,5.31));
#19119=CARTESIAN_POINT('',(-6.39,-1.56,5.31));
#19120=CARTESIAN_POINT('',(-6.39,-1.56,5.15));
#19121=CARTESIAN_POINT('',(-6.39,-1.56,5.15));
#19122=CARTESIAN_POINT('',(-6.39,-1.56,5.31));
#19123=CARTESIAN_POINT('',(0.,0.,5.31));
#19124=CARTESIAN_POINT('',(-9.52,1.12,5.31));
#19125=CARTESIAN_POINT('',(-9.345,1.12,5.31));
#19126=CARTESIAN_POINT('',(-6.64,1.12,5.31));
#19127=CARTESIAN_POINT('',(-6.465,1.12,5.31));
#19128=CARTESIAN_POINT('',(-6.64,-1.13,5.31));
#19129=CARTESIAN_POINT('',(-6.465,-1.13,5.31));
#19130=CARTESIAN_POINT('',(-9.52,-1.13,5.31));
#19131=CARTESIAN_POINT('',(-9.345,-1.13,5.31));
#19132=CARTESIAN_POINT('',(-9.52,-1.13,5.34));
#19133=CARTESIAN_POINT('',(-9.52,-1.13,5.34));
#19134=CARTESIAN_POINT('',(-9.345,-1.13,5.34));
#19135=CARTESIAN_POINT('',(-9.52,-1.13,5.34));
#19136=CARTESIAN_POINT('',(-9.645,-1.0578312163513,5.34));
#19137=CARTESIAN_POINT('',(-9.645,-1.0578312163513,5.34));
#19138=CARTESIAN_POINT('',(-9.645,-1.2021687836487,5.34));
#19139=CARTESIAN_POINT('',(-9.52,-0.985662432702594,5.34));
#19140=CARTESIAN_POINT('',(-9.52,-0.985662432702594,5.34));
#19141=CARTESIAN_POINT('',(-9.395,-1.0578312163513,5.34));
#19142=CARTESIAN_POINT('',(-9.395,-1.0578312163513,5.34));
#19143=CARTESIAN_POINT('',(-9.395,-1.2021687836487,5.34));
#19144=CARTESIAN_POINT('',(-9.395,-1.2021687836487,5.34));
#19145=CARTESIAN_POINT('',(-9.52,-1.27433756729741,5.34));
#19146=CARTESIAN_POINT('',(-9.52,-1.27433756729741,5.34));
#19147=CARTESIAN_POINT('',(-9.645,-1.2021687836487,5.34));
#19148=CARTESIAN_POINT('',(-6.64,-1.13,5.34));
#19149=CARTESIAN_POINT('',(-6.64,-1.13,5.34));
#19150=CARTESIAN_POINT('',(-6.465,-1.13,5.34));
#19151=CARTESIAN_POINT('',(-6.64,-1.13,5.34));
#19152=CARTESIAN_POINT('',(-6.765,-1.0578312163513,5.34));
#19153=CARTESIAN_POINT('',(-6.765,-1.0578312163513,5.34));
#19154=CARTESIAN_POINT('',(-6.765,-1.2021687836487,5.34));
#19155=CARTESIAN_POINT('',(-6.64,-0.985662432702594,5.34));
#19156=CARTESIAN_POINT('',(-6.64,-0.985662432702594,5.34));
#19157=CARTESIAN_POINT('',(-6.515,-1.0578312163513,5.34));
#19158=CARTESIAN_POINT('',(-6.515,-1.0578312163513,5.34));
#19159=CARTESIAN_POINT('',(-6.515,-1.2021687836487,5.34));
#19160=CARTESIAN_POINT('',(-6.515,-1.2021687836487,5.34));
#19161=CARTESIAN_POINT('',(-6.64,-1.27433756729741,5.34));
#19162=CARTESIAN_POINT('',(-6.64,-1.27433756729741,5.34));
#19163=CARTESIAN_POINT('',(-6.765,-1.2021687836487,5.34));
#19164=CARTESIAN_POINT('',(-6.64,1.12,5.34));
#19165=CARTESIAN_POINT('',(-6.64,1.12,5.34));
#19166=CARTESIAN_POINT('',(-6.465,1.12,5.34));
#19167=CARTESIAN_POINT('',(-6.64,1.12,5.34));
#19168=CARTESIAN_POINT('',(-6.765,1.1921687836487,5.34));
#19169=CARTESIAN_POINT('',(-6.765,1.1921687836487,5.34));
#19170=CARTESIAN_POINT('',(-6.765,1.0478312163513,5.34));
#19171=CARTESIAN_POINT('',(-6.64,1.26433756729741,5.34));
#19172=CARTESIAN_POINT('',(-6.64,1.26433756729741,5.34));
#19173=CARTESIAN_POINT('',(-6.515,1.1921687836487,5.34));
#19174=CARTESIAN_POINT('',(-6.515,1.1921687836487,5.34));
#19175=CARTESIAN_POINT('',(-6.515,1.0478312163513,5.34));
#19176=CARTESIAN_POINT('',(-6.515,1.0478312163513,5.34));
#19177=CARTESIAN_POINT('',(-6.64,0.975662432702594,5.34));
#19178=CARTESIAN_POINT('',(-6.64,0.975662432702594,5.34));
#19179=CARTESIAN_POINT('',(-6.765,1.0478312163513,5.34));
#19180=CARTESIAN_POINT('',(-9.52,1.12,5.34));
#19181=CARTESIAN_POINT('',(-9.52,1.12,5.34));
#19182=CARTESIAN_POINT('',(-9.345,1.12,5.34));
#19183=CARTESIAN_POINT('',(-9.52,1.12,5.34));
#19184=CARTESIAN_POINT('',(-9.645,1.1921687836487,5.34));
#19185=CARTESIAN_POINT('',(-9.645,1.1921687836487,5.34));
#19186=CARTESIAN_POINT('',(-9.645,1.0478312163513,5.34));
#19187=CARTESIAN_POINT('',(-9.52,1.26433756729741,5.34));
#19188=CARTESIAN_POINT('',(-9.52,1.26433756729741,5.34));
#19189=CARTESIAN_POINT('',(-9.395,1.1921687836487,5.34));
#19190=CARTESIAN_POINT('',(-9.395,1.1921687836487,5.34));
#19191=CARTESIAN_POINT('',(-9.395,1.0478312163513,5.34));
#19192=CARTESIAN_POINT('',(-9.395,1.0478312163513,5.34));
#19193=CARTESIAN_POINT('',(-9.52,0.975662432702594,5.34));
#19194=CARTESIAN_POINT('',(-9.52,0.975662432702594,5.34));
#19195=CARTESIAN_POINT('',(-9.645,1.0478312163513,5.34));
#19196=CARTESIAN_POINT('',(-9.645,1.1921687836487,5.45));
#19197=CARTESIAN_POINT('',(-9.645,1.0478312163513,5.45));
#19198=CARTESIAN_POINT('',(-9.645,1.0478312163513,5.45));
#19199=CARTESIAN_POINT('',(-9.645,1.1921687836487,5.45));
#19200=CARTESIAN_POINT('',(-9.645,1.1921687836487,5.45));
#19201=CARTESIAN_POINT('',(-9.645,1.1921687836487,5.45));
#19202=CARTESIAN_POINT('',(-9.645,1.0478312163513,5.45));
#19203=CARTESIAN_POINT('',(-9.52,0.975662432702594,5.45));
#19204=CARTESIAN_POINT('',(-9.52,0.975662432702594,5.45));
#19205=CARTESIAN_POINT('',(-9.645,1.0478312163513,5.45));
#19206=CARTESIAN_POINT('',(-9.52,0.975662432702594,5.45));
#19207=CARTESIAN_POINT('',(-9.395,1.0478312163513,5.45));
#19208=CARTESIAN_POINT('',(-9.395,1.0478312163513,5.45));
#19209=CARTESIAN_POINT('',(-9.52,0.975662432702594,5.45));
#19210=CARTESIAN_POINT('',(-9.395,1.0478312163513,5.45));
#19211=CARTESIAN_POINT('',(-9.395,1.1921687836487,5.45));
#19212=CARTESIAN_POINT('',(-9.395,1.1921687836487,5.45));
#19213=CARTESIAN_POINT('',(-9.395,1.0478312163513,5.45));
#19214=CARTESIAN_POINT('',(-9.395,1.1921687836487,5.45));
#19215=CARTESIAN_POINT('',(-9.52,1.26433756729741,5.45));
#19216=CARTESIAN_POINT('',(-9.52,1.26433756729741,5.45));
#19217=CARTESIAN_POINT('',(-9.395,1.1921687836487,5.45));
#19218=CARTESIAN_POINT('',(-9.52,1.26433756729741,5.45));
#19219=CARTESIAN_POINT('',(-9.52,1.26433756729741,5.45));
#19220=CARTESIAN_POINT('',(0.,0.,5.45));
#19221=CARTESIAN_POINT('',(-6.765,1.1921687836487,5.45));
#19222=CARTESIAN_POINT('',(-6.765,1.0478312163513,5.45));
#19223=CARTESIAN_POINT('',(-6.765,1.0478312163513,5.45));
#19224=CARTESIAN_POINT('',(-6.765,1.1921687836487,5.45));
#19225=CARTESIAN_POINT('',(-6.765,1.1921687836487,5.45));
#19226=CARTESIAN_POINT('',(-6.765,1.1921687836487,5.45));
#19227=CARTESIAN_POINT('',(-6.765,1.0478312163513,5.45));
#19228=CARTESIAN_POINT('',(-6.64,0.975662432702594,5.45));
#19229=CARTESIAN_POINT('',(-6.64,0.975662432702594,5.45));
#19230=CARTESIAN_POINT('',(-6.765,1.0478312163513,5.45));
#19231=CARTESIAN_POINT('',(-6.64,0.975662432702594,5.45));
#19232=CARTESIAN_POINT('',(-6.515,1.0478312163513,5.45));
#19233=CARTESIAN_POINT('',(-6.515,1.0478312163513,5.45));
#19234=CARTESIAN_POINT('',(-6.64,0.975662432702594,5.45));
#19235=CARTESIAN_POINT('',(-6.515,1.0478312163513,5.45));
#19236=CARTESIAN_POINT('',(-6.515,1.1921687836487,5.45));
#19237=CARTESIAN_POINT('',(-6.515,1.1921687836487,5.45));
#19238=CARTESIAN_POINT('',(-6.515,1.0478312163513,5.45));
#19239=CARTESIAN_POINT('',(-6.515,1.1921687836487,5.45));
#19240=CARTESIAN_POINT('',(-6.64,1.26433756729741,5.45));
#19241=CARTESIAN_POINT('',(-6.64,1.26433756729741,5.45));
#19242=CARTESIAN_POINT('',(-6.515,1.1921687836487,5.45));
#19243=CARTESIAN_POINT('',(-6.64,1.26433756729741,5.45));
#19244=CARTESIAN_POINT('',(-6.64,1.26433756729741,5.45));
#19245=CARTESIAN_POINT('',(0.,0.,5.45));
#19246=CARTESIAN_POINT('',(-9.645,-1.0578312163513,5.45));
#19247=CARTESIAN_POINT('',(-9.645,-1.2021687836487,5.45));
#19248=CARTESIAN_POINT('',(-9.645,-1.2021687836487,5.45));
#19249=CARTESIAN_POINT('',(-9.645,-1.0578312163513,5.45));
#19250=CARTESIAN_POINT('',(-9.645,-1.0578312163513,5.45));
#19251=CARTESIAN_POINT('',(-9.645,-1.0578312163513,5.45));
#19252=CARTESIAN_POINT('',(-9.645,-1.2021687836487,5.45));
#19253=CARTESIAN_POINT('',(-9.52,-1.27433756729741,5.45));
#19254=CARTESIAN_POINT('',(-9.52,-1.27433756729741,5.45));
#19255=CARTESIAN_POINT('',(-9.645,-1.2021687836487,5.45));
#19256=CARTESIAN_POINT('',(-9.52,-1.27433756729741,5.45));
#19257=CARTESIAN_POINT('',(-9.395,-1.2021687836487,5.45));
#19258=CARTESIAN_POINT('',(-9.395,-1.2021687836487,5.45));
#19259=CARTESIAN_POINT('',(-9.52,-1.27433756729741,5.45));
#19260=CARTESIAN_POINT('',(-9.395,-1.2021687836487,5.45));
#19261=CARTESIAN_POINT('',(-9.395,-1.0578312163513,5.45));
#19262=CARTESIAN_POINT('',(-9.395,-1.0578312163513,5.45));
#19263=CARTESIAN_POINT('',(-9.395,-1.2021687836487,5.45));
#19264=CARTESIAN_POINT('',(-9.395,-1.0578312163513,5.45));
#19265=CARTESIAN_POINT('',(-9.52,-0.985662432702594,5.45));
#19266=CARTESIAN_POINT('',(-9.52,-0.985662432702594,5.45));
#19267=CARTESIAN_POINT('',(-9.395,-1.0578312163513,5.45));
#19268=CARTESIAN_POINT('',(-9.52,-0.985662432702594,5.45));
#19269=CARTESIAN_POINT('',(-9.52,-0.985662432702594,5.45));
#19270=CARTESIAN_POINT('',(0.,0.,5.45));
#19271=CARTESIAN_POINT('',(-6.765,-1.0578312163513,5.45));
#19272=CARTESIAN_POINT('',(-6.765,-1.2021687836487,5.45));
#19273=CARTESIAN_POINT('',(-6.765,-1.2021687836487,5.45));
#19274=CARTESIAN_POINT('',(-6.765,-1.0578312163513,5.45));
#19275=CARTESIAN_POINT('',(-6.765,-1.0578312163513,5.45));
#19276=CARTESIAN_POINT('',(-6.765,-1.0578312163513,5.45));
#19277=CARTESIAN_POINT('',(-6.765,-1.2021687836487,5.45));
#19278=CARTESIAN_POINT('',(-6.64,-1.27433756729741,5.45));
#19279=CARTESIAN_POINT('',(-6.64,-1.27433756729741,5.45));
#19280=CARTESIAN_POINT('',(-6.765,-1.2021687836487,5.45));
#19281=CARTESIAN_POINT('',(-6.64,-1.27433756729741,5.45));
#19282=CARTESIAN_POINT('',(-6.515,-1.2021687836487,5.45));
#19283=CARTESIAN_POINT('',(-6.515,-1.2021687836487,5.45));
#19284=CARTESIAN_POINT('',(-6.64,-1.27433756729741,5.45));
#19285=CARTESIAN_POINT('',(-6.515,-1.2021687836487,5.45));
#19286=CARTESIAN_POINT('',(-6.515,-1.0578312163513,5.45));
#19287=CARTESIAN_POINT('',(-6.515,-1.0578312163513,5.45));
#19288=CARTESIAN_POINT('',(-6.515,-1.2021687836487,5.45));
#19289=CARTESIAN_POINT('',(-6.515,-1.0578312163513,5.45));
#19290=CARTESIAN_POINT('',(-6.64,-0.985662432702594,5.45));
#19291=CARTESIAN_POINT('',(-6.64,-0.985662432702594,5.45));
#19292=CARTESIAN_POINT('',(-6.515,-1.0578312163513,5.45));
#19293=CARTESIAN_POINT('',(-6.64,-0.985662432702594,5.45));
#19294=CARTESIAN_POINT('',(-6.64,-0.985662432702594,5.45));
#19295=CARTESIAN_POINT('',(0.,0.,5.45));
#19296=CARTESIAN_POINT('',(-8.98,1.54,4.82));
#19297=CARTESIAN_POINT('',(-9.16,1.54,4.82));
#19298=CARTESIAN_POINT('',(-9.16,1.54,4.615));
#19299=CARTESIAN_POINT('',(-9.315,1.54,4.73051070827561));
#19300=CARTESIAN_POINT('',(-9.315,1.54,4.73051070827561));
#19301=CARTESIAN_POINT('',(-9.315,1.54,4.90948929172439));
#19302=CARTESIAN_POINT('',(-9.16,1.54,4.64102141655122));
#19303=CARTESIAN_POINT('',(-9.16,1.54,4.64102141655122));
#19304=CARTESIAN_POINT('',(-9.005,1.54,4.73051070827561));
#19305=CARTESIAN_POINT('',(-9.005,1.54,4.73051070827561));
#19306=CARTESIAN_POINT('',(-9.005,1.54,4.90948929172439));
#19307=CARTESIAN_POINT('',(-9.005,1.54,4.90948929172439));
#19308=CARTESIAN_POINT('',(-9.16,1.54,4.99897858344878));
#19309=CARTESIAN_POINT('',(-9.16,1.54,4.99897858344878));
#19310=CARTESIAN_POINT('',(-9.315,1.54,4.90948929172439));
#19311=CARTESIAN_POINT('',(-9.16,1.46,4.82));
#19312=CARTESIAN_POINT('',(-9.315,1.54,4.73051070827561));
#19313=CARTESIAN_POINT('',(-9.315,1.66,4.73051070827561));
#19314=CARTESIAN_POINT('',(-9.315,1.66,4.73051070827561));
#19315=CARTESIAN_POINT('',(-9.315,1.66,4.90948929172439));
#19316=CARTESIAN_POINT('',(-9.315,1.54,4.73051070827561));
#19317=CARTESIAN_POINT('',(-9.315,1.54,4.90948929172439));
#19318=CARTESIAN_POINT('',(-9.16,1.54,4.64102141655122));
#19319=CARTESIAN_POINT('',(-9.16,1.66,4.64102141655122));
#19320=CARTESIAN_POINT('',(-9.16,1.66,4.64102141655122));
#19321=CARTESIAN_POINT('',(-9.16,1.54,4.64102141655122));
#19322=CARTESIAN_POINT('',(-9.005,1.54,4.73051070827561));
#19323=CARTESIAN_POINT('',(-9.005,1.66,4.73051070827561));
#19324=CARTESIAN_POINT('',(-9.005,1.66,4.73051070827561));
#19325=CARTESIAN_POINT('',(-9.005,1.54,4.73051070827561));
#19326=CARTESIAN_POINT('',(-9.005,1.54,4.90948929172439));
#19327=CARTESIAN_POINT('',(-9.005,1.66,4.90948929172439));
#19328=CARTESIAN_POINT('',(-9.005,1.66,4.90948929172439));
#19329=CARTESIAN_POINT('',(-9.005,1.54,4.90948929172439));
#19330=CARTESIAN_POINT('',(-9.16,1.54,4.99897858344878));
#19331=CARTESIAN_POINT('',(-9.16,1.66,4.99897858344878));
#19332=CARTESIAN_POINT('',(-9.16,1.66,4.99897858344878));
#19333=CARTESIAN_POINT('',(-9.16,1.54,4.99897858344878));
#19334=CARTESIAN_POINT('',(-9.315,1.54,4.90948929172439));
#19335=CARTESIAN_POINT('',(-9.315,1.66,4.90948929172439));
#19336=CARTESIAN_POINT('',(-9.16,1.66,4.82));
#19337=CARTESIAN_POINT('',(-6.88,-1.68,3.45));
#19338=CARTESIAN_POINT('',(-6.88,-1.56,3.45));
#19339=CARTESIAN_POINT('',(-6.88,-1.56,3.245));
#19340=CARTESIAN_POINT('',(-6.675,-1.56,3.45));
#19341=CARTESIAN_POINT('',(-7.035,-1.56,3.53948929172439));
#19342=CARTESIAN_POINT('',(-7.035,-1.56,3.53948929172439));
#19343=CARTESIAN_POINT('',(-7.035,-1.56,3.36051070827561));
#19344=CARTESIAN_POINT('',(-6.88,-1.56,3.62897858344878));
#19345=CARTESIAN_POINT('',(-6.88,-1.56,3.62897858344878));
#19346=CARTESIAN_POINT('',(-6.725,-1.56,3.53948929172439));
#19347=CARTESIAN_POINT('',(-6.725,-1.56,3.53948929172439));
#19348=CARTESIAN_POINT('',(-6.725,-1.56,3.36051070827561));
#19349=CARTESIAN_POINT('',(-6.725,-1.56,3.36051070827561));
#19350=CARTESIAN_POINT('',(-6.88,-1.56,3.27102141655122));
#19351=CARTESIAN_POINT('',(-6.88,-1.56,3.27102141655122));
#19352=CARTESIAN_POINT('',(-7.035,-1.56,3.36051070827561));
#19353=CARTESIAN_POINT('',(-7.035,-1.56,3.53948929172439));
#19354=CARTESIAN_POINT('',(-7.035,-1.68,3.53948929172439));
#19355=CARTESIAN_POINT('',(-7.035,-1.68,3.53948929172439));
#19356=CARTESIAN_POINT('',(-7.035,-1.68,3.36051070827561));
#19357=CARTESIAN_POINT('',(-7.035,-1.56,3.53948929172439));
#19358=CARTESIAN_POINT('',(-7.035,-1.56,3.36051070827561));
#19359=CARTESIAN_POINT('',(-6.88,-1.56,3.62897858344878));
#19360=CARTESIAN_POINT('',(-6.88,-1.68,3.62897858344878));
#19361=CARTESIAN_POINT('',(-6.88,-1.68,3.62897858344878));
#19362=CARTESIAN_POINT('',(-6.88,-1.56,3.62897858344878));
#19363=CARTESIAN_POINT('',(-6.725,-1.56,3.53948929172439));
#19364=CARTESIAN_POINT('',(-6.725,-1.68,3.53948929172439));
#19365=CARTESIAN_POINT('',(-6.725,-1.68,3.53948929172439));
#19366=CARTESIAN_POINT('',(-6.725,-1.56,3.53948929172439));
#19367=CARTESIAN_POINT('',(-6.725,-1.56,3.36051070827561));
#19368=CARTESIAN_POINT('',(-6.725,-1.68,3.45));
#19369=CARTESIAN_POINT('',(-6.725,-1.68,3.36051070827561));
#19370=CARTESIAN_POINT('',(-6.725,-1.56,3.36051070827561));
#19371=CARTESIAN_POINT('',(-6.88,-1.56,3.27102141655122));
#19372=CARTESIAN_POINT('',(-6.88,-1.68,3.27102141655122));
#19373=CARTESIAN_POINT('',(-6.88,-1.68,3.27102141655122));
#19374=CARTESIAN_POINT('',(-6.88,-1.56,3.27102141655122));
#19375=CARTESIAN_POINT('',(-7.035,-1.56,3.36051070827561));
#19376=CARTESIAN_POINT('',(-7.035,-1.68,3.36051070827561));
#19377=CARTESIAN_POINT('',(-6.7,-1.68,3.45));
#19378=CARTESIAN_POINT('',(-7.285,5.46369598732853E-16,2.73184799366426E-15));
#19379=CARTESIAN_POINT('',(-7.285,5.46369598732853E-16,2.73184799366426E-15));
#19380=CARTESIAN_POINT('',(-7.285,-1.74082869319598,2.89722547637314));
#19381=CARTESIAN_POINT('',(-7.285,-1.74082869319598,2.89722547637314));
#19382=CARTESIAN_POINT('',(-8.855,5.46369598732853E-16,2.73184799366426E-15));
#19383=CARTESIAN_POINT('',(-8.855,-1.74082869319598,2.89722547637314));
#19384=CARTESIAN_POINT('',(-8.855,-1.74082869319598,2.89722547637314));
#19385=CARTESIAN_POINT('',(-8.855,5.46369598732853E-16,2.73184799366426E-15));
#19386=CARTESIAN_POINT('',(-7.285,5.46369598732853E-16,2.73184799366426E-15));
#19387=CARTESIAN_POINT('',(-7.285,-1.74082869319598,2.89722547637314));
#19388=CARTESIAN_POINT('',(-7.285,-1.74082869319598,2.89722547637314));
#19389=CARTESIAN_POINT('',(-7.285,0.,0.));
#19390=CARTESIAN_POINT('',(-7.285,0.,0.));
#19391=CARTESIAN_POINT('',(-7.285,1.74082869319598,2.89722547637314));
#19392=CARTESIAN_POINT('',(-8.855,0.,0.));
#19393=CARTESIAN_POINT('',(-8.855,1.74082869319598,2.89722547637314));
#19394=CARTESIAN_POINT('',(-7.285,1.74082869319598,2.89722547637314));
#19395=CARTESIAN_POINT('',(-7.285,5.46369598732853E-16,2.73184799366426E-15));
#19396=CARTESIAN_POINT('',(-7.285,5.46369598732853E-16,2.73184799366426E-15));
#19397=CARTESIAN_POINT('',(-8.855,5.46369598732853E-16,2.73184799366426E-15));
#19398=CARTESIAN_POINT('',(-7.285,5.46369598732853E-16,2.73184799366426E-15));
#19399=CARTESIAN_POINT('',(-8.855,5.46369598732853E-16,2.73184799366426E-15));
#19400=CARTESIAN_POINT('',(-3.88,-2.81836229277747,-2.17495608844181));
#19401=CARTESIAN_POINT('',(-3.88,-2.59915919060964,-2.39415919060964));
#19402=CARTESIAN_POINT('',(-3.88,-2.81836229277747,2.17495608844181));
#19403=CARTESIAN_POINT('',(-3.88,-2.81836229277747,2.17495608844181));
#19404=CARTESIAN_POINT('',(-3.88,-2.59915919060964,2.39415919060964));
#19405=CARTESIAN_POINT('',(-5.88,-2.81836229277747,2.17495608844181));
#19406=CARTESIAN_POINT('',(-5.88,-2.59915919060964,2.39415919060964));
#19407=CARTESIAN_POINT('',(-3.88,-2.59915919060964,2.39415919060964));
#19408=CARTESIAN_POINT('',(-3.88,-2.59915919060964,2.39415919060964));
#19409=CARTESIAN_POINT('',(-5.88,-2.59915919060964,2.39415919060964));
#19410=CARTESIAN_POINT('',(-5.88,-3.35,3.145));
#19411=CARTESIAN_POINT('',(-3.88,-3.35,3.145));
#19412=CARTESIAN_POINT('',(-3.88,-3.35,3.145));
#19413=CARTESIAN_POINT('',(-3.88,-2.59915919060964,2.39415919060964));
#19414=CARTESIAN_POINT('',(-3.88,-3.35,-3.145));
#19415=CARTESIAN_POINT('',(-3.88,-3.35,-3.145));
#19416=CARTESIAN_POINT('',(-3.88,-2.81836229277747,-2.17495608844181));
#19417=CARTESIAN_POINT('',(-3.88,-3.35,3.145));
#19418=CARTESIAN_POINT('',(-3.88,-3.35,1.525));
#19419=CARTESIAN_POINT('',(-3.88,-1.23420310216783,-0.590796897832165));
#19420=CARTESIAN_POINT('',(-3.88,-3.16106578479343,1.33606578479343));
#19421=CARTESIAN_POINT('',(-3.88,-3.38026888696126,1.1168626826256));
#19422=CARTESIAN_POINT('',(-5.88,-2.81836229277747,-2.17495608844181));
#19423=CARTESIAN_POINT('',(-5.88,-1.23420310216783,-0.590796897832165));
#19424=CARTESIAN_POINT('',(-5.88,-3.35,1.525));
#19425=CARTESIAN_POINT('',(-5.88,-3.16106578479343,1.33606578479343));
#19426=CARTESIAN_POINT('',(-5.88,-3.35,3.145));
#19427=CARTESIAN_POINT('',(-5.88,-3.38026888696126,1.1168626826256));
#19428=CARTESIAN_POINT('',(-2.88,-3.38026888696126,1.1168626826256));
#19429=CARTESIAN_POINT('',(-8.19,-3.38026888696126,1.1168626826256));
#19430=CARTESIAN_POINT('',(-8.19,-3.16106578479343,1.33606578479343));
#19431=CARTESIAN_POINT('',(-2.88,-3.16106578479343,1.33606578479343));
#19432=CARTESIAN_POINT('',(-2.88,-3.38026888696126,-1.1168626826256));
#19433=CARTESIAN_POINT('',(-8.19,-3.38026888696126,-1.1168626826256));
#19434=CARTESIAN_POINT('',(-8.19,-3.16106578479343,-1.33606578479343));
#19435=CARTESIAN_POINT('',(-2.88,-3.16106578479343,-1.33606578479343));
#19436=CARTESIAN_POINT('',(-2.88,-3.35,-1.525));
#19437=CARTESIAN_POINT('',(-2.88,-3.35,-1.525));
#19438=CARTESIAN_POINT('',(-8.19,-3.35,-1.525));
#19439=CARTESIAN_POINT('',(-8.19,-3.35,-1.525));
#19440=CARTESIAN_POINT('',(-2.88,-3.16106578479343,1.33606578479343));
#19441=CARTESIAN_POINT('',(-2.88,-3.35,1.525));
#19442=CARTESIAN_POINT('',(-8.19,-3.35,1.525));
#19443=CARTESIAN_POINT('',(-8.19,-3.16106578479343,1.33606578479343));
#19444=CARTESIAN_POINT('',(-8.19,-3.38026888696126,-1.1168626826256));
#19445=CARTESIAN_POINT('',(-8.19,-3.35,1.525));
#19446=CARTESIAN_POINT('',(-2.88,-3.38026888696126,-1.1168626826256));
#19447=CARTESIAN_POINT('',(-2.88,-3.38026888696126,-1.1168626826256));
#19448=CARTESIAN_POINT('',(-2.88,-3.16106578479343,-1.33606578479343));
#19449=CARTESIAN_POINT('',(-2.88,-3.16106578479343,-1.33606578479343));
#19450=CARTESIAN_POINT('',(-2.88,-3.38026888696126,1.1168626826256));
#19451=CARTESIAN_POINT('',(-2.88,-3.38026888696126,1.1168626826256));
#19452=CARTESIAN_POINT('',(-2.88,-3.16106578479343,1.33606578479343));
#19453=CARTESIAN_POINT('',(-2.88,-3.16106578479343,1.33606578479343));
#19454=CARTESIAN_POINT('',(-2.88,-3.16106578479343,1.33606578479343));
#19455=CARTESIAN_POINT('',(-2.88,-3.35,1.525));
#19456=CARTESIAN_POINT('',(-2.88,-3.35,1.525));
#19457=CARTESIAN_POINT('',(-2.88,-3.16106578479343,1.33606578479343));
#19458=CARTESIAN_POINT('',(-2.88,-3.35,-1.525));
#19459=CARTESIAN_POINT('',(-2.88,-3.35,-1.525));
#19460=CARTESIAN_POINT('',(-2.88,-3.35,-1.525));
#19461=CARTESIAN_POINT('',(-2.88,-3.35,-1.525));
#19462=CARTESIAN_POINT('',(-2.88,-3.38026888696126,-1.1168626826256));
#19463=CARTESIAN_POINT('',(-2.88,-3.35,1.525));
#19464=CARTESIAN_POINT('',(-6.88000000000013,-3.35,-1.62115109208304));
#19465=CARTESIAN_POINT('',(-8.88,-3.35,-2.87));
#19466=CARTESIAN_POINT('',(-8.88,-3.35,-2.87));
#19467=CARTESIAN_POINT('',(-8.88,-3.35,-1.62115109208306));
#19468=CARTESIAN_POINT('',(-6.88000000000013,-3.35,-1.62115109208304));
#19469=CARTESIAN_POINT('',(-8.81185165257814,-3.35,-1.10351300187802));
#19470=CARTESIAN_POINT('',(-8.81185165257814,-3.35,-1.10351300187802));
#19471=CARTESIAN_POINT('',(-8.82814834742187,-3.35,-1.16433309503026));
#19472=CARTESIAN_POINT('',(-10.7600000000001,-3.35,-0.646695004825187));
#19473=CARTESIAN_POINT('',(-8.76,-3.35,-0.646695004825207));
#19474=CARTESIAN_POINT('',(-8.76,-3.35,-0.646695004825207));
#19475=CARTESIAN_POINT('',(-8.76,-3.35,0.646695004825206));
#19476=CARTESIAN_POINT('',(-10.7599999999999,-3.35,0.646695004825223));
#19477=CARTESIAN_POINT('',(-8.82814834742186,-3.35,1.16433309503022));
#19478=CARTESIAN_POINT('',(-8.82814834742186,-3.35,1.16433309503022));
#19479=CARTESIAN_POINT('',(-8.81185165257815,-3.35,1.10351300187805));
#19480=CARTESIAN_POINT('',(-6.87999999999984,-3.35,1.62115109208307));
#19481=CARTESIAN_POINT('',(-8.88,-3.35,1.62115109208305));
#19482=CARTESIAN_POINT('',(-8.88,-3.35,1.62115109208305));
#19483=CARTESIAN_POINT('',(-8.88,-3.35,2.87));
#19484=CARTESIAN_POINT('',(-8.5,-3.35,2.87));
#19485=CARTESIAN_POINT('',(-8.5,-3.35,3.25));
#19486=CARTESIAN_POINT('',(-8.5,-3.35,3.25));
#19487=CARTESIAN_POINT('',(-2.76,-3.35,3.25));
#19488=CARTESIAN_POINT('',(-2.76,-3.35,2.87));
#19489=CARTESIAN_POINT('',(-2.38,-3.35,2.87));
#19490=CARTESIAN_POINT('',(-2.38,-3.35,2.87));
#19491=CARTESIAN_POINT('',(-2.38,-3.35,1.62115109208306));
#19492=CARTESIAN_POINT('',(-4.38,-3.35,1.62115109208306));
#19493=CARTESIAN_POINT('',(-2.44814834742186,-3.35,1.10351300187802));
#19494=CARTESIAN_POINT('',(-2.44814834742186,-3.35,1.10351300187802));
#19495=CARTESIAN_POINT('',(-2.43185165257814,-3.35,1.16433309503024));
#19496=CARTESIAN_POINT('',(-0.499999999999982,-3.35,0.646695004825207));
#19497=CARTESIAN_POINT('',(-2.5,-3.35,0.646695004825209));
#19498=CARTESIAN_POINT('',(-2.5,-3.35,0.64669500482521));
#19499=CARTESIAN_POINT('',(-2.5,-3.35,-0.64669500482521));
#19500=CARTESIAN_POINT('',(-0.499999999999981,-3.35,-0.646695004825205));
#19501=CARTESIAN_POINT('',(-2.43185165257814,-3.35,-1.16433309503025));
#19502=CARTESIAN_POINT('',(-2.43185165257814,-3.35,-1.16433309503025));
#19503=CARTESIAN_POINT('',(-2.44814834742186,-3.35,-1.10351300187801));
#19504=CARTESIAN_POINT('',(-4.37999999999999,-3.35,-1.62115109208306));
#19505=CARTESIAN_POINT('',(-2.38,-3.35,-1.62115109208306));
#19506=CARTESIAN_POINT('',(-2.38,-3.35,-1.62115109208306));
#19507=CARTESIAN_POINT('',(-2.38,-3.35,-2.87));
#19508=CARTESIAN_POINT('',(-2.76,-3.35,-2.87));
#19509=CARTESIAN_POINT('',(-2.76,-3.35,-3.25));
#19510=CARTESIAN_POINT('',(-2.76,-3.35,-3.25));
#19511=CARTESIAN_POINT('',(-8.5,-3.35,-3.25));
#19512=CARTESIAN_POINT('',(-8.5,-3.35,-2.87));
#19513=CARTESIAN_POINT('',(-3.38,-3.35,1.9999999652528));
#19514=CARTESIAN_POINT('',(-3.21,-3.35,2.));
#19515=CARTESIAN_POINT('',(-3.54999999999999,-3.35,2.));
#19516=CARTESIAN_POINT('',(-3.21,-3.35,2.88));
#19517=CARTESIAN_POINT('',(-3.21,-3.35,2.88));
#19518=CARTESIAN_POINT('',(-3.38,-3.35,2.88));
#19519=CARTESIAN_POINT('',(-3.54999999999999,-3.35,2.88));
#19520=CARTESIAN_POINT('',(-3.54999999999999,-3.35,2.));
#19521=CARTESIAN_POINT('',(-3.55,-3.35,-2.88));
#19522=CARTESIAN_POINT('',(-3.55,-3.35,-2.88));
#19523=CARTESIAN_POINT('',(-3.55,-3.35,-2.));
#19524=CARTESIAN_POINT('',(-3.38,-3.35,-2.88));
#19525=CARTESIAN_POINT('',(-3.21,-3.35,-2.88));
#19526=CARTESIAN_POINT('',(-3.21,-3.35,-2.));
#19527=CARTESIAN_POINT('',(-3.21,-3.35,-2.));
#19528=CARTESIAN_POINT('',(-3.38,-3.35,-2.));
#19529=CARTESIAN_POINT('',(-6.38,-3.35,1.9999999652528));
#19530=CARTESIAN_POINT('',(-6.21,-3.35,2.));
#19531=CARTESIAN_POINT('',(-6.54999999999999,-3.35,2.));
#19532=CARTESIAN_POINT('',(-6.21,-3.35,2.88));
#19533=CARTESIAN_POINT('',(-6.21,-3.35,2.88));
#19534=CARTESIAN_POINT('',(-6.38,-3.35,2.88));
#19535=CARTESIAN_POINT('',(-6.54999999999999,-3.35,2.88));
#19536=CARTESIAN_POINT('',(-6.54999999999999,-3.35,2.));
#19537=CARTESIAN_POINT('',(-6.55,-3.35,-2.88));
#19538=CARTESIAN_POINT('',(-6.55,-3.35,-2.88));
#19539=CARTESIAN_POINT('',(-6.55,-3.35,-2.));
#19540=CARTESIAN_POINT('',(-6.38,-3.35,-2.88));
#19541=CARTESIAN_POINT('',(-6.21,-3.35,-2.88));
#19542=CARTESIAN_POINT('',(-6.21,-3.35,-2.));
#19543=CARTESIAN_POINT('',(-6.21,-3.35,-2.));
#19544=CARTESIAN_POINT('',(-6.38,-3.35,-2.));
#19545=CARTESIAN_POINT('',(-8.38,-3.35,1.9999999652528));
#19546=CARTESIAN_POINT('',(-8.21,-3.35,2.));
#19547=CARTESIAN_POINT('',(-8.54999999999999,-3.35,2.));
#19548=CARTESIAN_POINT('',(-8.21,-3.35,2.88));
#19549=CARTESIAN_POINT('',(-8.21,-3.35,2.88));
#19550=CARTESIAN_POINT('',(-8.38,-3.35,2.88));
#19551=CARTESIAN_POINT('',(-8.54999999999999,-3.35,2.88));
#19552=CARTESIAN_POINT('',(-8.54999999999999,-3.35,2.));
#19553=CARTESIAN_POINT('',(-8.55,-3.35,-2.88));
#19554=CARTESIAN_POINT('',(-8.55,-3.35,-2.88));
#19555=CARTESIAN_POINT('',(-8.55,-3.35,-2.));
#19556=CARTESIAN_POINT('',(-8.38,-3.35,-2.88));
#19557=CARTESIAN_POINT('',(-8.21,-3.35,-2.88));
#19558=CARTESIAN_POINT('',(-8.21,-3.35,-2.));
#19559=CARTESIAN_POINT('',(-8.21,-3.35,-2.));
#19560=CARTESIAN_POINT('',(-8.38,-3.35,-2.));
#19561=CARTESIAN_POINT('',(-8.88,-3.35,-2.87));
#19562=CARTESIAN_POINT('',(-8.88,-3.48,-2.87));
#19563=CARTESIAN_POINT('',(-8.88,-3.48,-2.87));
#19564=CARTESIAN_POINT('',(-8.88,-3.48,-1.62115109208306));
#19565=CARTESIAN_POINT('',(-8.88,-3.35,-1.62115109208306));
#19566=CARTESIAN_POINT('',(-8.88,-3.35,-2.87));
#19567=CARTESIAN_POINT('',(-6.88000000000013,-3.35,-1.62115109208304));
#19568=CARTESIAN_POINT('',(-6.88000000000013,-3.48,-1.62115109208304));
#19569=CARTESIAN_POINT('',(-8.81185165257814,-3.48,-1.10351300187802));
#19570=CARTESIAN_POINT('',(-8.81185165257814,-3.35,-1.10351300187802));
#19571=CARTESIAN_POINT('',(-8.81185165257814,-3.35,-1.10351300187802));
#19572=CARTESIAN_POINT('',(-8.81185165257814,-3.48,-1.10351300187802));
#19573=CARTESIAN_POINT('',(-8.82814834742187,-3.48,-1.16433309503026));
#19574=CARTESIAN_POINT('',(-8.82814834742187,-3.35,-1.16433309503026));
#19575=CARTESIAN_POINT('',(-10.7600000000001,-3.35,-0.646695004825187));
#19576=CARTESIAN_POINT('',(-10.7600000000001,-3.48,-0.646695004825187));
#19577=CARTESIAN_POINT('',(-8.76,-3.48,-0.646695004825207));
#19578=CARTESIAN_POINT('',(-8.76,-3.35,-0.646695004825207));
#19579=CARTESIAN_POINT('',(-8.76,-3.35,-0.646695004825207));
#19580=CARTESIAN_POINT('',(-8.76,-3.48,-0.646695004825207));
#19581=CARTESIAN_POINT('',(-8.76,-3.48,0.646695004825206));
#19582=CARTESIAN_POINT('',(-8.76,-3.35,0.646695004825206));
#19583=CARTESIAN_POINT('',(-10.7599999999999,-3.35,0.646695004825223));
#19584=CARTESIAN_POINT('',(-10.7599999999999,-3.48,0.646695004825223));
#19585=CARTESIAN_POINT('',(-8.82814834742186,-3.48,1.16433309503022));
#19586=CARTESIAN_POINT('',(-8.82814834742186,-3.35,1.16433309503022));
#19587=CARTESIAN_POINT('',(-8.82814834742186,-3.35,1.16433309503022));
#19588=CARTESIAN_POINT('',(-8.82814834742186,-3.48,1.16433309503022));
#19589=CARTESIAN_POINT('',(-8.81185165257815,-3.48,1.10351300187805));
#19590=CARTESIAN_POINT('',(-8.81185165257815,-3.35,1.10351300187805));
#19591=CARTESIAN_POINT('',(-6.87999999999984,-3.35,1.62115109208307));
#19592=CARTESIAN_POINT('',(-6.87999999999984,-3.48,1.62115109208307));
#19593=CARTESIAN_POINT('',(-8.88,-3.48,1.62115109208305));
#19594=CARTESIAN_POINT('',(-8.88,-3.35,1.62115109208305));
#19595=CARTESIAN_POINT('',(-8.88,-3.35,1.62115109208305));
#19596=CARTESIAN_POINT('',(-8.88,-3.48,1.62115109208305));
#19597=CARTESIAN_POINT('',(-8.88,-3.48,2.87));
#19598=CARTESIAN_POINT('',(-8.88,-3.35,2.87));
#19599=CARTESIAN_POINT('',(-8.5,-3.35,2.87));
#19600=CARTESIAN_POINT('',(-8.5,-3.48,2.87));
#19601=CARTESIAN_POINT('',(-8.5,-3.48,3.25));
#19602=CARTESIAN_POINT('',(-8.5,-3.35,3.25));
#19603=CARTESIAN_POINT('',(-8.5,-3.35,3.25));
#19604=CARTESIAN_POINT('',(-8.5,-3.48,3.25));
#19605=CARTESIAN_POINT('',(-2.76,-3.48,3.25));
#19606=CARTESIAN_POINT('',(-2.76,-3.35,3.25));
#19607=CARTESIAN_POINT('',(-2.76,-3.35,2.87));
#19608=CARTESIAN_POINT('',(-2.76,-3.48,2.87));
#19609=CARTESIAN_POINT('',(-2.38,-3.48,2.87));
#19610=CARTESIAN_POINT('',(-2.38,-3.35,2.87));
#19611=CARTESIAN_POINT('',(-2.38,-3.35,2.87));
#19612=CARTESIAN_POINT('',(-2.38,-3.48,2.87));
#19613=CARTESIAN_POINT('',(-2.38,-3.48,1.62115109208306));
#19614=CARTESIAN_POINT('',(-2.38,-3.35,1.62115109208306));
#19615=CARTESIAN_POINT('',(-4.38,-3.35,1.62115109208306));
#19616=CARTESIAN_POINT('',(-4.38,-3.48,1.62115109208306));
#19617=CARTESIAN_POINT('',(-2.44814834742186,-3.48,1.10351300187802));
#19618=CARTESIAN_POINT('',(-2.44814834742186,-3.35,1.10351300187802));
#19619=CARTESIAN_POINT('',(-2.44814834742186,-3.35,1.10351300187802));
#19620=CARTESIAN_POINT('',(-2.44814834742186,-3.48,1.10351300187802));
#19621=CARTESIAN_POINT('',(-2.43185165257814,-3.48,1.16433309503024));
#19622=CARTESIAN_POINT('',(-2.43185165257814,-3.35,1.16433309503024));
#19623=CARTESIAN_POINT('',(-0.499999999999982,-3.35,0.646695004825207));
#19624=CARTESIAN_POINT('',(-0.499999999999982,-3.48,0.646695004825207));
#19625=CARTESIAN_POINT('',(-2.5,-3.48,0.646695004825209));
#19626=CARTESIAN_POINT('',(-2.5,-3.35,0.646695004825209));
#19627=CARTESIAN_POINT('',(-2.5,-3.35,0.64669500482521));
#19628=CARTESIAN_POINT('',(-2.5,-3.48,0.64669500482521));
#19629=CARTESIAN_POINT('',(-2.5,-3.48,-0.64669500482521));
#19630=CARTESIAN_POINT('',(-2.5,-3.35,-0.64669500482521));
#19631=CARTESIAN_POINT('',(-0.499999999999981,-3.35,-0.646695004825205));
#19632=CARTESIAN_POINT('',(-0.499999999999981,-3.48,-0.646695004825205));
#19633=CARTESIAN_POINT('',(-2.43185165257814,-3.48,-1.16433309503025));
#19634=CARTESIAN_POINT('',(-2.43185165257814,-3.35,-1.16433309503025));
#19635=CARTESIAN_POINT('',(-2.43185165257814,-3.35,-1.16433309503025));
#19636=CARTESIAN_POINT('',(-2.43185165257814,-3.48,-1.16433309503025));
#19637=CARTESIAN_POINT('',(-2.44814834742186,-3.48,-1.10351300187801));
#19638=CARTESIAN_POINT('',(-2.44814834742186,-3.35,-1.10351300187801));
#19639=CARTESIAN_POINT('',(-4.37999999999999,-3.35,-1.62115109208306));
#19640=CARTESIAN_POINT('',(-4.37999999999999,-3.48,-1.62115109208306));
#19641=CARTESIAN_POINT('',(-2.38,-3.48,-1.62115109208306));
#19642=CARTESIAN_POINT('',(-2.38,-3.35,-1.62115109208306));
#19643=CARTESIAN_POINT('',(-2.38,-3.35,-1.62115109208306));
#19644=CARTESIAN_POINT('',(-2.38,-3.48,-1.62115109208306));
#19645=CARTESIAN_POINT('',(-2.38,-3.48,-2.87));
#19646=CARTESIAN_POINT('',(-2.38,-3.35,-2.87));
#19647=CARTESIAN_POINT('',(-2.76,-3.35,-2.87));
#19648=CARTESIAN_POINT('',(-2.76,-3.48,-2.87));
#19649=CARTESIAN_POINT('',(-2.76,-3.48,-3.25));
#19650=CARTESIAN_POINT('',(-2.76,-3.35,-3.25));
#19651=CARTESIAN_POINT('',(-2.76,-3.35,-3.25));
#19652=CARTESIAN_POINT('',(-2.76,-3.48,-3.25));
#19653=CARTESIAN_POINT('',(-8.5,-3.48,-3.25));
#19654=CARTESIAN_POINT('',(-8.5,-3.35,-3.25));
#19655=CARTESIAN_POINT('',(-3.38,-3.35,1.9999999652528));
#19656=CARTESIAN_POINT('',(-3.38,-3.48,1.9999999652528));
#19657=CARTESIAN_POINT('',(-3.21,-3.48,2.));
#19658=CARTESIAN_POINT('',(-3.54999999999999,-3.48,2.));
#19659=CARTESIAN_POINT('',(-3.21,-3.35,2.));
#19660=CARTESIAN_POINT('',(-3.54999999999999,-3.35,2.));
#19661=CARTESIAN_POINT('',(-3.21,-3.35,2.88));
#19662=CARTESIAN_POINT('',(-3.21,-3.48,2.88));
#19663=CARTESIAN_POINT('',(-3.21,-3.48,2.88));
#19664=CARTESIAN_POINT('',(-3.21,-3.35,2.88));
#19665=CARTESIAN_POINT('',(-3.38,-3.35,2.88));
#19666=CARTESIAN_POINT('',(-3.38,-3.48,2.88));
#19667=CARTESIAN_POINT('',(-3.54999999999999,-3.48,2.88));
#19668=CARTESIAN_POINT('',(-3.54999999999999,-3.35,2.88));
#19669=CARTESIAN_POINT('',(-3.55,-3.35,-2.88));
#19670=CARTESIAN_POINT('',(-3.55,-3.48,-2.88));
#19671=CARTESIAN_POINT('',(-3.55,-3.48,-2.88));
#19672=CARTESIAN_POINT('',(-3.55,-3.48,-2.));
#19673=CARTESIAN_POINT('',(-3.55,-3.35,-2.88));
#19674=CARTESIAN_POINT('',(-3.55,-3.35,-2.));
#19675=CARTESIAN_POINT('',(-3.38,-3.35,-2.88));
#19676=CARTESIAN_POINT('',(-3.38,-3.48,-2.88));
#19677=CARTESIAN_POINT('',(-3.21,-3.48,-2.88));
#19678=CARTESIAN_POINT('',(-3.21,-3.35,-2.88));
#19679=CARTESIAN_POINT('',(-3.21,-3.35,-2.));
#19680=CARTESIAN_POINT('',(-3.21,-3.48,-2.));
#19681=CARTESIAN_POINT('',(-3.21,-3.48,-2.));
#19682=CARTESIAN_POINT('',(-3.21,-3.35,-2.));
#19683=CARTESIAN_POINT('',(-6.38,-3.35,1.9999999652528));
#19684=CARTESIAN_POINT('',(-6.38,-3.48,1.9999999652528));
#19685=CARTESIAN_POINT('',(-6.21,-3.48,2.));
#19686=CARTESIAN_POINT('',(-6.54999999999999,-3.48,2.));
#19687=CARTESIAN_POINT('',(-6.21,-3.35,2.));
#19688=CARTESIAN_POINT('',(-6.54999999999999,-3.35,2.));
#19689=CARTESIAN_POINT('',(-6.21,-3.35,2.88));
#19690=CARTESIAN_POINT('',(-6.21,-3.48,2.88));
#19691=CARTESIAN_POINT('',(-6.21,-3.48,2.88));
#19692=CARTESIAN_POINT('',(-6.21,-3.35,2.88));
#19693=CARTESIAN_POINT('',(-6.38,-3.35,2.88));
#19694=CARTESIAN_POINT('',(-6.38,-3.48,2.88));
#19695=CARTESIAN_POINT('',(-6.54999999999999,-3.48,2.88));
#19696=CARTESIAN_POINT('',(-6.54999999999999,-3.35,2.88));
#19697=CARTESIAN_POINT('',(-6.55,-3.35,-2.88));
#19698=CARTESIAN_POINT('',(-6.55,-3.48,-2.88));
#19699=CARTESIAN_POINT('',(-6.55,-3.48,-2.88));
#19700=CARTESIAN_POINT('',(-6.55,-3.48,-2.));
#19701=CARTESIAN_POINT('',(-6.55,-3.35,-2.88));
#19702=CARTESIAN_POINT('',(-6.55,-3.35,-2.));
#19703=CARTESIAN_POINT('',(-6.38,-3.35,-2.88));
#19704=CARTESIAN_POINT('',(-6.38,-3.48,-2.88));
#19705=CARTESIAN_POINT('',(-6.21,-3.48,-2.88));
#19706=CARTESIAN_POINT('',(-6.21,-3.35,-2.88));
#19707=CARTESIAN_POINT('',(-6.21,-3.35,-2.));
#19708=CARTESIAN_POINT('',(-6.21,-3.48,-2.));
#19709=CARTESIAN_POINT('',(-6.21,-3.48,-2.));
#19710=CARTESIAN_POINT('',(-6.21,-3.35,-2.));
#19711=CARTESIAN_POINT('',(-8.38,-3.35,1.9999999652528));
#19712=CARTESIAN_POINT('',(-8.38,-3.48,1.9999999652528));
#19713=CARTESIAN_POINT('',(-8.21,-3.48,2.));
#19714=CARTESIAN_POINT('',(-8.54999999999999,-3.48,2.));
#19715=CARTESIAN_POINT('',(-8.21,-3.35,2.));
#19716=CARTESIAN_POINT('',(-8.54999999999999,-3.35,2.));
#19717=CARTESIAN_POINT('',(-8.21,-3.35,2.88));
#19718=CARTESIAN_POINT('',(-8.21,-3.48,2.88));
#19719=CARTESIAN_POINT('',(-8.21,-3.48,2.88));
#19720=CARTESIAN_POINT('',(-8.21,-3.35,2.88));
#19721=CARTESIAN_POINT('',(-8.38,-3.35,2.88));
#19722=CARTESIAN_POINT('',(-8.38,-3.48,2.88));
#19723=CARTESIAN_POINT('',(-8.54999999999999,-3.48,2.88));
#19724=CARTESIAN_POINT('',(-8.54999999999999,-3.35,2.88));
#19725=CARTESIAN_POINT('',(-8.55,-3.35,-2.88));
#19726=CARTESIAN_POINT('',(-8.55,-3.48,-2.88));
#19727=CARTESIAN_POINT('',(-8.55,-3.48,-2.88));
#19728=CARTESIAN_POINT('',(-8.55,-3.48,-2.));
#19729=CARTESIAN_POINT('',(-8.55,-3.35,-2.88));
#19730=CARTESIAN_POINT('',(-8.55,-3.35,-2.));
#19731=CARTESIAN_POINT('',(-8.38,-3.35,-2.88));
#19732=CARTESIAN_POINT('',(-8.38,-3.48,-2.88));
#19733=CARTESIAN_POINT('',(-8.21,-3.48,-2.88));
#19734=CARTESIAN_POINT('',(-8.21,-3.35,-2.88));
#19735=CARTESIAN_POINT('',(-8.21,-3.35,-2.));
#19736=CARTESIAN_POINT('',(-8.21,-3.48,-2.));
#19737=CARTESIAN_POINT('',(-8.21,-3.48,-2.));
#19738=CARTESIAN_POINT('',(-8.21,-3.35,-2.));
#19739=CARTESIAN_POINT('',(-3.54999999999999,-3.35,2.));
#19740=CARTESIAN_POINT('',(-3.54999999999999,-3.48,2.));
#19741=CARTESIAN_POINT('',(-3.38,-3.35,-2.));
#19742=CARTESIAN_POINT('',(-3.38,-3.48,-2.));
#19743=CARTESIAN_POINT('',(-6.54999999999999,-3.35,2.));
#19744=CARTESIAN_POINT('',(-6.54999999999999,-3.48,2.));
#19745=CARTESIAN_POINT('',(-6.38,-3.35,-2.));
#19746=CARTESIAN_POINT('',(-6.38,-3.48,-2.));
#19747=CARTESIAN_POINT('',(-8.54999999999999,-3.35,2.));
#19748=CARTESIAN_POINT('',(-8.54999999999999,-3.48,2.));
#19749=CARTESIAN_POINT('',(-8.38,-3.35,-2.));
#19750=CARTESIAN_POINT('',(-8.38,-3.48,-2.));
#19751=CARTESIAN_POINT('',(-8.5,-3.35,-2.87));
#19752=CARTESIAN_POINT('',(-8.5,-3.48,-2.87));
#19753=CARTESIAN_POINT('',(-6.88000000000013,-3.48,-1.62115109208304));
#19754=CARTESIAN_POINT('',(-0.73,2.07889393668845,2.07889393668845));
#19755=CARTESIAN_POINT('',(-0.73,2.07889393668845,2.07889393668845));
#19756=CARTESIAN_POINT('',(-0.73,2.07889393668845,1.92389393668845));
#19757=CARTESIAN_POINT('',(0.,2.07889393668845,2.07889393668845));
#19758=CARTESIAN_POINT('',(-0.04,2.07889393668845,2.07889393668845));
#19759=CARTESIAN_POINT('',(-0.04,2.07889393668845,1.92389393668845));
#19760=CARTESIAN_POINT('',(-0.04,2.07889393668845,2.07889393668845));
#19761=CARTESIAN_POINT('',(-0.73,-2.07889393668845,-2.07889393668845));
#19762=CARTESIAN_POINT('',(-0.73,-2.07889393668845,-2.07889393668845));
#19763=CARTESIAN_POINT('',(-0.73,-2.07889393668845,-2.23389393668845));
#19764=CARTESIAN_POINT('',(0.,-2.07889393668845,-2.07889393668845));
#19765=CARTESIAN_POINT('',(-0.04,-2.07889393668845,-2.07889393668845));
#19766=CARTESIAN_POINT('',(-0.04,-2.07889393668845,-2.23389393668845));
#19767=CARTESIAN_POINT('',(-0.04,-2.07889393668845,-2.07889393668845));
#19768=CARTESIAN_POINT('',(-0.73,-2.07889393668845,2.07889393668845));
#19769=CARTESIAN_POINT('',(-0.73,-2.07889393668845,2.07889393668845));
#19770=CARTESIAN_POINT('',(-0.73,-2.07889393668845,1.92389393668845));
#19771=CARTESIAN_POINT('',(0.,-2.07889393668845,2.07889393668845));
#19772=CARTESIAN_POINT('',(-0.04,-2.07889393668845,2.07889393668845));
#19773=CARTESIAN_POINT('',(-0.04,-2.07889393668845,1.92389393668845));
#19774=CARTESIAN_POINT('',(-0.04,-2.07889393668845,2.07889393668845));
#19775=CARTESIAN_POINT('',(-0.73,2.07889393668845,-2.07889393668845));
#19776=CARTESIAN_POINT('',(-0.73,2.07889393668845,-2.07889393668845));
#19777=CARTESIAN_POINT('',(-0.73,2.07889393668845,-2.23389393668845));
#19778=CARTESIAN_POINT('',(0.,2.07889393668845,-2.07889393668845));
#19779=CARTESIAN_POINT('',(-0.04,2.07889393668845,-2.07889393668845));
#19780=CARTESIAN_POINT('',(-0.04,2.07889393668845,-2.23389393668845));
#19781=CARTESIAN_POINT('',(-0.04,2.07889393668845,-2.07889393668845));
#19782=CARTESIAN_POINT('',(-0.0999999999999994,-2.22044604925031E-16,0.));
#19783=CARTESIAN_POINT('',(-0.1,-2.22044604925031E-16,-1.28));
#19784=CARTESIAN_POINT('',(-0.1,0.809559302386377,-0.832186719384347));
#19785=CARTESIAN_POINT('',(-0.1,1.39660349263248,-1.41923090963045));
#19786=CARTESIAN_POINT('',(-0.1,-3.38970386362149E-16,-1.52004615302692E-16));
#19787=CARTESIAN_POINT('',(-0.1,1.41923090963045,-1.39660349263248));
#19788=CARTESIAN_POINT('',(-0.1,1.54922934337627,-1.5266019263783));
#19789=CARTESIAN_POINT('',(-0.0999999999999997,0.832186719384347,-0.809559302386378));
#19790=CARTESIAN_POINT('',(-0.0999999999999989,-2.2204460492503E-16,0.));
#19791=CARTESIAN_POINT('',(-0.1,1.16088974498012,-0.0160000000000004));
#19792=CARTESIAN_POINT('',(-0.1,1.16088974498012,-0.0159999999999999));
#19793=CARTESIAN_POINT('',(-0.1,1.99109560053849,-0.0159999999999999));
#19794=CARTESIAN_POINT('',(-0.1,-3.38970386362149E-16,-1.52004615302692E-16));
#19795=CARTESIAN_POINT('',(-0.1,1.99109560053849,0.0160000000000001));
#19796=CARTESIAN_POINT('',(-0.1,2.17494114862908,0.0160000000000001));
#19797=CARTESIAN_POINT('',(-0.1,1.13113242219358,0.261649466772791));
#19798=CARTESIAN_POINT('',(-0.1,1.91054413366399,0.560837591291681));
#19799=CARTESIAN_POINT('',(-0.1,-3.38970386362149E-16,-1.52004615302692E-16));
#19800=CARTESIAN_POINT('',(-0.1,1.82406117165559,0.798447576577289));
#19801=CARTESIAN_POINT('',(-0.1,1.99840855546889,0.858480195129018));
#19802=CARTESIAN_POINT('',(-0.1,0.832186719384347,0.809559302386378));
#19803=CARTESIAN_POINT('',(-0.1,1.41923090963045,1.39660349263248));
#19804=CARTESIAN_POINT('',(-0.1,-3.38970386362149E-16,-1.52004615302692E-16));
#19805=CARTESIAN_POINT('',(-0.1,1.39660349263248,1.41923090963045));
#19806=CARTESIAN_POINT('',(-0.1,1.5266019263783,1.54922934337627));
#19807=CARTESIAN_POINT('',(-0.1,-2.22044604925031E-16,1.28));
#19808=CARTESIAN_POINT('',(-0.1,-0.809559302386378,0.832186719384347));
#19809=CARTESIAN_POINT('',(-0.1,-1.39660349263248,1.41923090963045));
#19810=CARTESIAN_POINT('',(-0.1,-3.38970386362149E-16,-1.52004615302692E-16));
#19811=CARTESIAN_POINT('',(-0.1,-1.41923090963045,1.39660349263248));
#19812=CARTESIAN_POINT('',(-0.1,-1.54922934337627,1.5266019263783));
#19813=CARTESIAN_POINT('',(-0.1,-1.16088974498012,0.0159999999999999));
#19814=CARTESIAN_POINT('',(-0.1,-1.99109560053849,0.0159999999999999));
#19815=CARTESIAN_POINT('',(-0.1,-3.38970386362149E-16,-1.52004615302692E-16));
#19816=CARTESIAN_POINT('',(-0.1,-1.99109560053849,-0.0160000000000001));
#19817=CARTESIAN_POINT('',(-0.1,-2.17494114862908,-0.0160000000000001));
#19818=CARTESIAN_POINT('',(-0.1,-0.832186719384347,-0.809559302386378));
#19819=CARTESIAN_POINT('',(-0.1,-1.41923090963045,-1.39660349263248));
#19820=CARTESIAN_POINT('',(-0.1,-3.38970386362149E-16,-1.52004615302692E-16));
#19821=CARTESIAN_POINT('',(-0.1,-1.39660349263248,-1.41923090963045));
#19822=CARTESIAN_POINT('',(-0.1,-1.5266019263783,-1.54922934337627));
#19823=CARTESIAN_POINT('',(-0.0999999999999995,0.,0.));
#19824=CARTESIAN_POINT('',(-0.1,0.615,0.));
#19825=CARTESIAN_POINT('',(-0.129999999999999,-2.73184799366426E-16,0.));
#19826=CARTESIAN_POINT('',(-0.13,0.853401886779621,-0.830774469781651));
#19827=CARTESIAN_POINT('',(-0.114153374482318,0.853401886779621,-0.830774469781651));
#19828=CARTESIAN_POINT('',(-0.0999999999997075,0.843391984206738,-0.820764567208769));
#19829=CARTESIAN_POINT('',(-0.0999999999996895,0.832186719384371,-0.809559302386402));
#19830=CARTESIAN_POINT('',(-0.13,0.85340188677962,-0.830774469781652));
#19831=CARTESIAN_POINT('',(-0.129999999999999,-2.52323414687534E-16,0.));
#19832=CARTESIAN_POINT('',(-0.13,1.19089252243853,-0.0159999999999999));
#19833=CARTESIAN_POINT('',(-0.1,1.16088974498012,-0.0159999999999999));
#19834=CARTESIAN_POINT('',(-0.1,1.16877556073583,-0.0159999999999999));
#19835=CARTESIAN_POINT('',(-0.106494712787046,1.18437521994639,-0.0159999999999999));
#19836=CARTESIAN_POINT('',(-0.122156575977595,1.19089252243853,-0.0159999999999999));
#19837=CARTESIAN_POINT('',(-0.13,1.19089252243853,-0.0159999999999999));
#19838=CARTESIAN_POINT('',(0.12,0.,0.));
#19839=CARTESIAN_POINT('',(0.119999999999999,0.853401886779621,-0.830774469781652));
#19840=CARTESIAN_POINT('',(-0.37,0.853401886779621,-0.830774469781651));
#19841=CARTESIAN_POINT('',(-0.369999999999999,-4.94553892787569E-16,0.));
#19842=CARTESIAN_POINT('',(-0.37,1.19089252243853,-0.0159999999999999));
#19843=CARTESIAN_POINT('',(0.119999999999999,1.19089252243853,-0.0159999999999999));
#19844=CARTESIAN_POINT('',(-0.369999999999998,-5.46369598732853E-16,0.));
#19845=CARTESIAN_POINT('',(-0.37,0.853401886779621,-0.830774469781651));
#19846=CARTESIAN_POINT('',(-0.39578959664259,0.853401886779621,-0.830774469781651));
#19847=CARTESIAN_POINT('',(-0.446390275614502,0.86437107969988,-0.841743662701911));
#19848=CARTESIAN_POINT('',(-0.480387191393422,0.893465603892273,-0.870838186894304));
#19849=CARTESIAN_POINT('',(-0.490206606309708,0.910327924569013,-0.887700507571044));
#19850=CARTESIAN_POINT('',(-0.490206606309635,0.91032792456904,-0.88770050757107));
#19851=CARTESIAN_POINT('',(-0.490206606309634,-6.15877658275759E-16,0.));
#19852=CARTESIAN_POINT('',(-0.490206606309636,1.27139809713249,-0.0159999999999999));
#19853=CARTESIAN_POINT('',(-0.490206606309636,1.27139809713249,-0.0159999999999999));
#19854=CARTESIAN_POINT('',(-0.480495179077429,1.24781342783606,-0.0159999999999999));
#19855=CARTESIAN_POINT('',(-0.446572251032966,1.20637321356429,-0.0159999999999999));
#19856=CARTESIAN_POINT('',(-0.395613759329112,1.19089252243853,-0.0159999999999999));
#19857=CARTESIAN_POINT('',(-0.37,1.19089252243853,-0.0159999999999999));
#19858=CARTESIAN_POINT('',(-0.397739986071452,-5.46369598732853E-16,0.));
#19859=CARTESIAN_POINT('',(-0.490206606309635,0.91032792456904,-0.88770050757107));
#19860=CARTESIAN_POINT('',(-0.499678123183865,0.926592819798546,-0.903965402800577));
#19861=CARTESIAN_POINT('',(-0.500205454428269,0.944934090676839,-0.92230667367887));
#19862=CARTESIAN_POINT('',(-0.491709248150045,0.961441349818044,-0.938813932820075));
#19863=CARTESIAN_POINT('',(-0.491709248150045,0.961441349818044,-0.938813932820075));
#19864=CARTESIAN_POINT('',(-0.491709248150044,-6.17394265156657E-16,0.));
#19865=CARTESIAN_POINT('',(-0.491709248150045,1.34368339633897,-0.0159999999999999));
#19866=CARTESIAN_POINT('',(-0.491709248150045,1.34368339633897,-0.0159999999999999));
#19867=CARTESIAN_POINT('',(-0.500210148225993,1.32032570956638,-0.0159999999999999));
#19868=CARTESIAN_POINT('',(-0.499603379123848,1.29421861300289,-0.0159999999999999));
#19869=CARTESIAN_POINT('',(-0.490206606309636,1.27139809713249,-0.0159999999999999));
#19870=CARTESIAN_POINT('',(-0.491709248150044,-6.17394265156657E-16,0.));
#19871=CARTESIAN_POINT('',(-0.271183532117164,1.38989080411802,-1.36726338712005));
#19872=CARTESIAN_POINT('',(-0.344693089753733,1.24707457300531,-1.22444715600734));
#19873=CARTESIAN_POINT('',(-0.418202106174565,1.10425820260898,-1.08163078561101));
#19874=CARTESIAN_POINT('',(-0.491709248150045,0.961441349818044,-0.938813932820075));
#19875=CARTESIAN_POINT('',(-0.271183532117164,1.38989080411802,-1.36726338712005));
#19876=CARTESIAN_POINT('',(-0.271183532117163,-3.94819058373335E-16,0.));
#19877=CARTESIAN_POINT('',(-0.271183532117165,1.94960242540135,-0.0159999999999999));
#19878=CARTESIAN_POINT('',(-0.491709248150045,1.34368339633897,-0.0159999999999999));
#19879=CARTESIAN_POINT('',(-0.418202106182287,1.54565692647013,-0.0159999999999999));
#19880=CARTESIAN_POINT('',(-0.344693089759056,1.74762977442012,-0.0159999999999999));
#19881=CARTESIAN_POINT('',(-0.271183532117165,1.94960242540135,-0.0159999999999999));
#19882=CARTESIAN_POINT('',(-0.214801974870008,-2.73184799366426E-16,0.));
#19883=CARTESIAN_POINT('',(-0.271183532117164,1.38989080411802,-1.36726338712005));
#19884=CARTESIAN_POINT('',(-0.262875964680993,1.40603095662464,-1.38340353962667));
#19885=CARTESIAN_POINT('',(-0.240137141941411,1.41750119776345,-1.39487378076548));
#19886=CARTESIAN_POINT('',(-0.215849119256252,1.41780098468378,-1.39517356768581));
#19887=CARTESIAN_POINT('',(-0.215849119256246,1.41780098468375,-1.39517356768578));
#19888=CARTESIAN_POINT('',(-0.215849119256245,-3.38970386362149E-16,0.));
#19889=CARTESIAN_POINT('',(-0.215849119256247,1.98907338128568,-0.0159999999999999));
#19890=CARTESIAN_POINT('',(-0.215849119256247,1.98907338128568,-0.0159999999999999));
#19891=CARTESIAN_POINT('',(-0.239812879118637,1.98865507876887,-0.0159999999999999));
#19892=CARTESIAN_POINT('',(-0.262910458294745,1.97233327435867,-0.0159999999999999));
#19893=CARTESIAN_POINT('',(-0.271183532117165,1.94960242540135,-0.0159999999999999));
#19894=CARTESIAN_POINT('',(-0.215849119256245,-3.38970386362149E-16,0.));
#19895=CARTESIAN_POINT('',(-0.215849119256246,1.39517356768578,-1.41780098468375));
#19896=CARTESIAN_POINT('',(-0.177232746171217,1.39565020935033,-1.4182776263483));
#19897=CARTESIAN_POINT('',(-0.138616373085802,1.39612685099922,-1.41875426799719));
#19898=CARTESIAN_POINT('',(-0.1,1.39660349263248,-1.41923090963045));
#19899=CARTESIAN_POINT('',(-0.1,-1.39660349263248,-1.41923090963045));
#19900=CARTESIAN_POINT('',(-0.138616373085801,-1.39612685099922,-1.41875426799719));
#19901=CARTESIAN_POINT('',(-0.177232746171216,-1.39565020935034,-1.4182776263483));
#19902=CARTESIAN_POINT('',(-0.215849119256244,-1.39517356768578,-1.41780098468375));
#19903=CARTESIAN_POINT('',(-0.215849119256244,-1.41780098468375,-1.39517356768578));
#19904=CARTESIAN_POINT('',(-0.177232746171216,-1.4182776263483,-1.39565020935033));
#19905=CARTESIAN_POINT('',(-0.138616373085801,-1.41875426799719,-1.39612685099922));
#19906=CARTESIAN_POINT('',(-0.1,-1.41923090963045,-1.39660349263248));
#19907=CARTESIAN_POINT('',(-0.1,-1.99109560053849,-0.0160000000000001));
#19908=CARTESIAN_POINT('',(-0.1386163730858,-1.99042152747634,-0.0160000000000001));
#19909=CARTESIAN_POINT('',(-0.177232746171215,-1.98974745439209,-0.0160000000000001));
#19910=CARTESIAN_POINT('',(-0.215849119256243,-1.98907338128568,-0.0160000000000001));
#19911=CARTESIAN_POINT('',(-0.215849119256243,-1.98907338128568,0.0159999999999999));
#19912=CARTESIAN_POINT('',(-0.177232746171215,-1.98974745439209,0.0159999999999999));
#19913=CARTESIAN_POINT('',(-0.1386163730858,-1.99042152747634,0.0159999999999999));
#19914=CARTESIAN_POINT('',(-0.0999999999999996,-1.99109560053849,0.0159999999999999));
#19915=CARTESIAN_POINT('',(-0.1,-1.41923090963045,1.39660349263248));
#19916=CARTESIAN_POINT('',(-0.138616373085801,-1.41875426799719,1.39612685099922));
#19917=CARTESIAN_POINT('',(-0.177232746171216,-1.4182776263483,1.39565020935033));
#19918=CARTESIAN_POINT('',(-0.215849119256244,-1.41780098468375,1.39517356768578));
#19919=CARTESIAN_POINT('',(-0.215849119256244,-1.39517356768578,1.41780098468375));
#19920=CARTESIAN_POINT('',(-0.177232746171216,-1.39565020935034,1.4182776263483));
#19921=CARTESIAN_POINT('',(-0.138616373085801,-1.39612685099922,1.41875426799719));
#19922=CARTESIAN_POINT('',(-0.1,-1.39660349263248,1.41923090963045));
#19923=CARTESIAN_POINT('',(-0.1,1.39660349263248,1.41923090963045));
#19924=CARTESIAN_POINT('',(-0.138616373085802,1.39612685099922,1.41875426799719));
#19925=CARTESIAN_POINT('',(-0.177232746171217,1.39565020935033,1.4182776263483));
#19926=CARTESIAN_POINT('',(-0.215849119256246,1.39517356768578,1.41780098468375));
#19927=CARTESIAN_POINT('',(-0.215849119256246,1.41780098468375,1.39517356768578));
#19928=CARTESIAN_POINT('',(-0.177232746171217,1.4182776263483,1.39565020935033));
#19929=CARTESIAN_POINT('',(-0.138616373085802,1.41875426799719,1.39612685099922));
#19930=CARTESIAN_POINT('',(-0.1,1.41923090963045,1.39660349263248));
#19931=CARTESIAN_POINT('',(-0.1,1.82406117165559,0.79844757657729));
#19932=CARTESIAN_POINT('',(-0.138616373125065,1.82342174758578,0.798227405213451));
#19933=CARTESIAN_POINT('',(-0.177232746210521,1.82278232137745,0.79800723311326));
#19934=CARTESIAN_POINT('',(-0.215849119256247,1.82214289302401,0.797787060274452));
#19935=CARTESIAN_POINT('',(-0.215849119256247,1.90865007528245,0.56011053039875));
#19936=CARTESIAN_POINT('',(-0.177232746210521,1.90928143019214,0.560352884841926));
#19937=CARTESIAN_POINT('',(-0.138616373125065,1.90991278298383,0.560595238472072));
#19938=CARTESIAN_POINT('',(-0.1,1.91054413366399,0.56083759129168));
#19939=CARTESIAN_POINT('',(-0.0999999999999999,1.99109560053849,0.0160000000000001));
#19940=CARTESIAN_POINT('',(-0.138616373085802,1.99042152747634,0.0160000000000001));
#19941=CARTESIAN_POINT('',(-0.177232746171218,1.98974745439209,0.0160000000000001));
#19942=CARTESIAN_POINT('',(-0.215849119256247,1.98907338128568,0.0160000000000001));
#19943=CARTESIAN_POINT('',(-0.215849119256247,1.98907338128568,-0.0159999999999999));
#19944=CARTESIAN_POINT('',(-0.177232746171218,1.98974745439209,-0.0159999999999999));
#19945=CARTESIAN_POINT('',(-0.138616373085802,1.99042152747634,-0.0159999999999999));
#19946=CARTESIAN_POINT('',(-0.0999999999999998,1.99109560053849,-0.0159999999999999));
#19947=CARTESIAN_POINT('',(-0.1,1.41923090963045,-1.39660349263248));
#19948=CARTESIAN_POINT('',(-0.138616373085802,1.41875426799719,-1.39612685099922));
#19949=CARTESIAN_POINT('',(-0.177232746171217,1.4182776263483,-1.39565020935033));
#19950=CARTESIAN_POINT('',(-0.215849119256246,1.41780098468375,-1.39517356768578));
#19951=CARTESIAN_POINT('',(-0.32,3.09096264412502,-0.828220944328066));
#19952=CARTESIAN_POINT('',(-0.32,3.16823671022814,-0.848926467936268));
#19953=CARTESIAN_POINT('',(-0.32,3.11517880598213,-1.04694126232553));
#19954=CARTESIAN_POINT('',(-0.32,3.12164928210969,-1.0227931166683));
#19955=CARTESIAN_POINT('',(-0.409489291724392,3.20835366221903,-0.699207964861462));
#19956=CARTESIAN_POINT('',(-0.409489291724392,3.20835366221903,-0.699207964861462));
#19957=CARTESIAN_POINT('',(-0.230510708275608,3.20835366221903,-0.699207964861462));
#19958=CARTESIAN_POINT('',(-0.498978583448784,3.16823671022814,-0.848926467936268));
#19959=CARTESIAN_POINT('',(-0.498978583448784,3.16823671022814,-0.848926467936268));
#19960=CARTESIAN_POINT('',(-0.409489291724392,3.12811975823725,-0.998644971011074));
#19961=CARTESIAN_POINT('',(-0.409489291724392,3.12811975823725,-0.998644971011074));
#19962=CARTESIAN_POINT('',(-0.230510708275608,3.12811975823725,-0.998644971011074));
#19963=CARTESIAN_POINT('',(-0.230510708275608,3.12811975823725,-0.998644971011074));
#19964=CARTESIAN_POINT('',(-0.141021416551216,3.16823671022814,-0.848926467936268));
#19965=CARTESIAN_POINT('',(-0.141021416551216,3.16823671022814,-0.848926467936268));
#19966=CARTESIAN_POINT('',(-0.230510708275608,3.20835366221903,-0.699207964861462));
#19967=CARTESIAN_POINT('',(-0.32,-0.828220944328067,-3.09096264412502));
#19968=CARTESIAN_POINT('',(-0.32,-0.848926467936268,-3.16823671022814));
#19969=CARTESIAN_POINT('',(-0.32,-1.04694126232553,-3.11517880598213));
#19970=CARTESIAN_POINT('',(-0.32,-1.0227931166683,-3.12164928210969));
#19971=CARTESIAN_POINT('',(-0.409489291724392,-0.699207964861463,-3.20835366221903));
#19972=CARTESIAN_POINT('',(-0.409489291724392,-0.699207964861463,-3.20835366221903));
#19973=CARTESIAN_POINT('',(-0.230510708275608,-0.699207964861463,-3.20835366221903));
#19974=CARTESIAN_POINT('',(-0.498978583448784,-0.848926467936268,-3.16823671022814));
#19975=CARTESIAN_POINT('',(-0.498978583448784,-0.848926467936268,-3.16823671022814));
#19976=CARTESIAN_POINT('',(-0.409489291724392,-0.998644971011074,-3.12811975823725));
#19977=CARTESIAN_POINT('',(-0.409489291724392,-0.998644971011074,-3.12811975823725));
#19978=CARTESIAN_POINT('',(-0.230510708275608,-0.998644971011074,-3.12811975823725));
#19979=CARTESIAN_POINT('',(-0.230510708275608,-0.998644971011074,-3.12811975823725));
#19980=CARTESIAN_POINT('',(-0.141021416551216,-0.848926467936268,-3.16823671022814));
#19981=CARTESIAN_POINT('',(-0.141021416551216,-0.848926467936268,-3.16823671022814));
#19982=CARTESIAN_POINT('',(-0.230510708275608,-0.699207964861463,-3.20835366221903));
#19983=CARTESIAN_POINT('',(-0.32,-3.09096264412502,0.828220944328067));
#19984=CARTESIAN_POINT('',(-0.32,-3.16823671022814,0.848926467936269));
#19985=CARTESIAN_POINT('',(-0.32,-3.11517880598213,1.04694126232553));
#19986=CARTESIAN_POINT('',(-0.32,-3.12164928210969,1.0227931166683));
#19987=CARTESIAN_POINT('',(-0.409489291724392,-3.20835366221903,0.699207964861463));
#19988=CARTESIAN_POINT('',(-0.409489291724392,-3.20835366221903,0.699207964861463));
#19989=CARTESIAN_POINT('',(-0.230510708275608,-3.20835366221903,0.699207964861463));
#19990=CARTESIAN_POINT('',(-0.498978583448784,-3.16823671022814,0.848926467936269));
#19991=CARTESIAN_POINT('',(-0.498978583448784,-3.16823671022814,0.848926467936269));
#19992=CARTESIAN_POINT('',(-0.409489291724392,-3.12811975823725,0.998644971011075));
#19993=CARTESIAN_POINT('',(-0.409489291724392,-3.12811975823725,0.998644971011075));
#19994=CARTESIAN_POINT('',(-0.230510708275608,-3.12811975823725,0.998644971011075));
#19995=CARTESIAN_POINT('',(-0.230510708275608,-3.12811975823725,0.998644971011075));
#19996=CARTESIAN_POINT('',(-0.141021416551216,-3.16823671022814,0.848926467936269));
#19997=CARTESIAN_POINT('',(-0.141021416551216,-3.16823671022814,0.848926467936269));
#19998=CARTESIAN_POINT('',(-0.230510708275608,-3.20835366221903,0.699207964861463));
#19999=CARTESIAN_POINT('',(-0.32,0.828220944328066,3.09096264412502));
#20000=CARTESIAN_POINT('',(-0.32,0.848926467936268,3.16823671022814));
#20001=CARTESIAN_POINT('',(-0.32,1.04694126232553,3.11517880598213));
#20002=CARTESIAN_POINT('',(-0.32,1.0227931166683,3.12164928210969));
#20003=CARTESIAN_POINT('',(-0.409489291724392,0.699207964861462,3.20835366221903));
#20004=CARTESIAN_POINT('',(-0.409489291724392,0.699207964861462,3.20835366221903));
#20005=CARTESIAN_POINT('',(-0.230510708275608,0.699207964861462,3.20835366221903));
#20006=CARTESIAN_POINT('',(-0.498978583448784,0.848926467936268,3.16823671022814));
#20007=CARTESIAN_POINT('',(-0.498978583448784,0.848926467936268,3.16823671022814));
#20008=CARTESIAN_POINT('',(-0.409489291724392,0.998644971011074,3.12811975823725));
#20009=CARTESIAN_POINT('',(-0.409489291724392,0.998644971011074,3.12811975823725));
#20010=CARTESIAN_POINT('',(-0.230510708275608,0.998644971011074,3.12811975823725));
#20011=CARTESIAN_POINT('',(-0.230510708275608,0.998644971011074,3.12811975823725));
#20012=CARTESIAN_POINT('',(-0.141021416551216,0.848926467936268,3.16823671022814));
#20013=CARTESIAN_POINT('',(-0.141021416551216,0.848926467936268,3.16823671022814));
#20014=CARTESIAN_POINT('',(-0.230510708275608,0.699207964861462,3.20835366221903));
#20015=CARTESIAN_POINT('',(-0.409489291724392,3.20835366221903,-0.699207964861462));
#20016=CARTESIAN_POINT('',(-0.409489291724392,3.32426476137372,-0.730266250273765));
#20017=CARTESIAN_POINT('',(-0.409489291724392,3.32426476137372,-0.730266250273765));
#20018=CARTESIAN_POINT('',(-0.230510708275608,3.32426476137372,-0.730266250273765));
#20019=CARTESIAN_POINT('',(-0.409489291724392,3.20835366221903,-0.699207964861462));
#20020=CARTESIAN_POINT('',(-0.230510708275608,3.20835366221903,-0.699207964861462));
#20021=CARTESIAN_POINT('',(-0.498978583448784,3.16823671022814,-0.848926467936268));
#20022=CARTESIAN_POINT('',(-0.498978583448784,3.28414780938283,-0.879984753348571));
#20023=CARTESIAN_POINT('',(-0.498978583448784,3.28414780938283,-0.879984753348571));
#20024=CARTESIAN_POINT('',(-0.498978583448784,3.16823671022814,-0.848926467936268));
#20025=CARTESIAN_POINT('',(-0.409489291724392,3.12811975823725,-0.998644971011074));
#20026=CARTESIAN_POINT('',(-0.409489291724392,3.24403085739194,-1.02970325642338));
#20027=CARTESIAN_POINT('',(-0.409489291724392,3.24403085739194,-1.02970325642338));
#20028=CARTESIAN_POINT('',(-0.409489291724392,3.12811975823725,-0.998644971011074));
#20029=CARTESIAN_POINT('',(-0.230510708275608,3.12811975823725,-0.998644971011074));
#20030=CARTESIAN_POINT('',(-0.230510708275608,3.24403085739194,-1.02970325642338));
#20031=CARTESIAN_POINT('',(-0.230510708275608,3.24403085739194,-1.02970325642338));
#20032=CARTESIAN_POINT('',(-0.230510708275608,3.12811975823725,-0.998644971011074));
#20033=CARTESIAN_POINT('',(-0.141021416551216,3.16823671022814,-0.848926467936268));
#20034=CARTESIAN_POINT('',(-0.141021416551216,3.28414780938283,-0.879984753348571));
#20035=CARTESIAN_POINT('',(-0.141021416551216,3.28414780938283,-0.879984753348571));
#20036=CARTESIAN_POINT('',(-0.141021416551216,3.16823671022814,-0.848926467936268));
#20037=CARTESIAN_POINT('',(-0.230510708275608,3.20835366221903,-0.699207964861462));
#20038=CARTESIAN_POINT('',(-0.230510708275608,3.32426476137372,-0.730266250273765));
#20039=CARTESIAN_POINT('',(-0.32,3.28414780938283,-0.879984753348571));
#20040=CARTESIAN_POINT('',(-9.76,-2.18547839493141E-15,0.));
#20041=CARTESIAN_POINT('',(-9.76,-3.21,-0.839657072857723));
#20042=CARTESIAN_POINT('',(-9.76,-3.21,0.839657072857725));
#20043=CARTESIAN_POINT('',(-9.76,-3.21,-2.));
#20044=CARTESIAN_POINT('',(-9.76,-3.21,0.839657072857723));
#20045=CARTESIAN_POINT('',(-1.1,-1.5266019263783,-1.54922934337627));
#20046=CARTESIAN_POINT('',(-1.1,-0.832186719384347,-0.809559302386378));
#20047=CARTESIAN_POINT('',(-1.1,-2.17494114862908,-0.0160000000000001));
#20048=CARTESIAN_POINT('',(-1.1,-1.16088974498012,0.0159999999999999));
#20049=CARTESIAN_POINT('',(-1.1,-1.54922934337627,1.5266019263783));
#20050=CARTESIAN_POINT('',(-1.1,-0.809559302386378,0.832186719384347));
#20051=CARTESIAN_POINT('',(-1.1,1.5266019263783,1.54922934337627));
#20052=CARTESIAN_POINT('',(-1.1,0.832186719384347,0.809559302386378));
#20053=CARTESIAN_POINT('',(-1.1,1.99840855546889,0.858480195129018));
#20054=CARTESIAN_POINT('',(-1.1,1.13113242219358,0.261649466772791));
#20055=CARTESIAN_POINT('',(-1.1,2.17494114862908,0.0160000000000001));
#20056=CARTESIAN_POINT('',(-1.1,1.16088974498012,-0.0159999999999999));
#20057=CARTESIAN_POINT('',(-1.1,0.809559302386377,-0.832186719384347));
#20058=CARTESIAN_POINT('',(-1.1,1.54922934337627,-1.5266019263783));
#20059=CARTESIAN_POINT('',(-0.3,-2.22044604925031E-16,1.28));
#20060=CARTESIAN_POINT('',(-0.3,-2.22044604925031E-16,1.28));
#20061=CARTESIAN_POINT('',(-0.3,-2.22044604925031E-16,1.28));
#20062=CARTESIAN_POINT('',(-0.3,-2.22044604925031E-16,1.28));
#20063=CARTESIAN_POINT('',(-0.195,-2.22044604925031E-16,1.28));
#20064=CARTESIAN_POINT('',(-0.195,-2.22044604925031E-16,1.28));
#20065=CARTESIAN_POINT('',(-0.195,0.2,1.28));
#20066=CARTESIAN_POINT('',(-0.195,-2.22044604925031E-16,1.28));
#20067=CARTESIAN_POINT('',(-0.195,-0.155,1.36948929172439));
#20068=CARTESIAN_POINT('',(-0.195,-0.155,1.36948929172439));
#20069=CARTESIAN_POINT('',(-0.195,-0.155,1.19051070827561));
#20070=CARTESIAN_POINT('',(-0.195,-2.22044604925031E-16,1.45897858344878));
#20071=CARTESIAN_POINT('',(-0.195,-2.39036699445623E-16,1.45897858344878));
#20072=CARTESIAN_POINT('',(-0.195,0.155,1.36948929172439));
#20073=CARTESIAN_POINT('',(-0.195,0.155,1.36948929172439));
#20074=CARTESIAN_POINT('',(-0.195,0.155,1.19051070827561));
#20075=CARTESIAN_POINT('',(-0.195,0.155,1.19051070827561));
#20076=CARTESIAN_POINT('',(-0.195,-2.22044604925031E-16,1.10102141655122));
#20077=CARTESIAN_POINT('',(-0.195,-2.39036699445623E-16,1.10102141655122));
#20078=CARTESIAN_POINT('',(-0.195,-0.155,1.19051070827561));
#20079=CARTESIAN_POINT('',(-0.3,-2.22044604925031E-16,-1.28));
#20080=CARTESIAN_POINT('',(-0.3,-2.22044604925031E-16,-1.28));
#20081=CARTESIAN_POINT('',(-0.3,-2.22044604925031E-16,-1.28));
#20082=CARTESIAN_POINT('',(-0.3,-2.22044604925031E-16,-1.28));
#20083=CARTESIAN_POINT('',(-0.195,-2.22044604925031E-16,-1.28));
#20084=CARTESIAN_POINT('',(-0.195,-2.22044604925031E-16,-1.28));
#20085=CARTESIAN_POINT('',(-0.195,0.2,-1.28));
#20086=CARTESIAN_POINT('',(-0.195,-2.22044604925031E-16,-1.28));
#20087=CARTESIAN_POINT('',(-0.195,-0.155,-1.19051070827561));
#20088=CARTESIAN_POINT('',(-0.195,-0.155,-1.19051070827561));
#20089=CARTESIAN_POINT('',(-0.195,-0.155,-1.36948929172439));
#20090=CARTESIAN_POINT('',(-0.195,-2.22044604925031E-16,-1.10102141655122));
#20091=CARTESIAN_POINT('',(-0.195,-2.39036699445623E-16,-1.10102141655122));
#20092=CARTESIAN_POINT('',(-0.195,0.155,-1.19051070827561));
#20093=CARTESIAN_POINT('',(-0.195,0.155,-1.19051070827561));
#20094=CARTESIAN_POINT('',(-0.195,0.155,-1.36948929172439));
#20095=CARTESIAN_POINT('',(-0.195,0.155,-1.36948929172439));
#20096=CARTESIAN_POINT('',(-0.195,-2.22044604925031E-16,-1.45897858344878));
#20097=CARTESIAN_POINT('',(-0.195,-2.39036699445623E-16,-1.45897858344878));
#20098=CARTESIAN_POINT('',(-0.195,-0.155,-1.36948929172439));
#20099=CARTESIAN_POINT('',(-0.0820000000000001,-0.155,1.36948929172439));
#20100=CARTESIAN_POINT('',(-0.0820000000000001,-0.155,1.19051070827561));
#20101=CARTESIAN_POINT('',(-0.0820000000000001,-0.155,1.19051070827561));
#20102=CARTESIAN_POINT('',(-0.0820000000000001,-0.155,1.36948929172439));
#20103=CARTESIAN_POINT('',(-0.0820000000000001,-0.155,1.36948929172439));
#20104=CARTESIAN_POINT('',(-0.0820000000000001,-0.155,1.36948929172439));
#20105=CARTESIAN_POINT('',(-0.0820000000000001,-0.155,1.19051070827561));
#20106=CARTESIAN_POINT('',(-0.0820000000000001,-2.39036699445623E-16,1.10102141655122));
#20107=CARTESIAN_POINT('',(-0.0820000000000001,-2.39036699445623E-16,1.10102141655122));
#20108=CARTESIAN_POINT('',(-0.0820000000000001,-0.155,1.19051070827561));
#20109=CARTESIAN_POINT('',(-0.0820000000000001,-2.22044604925031E-16,1.10102141655122));
#20110=CARTESIAN_POINT('',(-0.0820000000000001,0.155,1.19051070827561));
#20111=CARTESIAN_POINT('',(-0.0820000000000001,0.155,1.19051070827561));
#20112=CARTESIAN_POINT('',(-0.0820000000000001,-2.22044604925031E-16,1.10102141655122));
#20113=CARTESIAN_POINT('',(-0.0820000000000001,0.155,1.19051070827561));
#20114=CARTESIAN_POINT('',(-0.0820000000000001,0.155,1.36948929172439));
#20115=CARTESIAN_POINT('',(-0.0820000000000001,0.155,1.36948929172439));
#20116=CARTESIAN_POINT('',(-0.0820000000000001,0.155,1.19051070827561));
#20117=CARTESIAN_POINT('',(-0.0820000000000001,0.155,1.36948929172439));
#20118=CARTESIAN_POINT('',(-0.0820000000000001,-2.39036699445623E-16,1.45897858344878));
#20119=CARTESIAN_POINT('',(-0.0820000000000001,-2.39036699445623E-16,1.45897858344878));
#20120=CARTESIAN_POINT('',(-0.0820000000000001,0.155,1.36948929172439));
#20121=CARTESIAN_POINT('',(-0.0820000000000001,-2.22044604925031E-16,1.45897858344878));
#20122=CARTESIAN_POINT('',(-0.0820000000000001,-2.22044604925031E-16,1.45897858344878));
#20123=CARTESIAN_POINT('',(-0.0820000000000001,0.,0.));
#20124=CARTESIAN_POINT('',(-0.0820000000000001,-0.155,-1.19051070827561));
#20125=CARTESIAN_POINT('',(-0.0820000000000001,-0.155,-1.36948929172439));
#20126=CARTESIAN_POINT('',(-0.0820000000000001,-0.155,-1.36948929172439));
#20127=CARTESIAN_POINT('',(-0.0820000000000001,-0.155,-1.19051070827561));
#20128=CARTESIAN_POINT('',(-0.0820000000000001,-0.155,-1.19051070827561));
#20129=CARTESIAN_POINT('',(-0.0820000000000001,-0.155,-1.19051070827561));
#20130=CARTESIAN_POINT('',(-0.0820000000000001,-0.155,-1.36948929172439));
#20131=CARTESIAN_POINT('',(-0.0820000000000001,-2.39036699445623E-16,-1.45897858344878));
#20132=CARTESIAN_POINT('',(-0.0820000000000001,-2.39036699445623E-16,-1.45897858344878));
#20133=CARTESIAN_POINT('',(-0.0820000000000001,-0.155,-1.36948929172439));
#20134=CARTESIAN_POINT('',(-0.0820000000000001,-2.22044604925031E-16,-1.45897858344878));
#20135=CARTESIAN_POINT('',(-0.0820000000000001,0.155,-1.36948929172439));
#20136=CARTESIAN_POINT('',(-0.0820000000000001,0.155,-1.36948929172439));
#20137=CARTESIAN_POINT('',(-0.0820000000000001,-2.22044604925031E-16,-1.45897858344878));
#20138=CARTESIAN_POINT('',(-0.0820000000000001,0.155,-1.36948929172439));
#20139=CARTESIAN_POINT('',(-0.0820000000000001,0.155,-1.19051070827561));
#20140=CARTESIAN_POINT('',(-0.0820000000000001,0.155,-1.19051070827561));
#20141=CARTESIAN_POINT('',(-0.0820000000000001,0.155,-1.36948929172439));
#20142=CARTESIAN_POINT('',(-0.0820000000000001,0.155,-1.19051070827561));
#20143=CARTESIAN_POINT('',(-0.0820000000000001,-2.39036699445623E-16,-1.10102141655122));
#20144=CARTESIAN_POINT('',(-0.0820000000000001,-2.39036699445623E-16,-1.10102141655122));
#20145=CARTESIAN_POINT('',(-0.0820000000000001,0.155,-1.19051070827561));
#20146=CARTESIAN_POINT('',(-0.0820000000000001,-2.22044604925031E-16,-1.10102141655122));
#20147=CARTESIAN_POINT('',(-0.0820000000000001,-2.22044604925031E-16,-1.10102141655122));
#20148=CARTESIAN_POINT('',(-0.0820000000000001,0.,0.));
#20149=CARTESIAN_POINT('',(2.12,0.,0.));
#20150=CARTESIAN_POINT('',(0.161764762517408,0.,0.));
#20151=CARTESIAN_POINT('',(0.161764762517408,0.,-0.615));
#20152=CARTESIAN_POINT('',(0.161764762517408,0.,0.));
#20153=CARTESIAN_POINT('',(0.22,0.,0.));
#20154=CARTESIAN_POINT('',(0.22,0.,-0.455));
#20155=CARTESIAN_POINT('',(0.22,0.455,0.));
#20156=CARTESIAN_POINT('',(0.62,0.44,-0.095));
#20157=CARTESIAN_POINT('',(0.74,0.52,0.095));
#20158=CARTESIAN_POINT('',(0.74,0.52,0.095));
#20159=CARTESIAN_POINT('',(0.74,0.52,0.095));
#20160=CARTESIAN_POINT('',(0.74,0.52,0.095));
#20161=CARTESIAN_POINT('',(2.12,0.52,-0.095));
#20162=CARTESIAN_POINT('',(0.74,0.52,-0.095));
#20163=CARTESIAN_POINT('',(0.74,0.52,-0.095));
#20164=CARTESIAN_POINT('',(2.12,0.52,-0.095));
#20165=CARTESIAN_POINT('',(0.74,0.52,-0.095));
#20166=CARTESIAN_POINT('',(0.74,0.52,-0.095));
#20167=CARTESIAN_POINT('',(0.,0.52,0.));
#20168=CARTESIAN_POINT('',(-9.79,-0.102682241183323,4.68785085876456));
#20169=CARTESIAN_POINT('',(-9.79,-0.102682241183323,4.68785085876456));
#20170=CARTESIAN_POINT('',(-9.79,-0.102682241183323,4.68785085876456));
#20171=CARTESIAN_POINT('',(-9.79,-0.102682241183323,4.68785085876456));
#20172=CARTESIAN_POINT('',(-9.79,-0.133808283664908,4.74176274578121));
#20173=CARTESIAN_POINT('',(-9.79,6.14665798574459E-16,4.26));
#20174=CARTESIAN_POINT('',(-9.79,-0.350314634611018,4.61676274578121));
#20175=CARTESIAN_POINT('',(-9.79,-0.350314634611018,4.61676274578121));
#20176=CARTESIAN_POINT('',(-9.79,-0.350314634611018,4.61676274578121));
#20177=CARTESIAN_POINT('',(-9.79,-0.319188592129433,4.56285085876456));
#20178=CARTESIAN_POINT('',(-9.79,-0.319188592129433,4.56285085876456));
#20179=CARTESIAN_POINT('',(-9.79,-5.46369598732853E-15,4.26));
#20180=CARTESIAN_POINT('',(-9.79,-5.46369598732853E-15,4.26));
#20181=CARTESIAN_POINT('',(-9.79,-0.421870833312757,4.385));
#20182=CARTESIAN_POINT('',(-9.79,-0.421870833312757,4.385));
#20183=CARTESIAN_POINT('',(-9.79,-0.421870833312757,4.385));
#20184=CARTESIAN_POINT('',(-9.79,-0.421870833312757,4.385));
#20185=CARTESIAN_POINT('',(-9.79,-0.484122918275927,4.385));
#20186=CARTESIAN_POINT('',(-9.79,5.73688078669495E-15,4.26));
#20187=CARTESIAN_POINT('',(-9.79,5.73688078669495E-15,4.26));
#20188=CARTESIAN_POINT('',(-9.79,-0.495756996924905,4.195));
#20189=CARTESIAN_POINT('',(-9.79,5.73688078669495E-15,4.26));
#20190=CARTESIAN_POINT('',(-9.79,-0.484122918275927,4.135));
#20191=CARTESIAN_POINT('',(-9.79,-0.484122918275927,4.135));
#20192=CARTESIAN_POINT('',(-9.79,-0.484122918275927,4.135));
#20193=CARTESIAN_POINT('',(-9.79,-0.484122918275927,4.135));
#20194=CARTESIAN_POINT('',(-9.79,-0.4634382375247,4.135));
#20195=CARTESIAN_POINT('',(-9.79,-0.484122918275927,4.135));
#20196=CARTESIAN_POINT('',(-9.79,-0.421870833312757,4.135));
#20197=CARTESIAN_POINT('',(-9.79,-0.421870833312757,4.135));
#20198=CARTESIAN_POINT('',(-9.79,-4.37095678986282E-15,4.26));
#20199=CARTESIAN_POINT('',(-9.79,-4.37095678986282E-15,4.26));
#20200=CARTESIAN_POINT('',(-9.79,-0.319188592129434,3.95714914123544));
#20201=CARTESIAN_POINT('',(-9.79,-0.319188592129434,3.95714914123544));
#20202=CARTESIAN_POINT('',(-9.79,-0.319188592129434,3.95714914123544));
#20203=CARTESIAN_POINT('',(-9.79,-0.319188592129434,3.95714914123544));
#20204=CARTESIAN_POINT('',(-9.79,-0.350314634611019,3.90323725421879));
#20205=CARTESIAN_POINT('',(-9.79,2.18547839493141E-15,4.26));
#20206=CARTESIAN_POINT('',(-9.79,-0.133808283664909,3.77823725421879));
#20207=CARTESIAN_POINT('',(-9.79,-0.133808283664909,3.77823725421879));
#20208=CARTESIAN_POINT('',(-9.79,-0.133808283664909,3.77823725421879));
#20209=CARTESIAN_POINT('',(-9.79,-0.102682241183324,3.83214914123544));
#20210=CARTESIAN_POINT('',(-9.79,-0.102682241183324,3.83214914123544));
#20211=CARTESIAN_POINT('',(-9.79,-1.19518349722812E-16,4.25999999999999));
#20212=CARTESIAN_POINT('',(-9.79,-1.19518349722812E-16,4.25999999999999));
#20213=CARTESIAN_POINT('',(-9.79,0.102682241183323,3.83214914123544));
#20214=CARTESIAN_POINT('',(-9.79,0.102682241183323,3.83214914123544));
#20215=CARTESIAN_POINT('',(-9.79,0.102682241183323,3.83214914123544));
#20216=CARTESIAN_POINT('',(-9.79,0.102682241183323,3.83214914123544));
#20217=CARTESIAN_POINT('',(-9.79,0.133808283664908,3.77823725421879));
#20218=CARTESIAN_POINT('',(-9.79,-2.69769989374346E-15,4.26));
#20219=CARTESIAN_POINT('',(-9.79,0.350314634611018,3.90323725421879));
#20220=CARTESIAN_POINT('',(-9.79,0.350314634611018,3.90323725421879));
#20221=CARTESIAN_POINT('',(-9.79,0.350314634611018,3.90323725421879));
#20222=CARTESIAN_POINT('',(-9.79,0.319188592129433,3.95714914123544));
#20223=CARTESIAN_POINT('',(-9.79,0.319188592129433,3.95714914123544));
#20224=CARTESIAN_POINT('',(-9.79,5.46369598732853E-15,4.26));
#20225=CARTESIAN_POINT('',(-9.79,5.46369598732853E-15,4.26));
#20226=CARTESIAN_POINT('',(-9.79,0.421870833312757,4.135));
#20227=CARTESIAN_POINT('',(-9.79,0.421870833312757,4.135));
#20228=CARTESIAN_POINT('',(-9.79,0.421870833312757,4.135));
#20229=CARTESIAN_POINT('',(-9.79,0.421870833312757,4.135));
#20230=CARTESIAN_POINT('',(-9.79,0.484122918275927,4.135));
#20231=CARTESIAN_POINT('',(-9.79,-5.80517698653656E-15,4.26));
#20232=CARTESIAN_POINT('',(-9.79,-5.80517698653656E-15,4.26));
#20233=CARTESIAN_POINT('',(-9.79,0.484122918275927,4.385));
#20234=CARTESIAN_POINT('',(-9.79,0.484122918275927,4.385));
#20235=CARTESIAN_POINT('',(-9.79,0.484122918275927,4.385));
#20236=CARTESIAN_POINT('',(-9.79,0.421870833312757,4.385));
#20237=CARTESIAN_POINT('',(-9.79,0.421870833312757,4.385));
#20238=CARTESIAN_POINT('',(-9.79,1.57081259635695E-14,4.26000000000001));
#20239=CARTESIAN_POINT('',(-9.79,1.57081259635695E-14,4.26000000000001));
#20240=CARTESIAN_POINT('',(-9.79,0.319188592129434,4.56285085876456));
#20241=CARTESIAN_POINT('',(-9.79,0.319188592129434,4.56285085876456));
#20242=CARTESIAN_POINT('',(-9.79,0.319188592129434,4.56285085876456));
#20243=CARTESIAN_POINT('',(-9.79,0.319188592129434,4.56285085876456));
#20244=CARTESIAN_POINT('',(-9.79,0.350314634611018,4.61676274578121));
#20245=CARTESIAN_POINT('',(-9.79,-1.82692334576298E-14,4.25999999999997));
#20246=CARTESIAN_POINT('',(-9.79,0.133808283664909,4.74176274578121));
#20247=CARTESIAN_POINT('',(-9.79,0.133808283664909,4.74176274578121));
#20248=CARTESIAN_POINT('',(-9.79,0.133808283664909,4.74176274578121));
#20249=CARTESIAN_POINT('',(-9.79,0.102682241183324,4.68785085876456));
#20250=CARTESIAN_POINT('',(-9.79,0.102682241183324,4.68785085876456));
#20251=CARTESIAN_POINT('',(-9.79,-1.83546037074318E-15,4.26000000000001));
#20252=CARTESIAN_POINT('',(-9.79,-1.83546037074318E-15,4.26000000000001));
#20253=CARTESIAN_POINT('',(-9.79,6.14665798574459E-16,4.26));
#20254=CARTESIAN_POINT('',(-9.79,-0.475578594976687,4.195));
#20255=CARTESIAN_POINT('',(-9.79,-0.475578594976687,4.195));
#20256=CARTESIAN_POINT('',(-9.79,3.75629099128836E-16,4.26));
#20257=CARTESIAN_POINT('',(-9.79,3.41480999208033E-17,4.26));
#20258=CARTESIAN_POINT('',(-9.79,-3.41480999208033E-16,4.26));
#20259=CARTESIAN_POINT('',(-9.79,0.065,4.73557859497669));
#20260=CARTESIAN_POINT('',(-9.79,0.065,4.79607368896449));
#20261=CARTESIAN_POINT('',(-9.79,0.0650000000000004,4.79607368896449));
#20262=CARTESIAN_POINT('',(-9.79,-2.98795874307029E-17,4.26));
#20263=CARTESIAN_POINT('',(-9.79,-0.065,4.79607368896449));
#20264=CARTESIAN_POINT('',(-9.79,-0.065,4.73557859497669));
#20265=CARTESIAN_POINT('',(-9.79,-0.0650000000000003,4.73557859497669));
#20266=CARTESIAN_POINT('',(-9.79,1.36592399683213E-16,4.26));
#20267=CARTESIAN_POINT('',(-9.79,3.41480999208033E-17,4.26));
#20268=CARTESIAN_POINT('',(-9.79,-3.41480999208033E-16,4.26));
#20269=CARTESIAN_POINT('',(-9.79,3.41480999208033E-17,4.26));
#20270=CARTESIAN_POINT('',(-9.79,0.536073688964493,4.195));
#20271=CARTESIAN_POINT('',(-9.79,0.536073688964493,4.195));
#20272=CARTESIAN_POINT('',(-9.79,1.36592399683213E-16,4.26));
#20273=CARTESIAN_POINT('',(-9.79,0.536073688964493,4.325));
#20274=CARTESIAN_POINT('',(-9.79,0.475578594976687,4.325));
#20275=CARTESIAN_POINT('',(-9.79,3.41480999208033E-17,4.26));
#20276=CARTESIAN_POINT('',(-9.79,1.36592399683213E-16,4.26));
#20277=CARTESIAN_POINT('',(-9.79,3.41480999208033E-17,4.26));
#20278=CARTESIAN_POINT('',(-9.79,3.75629099128836E-16,4.26));
#20279=CARTESIAN_POINT('',(-9.79,-0.065,3.78442140502331));
#20280=CARTESIAN_POINT('',(-9.79,-0.065,3.72392631103551));
#20281=CARTESIAN_POINT('',(-9.79,-0.0649999999999996,3.72392631103551));
#20282=CARTESIAN_POINT('',(-9.79,3.41480999208033E-17,4.26));
#20283=CARTESIAN_POINT('',(-9.79,0.0649999999999998,3.72392631103551));
#20284=CARTESIAN_POINT('',(-9.79,0.065,3.78442140502331));
#20285=CARTESIAN_POINT('',(-9.79,0.065,3.78442140502331));
#20286=CARTESIAN_POINT('',(-9.79,1.36592399683213E-16,4.26));
#20287=CARTESIAN_POINT('',(-9.79,3.41480999208033E-17,4.26));
#20288=CARTESIAN_POINT('',(-9.79,3.75629099128836E-16,4.26));
#20289=CARTESIAN_POINT('',(-9.79,3.41480999208033E-17,4.26));
#20290=CARTESIAN_POINT('',(-9.79,-0.536073688964493,4.325));
#20291=CARTESIAN_POINT('',(-9.79,-0.536073688964493,4.325));
#20292=CARTESIAN_POINT('',(-9.79,-2.73184799366426E-16,4.26));
#20293=CARTESIAN_POINT('',(-9.79,-0.536073688964493,4.195));
#20294=CARTESIAN_POINT('',(-9.79,-0.475578594976687,4.195));
#20295=CARTESIAN_POINT('',(-9.98,0.065,3.78442140502331));
#20296=CARTESIAN_POINT('',(-9.98,0.0649999999999998,3.72392631103551));
#20297=CARTESIAN_POINT('',(-9.98,0.0649999999999998,3.72392631103551));
#20298=CARTESIAN_POINT('',(-9.98,0.065,3.78442140502331));
#20299=CARTESIAN_POINT('',(-9.98,0.065,3.78442140502331));
#20300=CARTESIAN_POINT('',(-9.98,0.065,3.78442140502331));
#20301=CARTESIAN_POINT('',(-9.98,3.41480999208033E-17,4.26));
#20302=CARTESIAN_POINT('',(-9.98,-0.0649999999999996,3.72392631103551));
#20303=CARTESIAN_POINT('',(-9.98,-0.0649999999999996,3.72392631103551));
#20304=CARTESIAN_POINT('',(-9.98,3.41480999208033E-17,4.26));
#20305=CARTESIAN_POINT('',(-9.98,-0.065,3.72392631103551));
#20306=CARTESIAN_POINT('',(-9.98,-0.065,3.78442140502331));
#20307=CARTESIAN_POINT('',(-9.98,-0.065,3.78442140502331));
#20308=CARTESIAN_POINT('',(-9.98,-0.065,3.72392631103551));
#20309=CARTESIAN_POINT('',(-9.98,3.75629099128836E-16,4.26));
#20310=CARTESIAN_POINT('',(-9.98,-0.475578594976687,4.195));
#20311=CARTESIAN_POINT('',(-9.98,-0.475578594976687,4.195));
#20312=CARTESIAN_POINT('',(-9.98,3.75629099128836E-16,4.26));
#20313=CARTESIAN_POINT('',(-9.98,-0.475578594976687,4.195));
#20314=CARTESIAN_POINT('',(-9.98,-0.536073688964493,4.195));
#20315=CARTESIAN_POINT('',(-9.98,-0.536073688964493,4.195));
#20316=CARTESIAN_POINT('',(-9.98,-0.475578594976687,4.195));
#20317=CARTESIAN_POINT('',(-9.98,-2.73184799366426E-16,4.26));
#20318=CARTESIAN_POINT('',(-9.98,-0.536073688964493,4.325));
#20319=CARTESIAN_POINT('',(-9.98,-0.536073688964493,4.325));
#20320=CARTESIAN_POINT('',(-9.98,-2.73184799366426E-16,4.26));
#20321=CARTESIAN_POINT('',(-9.98,-0.536073688964493,4.325));
#20322=CARTESIAN_POINT('',(-9.98,-0.475578594976687,4.325));
#20323=CARTESIAN_POINT('',(-9.98,-0.475578594976687,4.325));
#20324=CARTESIAN_POINT('',(-9.98,-0.536073688964493,4.325));
#20325=CARTESIAN_POINT('',(-9.98,1.36592399683213E-16,4.26));
#20326=CARTESIAN_POINT('',(-9.79,1.36592399683213E-16,4.26));
#20327=CARTESIAN_POINT('',(-9.98,-0.0650000000000003,4.73557859497669));
#20328=CARTESIAN_POINT('',(-9.98,-0.0650000000000003,4.73557859497669));
#20329=CARTESIAN_POINT('',(-9.98,1.36592399683213E-16,4.26));
#20330=CARTESIAN_POINT('',(-9.98,-0.065,4.73557859497669));
#20331=CARTESIAN_POINT('',(-9.98,-0.065,4.79607368896449));
#20332=CARTESIAN_POINT('',(-9.98,-0.065,4.79607368896449));
#20333=CARTESIAN_POINT('',(-9.98,-0.065,4.73557859497669));
#20334=CARTESIAN_POINT('',(-9.98,-2.98795874307029E-17,4.26));
#20335=CARTESIAN_POINT('',(-9.98,0.0650000000000004,4.79607368896449));
#20336=CARTESIAN_POINT('',(-9.98,0.0650000000000004,4.79607368896449));
#20337=CARTESIAN_POINT('',(-9.98,-2.98795874307029E-17,4.26));
#20338=CARTESIAN_POINT('',(-9.98,0.065,4.79607368896449));
#20339=CARTESIAN_POINT('',(-9.98,0.065,4.73557859497669));
#20340=CARTESIAN_POINT('',(-9.98,0.065,4.73557859497669));
#20341=CARTESIAN_POINT('',(-9.98,0.065,4.79607368896449));
#20342=CARTESIAN_POINT('',(-9.98,-3.41480999208033E-16,4.26));
#20343=CARTESIAN_POINT('',(-9.98,0.475578594976687,4.325));
#20344=CARTESIAN_POINT('',(-9.98,0.475578594976687,4.325));
#20345=CARTESIAN_POINT('',(-9.98,-3.41480999208033E-16,4.26));
#20346=CARTESIAN_POINT('',(-9.98,0.475578594976687,4.325));
#20347=CARTESIAN_POINT('',(-9.98,0.536073688964493,4.325));
#20348=CARTESIAN_POINT('',(-9.98,0.536073688964493,4.325));
#20349=CARTESIAN_POINT('',(-9.98,0.475578594976687,4.325));
#20350=CARTESIAN_POINT('',(-9.98,1.36592399683213E-16,4.26));
#20351=CARTESIAN_POINT('',(-9.98,0.536073688964493,4.195));
#20352=CARTESIAN_POINT('',(-9.98,0.536073688964493,4.195));
#20353=CARTESIAN_POINT('',(-9.98,1.36592399683213E-16,4.26));
#20354=CARTESIAN_POINT('',(-9.98,0.536073688964493,4.195));
#20355=CARTESIAN_POINT('',(-9.98,0.475578594976687,4.195));
#20356=CARTESIAN_POINT('',(-9.98,0.475578594976687,4.195));
#20357=CARTESIAN_POINT('',(-9.98,0.536073688964493,4.195));
#20358=CARTESIAN_POINT('',(-9.98,1.36592399683213E-16,4.26));
#20359=CARTESIAN_POINT('',(-9.98,1.36592399683213E-16,4.26));
#20360=CARTESIAN_POINT('',(-9.98,3.41480999208033E-17,4.26));
#20361=CARTESIAN_POINT('',(-9.98,0.,4.26));
#20362=CARTESIAN_POINT('',(-9.98,0.,4.535));
#20363=CARTESIAN_POINT('',(-9.79,3.41480999208033E-17,4.26));
#20364=CARTESIAN_POINT('',(-12.92,0.,4.26));
#20365=CARTESIAN_POINT('',(-12.92,0.,4.26));
#20366=CARTESIAN_POINT('',(-12.92,0.,4.535));
#20367=CARTESIAN_POINT('',(-12.92,0.,3.76));
#20368=CARTESIAN_POINT('',(-13.42,0.,3.76));
#20369=CARTESIAN_POINT('',(-13.695,0.,3.76));
#20370=CARTESIAN_POINT('',(-13.42,0.,3.26));
#20371=CARTESIAN_POINT('',(-13.42,0.,3.64));
#20372=CARTESIAN_POINT('',(-13.145,0.,3.64));
#20373=CARTESIAN_POINT('',(-13.8618708333128,0.125,3.64));
#20374=CARTESIAN_POINT('',(-13.8618708333128,0.125,3.49));
#20375=CARTESIAN_POINT('',(-13.9241229182759,0.125,3.49));
#20376=CARTESIAN_POINT('',(-13.9241229182759,0.125,3.64));
#20377=CARTESIAN_POINT('',(-13.9241229182759,0.125,3.64));
#20378=CARTESIAN_POINT('',(-13.8618708333128,0.125,3.64));
#20379=CARTESIAN_POINT('',(-13.8618708333128,0.125,3.64));
#20380=CARTESIAN_POINT('',(-13.8618708333128,0.125,3.64));
#20381=CARTESIAN_POINT('',(-13.44,0.,3.64));
#20382=CARTESIAN_POINT('',(-13.44,0.,3.49));
#20383=CARTESIAN_POINT('',(-13.9241229182759,-0.125,3.49));
#20384=CARTESIAN_POINT('',(-13.9241229182759,-0.125,3.64));
#20385=CARTESIAN_POINT('',(-13.9241229182759,-0.125,3.64));
#20386=CARTESIAN_POINT('',(-13.44,0.,3.64));
#20387=CARTESIAN_POINT('',(-13.9241229182759,-0.125,3.64));
#20388=CARTESIAN_POINT('',(-13.9241229182759,-0.125,3.49));
#20389=CARTESIAN_POINT('',(-13.8618708333128,-0.125,3.64));
#20390=CARTESIAN_POINT('',(-13.8618708333128,-0.125,3.64));
#20391=CARTESIAN_POINT('',(-13.9241229182759,-0.125,3.64));
#20392=CARTESIAN_POINT('',(-13.44,-8.87850597940886E-16,3.64));
#20393=CARTESIAN_POINT('',(-13.7591885921294,-0.302850858764558,3.64));
#20394=CARTESIAN_POINT('',(-13.7591885921294,-0.302850858764558,3.64));
#20395=CARTESIAN_POINT('',(-13.44,-8.87850597940886E-16,3.64));
#20396=CARTESIAN_POINT('',(-13.7591885921294,-0.302850858764558,3.64));
#20397=CARTESIAN_POINT('',(-13.790314634611,-0.35676274578121,3.64));
#20398=CARTESIAN_POINT('',(-13.790314634611,-0.35676274578121,3.64));
#20399=CARTESIAN_POINT('',(-13.7591885921294,-0.302850858764558,3.64));
#20400=CARTESIAN_POINT('',(-13.44,-1.84399739572338E-15,3.64));
#20401=CARTESIAN_POINT('',(-13.5738082836649,-0.48176274578121,3.64));
#20402=CARTESIAN_POINT('',(-13.5738082836649,-0.48176274578121,3.64));
#20403=CARTESIAN_POINT('',(-13.44,-1.84399739572338E-15,3.64));
#20404=CARTESIAN_POINT('',(-13.5738082836649,-0.48176274578121,3.64));
#20405=CARTESIAN_POINT('',(-13.5426822411833,-0.427850858764558,3.64));
#20406=CARTESIAN_POINT('',(-13.5426822411833,-0.427850858764558,3.64));
#20407=CARTESIAN_POINT('',(-13.5738082836649,-0.48176274578121,3.64));
#20408=CARTESIAN_POINT('',(-13.44,-1.09273919746571E-15,3.64));
#20409=CARTESIAN_POINT('',(-13.3373177588167,-0.427850858764558,3.64));
#20410=CARTESIAN_POINT('',(-13.3373177588167,-0.427850858764558,3.64));
#20411=CARTESIAN_POINT('',(-13.44,-1.09273919746571E-15,3.64));
#20412=CARTESIAN_POINT('',(-13.3373177588167,-0.427850858764558,3.64));
#20413=CARTESIAN_POINT('',(-13.3061917163351,-0.481762745781211,3.64));
#20414=CARTESIAN_POINT('',(-13.3061917163351,-0.481762745781211,3.64));
#20415=CARTESIAN_POINT('',(-13.3373177588167,-0.427850858764558,3.64));
#20416=CARTESIAN_POINT('',(-13.44,5.46369598732853E-16,3.64));
#20417=CARTESIAN_POINT('',(-13.089685365389,-0.356762745781211,3.64));
#20418=CARTESIAN_POINT('',(-13.089685365389,-0.356762745781211,3.64));
#20419=CARTESIAN_POINT('',(-13.44,5.46369598732853E-16,3.64));
#20420=CARTESIAN_POINT('',(-13.089685365389,-0.356762745781211,3.64));
#20421=CARTESIAN_POINT('',(-13.1208114078706,-0.302850858764558,3.64));
#20422=CARTESIAN_POINT('',(-13.1208114078706,-0.302850858764558,3.64));
#20423=CARTESIAN_POINT('',(-13.089685365389,-0.356762745781211,3.64));
#20424=CARTESIAN_POINT('',(-13.44,1.63910879619856E-15,3.64));
#20425=CARTESIAN_POINT('',(-13.0181291666872,-0.125,3.64));
#20426=CARTESIAN_POINT('',(-13.0181291666872,-0.125,3.64));
#20427=CARTESIAN_POINT('',(-13.44,1.63910879619856E-15,3.64));
#20428=CARTESIAN_POINT('',(-13.0181291666872,-0.125,3.64));
#20429=CARTESIAN_POINT('',(-12.9558770817241,-0.125,3.64));
#20430=CARTESIAN_POINT('',(-12.9558770817241,-0.125,3.64));
#20431=CARTESIAN_POINT('',(-13.0181291666872,-0.125,3.64));
#20432=CARTESIAN_POINT('',(-13.44,0.,3.64));
#20433=CARTESIAN_POINT('',(-12.9558770817241,0.125,3.64));
#20434=CARTESIAN_POINT('',(-12.9558770817241,0.125,3.64));
#20435=CARTESIAN_POINT('',(-13.44,0.,3.64));
#20436=CARTESIAN_POINT('',(-12.9558770817241,0.125,3.64));
#20437=CARTESIAN_POINT('',(-13.0181291666872,0.125,3.64));
#20438=CARTESIAN_POINT('',(-13.0181291666872,0.125,3.64));
#20439=CARTESIAN_POINT('',(-12.9558770817241,0.125,3.64));
#20440=CARTESIAN_POINT('',(-13.44,8.87850597940886E-16,3.64));
#20441=CARTESIAN_POINT('',(-13.1208114078706,0.302850858764558,3.64));
#20442=CARTESIAN_POINT('',(-13.1208114078706,0.302850858764558,3.64));
#20443=CARTESIAN_POINT('',(-13.44,8.87850597940886E-16,3.64));
#20444=CARTESIAN_POINT('',(-13.1208114078706,0.302850858764558,3.64));
#20445=CARTESIAN_POINT('',(-13.089685365389,0.356762745781211,3.64));
#20446=CARTESIAN_POINT('',(-13.089685365389,0.356762745781211,3.64));
#20447=CARTESIAN_POINT('',(-13.1208114078706,0.302850858764558,3.64));
#20448=CARTESIAN_POINT('',(-13.44,-4.78073398891246E-15,3.64));
#20449=CARTESIAN_POINT('',(-13.3061917163351,0.48176274578121,3.64));
#20450=CARTESIAN_POINT('',(-13.3061917163351,0.48176274578121,3.64));
#20451=CARTESIAN_POINT('',(-13.44,-4.78073398891246E-15,3.64));
#20452=CARTESIAN_POINT('',(-13.3061917163351,0.48176274578121,3.64));
#20453=CARTESIAN_POINT('',(-13.3373177588167,0.427850858764558,3.64));
#20454=CARTESIAN_POINT('',(-13.3373177588167,0.427850858764558,3.64));
#20455=CARTESIAN_POINT('',(-13.3061917163351,0.48176274578121,3.64));
#20456=CARTESIAN_POINT('',(-13.44,-2.0488859952482E-16,3.64));
#20457=CARTESIAN_POINT('',(-13.5426822411833,0.427850858764558,3.64));
#20458=CARTESIAN_POINT('',(-13.5426822411833,0.427850858764558,3.64));
#20459=CARTESIAN_POINT('',(-13.44,-2.0488859952482E-16,3.64));
#20460=CARTESIAN_POINT('',(-13.5426822411833,0.427850858764558,3.64));
#20461=CARTESIAN_POINT('',(-13.5738082836649,0.481762745781211,3.64));
#20462=CARTESIAN_POINT('',(-13.5738082836649,0.481762745781211,3.64));
#20463=CARTESIAN_POINT('',(-13.5426822411833,0.427850858764558,3.64));
#20464=CARTESIAN_POINT('',(-13.44,4.09777199049639E-16,3.64));
#20465=CARTESIAN_POINT('',(-13.790314634611,0.356762745781211,3.64));
#20466=CARTESIAN_POINT('',(-13.790314634611,0.356762745781211,3.64));
#20467=CARTESIAN_POINT('',(-13.44,4.09777199049639E-16,3.64));
#20468=CARTESIAN_POINT('',(-13.790314634611,0.356762745781211,3.64));
#20469=CARTESIAN_POINT('',(-13.7591885921294,0.302850858764558,3.64));
#20470=CARTESIAN_POINT('',(-13.7591885921294,0.302850858764558,3.64));
#20471=CARTESIAN_POINT('',(-13.790314634611,0.356762745781211,3.64));
#20472=CARTESIAN_POINT('',(-13.44,-6.14665798574459E-16,3.64));
#20473=CARTESIAN_POINT('',(-13.44,-6.14665798574459E-16,3.64));
#20474=CARTESIAN_POINT('',(-13.44,0.,3.64));
#20475=CARTESIAN_POINT('',(-13.44,0.,3.49));
#20476=CARTESIAN_POINT('',(-0.409489291724392,0.699207964861462,3.20835366221903));
#20477=CARTESIAN_POINT('',(-0.409489291724392,0.730266250273765,3.32426476137372));
#20478=CARTESIAN_POINT('',(-0.409489291724392,0.730266250273765,3.32426476137372));
#20479=CARTESIAN_POINT('',(-0.230510708275608,0.730266250273765,3.32426476137372));
#20480=CARTESIAN_POINT('',(-0.409489291724392,0.699207964861462,3.20835366221903));
#20481=CARTESIAN_POINT('',(-0.230510708275608,0.699207964861462,3.20835366221903));
#20482=CARTESIAN_POINT('',(-0.498978583448784,0.848926467936268,3.16823671022814));
#20483=CARTESIAN_POINT('',(-0.498978583448784,0.879984753348571,3.28414780938283));
#20484=CARTESIAN_POINT('',(-0.498978583448784,0.879984753348571,3.28414780938283));
#20485=CARTESIAN_POINT('',(-0.498978583448784,0.848926467936268,3.16823671022814));
#20486=CARTESIAN_POINT('',(-0.409489291724392,0.998644971011074,3.12811975823725));
#20487=CARTESIAN_POINT('',(-0.409489291724392,1.02970325642338,3.24403085739194));
#20488=CARTESIAN_POINT('',(-0.409489291724392,1.02970325642338,3.24403085739194));
#20489=CARTESIAN_POINT('',(-0.409489291724392,0.998644971011074,3.12811975823725));
#20490=CARTESIAN_POINT('',(-0.230510708275608,0.998644971011074,3.12811975823725));
#20491=CARTESIAN_POINT('',(-0.230510708275608,1.02970325642338,3.24403085739194));
#20492=CARTESIAN_POINT('',(-0.230510708275608,1.02970325642338,3.24403085739194));
#20493=CARTESIAN_POINT('',(-0.230510708275608,0.998644971011074,3.12811975823725));
#20494=CARTESIAN_POINT('',(-0.141021416551216,0.848926467936268,3.16823671022814));
#20495=CARTESIAN_POINT('',(-0.141021416551216,0.879984753348571,3.28414780938283));
#20496=CARTESIAN_POINT('',(-0.141021416551216,0.879984753348571,3.28414780938283));
#20497=CARTESIAN_POINT('',(-0.141021416551216,0.848926467936268,3.16823671022814));
#20498=CARTESIAN_POINT('',(-0.230510708275608,0.699207964861462,3.20835366221903));
#20499=CARTESIAN_POINT('',(-0.230510708275608,0.730266250273765,3.32426476137372));
#20500=CARTESIAN_POINT('',(-0.32,0.879984753348571,3.28414780938283));
#20501=CARTESIAN_POINT('',(-0.409489291724392,-3.20835366221903,0.699207964861463));
#20502=CARTESIAN_POINT('',(-0.409489291724392,-3.32426476137372,0.730266250273766));
#20503=CARTESIAN_POINT('',(-0.409489291724392,-3.32426476137372,0.730266250273766));
#20504=CARTESIAN_POINT('',(-0.230510708275608,-3.32426476137372,0.730266250273766));
#20505=CARTESIAN_POINT('',(-0.409489291724392,-3.20835366221903,0.699207964861463));
#20506=CARTESIAN_POINT('',(-0.230510708275608,-3.20835366221903,0.699207964861463));
#20507=CARTESIAN_POINT('',(-0.498978583448784,-3.16823671022814,0.848926467936269));
#20508=CARTESIAN_POINT('',(-0.498978583448784,-3.28414780938283,0.879984753348571));
#20509=CARTESIAN_POINT('',(-0.498978583448784,-3.28414780938283,0.879984753348571));
#20510=CARTESIAN_POINT('',(-0.498978583448784,-3.16823671022814,0.848926467936269));
#20511=CARTESIAN_POINT('',(-0.409489291724392,-3.12811975823725,0.998644971011075));
#20512=CARTESIAN_POINT('',(-0.409489291724392,-3.24403085739194,1.02970325642338));
#20513=CARTESIAN_POINT('',(-0.409489291724392,-3.24403085739194,1.02970325642338));
#20514=CARTESIAN_POINT('',(-0.409489291724392,-3.12811975823725,0.998644971011075));
#20515=CARTESIAN_POINT('',(-0.230510708275608,-3.12811975823725,0.998644971011075));
#20516=CARTESIAN_POINT('',(-0.230510708275608,-3.24403085739194,1.02970325642338));
#20517=CARTESIAN_POINT('',(-0.230510708275608,-3.24403085739194,1.02970325642338));
#20518=CARTESIAN_POINT('',(-0.230510708275608,-3.12811975823725,0.998644971011075));
#20519=CARTESIAN_POINT('',(-0.141021416551216,-3.16823671022814,0.848926467936269));
#20520=CARTESIAN_POINT('',(-0.141021416551216,-3.28414780938283,0.879984753348571));
#20521=CARTESIAN_POINT('',(-0.141021416551216,-3.28414780938283,0.879984753348571));
#20522=CARTESIAN_POINT('',(-0.141021416551216,-3.16823671022814,0.848926467936269));
#20523=CARTESIAN_POINT('',(-0.230510708275608,-3.20835366221903,0.699207964861463));
#20524=CARTESIAN_POINT('',(-0.230510708275608,-3.32426476137372,0.730266250273766));
#20525=CARTESIAN_POINT('',(-0.32,-3.28414780938283,0.879984753348571));
#20526=CARTESIAN_POINT('',(-0.409489291724392,-0.699207964861463,-3.20835366221903));
#20527=CARTESIAN_POINT('',(-0.409489291724392,-0.730266250273765,-3.32426476137372));
#20528=CARTESIAN_POINT('',(-0.409489291724392,-0.730266250273765,-3.32426476137372));
#20529=CARTESIAN_POINT('',(-0.230510708275608,-0.730266250273765,-3.32426476137372));
#20530=CARTESIAN_POINT('',(-0.409489291724392,-0.699207964861463,-3.20835366221903));
#20531=CARTESIAN_POINT('',(-0.230510708275608,-0.699207964861463,-3.20835366221903));
#20532=CARTESIAN_POINT('',(-0.498978583448784,-0.848926467936268,-3.16823671022814));
#20533=CARTESIAN_POINT('',(-0.498978583448784,-0.879984753348571,-3.28414780938283));
#20534=CARTESIAN_POINT('',(-0.498978583448784,-0.879984753348571,-3.28414780938283));
#20535=CARTESIAN_POINT('',(-0.498978583448784,-0.848926467936268,-3.16823671022814));
#20536=CARTESIAN_POINT('',(-0.409489291724392,-0.998644971011074,-3.12811975823725));
#20537=CARTESIAN_POINT('',(-0.409489291724392,-1.02970325642338,-3.24403085739194));
#20538=CARTESIAN_POINT('',(-0.409489291724392,-1.02970325642338,-3.24403085739194));
#20539=CARTESIAN_POINT('',(-0.409489291724392,-0.998644971011074,-3.12811975823725));
#20540=CARTESIAN_POINT('',(-0.230510708275608,-0.998644971011074,-3.12811975823725));
#20541=CARTESIAN_POINT('',(-0.230510708275608,-1.02970325642338,-3.24403085739194));
#20542=CARTESIAN_POINT('',(-0.230510708275608,-1.02970325642338,-3.24403085739194));
#20543=CARTESIAN_POINT('',(-0.230510708275608,-0.998644971011074,-3.12811975823725));
#20544=CARTESIAN_POINT('',(-0.141021416551216,-0.848926467936268,-3.16823671022814));
#20545=CARTESIAN_POINT('',(-0.141021416551216,-0.879984753348571,-3.28414780938283));
#20546=CARTESIAN_POINT('',(-0.141021416551216,-0.879984753348571,-3.28414780938283));
#20547=CARTESIAN_POINT('',(-0.141021416551216,-0.848926467936268,-3.16823671022814));
#20548=CARTESIAN_POINT('',(-0.230510708275608,-0.699207964861463,-3.20835366221903));
#20549=CARTESIAN_POINT('',(-0.230510708275608,-0.730266250273765,-3.32426476137372));
#20550=CARTESIAN_POINT('',(-0.32,-0.879984753348571,-3.28414780938283));
#20551=CARTESIAN_POINT('',(-16.72,2.9,0.));
#20552=CARTESIAN_POINT('',(-16.72,2.9,-0.76));
#20553=CARTESIAN_POINT('',(-16.97,2.9,-0.247530561365433));
#20554=CARTESIAN_POINT('',(-16.97,2.9,-0.247530561365433));
#20555=CARTESIAN_POINT('',(-16.97,2.9,-1.23259516440783E-32));
#20556=CARTESIAN_POINT('',(-16.97,2.9,-7.38001673099267E-18));
#20557=CARTESIAN_POINT('',(-16.72,2.9,-1.08492907688611E-16));
#20558=CARTESIAN_POINT('',(-16.72,2.77,-0.76));
#20559=CARTESIAN_POINT('',(-16.72,2.70526970954357,-0.872738589211618));
#20560=CARTESIAN_POINT('',(-16.72,2.70526970954357,-0.872738589211618));
#20561=CARTESIAN_POINT('',(-16.72,2.04618257261411,-0.494315352697095));
#20562=CARTESIAN_POINT('',(-16.72,2.33,-1.43395341464311E-16));
#20563=CARTESIAN_POINT('',(-16.97,2.33000000000004,7.17110098336869E-16));
#20564=CARTESIAN_POINT('',(-16.97,2.89674336324157,0.0608437360920406));
#20565=CARTESIAN_POINT('',(-16.97,2.89674336324157,0.0608437360920406));
#20566=CARTESIAN_POINT('',(-16.97,1.81824522613917,0.251012054353267));
#20567=CARTESIAN_POINT('',(-16.97,1.81824522613917,0.251012054353267));
#20568=CARTESIAN_POINT('',(-16.97,2.33,-3.62823561658535E-16));
#20569=CARTESIAN_POINT('',(-16.97,1.76325663654464,-0.060843734100599));
#20570=CARTESIAN_POINT('',(-16.97,1.76325663654464,-0.060843734100599));
#20571=CARTESIAN_POINT('',(-16.97,2.87,-0.247530561365433));
#20572=CARTESIAN_POINT('',(-16.97,2.86479055466999,-0.277074793955799));
#20573=CARTESIAN_POINT('',(-16.97,2.86479055466999,-0.277074793955799));
#20574=CARTESIAN_POINT('',(-16.97,2.87,-0.247530561365433));
#20575=CARTESIAN_POINT('',(-16.97,2.86479055466999,-0.277074793955799));
#20576=CARTESIAN_POINT('',(-16.97,1.78787578929123,-0.0871856648961968));
#20577=CARTESIAN_POINT('',(-16.97,1.78787578929123,-0.0871856648961968));
#20578=CARTESIAN_POINT('',(-16.97,2.86479055466999,-0.277074793955799));
#20579=CARTESIAN_POINT('',(-16.97,1.79308523462124,-0.0576414323058306));
#20580=CARTESIAN_POINT('',(-16.97,1.79308523462124,-0.0576414323058306));
#20581=CARTESIAN_POINT('',(-16.97,1.84517968792132,0.237800893597832));
#20582=CARTESIAN_POINT('',(-16.97,1.85038913325132,0.267345126188198));
#20583=CARTESIAN_POINT('',(-16.97,1.85038913325132,0.267345126188198));
#20584=CARTESIAN_POINT('',(-16.97,1.84517968792132,0.237800893597832));
#20585=CARTESIAN_POINT('',(-16.97,1.85038913325132,0.267345126188198));
#20586=CARTESIAN_POINT('',(-16.97,2.87212421070877,0.0871856648961967));
#20587=CARTESIAN_POINT('',(-16.97,2.87212421070877,0.0871856648961967));
#20588=CARTESIAN_POINT('',(-16.97,1.85038913325132,0.267345126188198));
#20589=CARTESIAN_POINT('',(-16.97,2.86691476537876,0.0576414323058307));
#20590=CARTESIAN_POINT('',(-16.97,2.86691476537876,0.0576414323058307));
#20591=CARTESIAN_POINT('',(-16.97,2.87,-0.247530561365433));
#20592=CARTESIAN_POINT('',(-13.44,0.,3.49));
#20593=CARTESIAN_POINT('',(-13.42,0.,3.49));
#20594=CARTESIAN_POINT('',(-13.145,0.,3.49));
#20595=CARTESIAN_POINT('',(-13.44,0.,3.49));
#20596=CARTESIAN_POINT('',(-13.085,0.,3.49));
#20597=CARTESIAN_POINT('',(-13.44,0.,3.29));
#20598=CARTESIAN_POINT('',(-13.44,0.,3.29));
#20599=CARTESIAN_POINT('',(-13.085,0.,3.29));
#20600=CARTESIAN_POINT('',(-13.44,0.,3.29));
#20601=CARTESIAN_POINT('',(-13.42,0.,3.29));
#20602=CARTESIAN_POINT('',(-13.145,0.,3.29));
#20603=CARTESIAN_POINT('',(-13.42,0.,3.26));
#20604=CARTESIAN_POINT('',(-6.245,1.755,-1.752));
#20605=CARTESIAN_POINT('',(0.,0.,0.));
#20606=CARTESIAN_POINT('',(0.,0.,0.));
#20607=CARTESIAN_POINT('',(0.,0.,-0.5));
#20608=CARTESIAN_POINT('',(100.56,0.,0.));
#20609=CARTESIAN_POINT('',(99.81,0.,0.));
#20610=CARTESIAN_POINT('',(99.81,0.,-0.5));
#20611=CARTESIAN_POINT('',(99.81,0.5,0.));
#20612=CARTESIAN_POINT('',(99.81,0.,0.));
#20613=CARTESIAN_POINT('',(99.81,0.,-0.3125));
#20614=CARTESIAN_POINT('',(100.56,0.,0.));
#20615=CARTESIAN_POINT('',(100.522,0.,0.));
#20616=CARTESIAN_POINT('',(100.522,0.,-0.3125));
#20617=CARTESIAN_POINT('',(100.522,0.,0.));
#20618=CARTESIAN_POINT('',(100.56,0.,0.));
#20619=CARTESIAN_POINT('',(100.56,0.,-0.2745));
#20620=CARTESIAN_POINT('',(100.56,0.2745,0.));
#20621=CARTESIAN_POINT('',(0.,3.812,1.18482128523908E-14));
#20622=CARTESIAN_POINT('',(0.,0.,0.));
#20623=CARTESIAN_POINT('',(0.,0.,0.));
#20624=CARTESIAN_POINT('',(0.,0.,0.5));
#20625=CARTESIAN_POINT('',(2.,0.,0.));
#20626=CARTESIAN_POINT('',(2.,0.,0.5));
#20627=CARTESIAN_POINT('',(0.,-0.5,0.));
#20628=CARTESIAN_POINT('',(0.,0.,0.));
#20629=CARTESIAN_POINT('',(0.,0.,0.969));
#20630=CARTESIAN_POINT('',(0.,0.,0.));
#20631=CARTESIAN_POINT('',(0.031,0.,0.));
#20632=CARTESIAN_POINT('',(0.031,0.,1.));
#20633=CARTESIAN_POINT('',(0.,0.,0.));
#20634=CARTESIAN_POINT('',(1.375,0.,0.));
#20635=CARTESIAN_POINT('',(1.375,0.,1.));
#20636=CARTESIAN_POINT('',(1.969,0.,0.));
#20637=CARTESIAN_POINT('',(2.,0.,0.));
#20638=CARTESIAN_POINT('',(2.,0.,0.719));
#20639=CARTESIAN_POINT('',(1.969,0.,0.));
#20640=CARTESIAN_POINT('',(1.969,0.,0.75));
#20641=CARTESIAN_POINT('',(2.,-0.719,0.));
#20642=CARTESIAN_POINT('',(1.375,0.,0.));
#20643=CARTESIAN_POINT('',(2.,0.,0.));
#20644=CARTESIAN_POINT('',(2.,0.,0.75));
#20645=CARTESIAN_POINT('',(1.375,-0.75,0.));
#20646=CARTESIAN_POINT('',(1.375,0.,0.));
#20647=CARTESIAN_POINT('',(1.375,0.,1.594));
#20648=CARTESIAN_POINT('',(1.375,-1.375,-1.68388934882761E-16));
#20649=CARTESIAN_POINT('',(1.375,-1.375,0.1405));
#20650=CARTESIAN_POINT('',(1.375,0.,-1.375));
#20651=CARTESIAN_POINT('',(1.375,0.,-1.2345));
#20652=CARTESIAN_POINT('',(1.375,-2.73184799366426E-16,1.375));
#20653=CARTESIAN_POINT('',(1.375,-2.73184799366426E-16,1.5155));
#20654=CARTESIAN_POINT('',(1.375,1.375,0.));
#20655=CARTESIAN_POINT('',(1.375,1.375,0.1405));
#20656=CARTESIAN_POINT('',(1.375,0.,0.));
#20657=CARTESIAN_POINT('',(1.406,0.,0.));
#20658=CARTESIAN_POINT('',(1.406,0.,1.625));
#20659=CARTESIAN_POINT('',(1.375,0.,0.));
#20660=CARTESIAN_POINT('',(1.969,0.,0.));
#20661=CARTESIAN_POINT('',(1.969,0.,1.625));
#20662=CARTESIAN_POINT('',(1.969,0.,0.));
#20663=CARTESIAN_POINT('',(2.,0.,0.));
#20664=CARTESIAN_POINT('',(2.,0.,1.594));
#20665=CARTESIAN_POINT('',(2.,-1.594,0.));
#20666=CARTESIAN_POINT('',(2.,-1.375,-1.68388934882761E-16));
#20667=CARTESIAN_POINT('',(2.,-1.375,-0.1405));
#20668=CARTESIAN_POINT('',(2.,0.,-1.375));
#20669=CARTESIAN_POINT('',(2.,0.,-1.5155));
#20670=CARTESIAN_POINT('',(2.,-2.73184799366426E-16,1.375));
#20671=CARTESIAN_POINT('',(2.,-2.73184799366426E-16,1.2345));
#20672=CARTESIAN_POINT('',(2.,1.375,0.));
#20673=CARTESIAN_POINT('',(2.,1.375,-0.1405));
#20674=CARTESIAN_POINT('',(2.,1.375,0.));
#20675=CARTESIAN_POINT('',(2.,-2.73184799366426E-16,1.375));
#20676=CARTESIAN_POINT('',(2.,-1.375,-1.68388934882761E-16));
#20677=CARTESIAN_POINT('',(2.,0.,-1.375));
#20678=CARTESIAN_POINT('',(0.,-49.168,1.18482128523908E-14));
#20679=MECHANICAL_DESIGN_GEOMETRIC_PRESENTATION_REPRESENTATION('',(#10537,
#10538,#10539,#10540,#10541,#10542,#10543,#10544,#10545,#10546,#10547,#10548,
#10549,#10550,#10551,#10552,#10553,#10554,#10555,#10556,#10557,#10558,#10559,
#10560,#10561,#10562,#10563,#10564,#10565,#10566,#10567,#10568,#10569,#10570,
#10571,#10572,#10573,#10574,#10575,#10576,#10577,#10578,#10579,#10580,#10581,
#10582,#10583,#10584,#10585,#10586,#10587,#10588,#10589,#10590,#10591,#10592,
#10593,#10594,#10595,#10596,#10597,#10598,#10599,#10600,#10601,#10602,#10603,
#10604,#10605,#10606,#10607,#10608,#10609,#10610,#10611,#10612,#10613,#10614,
#10615,#10616,#10617,#10618,#10619,#10620,#10621,#10622,#10623,#10624,#10625,
#10626,#10627,#10628,#10629,#10630,#10631,#10632,#10633,#10634,#10635,#10636,
#10637,#10638,#10639,#10640,#10641,#10642,#10643,#10644,#10645,#10646,#10647,
#10648,#10649,#10650,#10651,#10652,#10653,#10654,#10655,#10656,#10657,#10658,
#10659,#10660,#10661,#10662,#10663,#10664,#10665,#10666,#10667,#10668,#10669,
#10670,#10671),#20680);
#20680=(
GEOMETRIC_REPRESENTATION_CONTEXT(3)
GLOBAL_UNCERTAINTY_ASSIGNED_CONTEXT((#20686))
GLOBAL_UNIT_ASSIGNED_CONTEXT((#20694,#20693,#20692))
REPRESENTATION_CONTEXT('2.5-MSJ-IR 6:1/20LT-1/SSE-2/FA/96.00/S',
'TOP_LEVEL_ASSEMBLY_PART')
);
#20681=(
GEOMETRIC_REPRESENTATION_CONTEXT(3)
GLOBAL_UNCERTAINTY_ASSIGNED_CONTEXT((#20687))
GLOBAL_UNIT_ASSIGNED_CONTEXT((#20694,#20693,#20692))
REPRESENTATION_CONTEXT('2.5-MSJ-IR-MM-SSE92.3192.31','COMPONENT_PART')
);
#20682=(
GEOMETRIC_REPRESENTATION_CONTEXT(3)
GLOBAL_UNCERTAINTY_ASSIGNED_CONTEXT((#20688))
GLOBAL_UNIT_ASSIGNED_CONTEXT((#20694,#20693,#20692))
REPRESENTATION_CONTEXT('2.5-MSJX05','COMPONENT_PART')
);
#20683=(
GEOMETRIC_REPRESENTATION_CONTEXT(3)
GLOBAL_UNCERTAINTY_ASSIGNED_CONTEXT((#20689))
GLOBAL_UNIT_ASSIGNED_CONTEXT((#20694,#20693,#20692))
REPRESENTATION_CONTEXT('20LT','COMPONENT_PART')
);
#20684=(
GEOMETRIC_REPRESENTATION_CONTEXT(3)
GLOBAL_UNCERTAINTY_ASSIGNED_CONTEXT((#20690))
GLOBAL_UNIT_ASSIGNED_CONTEXT((#20694,#20693,#20692))
REPRESENTATION_CONTEXT('2.5-MSJ-IR92.3192.31urir_ls','COMPONENT_PART')
);
#20685=(
GEOMETRIC_REPRESENTATION_CONTEXT(3)
GLOBAL_UNCERTAINTY_ASSIGNED_CONTEXT((#20691))
GLOBAL_UNIT_ASSIGNED_CONTEXT((#20694,#20693,#20692))
REPRESENTATION_CONTEXT('2.5-MSJ-IRmsj_i','COMPONENT_PART')
);
#20686=UNCERTAINTY_MEASURE_WITH_UNIT(LENGTH_MEASURE(3.93700787401575E-7),
#20694,'DISTANCE_ACCURACY_VALUE','Maximum Tolerance applied to model');
#20687=UNCERTAINTY_MEASURE_WITH_UNIT(LENGTH_MEASURE(0.00078740157480315),
#20694,'DISTANCE_ACCURACY_VALUE','Maximum Tolerance applied to model');
#20688=UNCERTAINTY_MEASURE_WITH_UNIT(LENGTH_MEASURE(3.93700787401575E-7),
#20694,'DISTANCE_ACCURACY_VALUE','Maximum Tolerance applied to model');
#20689=UNCERTAINTY_MEASURE_WITH_UNIT(LENGTH_MEASURE(0.00078740157480315),
#20694,'DISTANCE_ACCURACY_VALUE','Maximum Tolerance applied to model');
#20690=UNCERTAINTY_MEASURE_WITH_UNIT(LENGTH_MEASURE(3.93700787401575E-7),
#20694,'DISTANCE_ACCURACY_VALUE','Maximum Tolerance applied to model');
#20691=UNCERTAINTY_MEASURE_WITH_UNIT(LENGTH_MEASURE(3.93700787401575E-7),
#20694,'DISTANCE_ACCURACY_VALUE','Maximum Tolerance applied to model');
#20692=(
NAMED_UNIT(*)
SI_UNIT($,.STERADIAN.)
SOLID_ANGLE_UNIT()
);
#20693=(
NAMED_UNIT(*)
PLANE_ANGLE_UNIT()
SI_UNIT($,.RADIAN.)
);
#20694=(
CONVERSION_BASED_UNIT('INCH',#20696)
LENGTH_UNIT()
NAMED_UNIT(#20695)
);
#20695=DIMENSIONAL_EXPONENTS(1.,0.,0.,0.,0.,0.,0.);
#20696=LENGTH_MEASURE_WITH_UNIT(LENGTH_MEASURE(25.4),#20697);
#20697=(
LENGTH_UNIT()
NAMED_UNIT(*)
SI_UNIT(.MILLI.,.METRE.)
);
#20698=PRODUCT_DEFINITION_SHAPE('','',#20709);
#20699=PRODUCT_DEFINITION_SHAPE('','',#20710);
#20700=PRODUCT_DEFINITION_SHAPE(' ','NAUO PRDDFN',#18);
#20701=PRODUCT_DEFINITION_SHAPE('','',#20711);
#20702=PRODUCT_DEFINITION_SHAPE(' ','NAUO PRDDFN',#19);
#20703=PRODUCT_DEFINITION_SHAPE('','',#20712);
#20704=PRODUCT_DEFINITION_SHAPE(' ','NAUO PRDDFN',#20);
#20705=PRODUCT_DEFINITION_SHAPE('','',#20713);
#20706=PRODUCT_DEFINITION_SHAPE(' ','NAUO PRDDFN',#21);
#20707=PRODUCT_DEFINITION_SHAPE('','',#20714);
#20708=PRODUCT_DEFINITION_SHAPE(' ','NAUO PRDDFN',#22);
#20709=PRODUCT_DEFINITION('','',#20721,#20715);
#20710=PRODUCT_DEFINITION('','',#20722,#20716);
#20711=PRODUCT_DEFINITION('','',#20723,#20717);
#20712=PRODUCT_DEFINITION('','',#20724,#20718);
#20713=PRODUCT_DEFINITION('','',#20725,#20719);
#20714=PRODUCT_DEFINITION('','',#20726,#20720);
#20715=PRODUCT_DEFINITION_CONTEXT('',#20752,'design');
#20716=PRODUCT_DEFINITION_CONTEXT('',#20752,'design');
#20717=PRODUCT_DEFINITION_CONTEXT('',#20752,'design');
#20718=PRODUCT_DEFINITION_CONTEXT('',#20752,'design');
#20719=PRODUCT_DEFINITION_CONTEXT('',#20752,'design');
#20720=PRODUCT_DEFINITION_CONTEXT('',#20752,'design');
#20721=PRODUCT_DEFINITION_FORMATION_WITH_SPECIFIED_SOURCE('','',#20733,
 .NOT_KNOWN.);
#20722=PRODUCT_DEFINITION_FORMATION_WITH_SPECIFIED_SOURCE('','',#20734,
 .NOT_KNOWN.);
#20723=PRODUCT_DEFINITION_FORMATION_WITH_SPECIFIED_SOURCE('','',#20735,
 .NOT_KNOWN.);
#20724=PRODUCT_DEFINITION_FORMATION_WITH_SPECIFIED_SOURCE('','',#20736,
 .NOT_KNOWN.);
#20725=PRODUCT_DEFINITION_FORMATION_WITH_SPECIFIED_SOURCE('','',#20737,
 .NOT_KNOWN.);
#20726=PRODUCT_DEFINITION_FORMATION_WITH_SPECIFIED_SOURCE('','',#20738,
 .NOT_KNOWN.);
#20727=PRODUCT_RELATED_PRODUCT_CATEGORY('','',(#20733));
#20728=PRODUCT_RELATED_PRODUCT_CATEGORY('','',(#20734));
#20729=PRODUCT_RELATED_PRODUCT_CATEGORY('','',(#20735));
#20730=PRODUCT_RELATED_PRODUCT_CATEGORY('','',(#20736));
#20731=PRODUCT_RELATED_PRODUCT_CATEGORY('','',(#20737));
#20732=PRODUCT_RELATED_PRODUCT_CATEGORY('','',(#20738));
#20733=PRODUCT('2.5-MSJ-IR 6:1/20LT-1/SSE-2/FA/96.00/S',
'2.5-MSJ-IR 6:1/20LT-1/SSE-2/FA/96.00/S',
'2.5-MSJ-IR 6:1/20LT-1/SSE-2/FA/96.00/S',(#20745));
#20734=PRODUCT('2.5-MSJ-IR-MM-SSE92.3192.31',
'2.5-MSJ-IR-MM-SSE92.3192.31','2.5-MSJ-IR-MM-SSE92.3192.31',(#20746));
#20735=PRODUCT('2.5-MSJX05','2.5-MSJX05','2.5-MSJX05',(#20747));
#20736=PRODUCT('20LT','20LT','20LT',(#20748));
#20737=PRODUCT('2.5-MSJ-IR92.3192.31urir_ls',
'2.5-MSJ-IR92.3192.31urir_ls','2.5-MSJ-IR92.3192.31urir_ls',(#20749));
#20738=PRODUCT('2.5-MSJ-IRmsj_i','2.5-MSJ-IRmsj_i','2.5-MSJ-IRmsj_i',(#20750));
#20739=PRODUCT_CATEGORY('','');
#20740=PRODUCT_CATEGORY('','');
#20741=PRODUCT_CATEGORY('','');
#20742=PRODUCT_CATEGORY('','');
#20743=PRODUCT_CATEGORY('','');
#20744=PRODUCT_CATEGORY('','');
#20745=PRODUCT_CONTEXT('',#20752,'mechanical');
#20746=PRODUCT_CONTEXT('',#20752,'mechanical');
#20747=PRODUCT_CONTEXT('',#20752,'mechanical');
#20748=PRODUCT_CONTEXT('',#20752,'mechanical');
#20749=PRODUCT_CONTEXT('',#20752,'mechanical');
#20750=PRODUCT_CONTEXT('',#20752,'mechanical');
#20751=APPLICATION_PROTOCOL_DEFINITION('international standard',
'ap242_managed_model_based_3d_engineering',2011,#20752);
#20752=APPLICATION_CONTEXT('managed model based 3d engineering');
ENDSEC;
END-ISO-10303-21;
