ISO-10303-21;
HEADER;
/* Generated by software containing ST-Developer
 * from STEP Tools, Inc. (www.steptools.com) 
 */
/* OPTION: using custom renumber hook */

FILE_DESCRIPTION(
/* description */ ('STEP AP214'),
/* implementation_level */ '2;1');

FILE_NAME(
/* name */ 'psolqas_5636_927',
/* time_stamp */ '2025-04-29T21:30:54+02:00',
/* author */ ('License CC BY-ND 4.0'),
/* organization */ ('CADENAS'),
/* preprocessor_version */ 'ST-DEVELOPER v19.3',
/* originating_system */ 'PARTsolutions',
/* authorisation */ '  ');

FILE_SCHEMA (('AUTOMOTIVE_DESIGN {1 0 10303 214 3 1 1}'));
ENDSEC;

DATA;
#10=PROPERTY_DEFINITION_REPRESENTATION(#14,#12);
#11=PROPERTY_DEFINITION_REPRESENTATION(#15,#13);
#12=REPRESENTATION('',(#16),#5249);
#13=REPRESENTATION('',(#17),#5249);
#14=PROPERTY_DEFINITION('pmi validation property','',#5254);
#15=PROPERTY_DEFINITION('pmi validation property','',#5254);
#16=VALUE_REPRESENTATION_ITEM('number of annotations',COUNT_MEASURE(0.));
#17=VALUE_REPRESENTATION_ITEM('number of views',COUNT_MEASURE(0.));
#18=SHAPE_REPRESENTATION_RELATIONSHIP('','',#3641,#19);
#19=ADVANCED_BREP_SHAPE_REPRESENTATION('',(#3639),#5249);
#20=VERTEX_LOOP('',#1354);
#21=DEGENERATE_TOROIDAL_SURFACE('',#3817,7.51491431000151E-5,0.00709999999999996,
 .T.);
#22=CONICAL_SURFACE('',#3812,0.00225,0.785398163397448);
#23=CYLINDRICAL_SURFACE('',#3809,0.00575);
#24=CYLINDRICAL_SURFACE('',#3810,0.00625);
#25=CYLINDRICAL_SURFACE('',#3811,0.00475);
#26=CYLINDRICAL_SURFACE('',#3814,0.0025);
#27=CYLINDRICAL_SURFACE('',#3815,0.0048);
#28=CYLINDRICAL_SURFACE('',#3818,0.0025);
#29=CYLINDRICAL_SURFACE('',#3819,0.0027);
#30=CYLINDRICAL_SURFACE('',#3820,0.0027);
#31=CYLINDRICAL_SURFACE('',#3821,0.001);
#32=CYLINDRICAL_SURFACE('',#3822,0.001);
#33=CYLINDRICAL_SURFACE('',#3823,0.001);
#34=CYLINDRICAL_SURFACE('',#3824,0.001);
#35=CYLINDRICAL_SURFACE('',#3825,0.001);
#36=CYLINDRICAL_SURFACE('',#3826,0.001);
#37=CYLINDRICAL_SURFACE('',#3827,0.001);
#38=CYLINDRICAL_SURFACE('',#3828,0.001);
#39=CYLINDRICAL_SURFACE('',#3829,0.001);
#40=CYLINDRICAL_SURFACE('',#3830,0.001);
#41=CYLINDRICAL_SURFACE('',#3831,0.001);
#42=CYLINDRICAL_SURFACE('',#3832,0.001);
#43=CYLINDRICAL_SURFACE('',#3833,0.0012);
#44=CYLINDRICAL_SURFACE('',#3834,0.0012);
#45=CIRCLE('',#3644,0.001);
#46=CIRCLE('',#3645,0.001);
#47=CIRCLE('',#3646,0.001);
#48=CIRCLE('',#3647,0.001);
#49=CIRCLE('',#3648,0.001);
#50=CIRCLE('',#3649,0.001);
#51=CIRCLE('',#3652,0.0012);
#52=CIRCLE('',#3653,0.0012);
#53=CIRCLE('',#3656,0.0025);
#54=CIRCLE('',#3659,0.00475);
#55=CIRCLE('',#3672,0.0027);
#56=CIRCLE('',#3683,0.0012);
#57=CIRCLE('',#3685,0.0012);
#58=CIRCLE('',#3687,0.001);
#59=CIRCLE('',#3689,0.001);
#60=CIRCLE('',#3691,0.001);
#61=CIRCLE('',#3693,0.001);
#62=CIRCLE('',#3695,0.001);
#63=CIRCLE('',#3697,0.001);
#64=CIRCLE('',#3699,0.001);
#65=CIRCLE('',#3701,0.001);
#66=CIRCLE('',#3703,0.001);
#67=CIRCLE('',#3705,0.001);
#68=CIRCLE('',#3707,0.001);
#69=CIRCLE('',#3709,0.001);
#70=CIRCLE('',#3711,0.0027);
#71=CIRCLE('',#3712,0.0027);
#72=CIRCLE('',#3716,0.0027);
#73=CIRCLE('',#3721,0.002);
#74=CIRCLE('',#3753,0.00475);
#75=CIRCLE('',#3755,0.0048);
#76=CIRCLE('',#3772,0.0025);
#77=CIRCLE('',#3777,0.00625);
#78=CIRCLE('',#3778,0.0025);
#79=CIRCLE('',#3779,0.001);
#80=CIRCLE('',#3780,0.001);
#81=CIRCLE('',#3781,0.001);
#82=CIRCLE('',#3782,0.001);
#83=CIRCLE('',#3783,0.001);
#84=CIRCLE('',#3784,0.001);
#85=CIRCLE('',#3786,0.00575);
#86=CIRCLE('',#3802,0.00625);
#87=CIRCLE('',#3803,0.00575);
#88=CIRCLE('',#3813,0.0025);
#89=CIRCLE('',#3816,0.0048);
#90=ORIENTED_EDGE('',*,*,#772,.F.);
#91=ORIENTED_EDGE('',*,*,#773,.F.);
#92=ORIENTED_EDGE('',*,*,#774,.F.);
#93=ORIENTED_EDGE('',*,*,#775,.F.);
#94=ORIENTED_EDGE('',*,*,#776,.T.);
#95=ORIENTED_EDGE('',*,*,#777,.T.);
#96=ORIENTED_EDGE('',*,*,#778,.T.);
#97=ORIENTED_EDGE('',*,*,#779,.T.);
#98=ORIENTED_EDGE('',*,*,#780,.T.);
#99=ORIENTED_EDGE('',*,*,#781,.T.);
#100=ORIENTED_EDGE('',*,*,#782,.T.);
#101=ORIENTED_EDGE('',*,*,#783,.T.);
#102=ORIENTED_EDGE('',*,*,#784,.T.);
#103=ORIENTED_EDGE('',*,*,#785,.T.);
#104=ORIENTED_EDGE('',*,*,#786,.T.);
#105=ORIENTED_EDGE('',*,*,#787,.T.);
#106=ORIENTED_EDGE('',*,*,#788,.T.);
#107=ORIENTED_EDGE('',*,*,#789,.T.);
#108=ORIENTED_EDGE('',*,*,#790,.T.);
#109=ORIENTED_EDGE('',*,*,#791,.T.);
#110=ORIENTED_EDGE('',*,*,#792,.T.);
#111=ORIENTED_EDGE('',*,*,#793,.T.);
#112=ORIENTED_EDGE('',*,*,#794,.T.);
#113=ORIENTED_EDGE('',*,*,#795,.T.);
#114=ORIENTED_EDGE('',*,*,#796,.T.);
#115=ORIENTED_EDGE('',*,*,#797,.T.);
#116=ORIENTED_EDGE('',*,*,#798,.T.);
#117=ORIENTED_EDGE('',*,*,#799,.T.);
#118=ORIENTED_EDGE('',*,*,#772,.T.);
#119=ORIENTED_EDGE('',*,*,#800,.F.);
#120=ORIENTED_EDGE('',*,*,#801,.F.);
#121=ORIENTED_EDGE('',*,*,#802,.T.);
#122=ORIENTED_EDGE('',*,*,#803,.F.);
#123=ORIENTED_EDGE('',*,*,#804,.T.);
#124=ORIENTED_EDGE('',*,*,#805,.T.);
#125=ORIENTED_EDGE('',*,*,#806,.T.);
#126=ORIENTED_EDGE('',*,*,#807,.T.);
#127=ORIENTED_EDGE('',*,*,#808,.T.);
#128=ORIENTED_EDGE('',*,*,#809,.T.);
#129=ORIENTED_EDGE('',*,*,#810,.T.);
#130=ORIENTED_EDGE('',*,*,#811,.F.);
#131=ORIENTED_EDGE('',*,*,#812,.T.);
#132=ORIENTED_EDGE('',*,*,#813,.F.);
#133=ORIENTED_EDGE('',*,*,#814,.T.);
#134=ORIENTED_EDGE('',*,*,#815,.T.);
#135=ORIENTED_EDGE('',*,*,#816,.T.);
#136=ORIENTED_EDGE('',*,*,#817,.T.);
#137=ORIENTED_EDGE('',*,*,#805,.F.);
#138=ORIENTED_EDGE('',*,*,#818,.T.);
#139=ORIENTED_EDGE('',*,*,#819,.F.);
#140=ORIENTED_EDGE('',*,*,#820,.F.);
#141=ORIENTED_EDGE('',*,*,#821,.F.);
#142=ORIENTED_EDGE('',*,*,#810,.F.);
#143=ORIENTED_EDGE('',*,*,#822,.F.);
#144=ORIENTED_EDGE('',*,*,#823,.T.);
#145=ORIENTED_EDGE('',*,*,#824,.T.);
#146=ORIENTED_EDGE('',*,*,#825,.F.);
#147=ORIENTED_EDGE('',*,*,#826,.T.);
#148=ORIENTED_EDGE('',*,*,#803,.T.);
#149=ORIENTED_EDGE('',*,*,#827,.F.);
#150=ORIENTED_EDGE('',*,*,#818,.F.);
#151=ORIENTED_EDGE('',*,*,#804,.F.);
#152=ORIENTED_EDGE('',*,*,#826,.F.);
#153=ORIENTED_EDGE('',*,*,#828,.T.);
#154=ORIENTED_EDGE('',*,*,#829,.F.);
#155=ORIENTED_EDGE('',*,*,#830,.T.);
#156=ORIENTED_EDGE('',*,*,#831,.T.);
#157=ORIENTED_EDGE('',*,*,#832,.T.);
#158=ORIENTED_EDGE('',*,*,#833,.T.);
#159=ORIENTED_EDGE('',*,*,#834,.T.);
#160=ORIENTED_EDGE('',*,*,#835,.T.);
#161=ORIENTED_EDGE('',*,*,#836,.T.);
#162=ORIENTED_EDGE('',*,*,#837,.F.);
#163=ORIENTED_EDGE('',*,*,#838,.T.);
#164=ORIENTED_EDGE('',*,*,#839,.F.);
#165=ORIENTED_EDGE('',*,*,#840,.T.);
#166=ORIENTED_EDGE('',*,*,#841,.F.);
#167=ORIENTED_EDGE('',*,*,#842,.F.);
#168=ORIENTED_EDGE('',*,*,#836,.F.);
#169=ORIENTED_EDGE('',*,*,#843,.F.);
#170=ORIENTED_EDGE('',*,*,#844,.T.);
#171=ORIENTED_EDGE('',*,*,#845,.F.);
#172=ORIENTED_EDGE('',*,*,#846,.T.);
#173=ORIENTED_EDGE('',*,*,#829,.T.);
#174=ORIENTED_EDGE('',*,*,#847,.F.);
#175=ORIENTED_EDGE('',*,*,#848,.F.);
#176=ORIENTED_EDGE('',*,*,#830,.F.);
#177=ORIENTED_EDGE('',*,*,#846,.F.);
#178=ORIENTED_EDGE('',*,*,#849,.F.);
#179=ORIENTED_EDGE('',*,*,#824,.F.);
#180=ORIENTED_EDGE('',*,*,#814,.F.);
#181=ORIENTED_EDGE('',*,*,#850,.F.);
#182=ORIENTED_EDGE('',*,*,#851,.F.);
#183=ORIENTED_EDGE('',*,*,#852,.F.);
#184=ORIENTED_EDGE('',*,*,#812,.F.);
#185=ORIENTED_EDGE('',*,*,#853,.F.);
#186=ORIENTED_EDGE('',*,*,#854,.F.);
#187=ORIENTED_EDGE('',*,*,#850,.T.);
#188=ORIENTED_EDGE('',*,*,#813,.T.);
#189=ORIENTED_EDGE('',*,*,#852,.T.);
#190=ORIENTED_EDGE('',*,*,#855,.T.);
#191=ORIENTED_EDGE('',*,*,#856,.F.);
#192=ORIENTED_EDGE('',*,*,#822,.T.);
#193=ORIENTED_EDGE('',*,*,#809,.F.);
#194=ORIENTED_EDGE('',*,*,#857,.F.);
#195=ORIENTED_EDGE('',*,*,#858,.T.);
#196=ORIENTED_EDGE('',*,*,#807,.F.);
#197=ORIENTED_EDGE('',*,*,#859,.T.);
#198=ORIENTED_EDGE('',*,*,#860,.F.);
#199=ORIENTED_EDGE('',*,*,#855,.F.);
#200=ORIENTED_EDGE('',*,*,#808,.F.);
#201=ORIENTED_EDGE('',*,*,#858,.F.);
#202=ORIENTED_EDGE('',*,*,#861,.F.);
#203=ORIENTED_EDGE('',*,*,#859,.F.);
#204=ORIENTED_EDGE('',*,*,#806,.F.);
#205=ORIENTED_EDGE('',*,*,#817,.F.);
#206=ORIENTED_EDGE('',*,*,#862,.T.);
#207=ORIENTED_EDGE('',*,*,#863,.T.);
#208=ORIENTED_EDGE('',*,*,#864,.T.);
#209=ORIENTED_EDGE('',*,*,#865,.F.);
#210=ORIENTED_EDGE('',*,*,#866,.T.);
#211=ORIENTED_EDGE('',*,*,#831,.F.);
#212=ORIENTED_EDGE('',*,*,#848,.T.);
#213=ORIENTED_EDGE('',*,*,#867,.F.);
#214=ORIENTED_EDGE('',*,*,#868,.T.);
#215=ORIENTED_EDGE('',*,*,#869,.F.);
#216=ORIENTED_EDGE('',*,*,#843,.T.);
#217=ORIENTED_EDGE('',*,*,#835,.F.);
#218=ORIENTED_EDGE('',*,*,#870,.F.);
#219=ORIENTED_EDGE('',*,*,#871,.T.);
#220=ORIENTED_EDGE('',*,*,#833,.F.);
#221=ORIENTED_EDGE('',*,*,#872,.T.);
#222=ORIENTED_EDGE('',*,*,#873,.F.);
#223=ORIENTED_EDGE('',*,*,#868,.F.);
#224=ORIENTED_EDGE('',*,*,#834,.F.);
#225=ORIENTED_EDGE('',*,*,#871,.F.);
#226=ORIENTED_EDGE('',*,*,#874,.F.);
#227=ORIENTED_EDGE('',*,*,#872,.F.);
#228=ORIENTED_EDGE('',*,*,#832,.F.);
#229=ORIENTED_EDGE('',*,*,#866,.F.);
#230=ORIENTED_EDGE('',*,*,#875,.T.);
#231=ORIENTED_EDGE('',*,*,#837,.T.);
#232=ORIENTED_EDGE('',*,*,#842,.T.);
#233=ORIENTED_EDGE('',*,*,#876,.F.);
#234=ORIENTED_EDGE('',*,*,#877,.T.);
#235=ORIENTED_EDGE('',*,*,#867,.T.);
#236=ORIENTED_EDGE('',*,*,#847,.T.);
#237=ORIENTED_EDGE('',*,*,#845,.T.);
#238=ORIENTED_EDGE('',*,*,#878,.T.);
#239=ORIENTED_EDGE('',*,*,#879,.T.);
#240=ORIENTED_EDGE('',*,*,#880,.T.);
#241=ORIENTED_EDGE('',*,*,#876,.T.);
#242=ORIENTED_EDGE('',*,*,#841,.T.);
#243=ORIENTED_EDGE('',*,*,#869,.T.);
#244=ORIENTED_EDGE('',*,*,#873,.T.);
#245=ORIENTED_EDGE('',*,*,#870,.T.);
#246=ORIENTED_EDGE('',*,*,#874,.T.);
#247=ORIENTED_EDGE('',*,*,#865,.T.);
#248=ORIENTED_EDGE('',*,*,#881,.T.);
#249=ORIENTED_EDGE('',*,*,#882,.F.);
#250=ORIENTED_EDGE('',*,*,#883,.F.);
#251=ORIENTED_EDGE('',*,*,#800,.T.);
#252=ORIENTED_EDGE('',*,*,#775,.T.);
#253=ORIENTED_EDGE('',*,*,#884,.F.);
#254=ORIENTED_EDGE('',*,*,#878,.F.);
#255=ORIENTED_EDGE('',*,*,#844,.F.);
#256=ORIENTED_EDGE('',*,*,#840,.F.);
#257=ORIENTED_EDGE('',*,*,#885,.F.);
#258=ORIENTED_EDGE('',*,*,#880,.F.);
#259=ORIENTED_EDGE('',*,*,#886,.F.);
#260=ORIENTED_EDGE('',*,*,#838,.F.);
#261=ORIENTED_EDGE('',*,*,#875,.F.);
#262=ORIENTED_EDGE('',*,*,#879,.F.);
#263=ORIENTED_EDGE('',*,*,#885,.T.);
#264=ORIENTED_EDGE('',*,*,#839,.T.);
#265=ORIENTED_EDGE('',*,*,#886,.T.);
#266=ORIENTED_EDGE('',*,*,#887,.T.);
#267=ORIENTED_EDGE('',*,*,#888,.T.);
#268=ORIENTED_EDGE('',*,*,#889,.F.);
#269=ORIENTED_EDGE('',*,*,#890,.F.);
#270=ORIENTED_EDGE('',*,*,#891,.F.);
#271=ORIENTED_EDGE('',*,*,#892,.F.);
#272=ORIENTED_EDGE('',*,*,#893,.F.);
#273=ORIENTED_EDGE('',*,*,#894,.F.);
#274=ORIENTED_EDGE('',*,*,#895,.F.);
#275=ORIENTED_EDGE('',*,*,#896,.F.);
#276=ORIENTED_EDGE('',*,*,#897,.F.);
#277=ORIENTED_EDGE('',*,*,#898,.F.);
#278=ORIENTED_EDGE('',*,*,#899,.F.);
#279=ORIENTED_EDGE('',*,*,#900,.F.);
#280=ORIENTED_EDGE('',*,*,#901,.T.);
#281=ORIENTED_EDGE('',*,*,#902,.T.);
#282=ORIENTED_EDGE('',*,*,#903,.T.);
#283=ORIENTED_EDGE('',*,*,#904,.F.);
#284=ORIENTED_EDGE('',*,*,#905,.F.);
#285=ORIENTED_EDGE('',*,*,#882,.T.);
#286=ORIENTED_EDGE('',*,*,#906,.T.);
#287=ORIENTED_EDGE('',*,*,#907,.T.);
#288=ORIENTED_EDGE('',*,*,#908,.T.);
#289=ORIENTED_EDGE('',*,*,#884,.T.);
#290=ORIENTED_EDGE('',*,*,#774,.T.);
#291=ORIENTED_EDGE('',*,*,#909,.F.);
#292=ORIENTED_EDGE('',*,*,#862,.F.);
#293=ORIENTED_EDGE('',*,*,#877,.F.);
#294=ORIENTED_EDGE('',*,*,#908,.F.);
#295=ORIENTED_EDGE('',*,*,#910,.F.);
#296=ORIENTED_EDGE('',*,*,#864,.F.);
#297=ORIENTED_EDGE('',*,*,#911,.T.);
#298=ORIENTED_EDGE('',*,*,#906,.F.);
#299=ORIENTED_EDGE('',*,*,#881,.F.);
#300=ORIENTED_EDGE('',*,*,#912,.T.);
#301=ORIENTED_EDGE('',*,*,#913,.F.);
#302=ORIENTED_EDGE('',*,*,#853,.T.);
#303=ORIENTED_EDGE('',*,*,#811,.T.);
#304=ORIENTED_EDGE('',*,*,#821,.T.);
#305=ORIENTED_EDGE('',*,*,#914,.F.);
#306=ORIENTED_EDGE('',*,*,#915,.T.);
#307=ORIENTED_EDGE('',*,*,#916,.T.);
#308=ORIENTED_EDGE('',*,*,#917,.T.);
#309=ORIENTED_EDGE('',*,*,#909,.T.);
#310=ORIENTED_EDGE('',*,*,#773,.T.);
#311=ORIENTED_EDGE('',*,*,#802,.F.);
#312=ORIENTED_EDGE('',*,*,#918,.F.);
#313=ORIENTED_EDGE('',*,*,#904,.T.);
#314=ORIENTED_EDGE('',*,*,#919,.T.);
#315=ORIENTED_EDGE('',*,*,#914,.T.);
#316=ORIENTED_EDGE('',*,*,#820,.T.);
#317=ORIENTED_EDGE('',*,*,#856,.T.);
#318=ORIENTED_EDGE('',*,*,#860,.T.);
#319=ORIENTED_EDGE('',*,*,#857,.T.);
#320=ORIENTED_EDGE('',*,*,#861,.T.);
#321=ORIENTED_EDGE('',*,*,#819,.T.);
#322=ORIENTED_EDGE('',*,*,#827,.T.);
#323=ORIENTED_EDGE('',*,*,#825,.T.);
#324=ORIENTED_EDGE('',*,*,#849,.T.);
#325=ORIENTED_EDGE('',*,*,#854,.T.);
#326=ORIENTED_EDGE('',*,*,#851,.T.);
#327=ORIENTED_EDGE('',*,*,#913,.T.);
#328=ORIENTED_EDGE('',*,*,#915,.F.);
#329=ORIENTED_EDGE('',*,*,#919,.F.);
#330=ORIENTED_EDGE('',*,*,#903,.F.);
#331=ORIENTED_EDGE('',*,*,#920,.F.);
#332=ORIENTED_EDGE('',*,*,#912,.F.);
#333=ORIENTED_EDGE('',*,*,#921,.T.);
#334=ORIENTED_EDGE('',*,*,#901,.F.);
#335=ORIENTED_EDGE('',*,*,#917,.F.);
#336=ORIENTED_EDGE('',*,*,#922,.F.);
#337=ORIENTED_EDGE('',*,*,#923,.T.);
#338=ORIENTED_EDGE('',*,*,#924,.F.);
#339=ORIENTED_EDGE('',*,*,#925,.T.);
#340=ORIENTED_EDGE('',*,*,#926,.T.);
#341=ORIENTED_EDGE('',*,*,#927,.T.);
#342=ORIENTED_EDGE('',*,*,#928,.T.);
#343=ORIENTED_EDGE('',*,*,#929,.T.);
#344=ORIENTED_EDGE('',*,*,#930,.T.);
#345=ORIENTED_EDGE('',*,*,#931,.T.);
#346=ORIENTED_EDGE('',*,*,#932,.T.);
#347=ORIENTED_EDGE('',*,*,#933,.F.);
#348=ORIENTED_EDGE('',*,*,#934,.T.);
#349=ORIENTED_EDGE('',*,*,#935,.T.);
#350=ORIENTED_EDGE('',*,*,#936,.T.);
#351=ORIENTED_EDGE('',*,*,#925,.F.);
#352=ORIENTED_EDGE('',*,*,#937,.T.);
#353=ORIENTED_EDGE('',*,*,#938,.T.);
#354=ORIENTED_EDGE('',*,*,#939,.F.);
#355=ORIENTED_EDGE('',*,*,#940,.T.);
#356=ORIENTED_EDGE('',*,*,#941,.T.);
#357=ORIENTED_EDGE('',*,*,#935,.F.);
#358=ORIENTED_EDGE('',*,*,#942,.T.);
#359=ORIENTED_EDGE('',*,*,#943,.T.);
#360=ORIENTED_EDGE('',*,*,#944,.T.);
#361=ORIENTED_EDGE('',*,*,#945,.T.);
#362=ORIENTED_EDGE('',*,*,#946,.T.);
#363=ORIENTED_EDGE('',*,*,#923,.F.);
#364=ORIENTED_EDGE('',*,*,#947,.T.);
#365=ORIENTED_EDGE('',*,*,#929,.F.);
#366=ORIENTED_EDGE('',*,*,#948,.T.);
#367=ORIENTED_EDGE('',*,*,#943,.F.);
#368=ORIENTED_EDGE('',*,*,#949,.T.);
#369=ORIENTED_EDGE('',*,*,#950,.T.);
#370=ORIENTED_EDGE('',*,*,#951,.T.);
#371=ORIENTED_EDGE('',*,*,#940,.F.);
#372=ORIENTED_EDGE('',*,*,#952,.T.);
#373=ORIENTED_EDGE('',*,*,#953,.T.);
#374=ORIENTED_EDGE('',*,*,#954,.F.);
#375=ORIENTED_EDGE('',*,*,#955,.T.);
#376=ORIENTED_EDGE('',*,*,#956,.T.);
#377=ORIENTED_EDGE('',*,*,#950,.F.);
#378=ORIENTED_EDGE('',*,*,#957,.T.);
#379=ORIENTED_EDGE('',*,*,#958,.T.);
#380=ORIENTED_EDGE('',*,*,#959,.T.);
#381=ORIENTED_EDGE('',*,*,#960,.T.);
#382=ORIENTED_EDGE('',*,*,#961,.T.);
#383=ORIENTED_EDGE('',*,*,#938,.F.);
#384=ORIENTED_EDGE('',*,*,#962,.T.);
#385=ORIENTED_EDGE('',*,*,#945,.F.);
#386=ORIENTED_EDGE('',*,*,#963,.T.);
#387=ORIENTED_EDGE('',*,*,#958,.F.);
#388=ORIENTED_EDGE('',*,*,#964,.T.);
#389=ORIENTED_EDGE('',*,*,#965,.T.);
#390=ORIENTED_EDGE('',*,*,#966,.T.);
#391=ORIENTED_EDGE('',*,*,#955,.F.);
#392=ORIENTED_EDGE('',*,*,#967,.T.);
#393=ORIENTED_EDGE('',*,*,#968,.T.);
#394=ORIENTED_EDGE('',*,*,#969,.F.);
#395=ORIENTED_EDGE('',*,*,#970,.T.);
#396=ORIENTED_EDGE('',*,*,#971,.T.);
#397=ORIENTED_EDGE('',*,*,#965,.F.);
#398=ORIENTED_EDGE('',*,*,#972,.T.);
#399=ORIENTED_EDGE('',*,*,#973,.T.);
#400=ORIENTED_EDGE('',*,*,#974,.T.);
#401=ORIENTED_EDGE('',*,*,#975,.T.);
#402=ORIENTED_EDGE('',*,*,#976,.T.);
#403=ORIENTED_EDGE('',*,*,#953,.F.);
#404=ORIENTED_EDGE('',*,*,#977,.T.);
#405=ORIENTED_EDGE('',*,*,#960,.F.);
#406=ORIENTED_EDGE('',*,*,#978,.T.);
#407=ORIENTED_EDGE('',*,*,#973,.F.);
#408=ORIENTED_EDGE('',*,*,#979,.T.);
#409=ORIENTED_EDGE('',*,*,#980,.T.);
#410=ORIENTED_EDGE('',*,*,#981,.T.);
#411=ORIENTED_EDGE('',*,*,#970,.F.);
#412=ORIENTED_EDGE('',*,*,#982,.T.);
#413=ORIENTED_EDGE('',*,*,#980,.F.);
#414=ORIENTED_EDGE('',*,*,#983,.T.);
#415=ORIENTED_EDGE('',*,*,#984,.T.);
#416=ORIENTED_EDGE('',*,*,#985,.T.);
#417=ORIENTED_EDGE('',*,*,#986,.T.);
#418=ORIENTED_EDGE('',*,*,#987,.T.);
#419=ORIENTED_EDGE('',*,*,#988,.F.);
#420=ORIENTED_EDGE('',*,*,#989,.T.);
#421=ORIENTED_EDGE('',*,*,#975,.F.);
#422=ORIENTED_EDGE('',*,*,#990,.T.);
#423=ORIENTED_EDGE('',*,*,#984,.F.);
#424=ORIENTED_EDGE('',*,*,#991,.T.);
#425=ORIENTED_EDGE('',*,*,#992,.T.);
#426=ORIENTED_EDGE('',*,*,#993,.T.);
#427=ORIENTED_EDGE('',*,*,#933,.T.);
#428=ORIENTED_EDGE('',*,*,#994,.T.);
#429=ORIENTED_EDGE('',*,*,#995,.T.);
#430=ORIENTED_EDGE('',*,*,#996,.F.);
#431=ORIENTED_EDGE('',*,*,#988,.T.);
#432=ORIENTED_EDGE('',*,*,#997,.T.);
#433=ORIENTED_EDGE('',*,*,#998,.T.);
#434=ORIENTED_EDGE('',*,*,#999,.T.);
#435=ORIENTED_EDGE('',*,*,#968,.F.);
#436=ORIENTED_EDGE('',*,*,#1000,.T.);
#437=ORIENTED_EDGE('',*,*,#998,.F.);
#438=ORIENTED_EDGE('',*,*,#1001,.T.);
#439=ORIENTED_EDGE('',*,*,#1002,.F.);
#440=ORIENTED_EDGE('',*,*,#1003,.T.);
#441=ORIENTED_EDGE('',*,*,#986,.F.);
#442=ORIENTED_EDGE('',*,*,#1004,.T.);
#443=ORIENTED_EDGE('',*,*,#1002,.T.);
#444=ORIENTED_EDGE('',*,*,#1005,.T.);
#445=ORIENTED_EDGE('',*,*,#995,.F.);
#446=ORIENTED_EDGE('',*,*,#1006,.T.);
#447=ORIENTED_EDGE('',*,*,#931,.F.);
#448=ORIENTED_EDGE('',*,*,#1007,.T.);
#449=ORIENTED_EDGE('',*,*,#992,.F.);
#450=ORIENTED_EDGE('',*,*,#1008,.T.);
#451=ORIENTED_EDGE('',*,*,#1009,.F.);
#452=ORIENTED_EDGE('',*,*,#1010,.T.);
#453=ORIENTED_EDGE('',*,*,#927,.F.);
#454=ORIENTED_EDGE('',*,*,#1011,.F.);
#455=ORIENTED_EDGE('',*,*,#1009,.T.);
#456=ORIENTED_EDGE('',*,*,#1012,.T.);
#457=ORIENTED_EDGE('',*,*,#1013,.T.);
#458=ORIENTED_EDGE('',*,*,#999,.F.);
#459=ORIENTED_EDGE('',*,*,#1003,.F.);
#460=ORIENTED_EDGE('',*,*,#1004,.F.);
#461=ORIENTED_EDGE('',*,*,#989,.F.);
#462=ORIENTED_EDGE('',*,*,#996,.T.);
#463=ORIENTED_EDGE('',*,*,#1007,.F.);
#464=ORIENTED_EDGE('',*,*,#934,.F.);
#465=ORIENTED_EDGE('',*,*,#993,.F.);
#466=ORIENTED_EDGE('',*,*,#1010,.F.);
#467=ORIENTED_EDGE('',*,*,#1011,.T.);
#468=ORIENTED_EDGE('',*,*,#930,.F.);
#469=ORIENTED_EDGE('',*,*,#949,.F.);
#470=ORIENTED_EDGE('',*,*,#942,.F.);
#471=ORIENTED_EDGE('',*,*,#937,.F.);
#472=ORIENTED_EDGE('',*,*,#924,.T.);
#473=ORIENTED_EDGE('',*,*,#946,.F.);
#474=ORIENTED_EDGE('',*,*,#964,.F.);
#475=ORIENTED_EDGE('',*,*,#957,.F.);
#476=ORIENTED_EDGE('',*,*,#952,.F.);
#477=ORIENTED_EDGE('',*,*,#939,.T.);
#478=ORIENTED_EDGE('',*,*,#961,.F.);
#479=ORIENTED_EDGE('',*,*,#979,.F.);
#480=ORIENTED_EDGE('',*,*,#972,.F.);
#481=ORIENTED_EDGE('',*,*,#967,.F.);
#482=ORIENTED_EDGE('',*,*,#954,.T.);
#483=ORIENTED_EDGE('',*,*,#976,.F.);
#484=ORIENTED_EDGE('',*,*,#991,.F.);
#485=ORIENTED_EDGE('',*,*,#983,.F.);
#486=ORIENTED_EDGE('',*,*,#982,.F.);
#487=ORIENTED_EDGE('',*,*,#969,.T.);
#488=ORIENTED_EDGE('',*,*,#1014,.F.);
#489=ORIENTED_EDGE('',*,*,#987,.F.);
#490=ORIENTED_EDGE('',*,*,#1005,.F.);
#491=ORIENTED_EDGE('',*,*,#1001,.F.);
#492=ORIENTED_EDGE('',*,*,#1000,.F.);
#493=ORIENTED_EDGE('',*,*,#971,.F.);
#494=ORIENTED_EDGE('',*,*,#981,.F.);
#495=ORIENTED_EDGE('',*,*,#985,.F.);
#496=ORIENTED_EDGE('',*,*,#990,.F.);
#497=ORIENTED_EDGE('',*,*,#977,.F.);
#498=ORIENTED_EDGE('',*,*,#956,.F.);
#499=ORIENTED_EDGE('',*,*,#966,.F.);
#500=ORIENTED_EDGE('',*,*,#974,.F.);
#501=ORIENTED_EDGE('',*,*,#978,.F.);
#502=ORIENTED_EDGE('',*,*,#962,.F.);
#503=ORIENTED_EDGE('',*,*,#941,.F.);
#504=ORIENTED_EDGE('',*,*,#951,.F.);
#505=ORIENTED_EDGE('',*,*,#959,.F.);
#506=ORIENTED_EDGE('',*,*,#963,.F.);
#507=ORIENTED_EDGE('',*,*,#947,.F.);
#508=ORIENTED_EDGE('',*,*,#926,.F.);
#509=ORIENTED_EDGE('',*,*,#936,.F.);
#510=ORIENTED_EDGE('',*,*,#944,.F.);
#511=ORIENTED_EDGE('',*,*,#948,.F.);
#512=ORIENTED_EDGE('',*,*,#928,.F.);
#513=ORIENTED_EDGE('',*,*,#1012,.F.);
#514=ORIENTED_EDGE('',*,*,#1008,.F.);
#515=ORIENTED_EDGE('',*,*,#994,.F.);
#516=ORIENTED_EDGE('',*,*,#932,.F.);
#517=ORIENTED_EDGE('',*,*,#1006,.F.);
#518=ORIENTED_EDGE('',*,*,#997,.F.);
#519=ORIENTED_EDGE('',*,*,#784,.F.);
#520=ORIENTED_EDGE('',*,*,#1015,.F.);
#521=ORIENTED_EDGE('',*,*,#1016,.F.);
#522=ORIENTED_EDGE('',*,*,#1017,.T.);
#523=ORIENTED_EDGE('',*,*,#1018,.T.);
#524=ORIENTED_EDGE('',*,*,#1019,.F.);
#525=ORIENTED_EDGE('',*,*,#1015,.T.);
#526=ORIENTED_EDGE('',*,*,#783,.F.);
#527=ORIENTED_EDGE('',*,*,#799,.F.);
#528=ORIENTED_EDGE('',*,*,#1020,.F.);
#529=ORIENTED_EDGE('',*,*,#1021,.F.);
#530=ORIENTED_EDGE('',*,*,#1022,.T.);
#531=ORIENTED_EDGE('',*,*,#1018,.F.);
#532=ORIENTED_EDGE('',*,*,#782,.F.);
#533=ORIENTED_EDGE('',*,*,#1022,.F.);
#534=ORIENTED_EDGE('',*,*,#1023,.F.);
#535=ORIENTED_EDGE('',*,*,#1024,.T.);
#536=ORIENTED_EDGE('',*,*,#1025,.F.);
#537=ORIENTED_EDGE('',*,*,#1020,.T.);
#538=ORIENTED_EDGE('',*,*,#798,.F.);
#539=ORIENTED_EDGE('',*,*,#796,.F.);
#540=ORIENTED_EDGE('',*,*,#1026,.F.);
#541=ORIENTED_EDGE('',*,*,#1027,.F.);
#542=ORIENTED_EDGE('',*,*,#1028,.T.);
#543=ORIENTED_EDGE('',*,*,#1024,.F.);
#544=ORIENTED_EDGE('',*,*,#797,.F.);
#545=ORIENTED_EDGE('',*,*,#1028,.F.);
#546=ORIENTED_EDGE('',*,*,#1029,.F.);
#547=ORIENTED_EDGE('',*,*,#1030,.T.);
#548=ORIENTED_EDGE('',*,*,#1031,.F.);
#549=ORIENTED_EDGE('',*,*,#1026,.T.);
#550=ORIENTED_EDGE('',*,*,#795,.F.);
#551=ORIENTED_EDGE('',*,*,#793,.F.);
#552=ORIENTED_EDGE('',*,*,#1032,.F.);
#553=ORIENTED_EDGE('',*,*,#1033,.F.);
#554=ORIENTED_EDGE('',*,*,#1034,.T.);
#555=ORIENTED_EDGE('',*,*,#1030,.F.);
#556=ORIENTED_EDGE('',*,*,#794,.F.);
#557=ORIENTED_EDGE('',*,*,#1034,.F.);
#558=ORIENTED_EDGE('',*,*,#1035,.F.);
#559=ORIENTED_EDGE('',*,*,#1036,.T.);
#560=ORIENTED_EDGE('',*,*,#1037,.F.);
#561=ORIENTED_EDGE('',*,*,#1032,.T.);
#562=ORIENTED_EDGE('',*,*,#792,.F.);
#563=ORIENTED_EDGE('',*,*,#1038,.T.);
#564=ORIENTED_EDGE('',*,*,#785,.F.);
#565=ORIENTED_EDGE('',*,*,#1017,.F.);
#566=ORIENTED_EDGE('',*,*,#1039,.F.);
#567=ORIENTED_EDGE('',*,*,#790,.F.);
#568=ORIENTED_EDGE('',*,*,#1040,.F.);
#569=ORIENTED_EDGE('',*,*,#1041,.F.);
#570=ORIENTED_EDGE('',*,*,#1042,.T.);
#571=ORIENTED_EDGE('',*,*,#1036,.F.);
#572=ORIENTED_EDGE('',*,*,#791,.F.);
#573=ORIENTED_EDGE('',*,*,#1042,.F.);
#574=ORIENTED_EDGE('',*,*,#1043,.F.);
#575=ORIENTED_EDGE('',*,*,#1044,.T.);
#576=ORIENTED_EDGE('',*,*,#1045,.F.);
#577=ORIENTED_EDGE('',*,*,#1040,.T.);
#578=ORIENTED_EDGE('',*,*,#789,.F.);
#579=ORIENTED_EDGE('',*,*,#1045,.T.);
#580=ORIENTED_EDGE('',*,*,#1046,.T.);
#581=ORIENTED_EDGE('',*,*,#1047,.T.);
#582=ORIENTED_EDGE('',*,*,#1048,.T.);
#583=ORIENTED_EDGE('',*,*,#1039,.T.);
#584=ORIENTED_EDGE('',*,*,#1016,.T.);
#585=ORIENTED_EDGE('',*,*,#1019,.T.);
#586=ORIENTED_EDGE('',*,*,#1023,.T.);
#587=ORIENTED_EDGE('',*,*,#1021,.T.);
#588=ORIENTED_EDGE('',*,*,#1025,.T.);
#589=ORIENTED_EDGE('',*,*,#1029,.T.);
#590=ORIENTED_EDGE('',*,*,#1027,.T.);
#591=ORIENTED_EDGE('',*,*,#1031,.T.);
#592=ORIENTED_EDGE('',*,*,#1035,.T.);
#593=ORIENTED_EDGE('',*,*,#1033,.T.);
#594=ORIENTED_EDGE('',*,*,#1037,.T.);
#595=ORIENTED_EDGE('',*,*,#1043,.T.);
#596=ORIENTED_EDGE('',*,*,#1041,.T.);
#597=ORIENTED_EDGE('',*,*,#1049,.F.);
#598=ORIENTED_EDGE('',*,*,#787,.F.);
#599=ORIENTED_EDGE('',*,*,#1050,.F.);
#600=ORIENTED_EDGE('',*,*,#1047,.F.);
#601=ORIENTED_EDGE('',*,*,#1051,.T.);
#602=ORIENTED_EDGE('',*,*,#1038,.F.);
#603=ORIENTED_EDGE('',*,*,#1048,.F.);
#604=ORIENTED_EDGE('',*,*,#1050,.T.);
#605=ORIENTED_EDGE('',*,*,#786,.F.);
#606=ORIENTED_EDGE('',*,*,#1044,.F.);
#607=ORIENTED_EDGE('',*,*,#788,.F.);
#608=ORIENTED_EDGE('',*,*,#1051,.F.);
#609=ORIENTED_EDGE('',*,*,#1046,.F.);
#610=ORIENTED_EDGE('',*,*,#1052,.T.);
#611=ORIENTED_EDGE('',*,*,#1053,.T.);
#612=ORIENTED_EDGE('',*,*,#1054,.T.);
#613=ORIENTED_EDGE('',*,*,#1055,.T.);
#614=ORIENTED_EDGE('',*,*,#1056,.T.);
#615=ORIENTED_EDGE('',*,*,#1057,.T.);
#616=ORIENTED_EDGE('',*,*,#1058,.T.);
#617=ORIENTED_EDGE('',*,*,#1059,.T.);
#618=ORIENTED_EDGE('',*,*,#918,.T.);
#619=ORIENTED_EDGE('',*,*,#801,.T.);
#620=ORIENTED_EDGE('',*,*,#883,.T.);
#621=ORIENTED_EDGE('',*,*,#905,.T.);
#622=ORIENTED_EDGE('',*,*,#1060,.T.);
#623=ORIENTED_EDGE('',*,*,#1061,.T.);
#624=ORIENTED_EDGE('',*,*,#1062,.T.);
#625=ORIENTED_EDGE('',*,*,#1063,.T.);
#626=ORIENTED_EDGE('',*,*,#1064,.T.);
#627=ORIENTED_EDGE('',*,*,#1065,.T.);
#628=ORIENTED_EDGE('',*,*,#1066,.T.);
#629=ORIENTED_EDGE('',*,*,#1067,.T.);
#630=ORIENTED_EDGE('',*,*,#1068,.T.);
#631=ORIENTED_EDGE('',*,*,#1069,.T.);
#632=ORIENTED_EDGE('',*,*,#1070,.T.);
#633=ORIENTED_EDGE('',*,*,#1071,.T.);
#634=ORIENTED_EDGE('',*,*,#1072,.T.);
#635=ORIENTED_EDGE('',*,*,#1073,.T.);
#636=ORIENTED_EDGE('',*,*,#1074,.T.);
#637=ORIENTED_EDGE('',*,*,#1075,.T.);
#638=ORIENTED_EDGE('',*,*,#1076,.T.);
#639=ORIENTED_EDGE('',*,*,#1077,.F.);
#640=ORIENTED_EDGE('',*,*,#1078,.T.);
#641=ORIENTED_EDGE('',*,*,#1079,.T.);
#642=ORIENTED_EDGE('',*,*,#1074,.F.);
#643=ORIENTED_EDGE('',*,*,#1079,.F.);
#644=ORIENTED_EDGE('',*,*,#1080,.T.);
#645=ORIENTED_EDGE('',*,*,#1081,.T.);
#646=ORIENTED_EDGE('',*,*,#1075,.F.);
#647=ORIENTED_EDGE('',*,*,#1081,.F.);
#648=ORIENTED_EDGE('',*,*,#1082,.T.);
#649=ORIENTED_EDGE('',*,*,#1083,.T.);
#650=ORIENTED_EDGE('',*,*,#1076,.F.);
#651=ORIENTED_EDGE('',*,*,#1083,.F.);
#652=ORIENTED_EDGE('',*,*,#1084,.T.);
#653=ORIENTED_EDGE('',*,*,#1077,.T.);
#654=ORIENTED_EDGE('',*,*,#1073,.F.);
#655=ORIENTED_EDGE('',*,*,#1078,.F.);
#656=ORIENTED_EDGE('',*,*,#1084,.F.);
#657=ORIENTED_EDGE('',*,*,#1082,.F.);
#658=ORIENTED_EDGE('',*,*,#1080,.F.);
#659=ORIENTED_EDGE('',*,*,#1085,.F.);
#660=ORIENTED_EDGE('',*,*,#1086,.T.);
#661=ORIENTED_EDGE('',*,*,#1087,.T.);
#662=ORIENTED_EDGE('',*,*,#1066,.F.);
#663=ORIENTED_EDGE('',*,*,#1088,.F.);
#664=ORIENTED_EDGE('',*,*,#1067,.F.);
#665=ORIENTED_EDGE('',*,*,#1087,.F.);
#666=ORIENTED_EDGE('',*,*,#1089,.T.);
#667=ORIENTED_EDGE('',*,*,#1090,.F.);
#668=ORIENTED_EDGE('',*,*,#1091,.T.);
#669=ORIENTED_EDGE('',*,*,#1092,.T.);
#670=ORIENTED_EDGE('',*,*,#1072,.F.);
#671=ORIENTED_EDGE('',*,*,#1065,.F.);
#672=ORIENTED_EDGE('',*,*,#1092,.F.);
#673=ORIENTED_EDGE('',*,*,#1093,.T.);
#674=ORIENTED_EDGE('',*,*,#1085,.T.);
#675=ORIENTED_EDGE('',*,*,#1094,.F.);
#676=ORIENTED_EDGE('',*,*,#1095,.T.);
#677=ORIENTED_EDGE('',*,*,#1090,.T.);
#678=ORIENTED_EDGE('',*,*,#1071,.F.);
#679=ORIENTED_EDGE('',*,*,#1089,.F.);
#680=ORIENTED_EDGE('',*,*,#1086,.F.);
#681=ORIENTED_EDGE('',*,*,#1093,.F.);
#682=ORIENTED_EDGE('',*,*,#1091,.F.);
#683=ORIENTED_EDGE('',*,*,#1095,.F.);
#684=ORIENTED_EDGE('',*,*,#1096,.F.);
#685=ORIENTED_EDGE('',*,*,#1097,.F.);
#686=ORIENTED_EDGE('',*,*,#1098,.F.);
#687=ORIENTED_EDGE('',*,*,#1099,.F.);
#688=ORIENTED_EDGE('',*,*,#1097,.T.);
#689=ORIENTED_EDGE('',*,*,#1100,.T.);
#690=ORIENTED_EDGE('',*,*,#1069,.F.);
#691=ORIENTED_EDGE('',*,*,#1094,.T.);
#692=ORIENTED_EDGE('',*,*,#1070,.F.);
#693=ORIENTED_EDGE('',*,*,#1100,.F.);
#694=ORIENTED_EDGE('',*,*,#1096,.T.);
#695=ORIENTED_EDGE('',*,*,#1088,.T.);
#696=ORIENTED_EDGE('',*,*,#1098,.T.);
#697=ORIENTED_EDGE('',*,*,#1099,.T.);
#698=ORIENTED_EDGE('',*,*,#1068,.F.);
#699=ORIENTED_EDGE('',*,*,#1101,.F.);
#700=ORIENTED_EDGE('',*,*,#1102,.F.);
#701=ORIENTED_EDGE('',*,*,#1103,.F.);
#702=ORIENTED_EDGE('',*,*,#1104,.T.);
#703=ORIENTED_EDGE('',*,*,#1105,.T.);
#704=ORIENTED_EDGE('',*,*,#1061,.F.);
#705=ORIENTED_EDGE('',*,*,#1105,.F.);
#706=ORIENTED_EDGE('',*,*,#1106,.T.);
#707=ORIENTED_EDGE('',*,*,#1107,.T.);
#708=ORIENTED_EDGE('',*,*,#1062,.F.);
#709=ORIENTED_EDGE('',*,*,#1107,.F.);
#710=ORIENTED_EDGE('',*,*,#1108,.T.);
#711=ORIENTED_EDGE('',*,*,#1109,.T.);
#712=ORIENTED_EDGE('',*,*,#1063,.F.);
#713=ORIENTED_EDGE('',*,*,#1109,.F.);
#714=ORIENTED_EDGE('',*,*,#1110,.T.);
#715=ORIENTED_EDGE('',*,*,#1103,.T.);
#716=ORIENTED_EDGE('',*,*,#1060,.F.);
#717=ORIENTED_EDGE('',*,*,#1104,.F.);
#718=ORIENTED_EDGE('',*,*,#1110,.F.);
#719=ORIENTED_EDGE('',*,*,#1108,.F.);
#720=ORIENTED_EDGE('',*,*,#1106,.F.);
#721=ORIENTED_EDGE('',*,*,#1064,.F.);
#722=ORIENTED_EDGE('',*,*,#1102,.T.);
#723=ORIENTED_EDGE('',*,*,#1101,.T.);
#724=ORIENTED_EDGE('',*,*,#1052,.F.);
#725=ORIENTED_EDGE('',*,*,#828,.F.);
#726=ORIENTED_EDGE('',*,*,#1013,.F.);
#727=ORIENTED_EDGE('',*,*,#922,.T.);
#728=ORIENTED_EDGE('',*,*,#1111,.F.);
#729=ORIENTED_EDGE('',*,*,#1111,.T.);
#730=ORIENTED_EDGE('',*,*,#1049,.T.);
#731=ORIENTED_EDGE('',*,*,#1112,.F.);
#732=ORIENTED_EDGE('',*,*,#1014,.T.);
#733=ORIENTED_EDGE('',*,*,#1112,.T.);
#734=ORIENTED_EDGE('',*,*,#823,.F.);
#735=ORIENTED_EDGE('',*,*,#1053,.F.);
#736=ORIENTED_EDGE('',*,*,#863,.F.);
#737=ORIENTED_EDGE('',*,*,#910,.T.);
#738=ORIENTED_EDGE('',*,*,#907,.F.);
#739=ORIENTED_EDGE('',*,*,#911,.F.);
#740=ORIENTED_EDGE('',*,*,#902,.F.);
#741=ORIENTED_EDGE('',*,*,#921,.F.);
#742=ORIENTED_EDGE('',*,*,#916,.F.);
#743=ORIENTED_EDGE('',*,*,#920,.T.);
#744=ORIENTED_EDGE('',*,*,#781,.F.);
#745=ORIENTED_EDGE('',*,*,#900,.T.);
#746=ORIENTED_EDGE('',*,*,#899,.T.);
#747=ORIENTED_EDGE('',*,*,#1054,.F.);
#748=ORIENTED_EDGE('',*,*,#780,.F.);
#749=ORIENTED_EDGE('',*,*,#898,.T.);
#750=ORIENTED_EDGE('',*,*,#897,.T.);
#751=ORIENTED_EDGE('',*,*,#1055,.F.);
#752=ORIENTED_EDGE('',*,*,#779,.F.);
#753=ORIENTED_EDGE('',*,*,#896,.T.);
#754=ORIENTED_EDGE('',*,*,#895,.T.);
#755=ORIENTED_EDGE('',*,*,#1056,.F.);
#756=ORIENTED_EDGE('',*,*,#778,.F.);
#757=ORIENTED_EDGE('',*,*,#894,.T.);
#758=ORIENTED_EDGE('',*,*,#893,.T.);
#759=ORIENTED_EDGE('',*,*,#1057,.F.);
#760=ORIENTED_EDGE('',*,*,#777,.F.);
#761=ORIENTED_EDGE('',*,*,#892,.T.);
#762=ORIENTED_EDGE('',*,*,#891,.T.);
#763=ORIENTED_EDGE('',*,*,#1058,.F.);
#764=ORIENTED_EDGE('',*,*,#776,.F.);
#765=ORIENTED_EDGE('',*,*,#890,.T.);
#766=ORIENTED_EDGE('',*,*,#889,.T.);
#767=ORIENTED_EDGE('',*,*,#1059,.F.);
#768=ORIENTED_EDGE('',*,*,#888,.F.);
#769=ORIENTED_EDGE('',*,*,#816,.F.);
#770=ORIENTED_EDGE('',*,*,#887,.F.);
#771=ORIENTED_EDGE('',*,*,#815,.F.);
#772=EDGE_CURVE('',#1113,#1114,#1355,.T.);
#773=EDGE_CURVE('',#1115,#1113,#1356,.T.);
#774=EDGE_CURVE('',#1116,#1115,#1357,.T.);
#775=EDGE_CURVE('',#1114,#1116,#1358,.T.);
#776=EDGE_CURVE('',#1117,#1117,#45,.T.);
#777=EDGE_CURVE('',#1118,#1118,#46,.T.);
#778=EDGE_CURVE('',#1119,#1119,#47,.T.);
#779=EDGE_CURVE('',#1120,#1120,#48,.T.);
#780=EDGE_CURVE('',#1121,#1121,#49,.T.);
#781=EDGE_CURVE('',#1122,#1122,#50,.T.);
#782=EDGE_CURVE('',#1123,#1124,#1359,.T.);
#783=EDGE_CURVE('',#1124,#1125,#1360,.T.);
#784=EDGE_CURVE('',#1125,#1126,#1361,.T.);
#785=EDGE_CURVE('',#1126,#1127,#1362,.T.);
#786=EDGE_CURVE('',#1127,#1128,#1363,.T.);
#787=EDGE_CURVE('',#1128,#1129,#1364,.T.);
#788=EDGE_CURVE('',#1129,#1130,#1365,.T.);
#789=EDGE_CURVE('',#1130,#1131,#1366,.T.);
#790=EDGE_CURVE('',#1131,#1132,#1367,.T.);
#791=EDGE_CURVE('',#1132,#1133,#1368,.T.);
#792=EDGE_CURVE('',#1133,#1134,#1369,.T.);
#793=EDGE_CURVE('',#1134,#1135,#1370,.T.);
#794=EDGE_CURVE('',#1135,#1136,#1371,.T.);
#795=EDGE_CURVE('',#1136,#1137,#1372,.T.);
#796=EDGE_CURVE('',#1137,#1138,#1373,.T.);
#797=EDGE_CURVE('',#1138,#1139,#1374,.T.);
#798=EDGE_CURVE('',#1139,#1140,#1375,.T.);
#799=EDGE_CURVE('',#1140,#1123,#1376,.T.);
#800=EDGE_CURVE('',#1141,#1114,#1377,.T.);
#801=EDGE_CURVE('',#1142,#1141,#1378,.T.);
#802=EDGE_CURVE('',#1142,#1113,#1379,.T.);
#803=EDGE_CURVE('',#1143,#1144,#1380,.T.);
#804=EDGE_CURVE('',#1143,#1145,#1381,.T.);
#805=EDGE_CURVE('',#1145,#1146,#1382,.T.);
#806=EDGE_CURVE('',#1146,#1147,#1383,.T.);
#807=EDGE_CURVE('',#1147,#1148,#1384,.T.);
#808=EDGE_CURVE('',#1148,#1149,#1385,.T.);
#809=EDGE_CURVE('',#1149,#1150,#1386,.T.);
#810=EDGE_CURVE('',#1150,#1151,#1387,.T.);
#811=EDGE_CURVE('',#1152,#1151,#1388,.T.);
#812=EDGE_CURVE('',#1152,#1153,#1389,.T.);
#813=EDGE_CURVE('',#1154,#1153,#1390,.T.);
#814=EDGE_CURVE('',#1154,#1144,#1391,.T.);
#815=EDGE_CURVE('',#1155,#1155,#51,.T.);
#816=EDGE_CURVE('',#1156,#1156,#52,.T.);
#817=EDGE_CURVE('',#1157,#1146,#1392,.T.);
#818=EDGE_CURVE('',#1145,#1158,#1393,.T.);
#819=EDGE_CURVE('',#1157,#1158,#1394,.T.);
#820=EDGE_CURVE('',#1159,#1160,#1395,.T.);
#821=EDGE_CURVE('',#1151,#1159,#1396,.T.);
#822=EDGE_CURVE('',#1160,#1150,#1397,.T.);
#823=EDGE_CURVE('',#1161,#1161,#53,.T.);
#824=EDGE_CURVE('',#1144,#1162,#1398,.T.);
#825=EDGE_CURVE('',#1163,#1162,#1399,.T.);
#826=EDGE_CURVE('',#1163,#1143,#1400,.T.);
#827=EDGE_CURVE('',#1158,#1163,#1401,.T.);
#828=EDGE_CURVE('',#1164,#1164,#54,.T.);
#829=EDGE_CURVE('',#1165,#1166,#1402,.T.);
#830=EDGE_CURVE('',#1165,#1167,#1403,.T.);
#831=EDGE_CURVE('',#1167,#1168,#1404,.T.);
#832=EDGE_CURVE('',#1168,#1169,#1405,.T.);
#833=EDGE_CURVE('',#1169,#1170,#1406,.T.);
#834=EDGE_CURVE('',#1170,#1171,#1407,.T.);
#835=EDGE_CURVE('',#1171,#1172,#1408,.T.);
#836=EDGE_CURVE('',#1172,#1173,#1409,.T.);
#837=EDGE_CURVE('',#1174,#1173,#1410,.T.);
#838=EDGE_CURVE('',#1174,#1175,#1411,.T.);
#839=EDGE_CURVE('',#1176,#1175,#1412,.T.);
#840=EDGE_CURVE('',#1176,#1166,#1413,.T.);
#841=EDGE_CURVE('',#1177,#1178,#1414,.T.);
#842=EDGE_CURVE('',#1173,#1177,#1415,.T.);
#843=EDGE_CURVE('',#1178,#1172,#1416,.T.);
#844=EDGE_CURVE('',#1166,#1179,#1417,.T.);
#845=EDGE_CURVE('',#1180,#1179,#1418,.T.);
#846=EDGE_CURVE('',#1180,#1165,#1419,.T.);
#847=EDGE_CURVE('',#1181,#1180,#1420,.T.);
#848=EDGE_CURVE('',#1167,#1181,#1421,.T.);
#849=EDGE_CURVE('',#1162,#1182,#1422,.T.);
#850=EDGE_CURVE('',#1182,#1154,#1423,.T.);
#851=EDGE_CURVE('',#1183,#1184,#1424,.T.);
#852=EDGE_CURVE('',#1153,#1183,#1425,.T.);
#853=EDGE_CURVE('',#1184,#1152,#1426,.T.);
#854=EDGE_CURVE('',#1182,#1183,#1427,.T.);
#855=EDGE_CURVE('',#1149,#1185,#1428,.T.);
#856=EDGE_CURVE('',#1160,#1185,#1429,.T.);
#857=EDGE_CURVE('',#1186,#1187,#1430,.T.);
#858=EDGE_CURVE('',#1186,#1148,#1431,.T.);
#859=EDGE_CURVE('',#1147,#1187,#1432,.T.);
#860=EDGE_CURVE('',#1185,#1186,#1433,.T.);
#861=EDGE_CURVE('',#1187,#1157,#1434,.T.);
#862=EDGE_CURVE('',#1188,#1189,#1435,.T.);
#863=EDGE_CURVE('',#1189,#1190,#55,.T.);
#864=EDGE_CURVE('',#1190,#1191,#1436,.T.);
#865=EDGE_CURVE('',#1192,#1191,#1437,.T.);
#866=EDGE_CURVE('',#1192,#1168,#1438,.T.);
#867=EDGE_CURVE('',#1188,#1181,#1439,.T.);
#868=EDGE_CURVE('',#1171,#1193,#1440,.T.);
#869=EDGE_CURVE('',#1178,#1193,#1441,.T.);
#870=EDGE_CURVE('',#1194,#1195,#1442,.T.);
#871=EDGE_CURVE('',#1194,#1170,#1443,.T.);
#872=EDGE_CURVE('',#1169,#1195,#1444,.T.);
#873=EDGE_CURVE('',#1193,#1194,#1445,.T.);
#874=EDGE_CURVE('',#1195,#1192,#1446,.T.);
#875=EDGE_CURVE('',#1196,#1174,#1447,.T.);
#876=EDGE_CURVE('',#1196,#1177,#1448,.T.);
#877=EDGE_CURVE('',#1197,#1188,#1449,.T.);
#878=EDGE_CURVE('',#1179,#1198,#1450,.T.);
#879=EDGE_CURVE('',#1198,#1199,#1451,.T.);
#880=EDGE_CURVE('',#1199,#1196,#1452,.T.);
#881=EDGE_CURVE('',#1191,#1200,#1453,.T.);
#882=EDGE_CURVE('',#1201,#1200,#1454,.T.);
#883=EDGE_CURVE('',#1141,#1201,#1455,.T.);
#884=EDGE_CURVE('',#1197,#1116,#1456,.T.);
#885=EDGE_CURVE('',#1198,#1176,#1457,.T.);
#886=EDGE_CURVE('',#1175,#1199,#1458,.T.);
#887=EDGE_CURVE('',#1202,#1202,#56,.T.);
#888=EDGE_CURVE('',#1203,#1203,#57,.T.);
#889=EDGE_CURVE('',#1204,#1204,#58,.T.);
#890=EDGE_CURVE('',#1205,#1205,#59,.T.);
#891=EDGE_CURVE('',#1206,#1206,#60,.T.);
#892=EDGE_CURVE('',#1207,#1207,#61,.T.);
#893=EDGE_CURVE('',#1208,#1208,#62,.T.);
#894=EDGE_CURVE('',#1209,#1209,#63,.T.);
#895=EDGE_CURVE('',#1210,#1210,#64,.T.);
#896=EDGE_CURVE('',#1211,#1211,#65,.T.);
#897=EDGE_CURVE('',#1212,#1212,#66,.T.);
#898=EDGE_CURVE('',#1213,#1213,#67,.T.);
#899=EDGE_CURVE('',#1214,#1214,#68,.T.);
#900=EDGE_CURVE('',#1215,#1215,#69,.T.);
#901=EDGE_CURVE('',#1216,#1217,#1459,.T.);
#902=EDGE_CURVE('',#1217,#1218,#70,.T.);
#903=EDGE_CURVE('',#1218,#1219,#1460,.T.);
#904=EDGE_CURVE('',#1220,#1219,#1461,.T.);
#905=EDGE_CURVE('',#1201,#1220,#1462,.T.);
#906=EDGE_CURVE('',#1200,#1221,#1463,.T.);
#907=EDGE_CURVE('',#1221,#1222,#71,.T.);
#908=EDGE_CURVE('',#1222,#1197,#1464,.T.);
#909=EDGE_CURVE('',#1216,#1115,#1465,.T.);
#910=EDGE_CURVE('',#1189,#1222,#1466,.T.);
#911=EDGE_CURVE('',#1190,#1221,#1467,.T.);
#912=EDGE_CURVE('',#1223,#1224,#1468,.T.);
#913=EDGE_CURVE('',#1184,#1224,#1469,.T.);
#914=EDGE_CURVE('',#1225,#1159,#1470,.T.);
#915=EDGE_CURVE('',#1225,#1226,#1471,.T.);
#916=EDGE_CURVE('',#1226,#1223,#72,.T.);
#917=EDGE_CURVE('',#1224,#1216,#1472,.T.);
#918=EDGE_CURVE('',#1220,#1142,#1473,.T.);
#919=EDGE_CURVE('',#1219,#1225,#1474,.T.);
#920=EDGE_CURVE('',#1226,#1218,#1475,.T.);
#921=EDGE_CURVE('',#1223,#1217,#1476,.T.);
#922=EDGE_CURVE('',#1227,#1227,#73,.T.);
#923=EDGE_CURVE('',#1228,#1229,#1477,.T.);
#924=EDGE_CURVE('',#1230,#1229,#1478,.T.);
#925=EDGE_CURVE('',#1230,#1231,#1479,.T.);
#926=EDGE_CURVE('',#1231,#1228,#1480,.T.);
#927=EDGE_CURVE('',#1232,#1233,#1481,.T.);
#928=EDGE_CURVE('',#1233,#1234,#1482,.T.);
#929=EDGE_CURVE('',#1234,#1235,#1483,.T.);
#930=EDGE_CURVE('',#1235,#1232,#1484,.T.);
#931=EDGE_CURVE('',#1236,#1237,#1485,.T.);
#932=EDGE_CURVE('',#1237,#1238,#1486,.T.);
#933=EDGE_CURVE('',#1239,#1238,#1487,.T.);
#934=EDGE_CURVE('',#1239,#1236,#1488,.T.);
#935=EDGE_CURVE('',#1240,#1241,#1489,.T.);
#936=EDGE_CURVE('',#1241,#1231,#1490,.T.);
#937=EDGE_CURVE('',#1230,#1240,#1491,.T.);
#938=EDGE_CURVE('',#1242,#1243,#1492,.T.);
#939=EDGE_CURVE('',#1244,#1243,#1493,.T.);
#940=EDGE_CURVE('',#1244,#1245,#1494,.T.);
#941=EDGE_CURVE('',#1245,#1242,#1495,.T.);
#942=EDGE_CURVE('',#1240,#1246,#1496,.T.);
#943=EDGE_CURVE('',#1246,#1247,#1497,.T.);
#944=EDGE_CURVE('',#1247,#1241,#1498,.T.);
#945=EDGE_CURVE('',#1248,#1249,#1499,.T.);
#946=EDGE_CURVE('',#1249,#1229,#1500,.T.);
#947=EDGE_CURVE('',#1228,#1248,#1501,.T.);
#948=EDGE_CURVE('',#1234,#1247,#1502,.T.);
#949=EDGE_CURVE('',#1246,#1235,#1503,.T.);
#950=EDGE_CURVE('',#1250,#1251,#1504,.T.);
#951=EDGE_CURVE('',#1251,#1245,#1505,.T.);
#952=EDGE_CURVE('',#1244,#1250,#1506,.T.);
#953=EDGE_CURVE('',#1252,#1253,#1507,.T.);
#954=EDGE_CURVE('',#1254,#1253,#1508,.T.);
#955=EDGE_CURVE('',#1254,#1255,#1509,.T.);
#956=EDGE_CURVE('',#1255,#1252,#1510,.T.);
#957=EDGE_CURVE('',#1250,#1256,#1511,.T.);
#958=EDGE_CURVE('',#1256,#1257,#1512,.T.);
#959=EDGE_CURVE('',#1257,#1251,#1513,.T.);
#960=EDGE_CURVE('',#1258,#1259,#1514,.T.);
#961=EDGE_CURVE('',#1259,#1243,#1515,.T.);
#962=EDGE_CURVE('',#1242,#1258,#1516,.T.);
#963=EDGE_CURVE('',#1248,#1257,#1517,.T.);
#964=EDGE_CURVE('',#1256,#1249,#1518,.T.);
#965=EDGE_CURVE('',#1260,#1261,#1519,.T.);
#966=EDGE_CURVE('',#1261,#1255,#1520,.T.);
#967=EDGE_CURVE('',#1254,#1260,#1521,.T.);
#968=EDGE_CURVE('',#1262,#1263,#1522,.T.);
#969=EDGE_CURVE('',#1264,#1263,#1523,.T.);
#970=EDGE_CURVE('',#1264,#1265,#1524,.T.);
#971=EDGE_CURVE('',#1265,#1262,#1525,.T.);
#972=EDGE_CURVE('',#1260,#1266,#1526,.T.);
#973=EDGE_CURVE('',#1266,#1267,#1527,.T.);
#974=EDGE_CURVE('',#1267,#1261,#1528,.T.);
#975=EDGE_CURVE('',#1268,#1269,#1529,.T.);
#976=EDGE_CURVE('',#1269,#1253,#1530,.T.);
#977=EDGE_CURVE('',#1252,#1268,#1531,.T.);
#978=EDGE_CURVE('',#1258,#1267,#1532,.T.);
#979=EDGE_CURVE('',#1266,#1259,#1533,.T.);
#980=EDGE_CURVE('',#1270,#1271,#1534,.T.);
#981=EDGE_CURVE('',#1271,#1265,#1535,.T.);
#982=EDGE_CURVE('',#1264,#1270,#1536,.T.);
#983=EDGE_CURVE('',#1270,#1272,#1537,.T.);
#984=EDGE_CURVE('',#1272,#1273,#1538,.T.);
#985=EDGE_CURVE('',#1273,#1271,#1539,.T.);
#986=EDGE_CURVE('',#1274,#1275,#1540,.T.);
#987=EDGE_CURVE('',#1275,#1276,#1541,.T.);
#988=EDGE_CURVE('',#1277,#1276,#1542,.T.);
#989=EDGE_CURVE('',#1277,#1274,#1543,.T.);
#990=EDGE_CURVE('',#1268,#1273,#1544,.T.);
#991=EDGE_CURVE('',#1272,#1269,#1545,.T.);
#992=EDGE_CURVE('',#1278,#1279,#1546,.T.);
#993=EDGE_CURVE('',#1279,#1239,#1547,.T.);
#994=EDGE_CURVE('',#1238,#1278,#1548,.T.);
#995=EDGE_CURVE('',#1280,#1281,#1549,.T.);
#996=EDGE_CURVE('',#1277,#1281,#1550,.T.);
#997=EDGE_CURVE('',#1276,#1280,#1551,.T.);
#998=EDGE_CURVE('',#1282,#1283,#1552,.T.);
#999=EDGE_CURVE('',#1283,#1263,#1553,.T.);
#1000=EDGE_CURVE('',#1262,#1282,#1554,.T.);
#1001=EDGE_CURVE('',#1282,#1284,#1555,.T.);
#1002=EDGE_CURVE('',#1285,#1284,#1556,.T.);
#1003=EDGE_CURVE('',#1285,#1283,#1557,.T.);
#1004=EDGE_CURVE('',#1274,#1285,#1558,.T.);
#1005=EDGE_CURVE('',#1284,#1275,#1559,.T.);
#1006=EDGE_CURVE('',#1280,#1237,#1560,.T.);
#1007=EDGE_CURVE('',#1236,#1281,#1561,.T.);
#1008=EDGE_CURVE('',#1278,#1286,#1562,.T.);
#1009=EDGE_CURVE('',#1287,#1286,#1563,.T.);
#1010=EDGE_CURVE('',#1287,#1279,#1564,.T.);
#1011=EDGE_CURVE('',#1287,#1232,#1565,.T.);
#1012=EDGE_CURVE('',#1286,#1233,#1566,.T.);
#1013=EDGE_CURVE('',#1288,#1288,#74,.T.);
#1014=EDGE_CURVE('',#1289,#1289,#75,.T.);
#1015=EDGE_CURVE('',#1290,#1125,#1567,.T.);
#1016=EDGE_CURVE('',#1291,#1290,#1568,.T.);
#1017=EDGE_CURVE('',#1291,#1126,#1569,.T.);
#1018=EDGE_CURVE('',#1124,#1292,#1570,.T.);
#1019=EDGE_CURVE('',#1290,#1292,#1571,.T.);
#1020=EDGE_CURVE('',#1293,#1140,#1572,.T.);
#1021=EDGE_CURVE('',#1294,#1293,#1573,.T.);
#1022=EDGE_CURVE('',#1294,#1123,#1574,.T.);
#1023=EDGE_CURVE('',#1292,#1294,#1575,.T.);
#1024=EDGE_CURVE('',#1139,#1295,#1576,.T.);
#1025=EDGE_CURVE('',#1293,#1295,#1577,.T.);
#1026=EDGE_CURVE('',#1296,#1137,#1578,.T.);
#1027=EDGE_CURVE('',#1297,#1296,#1579,.T.);
#1028=EDGE_CURVE('',#1297,#1138,#1580,.T.);
#1029=EDGE_CURVE('',#1295,#1297,#1581,.T.);
#1030=EDGE_CURVE('',#1136,#1298,#1582,.T.);
#1031=EDGE_CURVE('',#1296,#1298,#1583,.T.);
#1032=EDGE_CURVE('',#1299,#1134,#1584,.T.);
#1033=EDGE_CURVE('',#1300,#1299,#1585,.T.);
#1034=EDGE_CURVE('',#1300,#1135,#1586,.T.);
#1035=EDGE_CURVE('',#1298,#1300,#1587,.T.);
#1036=EDGE_CURVE('',#1133,#1301,#1588,.T.);
#1037=EDGE_CURVE('',#1299,#1301,#1589,.T.);
#1038=EDGE_CURVE('',#1302,#1127,#1590,.T.);
#1039=EDGE_CURVE('',#1302,#1291,#1591,.T.);
#1040=EDGE_CURVE('',#1303,#1131,#1592,.T.);
#1041=EDGE_CURVE('',#1304,#1303,#1593,.T.);
#1042=EDGE_CURVE('',#1304,#1132,#1594,.T.);
#1043=EDGE_CURVE('',#1301,#1304,#1595,.T.);
#1044=EDGE_CURVE('',#1130,#1305,#1596,.T.);
#1045=EDGE_CURVE('',#1303,#1305,#1597,.T.);
#1046=EDGE_CURVE('',#1305,#1306,#1598,.T.);
#1047=EDGE_CURVE('',#1306,#1307,#1599,.T.);
#1048=EDGE_CURVE('',#1307,#1302,#1600,.T.);
#1049=EDGE_CURVE('',#1308,#1308,#76,.T.);
#1050=EDGE_CURVE('',#1307,#1128,#1601,.T.);
#1051=EDGE_CURVE('',#1306,#1129,#1602,.T.);
#1052=EDGE_CURVE('',#1309,#1309,#77,.T.);
#1053=EDGE_CURVE('',#1310,#1310,#78,.T.);
#1054=EDGE_CURVE('',#1311,#1311,#79,.T.);
#1055=EDGE_CURVE('',#1312,#1312,#80,.T.);
#1056=EDGE_CURVE('',#1313,#1313,#81,.T.);
#1057=EDGE_CURVE('',#1314,#1314,#82,.T.);
#1058=EDGE_CURVE('',#1315,#1315,#83,.T.);
#1059=EDGE_CURVE('',#1316,#1316,#84,.T.);
#1060=EDGE_CURVE('',#1317,#1318,#1603,.T.);
#1061=EDGE_CURVE('',#1318,#1319,#1604,.T.);
#1062=EDGE_CURVE('',#1319,#1320,#1605,.T.);
#1063=EDGE_CURVE('',#1320,#1317,#1606,.T.);
#1064=EDGE_CURVE('',#1321,#1321,#85,.T.);
#1065=EDGE_CURVE('',#1322,#1323,#1607,.T.);
#1066=EDGE_CURVE('',#1323,#1324,#1608,.T.);
#1067=EDGE_CURVE('',#1324,#1325,#1609,.T.);
#1068=EDGE_CURVE('',#1325,#1326,#1610,.T.);
#1069=EDGE_CURVE('',#1326,#1327,#1611,.T.);
#1070=EDGE_CURVE('',#1327,#1328,#1612,.T.);
#1071=EDGE_CURVE('',#1328,#1329,#1613,.T.);
#1072=EDGE_CURVE('',#1329,#1322,#1614,.T.);
#1073=EDGE_CURVE('',#1330,#1331,#1615,.T.);
#1074=EDGE_CURVE('',#1331,#1332,#1616,.T.);
#1075=EDGE_CURVE('',#1332,#1333,#1617,.T.);
#1076=EDGE_CURVE('',#1333,#1330,#1618,.T.);
#1077=EDGE_CURVE('',#1334,#1331,#1619,.T.);
#1078=EDGE_CURVE('',#1334,#1335,#1620,.T.);
#1079=EDGE_CURVE('',#1335,#1332,#1621,.T.);
#1080=EDGE_CURVE('',#1335,#1336,#1622,.T.);
#1081=EDGE_CURVE('',#1336,#1333,#1623,.T.);
#1082=EDGE_CURVE('',#1336,#1337,#1624,.T.);
#1083=EDGE_CURVE('',#1337,#1330,#1625,.T.);
#1084=EDGE_CURVE('',#1337,#1334,#1626,.T.);
#1085=EDGE_CURVE('',#1338,#1323,#1627,.T.);
#1086=EDGE_CURVE('',#1338,#1339,#1628,.T.);
#1087=EDGE_CURVE('',#1339,#1324,#1629,.T.);
#1088=EDGE_CURVE('',#1325,#1340,#1630,.T.);
#1089=EDGE_CURVE('',#1339,#1340,#1631,.T.);
#1090=EDGE_CURVE('',#1341,#1329,#1632,.T.);
#1091=EDGE_CURVE('',#1341,#1342,#1633,.T.);
#1092=EDGE_CURVE('',#1342,#1322,#1634,.T.);
#1093=EDGE_CURVE('',#1342,#1338,#1635,.T.);
#1094=EDGE_CURVE('',#1343,#1328,#1636,.T.);
#1095=EDGE_CURVE('',#1343,#1341,#1637,.T.);
#1096=EDGE_CURVE('',#1344,#1343,#1638,.T.);
#1097=EDGE_CURVE('',#1345,#1344,#1639,.T.);
#1098=EDGE_CURVE('',#1340,#1345,#1640,.T.);
#1099=EDGE_CURVE('',#1345,#1326,#1641,.T.);
#1100=EDGE_CURVE('',#1344,#1327,#1642,.T.);
#1101=EDGE_CURVE('',#1346,#1346,#86,.T.);
#1102=EDGE_CURVE('',#1347,#1347,#87,.T.);
#1103=EDGE_CURVE('',#1348,#1318,#1643,.T.);
#1104=EDGE_CURVE('',#1348,#1349,#1644,.T.);
#1105=EDGE_CURVE('',#1349,#1319,#1645,.T.);
#1106=EDGE_CURVE('',#1349,#1350,#1646,.T.);
#1107=EDGE_CURVE('',#1350,#1320,#1647,.T.);
#1108=EDGE_CURVE('',#1350,#1351,#1648,.T.);
#1109=EDGE_CURVE('',#1351,#1317,#1649,.T.);
#1110=EDGE_CURVE('',#1351,#1348,#1650,.T.);
#1111=EDGE_CURVE('',#1352,#1352,#88,.T.);
#1112=EDGE_CURVE('',#1353,#1353,#89,.T.);
#1113=VERTEX_POINT('',#4520);
#1114=VERTEX_POINT('',#4521);
#1115=VERTEX_POINT('',#4523);
#1116=VERTEX_POINT('',#4525);
#1117=VERTEX_POINT('',#4528);
#1118=VERTEX_POINT('',#4530);
#1119=VERTEX_POINT('',#4532);
#1120=VERTEX_POINT('',#4534);
#1121=VERTEX_POINT('',#4536);
#1122=VERTEX_POINT('',#4538);
#1123=VERTEX_POINT('',#4540);
#1124=VERTEX_POINT('',#4541);
#1125=VERTEX_POINT('',#4543);
#1126=VERTEX_POINT('',#4545);
#1127=VERTEX_POINT('',#4547);
#1128=VERTEX_POINT('',#4549);
#1129=VERTEX_POINT('',#4551);
#1130=VERTEX_POINT('',#4553);
#1131=VERTEX_POINT('',#4555);
#1132=VERTEX_POINT('',#4557);
#1133=VERTEX_POINT('',#4559);
#1134=VERTEX_POINT('',#4561);
#1135=VERTEX_POINT('',#4563);
#1136=VERTEX_POINT('',#4565);
#1137=VERTEX_POINT('',#4567);
#1138=VERTEX_POINT('',#4569);
#1139=VERTEX_POINT('',#4571);
#1140=VERTEX_POINT('',#4573);
#1141=VERTEX_POINT('',#4577);
#1142=VERTEX_POINT('',#4579);
#1143=VERTEX_POINT('',#4583);
#1144=VERTEX_POINT('',#4584);
#1145=VERTEX_POINT('',#4586);
#1146=VERTEX_POINT('',#4588);
#1147=VERTEX_POINT('',#4590);
#1148=VERTEX_POINT('',#4592);
#1149=VERTEX_POINT('',#4594);
#1150=VERTEX_POINT('',#4596);
#1151=VERTEX_POINT('',#4598);
#1152=VERTEX_POINT('',#4600);
#1153=VERTEX_POINT('',#4602);
#1154=VERTEX_POINT('',#4604);
#1155=VERTEX_POINT('',#4607);
#1156=VERTEX_POINT('',#4609);
#1157=VERTEX_POINT('',#4612);
#1158=VERTEX_POINT('',#4614);
#1159=VERTEX_POINT('',#4618);
#1160=VERTEX_POINT('',#4619);
#1161=VERTEX_POINT('',#4623);
#1162=VERTEX_POINT('',#4626);
#1163=VERTEX_POINT('',#4628);
#1164=VERTEX_POINT('',#4633);
#1165=VERTEX_POINT('',#4636);
#1166=VERTEX_POINT('',#4637);
#1167=VERTEX_POINT('',#4639);
#1168=VERTEX_POINT('',#4641);
#1169=VERTEX_POINT('',#4643);
#1170=VERTEX_POINT('',#4645);
#1171=VERTEX_POINT('',#4647);
#1172=VERTEX_POINT('',#4649);
#1173=VERTEX_POINT('',#4651);
#1174=VERTEX_POINT('',#4653);
#1175=VERTEX_POINT('',#4655);
#1176=VERTEX_POINT('',#4657);
#1177=VERTEX_POINT('',#4661);
#1178=VERTEX_POINT('',#4662);
#1179=VERTEX_POINT('',#4667);
#1180=VERTEX_POINT('',#4669);
#1181=VERTEX_POINT('',#4673);
#1182=VERTEX_POINT('',#4677);
#1183=VERTEX_POINT('',#4681);
#1184=VERTEX_POINT('',#4682);
#1185=VERTEX_POINT('',#4689);
#1186=VERTEX_POINT('',#4693);
#1187=VERTEX_POINT('',#4694);
#1188=VERTEX_POINT('',#4703);
#1189=VERTEX_POINT('',#4704);
#1190=VERTEX_POINT('',#4706);
#1191=VERTEX_POINT('',#4708);
#1192=VERTEX_POINT('',#4710);
#1193=VERTEX_POINT('',#4715);
#1194=VERTEX_POINT('',#4719);
#1195=VERTEX_POINT('',#4720);
#1196=VERTEX_POINT('',#4729);
#1197=VERTEX_POINT('',#4733);
#1198=VERTEX_POINT('',#4735);
#1199=VERTEX_POINT('',#4737);
#1200=VERTEX_POINT('',#4740);
#1201=VERTEX_POINT('',#4742);
#1202=VERTEX_POINT('',#4752);
#1203=VERTEX_POINT('',#4755);
#1204=VERTEX_POINT('',#4758);
#1205=VERTEX_POINT('',#4761);
#1206=VERTEX_POINT('',#4764);
#1207=VERTEX_POINT('',#4767);
#1208=VERTEX_POINT('',#4770);
#1209=VERTEX_POINT('',#4773);
#1210=VERTEX_POINT('',#4776);
#1211=VERTEX_POINT('',#4779);
#1212=VERTEX_POINT('',#4782);
#1213=VERTEX_POINT('',#4785);
#1214=VERTEX_POINT('',#4788);
#1215=VERTEX_POINT('',#4791);
#1216=VERTEX_POINT('',#4794);
#1217=VERTEX_POINT('',#4795);
#1218=VERTEX_POINT('',#4797);
#1219=VERTEX_POINT('',#4799);
#1220=VERTEX_POINT('',#4801);
#1221=VERTEX_POINT('',#4804);
#1222=VERTEX_POINT('',#4806);
#1223=VERTEX_POINT('',#4815);
#1224=VERTEX_POINT('',#4816);
#1225=VERTEX_POINT('',#4819);
#1226=VERTEX_POINT('',#4821);
#1227=VERTEX_POINT('',#4833);
#1228=VERTEX_POINT('',#4836);
#1229=VERTEX_POINT('',#4837);
#1230=VERTEX_POINT('',#4839);
#1231=VERTEX_POINT('',#4841);
#1232=VERTEX_POINT('',#4845);
#1233=VERTEX_POINT('',#4846);
#1234=VERTEX_POINT('',#4848);
#1235=VERTEX_POINT('',#4850);
#1236=VERTEX_POINT('',#4854);
#1237=VERTEX_POINT('',#4855);
#1238=VERTEX_POINT('',#4857);
#1239=VERTEX_POINT('',#4859);
#1240=VERTEX_POINT('',#4863);
#1241=VERTEX_POINT('',#4864);
#1242=VERTEX_POINT('',#4869);
#1243=VERTEX_POINT('',#4870);
#1244=VERTEX_POINT('',#4872);
#1245=VERTEX_POINT('',#4874);
#1246=VERTEX_POINT('',#4878);
#1247=VERTEX_POINT('',#4880);
#1248=VERTEX_POINT('',#4884);
#1249=VERTEX_POINT('',#4885);
#1250=VERTEX_POINT('',#4893);
#1251=VERTEX_POINT('',#4894);
#1252=VERTEX_POINT('',#4899);
#1253=VERTEX_POINT('',#4900);
#1254=VERTEX_POINT('',#4902);
#1255=VERTEX_POINT('',#4904);
#1256=VERTEX_POINT('',#4908);
#1257=VERTEX_POINT('',#4910);
#1258=VERTEX_POINT('',#4914);
#1259=VERTEX_POINT('',#4915);
#1260=VERTEX_POINT('',#4923);
#1261=VERTEX_POINT('',#4924);
#1262=VERTEX_POINT('',#4929);
#1263=VERTEX_POINT('',#4930);
#1264=VERTEX_POINT('',#4932);
#1265=VERTEX_POINT('',#4934);
#1266=VERTEX_POINT('',#4938);
#1267=VERTEX_POINT('',#4940);
#1268=VERTEX_POINT('',#4944);
#1269=VERTEX_POINT('',#4945);
#1270=VERTEX_POINT('',#4953);
#1271=VERTEX_POINT('',#4954);
#1272=VERTEX_POINT('',#4959);
#1273=VERTEX_POINT('',#4961);
#1274=VERTEX_POINT('',#4965);
#1275=VERTEX_POINT('',#4966);
#1276=VERTEX_POINT('',#4968);
#1277=VERTEX_POINT('',#4970);
#1278=VERTEX_POINT('',#4977);
#1279=VERTEX_POINT('',#4978);
#1280=VERTEX_POINT('',#4983);
#1281=VERTEX_POINT('',#4984);
#1282=VERTEX_POINT('',#4989);
#1283=VERTEX_POINT('',#4990);
#1284=VERTEX_POINT('',#4995);
#1285=VERTEX_POINT('',#4997);
#1286=VERTEX_POINT('',#5007);
#1287=VERTEX_POINT('',#5009);
#1288=VERTEX_POINT('',#5016);
#1289=VERTEX_POINT('',#5019);
#1290=VERTEX_POINT('',#5022);
#1291=VERTEX_POINT('',#5024);
#1292=VERTEX_POINT('',#5028);
#1293=VERTEX_POINT('',#5032);
#1294=VERTEX_POINT('',#5034);
#1295=VERTEX_POINT('',#5040);
#1296=VERTEX_POINT('',#5044);
#1297=VERTEX_POINT('',#5046);
#1298=VERTEX_POINT('',#5052);
#1299=VERTEX_POINT('',#5056);
#1300=VERTEX_POINT('',#5058);
#1301=VERTEX_POINT('',#5064);
#1302=VERTEX_POINT('',#5068);
#1303=VERTEX_POINT('',#5072);
#1304=VERTEX_POINT('',#5074);
#1305=VERTEX_POINT('',#5080);
#1306=VERTEX_POINT('',#5084);
#1307=VERTEX_POINT('',#5086);
#1308=VERTEX_POINT('',#5089);
#1309=VERTEX_POINT('',#5097);
#1310=VERTEX_POINT('',#5099);
#1311=VERTEX_POINT('',#5101);
#1312=VERTEX_POINT('',#5103);
#1313=VERTEX_POINT('',#5105);
#1314=VERTEX_POINT('',#5107);
#1315=VERTEX_POINT('',#5109);
#1316=VERTEX_POINT('',#5111);
#1317=VERTEX_POINT('',#5114);
#1318=VERTEX_POINT('',#5115);
#1319=VERTEX_POINT('',#5117);
#1320=VERTEX_POINT('',#5119);
#1321=VERTEX_POINT('',#5122);
#1322=VERTEX_POINT('',#5124);
#1323=VERTEX_POINT('',#5125);
#1324=VERTEX_POINT('',#5127);
#1325=VERTEX_POINT('',#5129);
#1326=VERTEX_POINT('',#5131);
#1327=VERTEX_POINT('',#5133);
#1328=VERTEX_POINT('',#5135);
#1329=VERTEX_POINT('',#5137);
#1330=VERTEX_POINT('',#5140);
#1331=VERTEX_POINT('',#5141);
#1332=VERTEX_POINT('',#5143);
#1333=VERTEX_POINT('',#5145);
#1334=VERTEX_POINT('',#5149);
#1335=VERTEX_POINT('',#5151);
#1336=VERTEX_POINT('',#5155);
#1337=VERTEX_POINT('',#5159);
#1338=VERTEX_POINT('',#5166);
#1339=VERTEX_POINT('',#5168);
#1340=VERTEX_POINT('',#5172);
#1341=VERTEX_POINT('',#5176);
#1342=VERTEX_POINT('',#5178);
#1343=VERTEX_POINT('',#5184);
#1344=VERTEX_POINT('',#5188);
#1345=VERTEX_POINT('',#5190);
#1346=VERTEX_POINT('',#5199);
#1347=VERTEX_POINT('',#5201);
#1348=VERTEX_POINT('',#5204);
#1349=VERTEX_POINT('',#5206);
#1350=VERTEX_POINT('',#5210);
#1351=VERTEX_POINT('',#5214);
#1352=VERTEX_POINT('',#5224);
#1353=VERTEX_POINT('',#5228);
#1354=VERTEX_POINT('',#5230);
#1355=LINE('',#4519,#1651);
#1356=LINE('',#4522,#1652);
#1357=LINE('',#4524,#1653);
#1358=LINE('',#4526,#1654);
#1359=LINE('',#4539,#1655);
#1360=LINE('',#4542,#1656);
#1361=LINE('',#4544,#1657);
#1362=LINE('',#4546,#1658);
#1363=LINE('',#4548,#1659);
#1364=LINE('',#4550,#1660);
#1365=LINE('',#4552,#1661);
#1366=LINE('',#4554,#1662);
#1367=LINE('',#4556,#1663);
#1368=LINE('',#4558,#1664);
#1369=LINE('',#4560,#1665);
#1370=LINE('',#4562,#1666);
#1371=LINE('',#4564,#1667);
#1372=LINE('',#4566,#1668);
#1373=LINE('',#4568,#1669);
#1374=LINE('',#4570,#1670);
#1375=LINE('',#4572,#1671);
#1376=LINE('',#4574,#1672);
#1377=LINE('',#4576,#1673);
#1378=LINE('',#4578,#1674);
#1379=LINE('',#4580,#1675);
#1380=LINE('',#4582,#1676);
#1381=LINE('',#4585,#1677);
#1382=LINE('',#4587,#1678);
#1383=LINE('',#4589,#1679);
#1384=LINE('',#4591,#1680);
#1385=LINE('',#4593,#1681);
#1386=LINE('',#4595,#1682);
#1387=LINE('',#4597,#1683);
#1388=LINE('',#4599,#1684);
#1389=LINE('',#4601,#1685);
#1390=LINE('',#4603,#1686);
#1391=LINE('',#4605,#1687);
#1392=LINE('',#4611,#1688);
#1393=LINE('',#4613,#1689);
#1394=LINE('',#4615,#1690);
#1395=LINE('',#4617,#1691);
#1396=LINE('',#4620,#1692);
#1397=LINE('',#4621,#1693);
#1398=LINE('',#4625,#1694);
#1399=LINE('',#4627,#1695);
#1400=LINE('',#4629,#1696);
#1401=LINE('',#4631,#1697);
#1402=LINE('',#4635,#1698);
#1403=LINE('',#4638,#1699);
#1404=LINE('',#4640,#1700);
#1405=LINE('',#4642,#1701);
#1406=LINE('',#4644,#1702);
#1407=LINE('',#4646,#1703);
#1408=LINE('',#4648,#1704);
#1409=LINE('',#4650,#1705);
#1410=LINE('',#4652,#1706);
#1411=LINE('',#4654,#1707);
#1412=LINE('',#4656,#1708);
#1413=LINE('',#4658,#1709);
#1414=LINE('',#4660,#1710);
#1415=LINE('',#4663,#1711);
#1416=LINE('',#4664,#1712);
#1417=LINE('',#4666,#1713);
#1418=LINE('',#4668,#1714);
#1419=LINE('',#4670,#1715);
#1420=LINE('',#4672,#1716);
#1421=LINE('',#4674,#1717);
#1422=LINE('',#4676,#1718);
#1423=LINE('',#4678,#1719);
#1424=LINE('',#4680,#1720);
#1425=LINE('',#4683,#1721);
#1426=LINE('',#4684,#1722);
#1427=LINE('',#4686,#1723);
#1428=LINE('',#4688,#1724);
#1429=LINE('',#4690,#1725);
#1430=LINE('',#4692,#1726);
#1431=LINE('',#4695,#1727);
#1432=LINE('',#4696,#1728);
#1433=LINE('',#4698,#1729);
#1434=LINE('',#4700,#1730);
#1435=LINE('',#4702,#1731);
#1436=LINE('',#4707,#1732);
#1437=LINE('',#4709,#1733);
#1438=LINE('',#4711,#1734);
#1439=LINE('',#4712,#1735);
#1440=LINE('',#4714,#1736);
#1441=LINE('',#4716,#1737);
#1442=LINE('',#4718,#1738);
#1443=LINE('',#4721,#1739);
#1444=LINE('',#4722,#1740);
#1445=LINE('',#4724,#1741);
#1446=LINE('',#4726,#1742);
#1447=LINE('',#4728,#1743);
#1448=LINE('',#4730,#1744);
#1449=LINE('',#4732,#1745);
#1450=LINE('',#4734,#1746);
#1451=LINE('',#4736,#1747);
#1452=LINE('',#4738,#1748);
#1453=LINE('',#4739,#1749);
#1454=LINE('',#4741,#1750);
#1455=LINE('',#4743,#1751);
#1456=LINE('',#4744,#1752);
#1457=LINE('',#4746,#1753);
#1458=LINE('',#4748,#1754);
#1459=LINE('',#4793,#1755);
#1460=LINE('',#4798,#1756);
#1461=LINE('',#4800,#1757);
#1462=LINE('',#4802,#1758);
#1463=LINE('',#4803,#1759);
#1464=LINE('',#4807,#1760);
#1465=LINE('',#4808,#1761);
#1466=LINE('',#4810,#1762);
#1467=LINE('',#4812,#1763);
#1468=LINE('',#4814,#1764);
#1469=LINE('',#4817,#1765);
#1470=LINE('',#4818,#1766);
#1471=LINE('',#4820,#1767);
#1472=LINE('',#4824,#1768);
#1473=LINE('',#4825,#1769);
#1474=LINE('',#4826,#1770);
#1475=LINE('',#4828,#1771);
#1476=LINE('',#4830,#1772);
#1477=LINE('',#4835,#1773);
#1478=LINE('',#4838,#1774);
#1479=LINE('',#4840,#1775);
#1480=LINE('',#4842,#1776);
#1481=LINE('',#4844,#1777);
#1482=LINE('',#4847,#1778);
#1483=LINE('',#4849,#1779);
#1484=LINE('',#4851,#1780);
#1485=LINE('',#4853,#1781);
#1486=LINE('',#4856,#1782);
#1487=LINE('',#4858,#1783);
#1488=LINE('',#4860,#1784);
#1489=LINE('',#4862,#1785);
#1490=LINE('',#4865,#1786);
#1491=LINE('',#4866,#1787);
#1492=LINE('',#4868,#1788);
#1493=LINE('',#4871,#1789);
#1494=LINE('',#4873,#1790);
#1495=LINE('',#4875,#1791);
#1496=LINE('',#4877,#1792);
#1497=LINE('',#4879,#1793);
#1498=LINE('',#4881,#1794);
#1499=LINE('',#4883,#1795);
#1500=LINE('',#4886,#1796);
#1501=LINE('',#4887,#1797);
#1502=LINE('',#4889,#1798);
#1503=LINE('',#4890,#1799);
#1504=LINE('',#4892,#1800);
#1505=LINE('',#4895,#1801);
#1506=LINE('',#4896,#1802);
#1507=LINE('',#4898,#1803);
#1508=LINE('',#4901,#1804);
#1509=LINE('',#4903,#1805);
#1510=LINE('',#4905,#1806);
#1511=LINE('',#4907,#1807);
#1512=LINE('',#4909,#1808);
#1513=LINE('',#4911,#1809);
#1514=LINE('',#4913,#1810);
#1515=LINE('',#4916,#1811);
#1516=LINE('',#4917,#1812);
#1517=LINE('',#4919,#1813);
#1518=LINE('',#4920,#1814);
#1519=LINE('',#4922,#1815);
#1520=LINE('',#4925,#1816);
#1521=LINE('',#4926,#1817);
#1522=LINE('',#4928,#1818);
#1523=LINE('',#4931,#1819);
#1524=LINE('',#4933,#1820);
#1525=LINE('',#4935,#1821);
#1526=LINE('',#4937,#1822);
#1527=LINE('',#4939,#1823);
#1528=LINE('',#4941,#1824);
#1529=LINE('',#4943,#1825);
#1530=LINE('',#4946,#1826);
#1531=LINE('',#4947,#1827);
#1532=LINE('',#4949,#1828);
#1533=LINE('',#4950,#1829);
#1534=LINE('',#4952,#1830);
#1535=LINE('',#4955,#1831);
#1536=LINE('',#4956,#1832);
#1537=LINE('',#4958,#1833);
#1538=LINE('',#4960,#1834);
#1539=LINE('',#4962,#1835);
#1540=LINE('',#4964,#1836);
#1541=LINE('',#4967,#1837);
#1542=LINE('',#4969,#1838);
#1543=LINE('',#4971,#1839);
#1544=LINE('',#4973,#1840);
#1545=LINE('',#4974,#1841);
#1546=LINE('',#4976,#1842);
#1547=LINE('',#4979,#1843);
#1548=LINE('',#4980,#1844);
#1549=LINE('',#4982,#1845);
#1550=LINE('',#4985,#1846);
#1551=LINE('',#4986,#1847);
#1552=LINE('',#4988,#1848);
#1553=LINE('',#4991,#1849);
#1554=LINE('',#4992,#1850);
#1555=LINE('',#4994,#1851);
#1556=LINE('',#4996,#1852);
#1557=LINE('',#4998,#1853);
#1558=LINE('',#5000,#1854);
#1559=LINE('',#5001,#1855);
#1560=LINE('',#5003,#1856);
#1561=LINE('',#5004,#1857);
#1562=LINE('',#5006,#1858);
#1563=LINE('',#5008,#1859);
#1564=LINE('',#5010,#1860);
#1565=LINE('',#5012,#1861);
#1566=LINE('',#5013,#1862);
#1567=LINE('',#5021,#1863);
#1568=LINE('',#5023,#1864);
#1569=LINE('',#5025,#1865);
#1570=LINE('',#5027,#1866);
#1571=LINE('',#5029,#1867);
#1572=LINE('',#5031,#1868);
#1573=LINE('',#5033,#1869);
#1574=LINE('',#5035,#1870);
#1575=LINE('',#5037,#1871);
#1576=LINE('',#5039,#1872);
#1577=LINE('',#5041,#1873);
#1578=LINE('',#5043,#1874);
#1579=LINE('',#5045,#1875);
#1580=LINE('',#5047,#1876);
#1581=LINE('',#5049,#1877);
#1582=LINE('',#5051,#1878);
#1583=LINE('',#5053,#1879);
#1584=LINE('',#5055,#1880);
#1585=LINE('',#5057,#1881);
#1586=LINE('',#5059,#1882);
#1587=LINE('',#5061,#1883);
#1588=LINE('',#5063,#1884);
#1589=LINE('',#5065,#1885);
#1590=LINE('',#5067,#1886);
#1591=LINE('',#5069,#1887);
#1592=LINE('',#5071,#1888);
#1593=LINE('',#5073,#1889);
#1594=LINE('',#5075,#1890);
#1595=LINE('',#5077,#1891);
#1596=LINE('',#5079,#1892);
#1597=LINE('',#5081,#1893);
#1598=LINE('',#5083,#1894);
#1599=LINE('',#5085,#1895);
#1600=LINE('',#5087,#1896);
#1601=LINE('',#5091,#1897);
#1602=LINE('',#5092,#1898);
#1603=LINE('',#5113,#1899);
#1604=LINE('',#5116,#1900);
#1605=LINE('',#5118,#1901);
#1606=LINE('',#5120,#1902);
#1607=LINE('',#5123,#1903);
#1608=LINE('',#5126,#1904);
#1609=LINE('',#5128,#1905);
#1610=LINE('',#5130,#1906);
#1611=LINE('',#5132,#1907);
#1612=LINE('',#5134,#1908);
#1613=LINE('',#5136,#1909);
#1614=LINE('',#5138,#1910);
#1615=LINE('',#5139,#1911);
#1616=LINE('',#5142,#1912);
#1617=LINE('',#5144,#1913);
#1618=LINE('',#5146,#1914);
#1619=LINE('',#5148,#1915);
#1620=LINE('',#5150,#1916);
#1621=LINE('',#5152,#1917);
#1622=LINE('',#5154,#1918);
#1623=LINE('',#5156,#1919);
#1624=LINE('',#5158,#1920);
#1625=LINE('',#5160,#1921);
#1626=LINE('',#5162,#1922);
#1627=LINE('',#5165,#1923);
#1628=LINE('',#5167,#1924);
#1629=LINE('',#5169,#1925);
#1630=LINE('',#5171,#1926);
#1631=LINE('',#5173,#1927);
#1632=LINE('',#5175,#1928);
#1633=LINE('',#5177,#1929);
#1634=LINE('',#5179,#1930);
#1635=LINE('',#5181,#1931);
#1636=LINE('',#5183,#1932);
#1637=LINE('',#5185,#1933);
#1638=LINE('',#5187,#1934);
#1639=LINE('',#5189,#1935);
#1640=LINE('',#5191,#1936);
#1641=LINE('',#5193,#1937);
#1642=LINE('',#5194,#1938);
#1643=LINE('',#5203,#1939);
#1644=LINE('',#5205,#1940);
#1645=LINE('',#5207,#1941);
#1646=LINE('',#5209,#1942);
#1647=LINE('',#5211,#1943);
#1648=LINE('',#5213,#1944);
#1649=LINE('',#5215,#1945);
#1650=LINE('',#5217,#1946);
#1651=VECTOR('',#3839,1.);
#1652=VECTOR('',#3840,1.);
#1653=VECTOR('',#3841,1.);
#1654=VECTOR('',#3842,1.);
#1655=VECTOR('',#3855,1.);
#1656=VECTOR('',#3856,1.);
#1657=VECTOR('',#3857,1.);
#1658=VECTOR('',#3858,1.);
#1659=VECTOR('',#3859,1.);
#1660=VECTOR('',#3860,1.);
#1661=VECTOR('',#3861,1.);
#1662=VECTOR('',#3862,1.);
#1663=VECTOR('',#3863,1.);
#1664=VECTOR('',#3864,1.);
#1665=VECTOR('',#3865,1.);
#1666=VECTOR('',#3866,1.);
#1667=VECTOR('',#3867,1.);
#1668=VECTOR('',#3868,1.);
#1669=VECTOR('',#3869,1.);
#1670=VECTOR('',#3870,1.);
#1671=VECTOR('',#3871,1.);
#1672=VECTOR('',#3872,1.);
#1673=VECTOR('',#3875,1.);
#1674=VECTOR('',#3876,1.);
#1675=VECTOR('',#3877,1.);
#1676=VECTOR('',#3880,1.);
#1677=VECTOR('',#3881,1.);
#1678=VECTOR('',#3882,1.);
#1679=VECTOR('',#3883,1.);
#1680=VECTOR('',#3884,1.);
#1681=VECTOR('',#3885,1.);
#1682=VECTOR('',#3886,1.);
#1683=VECTOR('',#3887,1.);
#1684=VECTOR('',#3888,1.);
#1685=VECTOR('',#3889,1.);
#1686=VECTOR('',#3890,1.);
#1687=VECTOR('',#3891,1.);
#1688=VECTOR('',#3898,1.);
#1689=VECTOR('',#3899,1.);
#1690=VECTOR('',#3900,1.);
#1691=VECTOR('',#3903,1.);
#1692=VECTOR('',#3904,1.);
#1693=VECTOR('',#3905,1.);
#1694=VECTOR('',#3910,1.);
#1695=VECTOR('',#3911,1.);
#1696=VECTOR('',#3912,1.);
#1697=VECTOR('',#3915,1.);
#1698=VECTOR('',#3920,1.);
#1699=VECTOR('',#3921,1.);
#1700=VECTOR('',#3922,1.);
#1701=VECTOR('',#3923,1.);
#1702=VECTOR('',#3924,1.);
#1703=VECTOR('',#3925,1.);
#1704=VECTOR('',#3926,1.);
#1705=VECTOR('',#3927,1.);
#1706=VECTOR('',#3928,1.);
#1707=VECTOR('',#3929,1.);
#1708=VECTOR('',#3930,1.);
#1709=VECTOR('',#3931,1.);
#1710=VECTOR('',#3934,1.);
#1711=VECTOR('',#3935,1.);
#1712=VECTOR('',#3936,1.);
#1713=VECTOR('',#3939,1.);
#1714=VECTOR('',#3940,1.);
#1715=VECTOR('',#3941,1.);
#1716=VECTOR('',#3944,1.);
#1717=VECTOR('',#3945,1.);
#1718=VECTOR('',#3948,1.);
#1719=VECTOR('',#3949,1.);
#1720=VECTOR('',#3952,1.);
#1721=VECTOR('',#3953,1.);
#1722=VECTOR('',#3954,1.);
#1723=VECTOR('',#3957,1.);
#1724=VECTOR('',#3960,1.);
#1725=VECTOR('',#3961,1.);
#1726=VECTOR('',#3964,1.);
#1727=VECTOR('',#3965,1.);
#1728=VECTOR('',#3966,1.);
#1729=VECTOR('',#3969,1.);
#1730=VECTOR('',#3972,1.);
#1731=VECTOR('',#3975,1.);
#1732=VECTOR('',#3978,1.);
#1733=VECTOR('',#3979,1.);
#1734=VECTOR('',#3980,1.);
#1735=VECTOR('',#3981,1.);
#1736=VECTOR('',#3984,1.);
#1737=VECTOR('',#3985,1.);
#1738=VECTOR('',#3988,1.);
#1739=VECTOR('',#3989,1.);
#1740=VECTOR('',#3990,1.);
#1741=VECTOR('',#3993,1.);
#1742=VECTOR('',#3996,1.);
#1743=VECTOR('',#3999,1.);
#1744=VECTOR('',#4000,1.);
#1745=VECTOR('',#4003,1.);
#1746=VECTOR('',#4004,1.);
#1747=VECTOR('',#4005,1.);
#1748=VECTOR('',#4006,1.);
#1749=VECTOR('',#4007,1.);
#1750=VECTOR('',#4008,1.);
#1751=VECTOR('',#4009,1.);
#1752=VECTOR('',#4010,1.);
#1753=VECTOR('',#4013,1.);
#1754=VECTOR('',#4016,1.);
#1755=VECTOR('',#4077,1.);
#1756=VECTOR('',#4080,1.);
#1757=VECTOR('',#4081,1.);
#1758=VECTOR('',#4082,1.);
#1759=VECTOR('',#4083,1.);
#1760=VECTOR('',#4086,1.);
#1761=VECTOR('',#4087,1.);
#1762=VECTOR('',#4090,1.);
#1763=VECTOR('',#4093,1.);
#1764=VECTOR('',#4096,1.);
#1765=VECTOR('',#4097,1.);
#1766=VECTOR('',#4098,1.);
#1767=VECTOR('',#4099,1.);
#1768=VECTOR('',#4104,1.);
#1769=VECTOR('',#4105,1.);
#1770=VECTOR('',#4106,1.);
#1771=VECTOR('',#4109,1.);
#1772=VECTOR('',#4112,1.);
#1773=VECTOR('',#4119,1.);
#1774=VECTOR('',#4120,1.);
#1775=VECTOR('',#4121,1.);
#1776=VECTOR('',#4122,1.);
#1777=VECTOR('',#4125,1.);
#1778=VECTOR('',#4126,1.);
#1779=VECTOR('',#4127,1.);
#1780=VECTOR('',#4128,1.);
#1781=VECTOR('',#4131,1.);
#1782=VECTOR('',#4132,1.);
#1783=VECTOR('',#4133,1.);
#1784=VECTOR('',#4134,1.);
#1785=VECTOR('',#4137,1.);
#1786=VECTOR('',#4138,1.);
#1787=VECTOR('',#4139,1.);
#1788=VECTOR('',#4142,1.);
#1789=VECTOR('',#4143,1.);
#1790=VECTOR('',#4144,1.);
#1791=VECTOR('',#4145,1.);
#1792=VECTOR('',#4148,1.);
#1793=VECTOR('',#4149,1.);
#1794=VECTOR('',#4150,1.);
#1795=VECTOR('',#4153,1.);
#1796=VECTOR('',#4154,1.);
#1797=VECTOR('',#4155,1.);
#1798=VECTOR('',#4158,1.);
#1799=VECTOR('',#4159,1.);
#1800=VECTOR('',#4162,1.);
#1801=VECTOR('',#4163,1.);
#1802=VECTOR('',#4164,1.);
#1803=VECTOR('',#4167,1.);
#1804=VECTOR('',#4168,1.);
#1805=VECTOR('',#4169,1.);
#1806=VECTOR('',#4170,1.);
#1807=VECTOR('',#4173,1.);
#1808=VECTOR('',#4174,1.);
#1809=VECTOR('',#4175,1.);
#1810=VECTOR('',#4178,1.);
#1811=VECTOR('',#4179,1.);
#1812=VECTOR('',#4180,1.);
#1813=VECTOR('',#4183,1.);
#1814=VECTOR('',#4184,1.);
#1815=VECTOR('',#4187,1.);
#1816=VECTOR('',#4188,1.);
#1817=VECTOR('',#4189,1.);
#1818=VECTOR('',#4192,1.);
#1819=VECTOR('',#4193,1.);
#1820=VECTOR('',#4194,1.);
#1821=VECTOR('',#4195,1.);
#1822=VECTOR('',#4198,1.);
#1823=VECTOR('',#4199,1.);
#1824=VECTOR('',#4200,1.);
#1825=VECTOR('',#4203,1.);
#1826=VECTOR('',#4204,1.);
#1827=VECTOR('',#4205,1.);
#1828=VECTOR('',#4208,1.);
#1829=VECTOR('',#4209,1.);
#1830=VECTOR('',#4212,1.);
#1831=VECTOR('',#4213,1.);
#1832=VECTOR('',#4214,1.);
#1833=VECTOR('',#4217,1.);
#1834=VECTOR('',#4218,1.);
#1835=VECTOR('',#4219,1.);
#1836=VECTOR('',#4222,1.);
#1837=VECTOR('',#4223,1.);
#1838=VECTOR('',#4224,1.);
#1839=VECTOR('',#4225,1.);
#1840=VECTOR('',#4228,1.);
#1841=VECTOR('',#4229,1.);
#1842=VECTOR('',#4232,1.);
#1843=VECTOR('',#4233,1.);
#1844=VECTOR('',#4234,1.);
#1845=VECTOR('',#4237,1.);
#1846=VECTOR('',#4238,1.);
#1847=VECTOR('',#4239,1.);
#1848=VECTOR('',#4242,1.);
#1849=VECTOR('',#4243,1.);
#1850=VECTOR('',#4244,1.);
#1851=VECTOR('',#4247,1.);
#1852=VECTOR('',#4248,1.);
#1853=VECTOR('',#4249,1.);
#1854=VECTOR('',#4252,1.);
#1855=VECTOR('',#4253,1.);
#1856=VECTOR('',#4256,1.);
#1857=VECTOR('',#4257,1.);
#1858=VECTOR('',#4260,1.);
#1859=VECTOR('',#4261,1.);
#1860=VECTOR('',#4262,1.);
#1861=VECTOR('',#4265,1.);
#1862=VECTOR('',#4266,1.);
#1863=VECTOR('',#4277,1.);
#1864=VECTOR('',#4278,1.);
#1865=VECTOR('',#4279,1.);
#1866=VECTOR('',#4282,1.);
#1867=VECTOR('',#4283,1.);
#1868=VECTOR('',#4286,1.);
#1869=VECTOR('',#4287,1.);
#1870=VECTOR('',#4288,1.);
#1871=VECTOR('',#4291,1.);
#1872=VECTOR('',#4294,1.);
#1873=VECTOR('',#4295,1.);
#1874=VECTOR('',#4298,1.);
#1875=VECTOR('',#4299,1.);
#1876=VECTOR('',#4300,1.);
#1877=VECTOR('',#4303,1.);
#1878=VECTOR('',#4306,1.);
#1879=VECTOR('',#4307,1.);
#1880=VECTOR('',#4310,1.);
#1881=VECTOR('',#4311,1.);
#1882=VECTOR('',#4312,1.);
#1883=VECTOR('',#4315,1.);
#1884=VECTOR('',#4318,1.);
#1885=VECTOR('',#4319,1.);
#1886=VECTOR('',#4322,1.);
#1887=VECTOR('',#4323,1.);
#1888=VECTOR('',#4326,1.);
#1889=VECTOR('',#4327,1.);
#1890=VECTOR('',#4328,1.);
#1891=VECTOR('',#4331,1.);
#1892=VECTOR('',#4334,1.);
#1893=VECTOR('',#4335,1.);
#1894=VECTOR('',#4338,1.);
#1895=VECTOR('',#4339,1.);
#1896=VECTOR('',#4340,1.);
#1897=VECTOR('',#4345,1.);
#1898=VECTOR('',#4346,1.);
#1899=VECTOR('',#4371,1.);
#1900=VECTOR('',#4372,1.);
#1901=VECTOR('',#4373,1.);
#1902=VECTOR('',#4374,1.);
#1903=VECTOR('',#4377,1.);
#1904=VECTOR('',#4378,1.);
#1905=VECTOR('',#4379,1.);
#1906=VECTOR('',#4380,1.);
#1907=VECTOR('',#4381,1.);
#1908=VECTOR('',#4382,1.);
#1909=VECTOR('',#4383,1.);
#1910=VECTOR('',#4384,1.);
#1911=VECTOR('',#4385,1.);
#1912=VECTOR('',#4386,1.);
#1913=VECTOR('',#4387,1.);
#1914=VECTOR('',#4388,1.);
#1915=VECTOR('',#4391,1.);
#1916=VECTOR('',#4392,1.);
#1917=VECTOR('',#4393,1.);
#1918=VECTOR('',#4396,1.);
#1919=VECTOR('',#4397,1.);
#1920=VECTOR('',#4400,1.);
#1921=VECTOR('',#4401,1.);
#1922=VECTOR('',#4404,1.);
#1923=VECTOR('',#4409,1.);
#1924=VECTOR('',#4410,1.);
#1925=VECTOR('',#4411,1.);
#1926=VECTOR('',#4414,1.);
#1927=VECTOR('',#4415,1.);
#1928=VECTOR('',#4418,1.);
#1929=VECTOR('',#4419,1.);
#1930=VECTOR('',#4420,1.);
#1931=VECTOR('',#4423,1.);
#1932=VECTOR('',#4426,1.);
#1933=VECTOR('',#4427,1.);
#1934=VECTOR('',#4430,1.);
#1935=VECTOR('',#4431,1.);
#1936=VECTOR('',#4432,1.);
#1937=VECTOR('',#4435,1.);
#1938=VECTOR('',#4436,1.);
#1939=VECTOR('',#4449,1.);
#1940=VECTOR('',#4450,1.);
#1941=VECTOR('',#4451,1.);
#1942=VECTOR('',#4454,1.);
#1943=VECTOR('',#4455,1.);
#1944=VECTOR('',#4458,1.);
#1945=VECTOR('',#4459,1.);
#1946=VECTOR('',#4462,1.);
#1947=EDGE_LOOP('',(#90,#91,#92,#93));
#1948=EDGE_LOOP('',(#94));
#1949=EDGE_LOOP('',(#95));
#1950=EDGE_LOOP('',(#96));
#1951=EDGE_LOOP('',(#97));
#1952=EDGE_LOOP('',(#98));
#1953=EDGE_LOOP('',(#99));
#1954=EDGE_LOOP('',(#100,#101,#102,#103,#104,#105,#106,#107,#108,#109,#110,
#111,#112,#113,#114,#115,#116,#117));
#1955=EDGE_LOOP('',(#118,#119,#120,#121));
#1956=EDGE_LOOP('',(#122,#123,#124,#125,#126,#127,#128,#129,#130,#131,#132,
#133));
#1957=EDGE_LOOP('',(#134));
#1958=EDGE_LOOP('',(#135));
#1959=EDGE_LOOP('',(#136,#137,#138,#139));
#1960=EDGE_LOOP('',(#140,#141,#142,#143));
#1961=EDGE_LOOP('',(#144));
#1962=EDGE_LOOP('',(#145,#146,#147,#148));
#1963=EDGE_LOOP('',(#149,#150,#151,#152));
#1964=EDGE_LOOP('',(#153));
#1965=EDGE_LOOP('',(#154,#155,#156,#157,#158,#159,#160,#161,#162,#163,#164,
#165));
#1966=EDGE_LOOP('',(#166,#167,#168,#169));
#1967=EDGE_LOOP('',(#170,#171,#172,#173));
#1968=EDGE_LOOP('',(#174,#175,#176,#177));
#1969=EDGE_LOOP('',(#178,#179,#180,#181));
#1970=EDGE_LOOP('',(#182,#183,#184,#185));
#1971=EDGE_LOOP('',(#186,#187,#188,#189));
#1972=EDGE_LOOP('',(#190,#191,#192,#193));
#1973=EDGE_LOOP('',(#194,#195,#196,#197));
#1974=EDGE_LOOP('',(#198,#199,#200,#201));
#1975=EDGE_LOOP('',(#202,#203,#204,#205));
#1976=EDGE_LOOP('',(#206,#207,#208,#209,#210,#211,#212,#213));
#1977=EDGE_LOOP('',(#214,#215,#216,#217));
#1978=EDGE_LOOP('',(#218,#219,#220,#221));
#1979=EDGE_LOOP('',(#222,#223,#224,#225));
#1980=EDGE_LOOP('',(#226,#227,#228,#229));
#1981=EDGE_LOOP('',(#230,#231,#232,#233));
#1982=EDGE_LOOP('',(#234,#235,#236,#237,#238,#239,#240,#241,#242,#243,#244,
#245,#246,#247,#248,#249,#250,#251,#252,#253));
#1983=EDGE_LOOP('',(#254,#255,#256,#257));
#1984=EDGE_LOOP('',(#258,#259,#260,#261));
#1985=EDGE_LOOP('',(#262,#263,#264,#265));
#1986=EDGE_LOOP('',(#266));
#1987=EDGE_LOOP('',(#267));
#1988=EDGE_LOOP('',(#268));
#1989=EDGE_LOOP('',(#269));
#1990=EDGE_LOOP('',(#270));
#1991=EDGE_LOOP('',(#271));
#1992=EDGE_LOOP('',(#272));
#1993=EDGE_LOOP('',(#273));
#1994=EDGE_LOOP('',(#274));
#1995=EDGE_LOOP('',(#275));
#1996=EDGE_LOOP('',(#276));
#1997=EDGE_LOOP('',(#277));
#1998=EDGE_LOOP('',(#278));
#1999=EDGE_LOOP('',(#279));
#2000=EDGE_LOOP('',(#280,#281,#282,#283,#284,#285,#286,#287,#288,#289,#290,
#291));
#2001=EDGE_LOOP('',(#292,#293,#294,#295));
#2002=EDGE_LOOP('',(#296,#297,#298,#299));
#2003=EDGE_LOOP('',(#300,#301,#302,#303,#304,#305,#306,#307));
#2004=EDGE_LOOP('',(#308,#309,#310,#311,#312,#313,#314,#315,#316,#317,#318,
#319,#320,#321,#322,#323,#324,#325,#326,#327));
#2005=EDGE_LOOP('',(#328,#329,#330,#331));
#2006=EDGE_LOOP('',(#332,#333,#334,#335));
#2007=EDGE_LOOP('',(#336));
#2008=EDGE_LOOP('',(#337,#338,#339,#340));
#2009=EDGE_LOOP('',(#341,#342,#343,#344));
#2010=EDGE_LOOP('',(#345,#346,#347,#348));
#2011=EDGE_LOOP('',(#349,#350,#351,#352));
#2012=EDGE_LOOP('',(#353,#354,#355,#356));
#2013=EDGE_LOOP('',(#357,#358,#359,#360));
#2014=EDGE_LOOP('',(#361,#362,#363,#364));
#2015=EDGE_LOOP('',(#365,#366,#367,#368));
#2016=EDGE_LOOP('',(#369,#370,#371,#372));
#2017=EDGE_LOOP('',(#373,#374,#375,#376));
#2018=EDGE_LOOP('',(#377,#378,#379,#380));
#2019=EDGE_LOOP('',(#381,#382,#383,#384));
#2020=EDGE_LOOP('',(#385,#386,#387,#388));
#2021=EDGE_LOOP('',(#389,#390,#391,#392));
#2022=EDGE_LOOP('',(#393,#394,#395,#396));
#2023=EDGE_LOOP('',(#397,#398,#399,#400));
#2024=EDGE_LOOP('',(#401,#402,#403,#404));
#2025=EDGE_LOOP('',(#405,#406,#407,#408));
#2026=EDGE_LOOP('',(#409,#410,#411,#412));
#2027=EDGE_LOOP('',(#413,#414,#415,#416));
#2028=EDGE_LOOP('',(#417,#418,#419,#420));
#2029=EDGE_LOOP('',(#421,#422,#423,#424));
#2030=EDGE_LOOP('',(#425,#426,#427,#428));
#2031=EDGE_LOOP('',(#429,#430,#431,#432));
#2032=EDGE_LOOP('',(#433,#434,#435,#436));
#2033=EDGE_LOOP('',(#437,#438,#439,#440));
#2034=EDGE_LOOP('',(#441,#442,#443,#444));
#2035=EDGE_LOOP('',(#445,#446,#447,#448));
#2036=EDGE_LOOP('',(#449,#450,#451,#452));
#2037=EDGE_LOOP('',(#453,#454,#455,#456));
#2038=EDGE_LOOP('',(#457));
#2039=EDGE_LOOP('',(#458,#459,#460,#461,#462,#463,#464,#465,#466,#467,#468,
#469,#470,#471,#472,#473,#474,#475,#476,#477,#478,#479,#480,#481,#482,#483,
#484,#485,#486,#487));
#2040=EDGE_LOOP('',(#488));
#2041=EDGE_LOOP('',(#489,#490,#491,#492,#493,#494,#495,#496,#497,#498,#499,
#500,#501,#502,#503,#504,#505,#506,#507,#508,#509,#510,#511,#512,#513,#514,
#515,#516,#517,#518));
#2042=EDGE_LOOP('',(#519,#520,#521,#522));
#2043=EDGE_LOOP('',(#523,#524,#525,#526));
#2044=EDGE_LOOP('',(#527,#528,#529,#530));
#2045=EDGE_LOOP('',(#531,#532,#533,#534));
#2046=EDGE_LOOP('',(#535,#536,#537,#538));
#2047=EDGE_LOOP('',(#539,#540,#541,#542));
#2048=EDGE_LOOP('',(#543,#544,#545,#546));
#2049=EDGE_LOOP('',(#547,#548,#549,#550));
#2050=EDGE_LOOP('',(#551,#552,#553,#554));
#2051=EDGE_LOOP('',(#555,#556,#557,#558));
#2052=EDGE_LOOP('',(#559,#560,#561,#562));
#2053=EDGE_LOOP('',(#563,#564,#565,#566));
#2054=EDGE_LOOP('',(#567,#568,#569,#570));
#2055=EDGE_LOOP('',(#571,#572,#573,#574));
#2056=EDGE_LOOP('',(#575,#576,#577,#578));
#2057=EDGE_LOOP('',(#579,#580,#581,#582,#583,#584,#585,#586,#587,#588,#589,
#590,#591,#592,#593,#594,#595,#596));
#2058=EDGE_LOOP('',(#597));
#2059=EDGE_LOOP('',(#598,#599,#600,#601));
#2060=EDGE_LOOP('',(#602,#603,#604,#605));
#2061=EDGE_LOOP('',(#606,#607,#608,#609));
#2062=EDGE_LOOP('',(#610));
#2063=EDGE_LOOP('',(#611));
#2064=EDGE_LOOP('',(#612));
#2065=EDGE_LOOP('',(#613));
#2066=EDGE_LOOP('',(#614));
#2067=EDGE_LOOP('',(#615));
#2068=EDGE_LOOP('',(#616));
#2069=EDGE_LOOP('',(#617));
#2070=EDGE_LOOP('',(#618,#619,#620,#621));
#2071=EDGE_LOOP('',(#622,#623,#624,#625));
#2072=EDGE_LOOP('',(#626));
#2073=EDGE_LOOP('',(#627,#628,#629,#630,#631,#632,#633,#634));
#2074=EDGE_LOOP('',(#635,#636,#637,#638));
#2075=EDGE_LOOP('',(#639,#640,#641,#642));
#2076=EDGE_LOOP('',(#643,#644,#645,#646));
#2077=EDGE_LOOP('',(#647,#648,#649,#650));
#2078=EDGE_LOOP('',(#651,#652,#653,#654));
#2079=EDGE_LOOP('',(#655,#656,#657,#658));
#2080=EDGE_LOOP('',(#659,#660,#661,#662));
#2081=EDGE_LOOP('',(#663,#664,#665,#666));
#2082=EDGE_LOOP('',(#667,#668,#669,#670));
#2083=EDGE_LOOP('',(#671,#672,#673,#674));
#2084=EDGE_LOOP('',(#675,#676,#677,#678));
#2085=EDGE_LOOP('',(#679,#680,#681,#682,#683,#684,#685,#686));
#2086=EDGE_LOOP('',(#687,#688,#689,#690));
#2087=EDGE_LOOP('',(#691,#692,#693,#694));
#2088=EDGE_LOOP('',(#695,#696,#697,#698));
#2089=EDGE_LOOP('',(#699));
#2090=EDGE_LOOP('',(#700));
#2091=EDGE_LOOP('',(#701,#702,#703,#704));
#2092=EDGE_LOOP('',(#705,#706,#707,#708));
#2093=EDGE_LOOP('',(#709,#710,#711,#712));
#2094=EDGE_LOOP('',(#713,#714,#715,#716));
#2095=EDGE_LOOP('',(#717,#718,#719,#720));
#2096=EDGE_LOOP('',(#721));
#2097=EDGE_LOOP('',(#722));
#2098=EDGE_LOOP('',(#723));
#2099=EDGE_LOOP('',(#724));
#2100=EDGE_LOOP('',(#725));
#2101=EDGE_LOOP('',(#726));
#2102=EDGE_LOOP('',(#727));
#2103=EDGE_LOOP('',(#728));
#2104=EDGE_LOOP('',(#729));
#2105=EDGE_LOOP('',(#730));
#2106=EDGE_LOOP('',(#731));
#2107=EDGE_LOOP('',(#732));
#2108=EDGE_LOOP('',(#733));
#2109=EDGE_LOOP('',(#734));
#2110=EDGE_LOOP('',(#735));
#2111=EDGE_LOOP('',(#736,#737,#738,#739));
#2112=EDGE_LOOP('',(#740,#741,#742,#743));
#2113=EDGE_LOOP('',(#744));
#2114=EDGE_LOOP('',(#745));
#2115=EDGE_LOOP('',(#746));
#2116=EDGE_LOOP('',(#747));
#2117=EDGE_LOOP('',(#748));
#2118=EDGE_LOOP('',(#749));
#2119=EDGE_LOOP('',(#750));
#2120=EDGE_LOOP('',(#751));
#2121=EDGE_LOOP('',(#752));
#2122=EDGE_LOOP('',(#753));
#2123=EDGE_LOOP('',(#754));
#2124=EDGE_LOOP('',(#755));
#2125=EDGE_LOOP('',(#756));
#2126=EDGE_LOOP('',(#757));
#2127=EDGE_LOOP('',(#758));
#2128=EDGE_LOOP('',(#759));
#2129=EDGE_LOOP('',(#760));
#2130=EDGE_LOOP('',(#761));
#2131=EDGE_LOOP('',(#762));
#2132=EDGE_LOOP('',(#763));
#2133=EDGE_LOOP('',(#764));
#2134=EDGE_LOOP('',(#765));
#2135=EDGE_LOOP('',(#766));
#2136=EDGE_LOOP('',(#767));
#2137=EDGE_LOOP('',(#768));
#2138=EDGE_LOOP('',(#769));
#2139=EDGE_LOOP('',(#770));
#2140=EDGE_LOOP('',(#771));
#2141=FACE_BOUND('',#1947,.T.);
#2142=FACE_BOUND('',#1948,.T.);
#2143=FACE_BOUND('',#1949,.T.);
#2144=FACE_BOUND('',#1950,.T.);
#2145=FACE_BOUND('',#1951,.T.);
#2146=FACE_BOUND('',#1952,.T.);
#2147=FACE_BOUND('',#1953,.T.);
#2148=FACE_BOUND('',#1954,.T.);
#2149=FACE_BOUND('',#1955,.T.);
#2150=FACE_BOUND('',#1956,.T.);
#2151=FACE_BOUND('',#1957,.T.);
#2152=FACE_BOUND('',#1958,.T.);
#2153=FACE_BOUND('',#1959,.T.);
#2154=FACE_BOUND('',#1960,.T.);
#2155=FACE_BOUND('',#1961,.T.);
#2156=FACE_BOUND('',#1962,.T.);
#2157=FACE_BOUND('',#1963,.T.);
#2158=FACE_BOUND('',#1964,.T.);
#2159=FACE_BOUND('',#1965,.T.);
#2160=FACE_BOUND('',#1966,.T.);
#2161=FACE_BOUND('',#1967,.T.);
#2162=FACE_BOUND('',#1968,.T.);
#2163=FACE_BOUND('',#1969,.T.);
#2164=FACE_BOUND('',#1970,.T.);
#2165=FACE_BOUND('',#1971,.T.);
#2166=FACE_BOUND('',#1972,.T.);
#2167=FACE_BOUND('',#1973,.T.);
#2168=FACE_BOUND('',#1974,.T.);
#2169=FACE_BOUND('',#1975,.T.);
#2170=FACE_BOUND('',#1976,.T.);
#2171=FACE_BOUND('',#1977,.T.);
#2172=FACE_BOUND('',#1978,.T.);
#2173=FACE_BOUND('',#1979,.T.);
#2174=FACE_BOUND('',#1980,.T.);
#2175=FACE_BOUND('',#1981,.T.);
#2176=FACE_BOUND('',#1982,.T.);
#2177=FACE_BOUND('',#1983,.T.);
#2178=FACE_BOUND('',#1984,.T.);
#2179=FACE_BOUND('',#1985,.T.);
#2180=FACE_BOUND('',#1986,.T.);
#2181=FACE_BOUND('',#1987,.T.);
#2182=FACE_BOUND('',#1988,.T.);
#2183=FACE_BOUND('',#1989,.T.);
#2184=FACE_BOUND('',#1990,.T.);
#2185=FACE_BOUND('',#1991,.T.);
#2186=FACE_BOUND('',#1992,.T.);
#2187=FACE_BOUND('',#1993,.T.);
#2188=FACE_BOUND('',#1994,.T.);
#2189=FACE_BOUND('',#1995,.T.);
#2190=FACE_BOUND('',#1996,.T.);
#2191=FACE_BOUND('',#1997,.T.);
#2192=FACE_BOUND('',#1998,.T.);
#2193=FACE_BOUND('',#1999,.T.);
#2194=FACE_BOUND('',#2000,.T.);
#2195=FACE_BOUND('',#2001,.T.);
#2196=FACE_BOUND('',#2002,.T.);
#2197=FACE_BOUND('',#2003,.T.);
#2198=FACE_BOUND('',#2004,.T.);
#2199=FACE_BOUND('',#2005,.T.);
#2200=FACE_BOUND('',#2006,.T.);
#2201=FACE_BOUND('',#2007,.T.);
#2202=FACE_BOUND('',#2008,.T.);
#2203=FACE_BOUND('',#2009,.T.);
#2204=FACE_BOUND('',#2010,.T.);
#2205=FACE_BOUND('',#2011,.T.);
#2206=FACE_BOUND('',#2012,.T.);
#2207=FACE_BOUND('',#2013,.T.);
#2208=FACE_BOUND('',#2014,.T.);
#2209=FACE_BOUND('',#2015,.T.);
#2210=FACE_BOUND('',#2016,.T.);
#2211=FACE_BOUND('',#2017,.T.);
#2212=FACE_BOUND('',#2018,.T.);
#2213=FACE_BOUND('',#2019,.T.);
#2214=FACE_BOUND('',#2020,.T.);
#2215=FACE_BOUND('',#2021,.T.);
#2216=FACE_BOUND('',#2022,.T.);
#2217=FACE_BOUND('',#2023,.T.);
#2218=FACE_BOUND('',#2024,.T.);
#2219=FACE_BOUND('',#2025,.T.);
#2220=FACE_BOUND('',#2026,.T.);
#2221=FACE_BOUND('',#2027,.T.);
#2222=FACE_BOUND('',#2028,.T.);
#2223=FACE_BOUND('',#2029,.T.);
#2224=FACE_BOUND('',#2030,.T.);
#2225=FACE_BOUND('',#2031,.T.);
#2226=FACE_BOUND('',#2032,.T.);
#2227=FACE_BOUND('',#2033,.T.);
#2228=FACE_BOUND('',#2034,.T.);
#2229=FACE_BOUND('',#2035,.T.);
#2230=FACE_BOUND('',#2036,.T.);
#2231=FACE_BOUND('',#2037,.T.);
#2232=FACE_BOUND('',#2038,.T.);
#2233=FACE_BOUND('',#2039,.T.);
#2234=FACE_BOUND('',#2040,.T.);
#2235=FACE_BOUND('',#2041,.T.);
#2236=FACE_BOUND('',#2042,.T.);
#2237=FACE_BOUND('',#2043,.T.);
#2238=FACE_BOUND('',#2044,.T.);
#2239=FACE_BOUND('',#2045,.T.);
#2240=FACE_BOUND('',#2046,.T.);
#2241=FACE_BOUND('',#2047,.T.);
#2242=FACE_BOUND('',#2048,.T.);
#2243=FACE_BOUND('',#2049,.T.);
#2244=FACE_BOUND('',#2050,.T.);
#2245=FACE_BOUND('',#2051,.T.);
#2246=FACE_BOUND('',#2052,.T.);
#2247=FACE_BOUND('',#2053,.T.);
#2248=FACE_BOUND('',#2054,.T.);
#2249=FACE_BOUND('',#2055,.T.);
#2250=FACE_BOUND('',#2056,.T.);
#2251=FACE_BOUND('',#2057,.T.);
#2252=FACE_BOUND('',#2058,.T.);
#2253=FACE_BOUND('',#2059,.T.);
#2254=FACE_BOUND('',#2060,.T.);
#2255=FACE_BOUND('',#2061,.T.);
#2256=FACE_BOUND('',#2062,.T.);
#2257=FACE_BOUND('',#2063,.T.);
#2258=FACE_BOUND('',#2064,.T.);
#2259=FACE_BOUND('',#2065,.T.);
#2260=FACE_BOUND('',#2066,.T.);
#2261=FACE_BOUND('',#2067,.T.);
#2262=FACE_BOUND('',#2068,.T.);
#2263=FACE_BOUND('',#2069,.T.);
#2264=FACE_BOUND('',#2070,.T.);
#2265=FACE_BOUND('',#2071,.T.);
#2266=FACE_BOUND('',#2072,.T.);
#2267=FACE_BOUND('',#2073,.T.);
#2268=FACE_BOUND('',#2074,.T.);
#2269=FACE_BOUND('',#2075,.T.);
#2270=FACE_BOUND('',#2076,.T.);
#2271=FACE_BOUND('',#2077,.T.);
#2272=FACE_BOUND('',#2078,.T.);
#2273=FACE_BOUND('',#2079,.T.);
#2274=FACE_BOUND('',#2080,.T.);
#2275=FACE_BOUND('',#2081,.T.);
#2276=FACE_BOUND('',#2082,.T.);
#2277=FACE_BOUND('',#2083,.T.);
#2278=FACE_BOUND('',#2084,.T.);
#2279=FACE_BOUND('',#2085,.T.);
#2280=FACE_BOUND('',#2086,.T.);
#2281=FACE_BOUND('',#2087,.T.);
#2282=FACE_BOUND('',#2088,.T.);
#2283=FACE_BOUND('',#2089,.T.);
#2284=FACE_BOUND('',#2090,.T.);
#2285=FACE_BOUND('',#2091,.T.);
#2286=FACE_BOUND('',#2092,.T.);
#2287=FACE_BOUND('',#2093,.T.);
#2288=FACE_BOUND('',#2094,.T.);
#2289=FACE_BOUND('',#2095,.T.);
#2290=FACE_BOUND('',#2096,.T.);
#2291=FACE_BOUND('',#2097,.T.);
#2292=FACE_BOUND('',#2098,.T.);
#2293=FACE_BOUND('',#2099,.T.);
#2294=FACE_BOUND('',#2100,.T.);
#2295=FACE_BOUND('',#2101,.T.);
#2296=FACE_BOUND('',#2102,.T.);
#2297=FACE_BOUND('',#2103,.T.);
#2298=FACE_BOUND('',#2104,.T.);
#2299=FACE_BOUND('',#2105,.T.);
#2300=FACE_BOUND('',#2106,.T.);
#2301=FACE_BOUND('',#2107,.T.);
#2302=FACE_BOUND('',#20,.T.);
#2303=FACE_BOUND('',#2108,.T.);
#2304=FACE_BOUND('',#2109,.T.);
#2305=FACE_BOUND('',#2110,.T.);
#2306=FACE_BOUND('',#2111,.T.);
#2307=FACE_BOUND('',#2112,.T.);
#2308=FACE_BOUND('',#2113,.T.);
#2309=FACE_BOUND('',#2114,.T.);
#2310=FACE_BOUND('',#2115,.T.);
#2311=FACE_BOUND('',#2116,.T.);
#2312=FACE_BOUND('',#2117,.T.);
#2313=FACE_BOUND('',#2118,.T.);
#2314=FACE_BOUND('',#2119,.T.);
#2315=FACE_BOUND('',#2120,.T.);
#2316=FACE_BOUND('',#2121,.T.);
#2317=FACE_BOUND('',#2122,.T.);
#2318=FACE_BOUND('',#2123,.T.);
#2319=FACE_BOUND('',#2124,.T.);
#2320=FACE_BOUND('',#2125,.T.);
#2321=FACE_BOUND('',#2126,.T.);
#2322=FACE_BOUND('',#2127,.T.);
#2323=FACE_BOUND('',#2128,.T.);
#2324=FACE_BOUND('',#2129,.T.);
#2325=FACE_BOUND('',#2130,.T.);
#2326=FACE_BOUND('',#2131,.T.);
#2327=FACE_BOUND('',#2132,.T.);
#2328=FACE_BOUND('',#2133,.T.);
#2329=FACE_BOUND('',#2134,.T.);
#2330=FACE_BOUND('',#2135,.T.);
#2331=FACE_BOUND('',#2136,.T.);
#2332=FACE_BOUND('',#2137,.T.);
#2333=FACE_BOUND('',#2138,.T.);
#2334=FACE_BOUND('',#2139,.T.);
#2335=FACE_BOUND('',#2140,.T.);
#2336=PLANE('',#3643);
#2337=PLANE('',#3650);
#2338=PLANE('',#3651);
#2339=PLANE('',#3654);
#2340=PLANE('',#3655);
#2341=PLANE('',#3657);
#2342=PLANE('',#3658);
#2343=PLANE('',#3660);
#2344=PLANE('',#3661);
#2345=PLANE('',#3662);
#2346=PLANE('',#3663);
#2347=PLANE('',#3664);
#2348=PLANE('',#3665);
#2349=PLANE('',#3666);
#2350=PLANE('',#3667);
#2351=PLANE('',#3668);
#2352=PLANE('',#3669);
#2353=PLANE('',#3670);
#2354=PLANE('',#3671);
#2355=PLANE('',#3673);
#2356=PLANE('',#3674);
#2357=PLANE('',#3675);
#2358=PLANE('',#3676);
#2359=PLANE('',#3677);
#2360=PLANE('',#3678);
#2361=PLANE('',#3679);
#2362=PLANE('',#3680);
#2363=PLANE('',#3681);
#2364=PLANE('',#3682);
#2365=PLANE('',#3684);
#2366=PLANE('',#3686);
#2367=PLANE('',#3688);
#2368=PLANE('',#3690);
#2369=PLANE('',#3692);
#2370=PLANE('',#3694);
#2371=PLANE('',#3696);
#2372=PLANE('',#3698);
#2373=PLANE('',#3700);
#2374=PLANE('',#3702);
#2375=PLANE('',#3704);
#2376=PLANE('',#3706);
#2377=PLANE('',#3708);
#2378=PLANE('',#3710);
#2379=PLANE('',#3713);
#2380=PLANE('',#3714);
#2381=PLANE('',#3715);
#2382=PLANE('',#3717);
#2383=PLANE('',#3718);
#2384=PLANE('',#3719);
#2385=PLANE('',#3720);
#2386=PLANE('',#3722);
#2387=PLANE('',#3723);
#2388=PLANE('',#3724);
#2389=PLANE('',#3725);
#2390=PLANE('',#3726);
#2391=PLANE('',#3727);
#2392=PLANE('',#3728);
#2393=PLANE('',#3729);
#2394=PLANE('',#3730);
#2395=PLANE('',#3731);
#2396=PLANE('',#3732);
#2397=PLANE('',#3733);
#2398=PLANE('',#3734);
#2399=PLANE('',#3735);
#2400=PLANE('',#3736);
#2401=PLANE('',#3737);
#2402=PLANE('',#3738);
#2403=PLANE('',#3739);
#2404=PLANE('',#3740);
#2405=PLANE('',#3741);
#2406=PLANE('',#3742);
#2407=PLANE('',#3743);
#2408=PLANE('',#3744);
#2409=PLANE('',#3745);
#2410=PLANE('',#3746);
#2411=PLANE('',#3747);
#2412=PLANE('',#3748);
#2413=PLANE('',#3749);
#2414=PLANE('',#3750);
#2415=PLANE('',#3751);
#2416=PLANE('',#3752);
#2417=PLANE('',#3754);
#2418=PLANE('',#3756);
#2419=PLANE('',#3757);
#2420=PLANE('',#3758);
#2421=PLANE('',#3759);
#2422=PLANE('',#3760);
#2423=PLANE('',#3761);
#2424=PLANE('',#3762);
#2425=PLANE('',#3763);
#2426=PLANE('',#3764);
#2427=PLANE('',#3765);
#2428=PLANE('',#3766);
#2429=PLANE('',#3767);
#2430=PLANE('',#3768);
#2431=PLANE('',#3769);
#2432=PLANE('',#3770);
#2433=PLANE('',#3771);
#2434=PLANE('',#3773);
#2435=PLANE('',#3774);
#2436=PLANE('',#3775);
#2437=PLANE('',#3776);
#2438=PLANE('',#3785);
#2439=PLANE('',#3787);
#2440=PLANE('',#3788);
#2441=PLANE('',#3789);
#2442=PLANE('',#3790);
#2443=PLANE('',#3791);
#2444=PLANE('',#3792);
#2445=PLANE('',#3793);
#2446=PLANE('',#3794);
#2447=PLANE('',#3795);
#2448=PLANE('',#3796);
#2449=PLANE('',#3797);
#2450=PLANE('',#3798);
#2451=PLANE('',#3799);
#2452=PLANE('',#3800);
#2453=PLANE('',#3801);
#2454=PLANE('',#3804);
#2455=PLANE('',#3805);
#2456=PLANE('',#3806);
#2457=PLANE('',#3807);
#2458=PLANE('',#3808);
#2459=STYLED_ITEM('',(#2606),#3491);
#2460=STYLED_ITEM('',(#2607),#3492);
#2461=STYLED_ITEM('',(#2608),#3493);
#2462=STYLED_ITEM('',(#2609),#3494);
#2463=STYLED_ITEM('',(#2610),#3495);
#2464=STYLED_ITEM('',(#2611),#3496);
#2465=STYLED_ITEM('',(#2612),#3497);
#2466=STYLED_ITEM('',(#2613),#3498);
#2467=STYLED_ITEM('',(#2614),#3499);
#2468=STYLED_ITEM('',(#2615),#3500);
#2469=STYLED_ITEM('',(#2616),#3501);
#2470=STYLED_ITEM('',(#2617),#3502);
#2471=STYLED_ITEM('',(#2618),#3503);
#2472=STYLED_ITEM('',(#2619),#3504);
#2473=STYLED_ITEM('',(#2620),#3505);
#2474=STYLED_ITEM('',(#2621),#3506);
#2475=STYLED_ITEM('',(#2622),#3507);
#2476=STYLED_ITEM('',(#2623),#3508);
#2477=STYLED_ITEM('',(#2624),#3509);
#2478=STYLED_ITEM('',(#2625),#3510);
#2479=STYLED_ITEM('',(#2626),#3511);
#2480=STYLED_ITEM('',(#2627),#3512);
#2481=STYLED_ITEM('',(#2628),#3513);
#2482=STYLED_ITEM('',(#2629),#3514);
#2483=STYLED_ITEM('',(#2630),#3515);
#2484=STYLED_ITEM('',(#2631),#3516);
#2485=STYLED_ITEM('',(#2632),#3517);
#2486=STYLED_ITEM('',(#2633),#3518);
#2487=STYLED_ITEM('',(#2634),#3519);
#2488=STYLED_ITEM('',(#2635),#3520);
#2489=STYLED_ITEM('',(#2636),#3521);
#2490=STYLED_ITEM('',(#2637),#3522);
#2491=STYLED_ITEM('',(#2638),#3523);
#2492=STYLED_ITEM('',(#2639),#3524);
#2493=STYLED_ITEM('',(#2640),#3525);
#2494=STYLED_ITEM('',(#2641),#3526);
#2495=STYLED_ITEM('',(#2642),#3527);
#2496=STYLED_ITEM('',(#2643),#3528);
#2497=STYLED_ITEM('',(#2644),#3529);
#2498=STYLED_ITEM('',(#2645),#3530);
#2499=STYLED_ITEM('',(#2646),#3531);
#2500=STYLED_ITEM('',(#2647),#3532);
#2501=STYLED_ITEM('',(#2648),#3533);
#2502=STYLED_ITEM('',(#2649),#3534);
#2503=STYLED_ITEM('',(#2650),#3535);
#2504=STYLED_ITEM('',(#2651),#3536);
#2505=STYLED_ITEM('',(#2652),#3537);
#2506=STYLED_ITEM('',(#2653),#3538);
#2507=STYLED_ITEM('',(#2654),#3539);
#2508=STYLED_ITEM('',(#2655),#3540);
#2509=STYLED_ITEM('',(#2656),#3541);
#2510=STYLED_ITEM('',(#2657),#3542);
#2511=STYLED_ITEM('',(#2658),#3543);
#2512=STYLED_ITEM('',(#2659),#3544);
#2513=STYLED_ITEM('',(#2660),#3545);
#2514=STYLED_ITEM('',(#2661),#3546);
#2515=STYLED_ITEM('',(#2662),#3547);
#2516=STYLED_ITEM('',(#2663),#3548);
#2517=STYLED_ITEM('',(#2664),#3549);
#2518=STYLED_ITEM('',(#2665),#3550);
#2519=STYLED_ITEM('',(#2666),#3551);
#2520=STYLED_ITEM('',(#2667),#3552);
#2521=STYLED_ITEM('',(#2668),#3553);
#2522=STYLED_ITEM('',(#2669),#3554);
#2523=STYLED_ITEM('',(#2670),#3555);
#2524=STYLED_ITEM('',(#2671),#3556);
#2525=STYLED_ITEM('',(#2672),#3557);
#2526=STYLED_ITEM('',(#2673),#3558);
#2527=STYLED_ITEM('',(#2674),#3559);
#2528=STYLED_ITEM('',(#2675),#3560);
#2529=STYLED_ITEM('',(#2676),#3561);
#2530=STYLED_ITEM('',(#2677),#3562);
#2531=STYLED_ITEM('',(#2678),#3563);
#2532=STYLED_ITEM('',(#2679),#3564);
#2533=STYLED_ITEM('',(#2680),#3565);
#2534=STYLED_ITEM('',(#2681),#3566);
#2535=STYLED_ITEM('',(#2682),#3567);
#2536=STYLED_ITEM('',(#2683),#3568);
#2537=STYLED_ITEM('',(#2684),#3569);
#2538=STYLED_ITEM('',(#2685),#3570);
#2539=STYLED_ITEM('',(#2686),#3571);
#2540=STYLED_ITEM('',(#2687),#3572);
#2541=STYLED_ITEM('',(#2688),#3573);
#2542=STYLED_ITEM('',(#2689),#3574);
#2543=STYLED_ITEM('',(#2690),#3575);
#2544=STYLED_ITEM('',(#2691),#3576);
#2545=STYLED_ITEM('',(#2692),#3577);
#2546=STYLED_ITEM('',(#2693),#3578);
#2547=STYLED_ITEM('',(#2694),#3579);
#2548=STYLED_ITEM('',(#2695),#3580);
#2549=STYLED_ITEM('',(#2696),#3581);
#2550=STYLED_ITEM('',(#2697),#3582);
#2551=STYLED_ITEM('',(#2698),#3583);
#2552=STYLED_ITEM('',(#2699),#3584);
#2553=STYLED_ITEM('',(#2700),#3585);
#2554=STYLED_ITEM('',(#2701),#3586);
#2555=STYLED_ITEM('',(#2702),#3587);
#2556=STYLED_ITEM('',(#2703),#3588);
#2557=STYLED_ITEM('',(#2704),#3589);
#2558=STYLED_ITEM('',(#2705),#3590);
#2559=STYLED_ITEM('',(#2706),#3591);
#2560=STYLED_ITEM('',(#2707),#3592);
#2561=STYLED_ITEM('',(#2708),#3593);
#2562=STYLED_ITEM('',(#2709),#3594);
#2563=STYLED_ITEM('',(#2710),#3595);
#2564=STYLED_ITEM('',(#2711),#3596);
#2565=STYLED_ITEM('',(#2712),#3597);
#2566=STYLED_ITEM('',(#2713),#3598);
#2567=STYLED_ITEM('',(#2714),#3599);
#2568=STYLED_ITEM('',(#2715),#3600);
#2569=STYLED_ITEM('',(#2716),#3601);
#2570=STYLED_ITEM('',(#2717),#3602);
#2571=STYLED_ITEM('',(#2718),#3603);
#2572=STYLED_ITEM('',(#2719),#3604);
#2573=STYLED_ITEM('',(#2720),#3605);
#2574=STYLED_ITEM('',(#2721),#3606);
#2575=STYLED_ITEM('',(#2722),#3607);
#2576=STYLED_ITEM('',(#2723),#3608);
#2577=STYLED_ITEM('',(#2724),#3609);
#2578=STYLED_ITEM('',(#2725),#3610);
#2579=STYLED_ITEM('',(#2726),#3611);
#2580=STYLED_ITEM('',(#2727),#3612);
#2581=STYLED_ITEM('',(#2728),#3613);
#2582=STYLED_ITEM('',(#2729),#3614);
#2583=STYLED_ITEM('',(#2730),#3615);
#2584=STYLED_ITEM('',(#2731),#3616);
#2585=STYLED_ITEM('',(#2732),#3617);
#2586=STYLED_ITEM('',(#2733),#3618);
#2587=STYLED_ITEM('',(#2734),#3619);
#2588=STYLED_ITEM('',(#2735),#3620);
#2589=STYLED_ITEM('',(#2736),#3621);
#2590=STYLED_ITEM('',(#2737),#3622);
#2591=STYLED_ITEM('',(#2738),#3623);
#2592=STYLED_ITEM('',(#2739),#3624);
#2593=STYLED_ITEM('',(#2740),#3625);
#2594=STYLED_ITEM('',(#2741),#3626);
#2595=STYLED_ITEM('',(#2742),#3627);
#2596=STYLED_ITEM('',(#2743),#3628);
#2597=STYLED_ITEM('',(#2744),#3629);
#2598=STYLED_ITEM('',(#2745),#3630);
#2599=STYLED_ITEM('',(#2746),#3631);
#2600=STYLED_ITEM('',(#2747),#3632);
#2601=STYLED_ITEM('',(#2748),#3633);
#2602=STYLED_ITEM('',(#2749),#3634);
#2603=STYLED_ITEM('',(#2750),#3635);
#2604=STYLED_ITEM('',(#2751),#3636);
#2605=STYLED_ITEM('',(#2752),#3637);
#2606=PRESENTATION_STYLE_ASSIGNMENT((#2753));
#2607=PRESENTATION_STYLE_ASSIGNMENT((#2754));
#2608=PRESENTATION_STYLE_ASSIGNMENT((#2755));
#2609=PRESENTATION_STYLE_ASSIGNMENT((#2756));
#2610=PRESENTATION_STYLE_ASSIGNMENT((#2757));
#2611=PRESENTATION_STYLE_ASSIGNMENT((#2758));
#2612=PRESENTATION_STYLE_ASSIGNMENT((#2759));
#2613=PRESENTATION_STYLE_ASSIGNMENT((#2760));
#2614=PRESENTATION_STYLE_ASSIGNMENT((#2761));
#2615=PRESENTATION_STYLE_ASSIGNMENT((#2762));
#2616=PRESENTATION_STYLE_ASSIGNMENT((#2763));
#2617=PRESENTATION_STYLE_ASSIGNMENT((#2764));
#2618=PRESENTATION_STYLE_ASSIGNMENT((#2765));
#2619=PRESENTATION_STYLE_ASSIGNMENT((#2766));
#2620=PRESENTATION_STYLE_ASSIGNMENT((#2767));
#2621=PRESENTATION_STYLE_ASSIGNMENT((#2768));
#2622=PRESENTATION_STYLE_ASSIGNMENT((#2769));
#2623=PRESENTATION_STYLE_ASSIGNMENT((#2770));
#2624=PRESENTATION_STYLE_ASSIGNMENT((#2771));
#2625=PRESENTATION_STYLE_ASSIGNMENT((#2772));
#2626=PRESENTATION_STYLE_ASSIGNMENT((#2773));
#2627=PRESENTATION_STYLE_ASSIGNMENT((#2774));
#2628=PRESENTATION_STYLE_ASSIGNMENT((#2775));
#2629=PRESENTATION_STYLE_ASSIGNMENT((#2776));
#2630=PRESENTATION_STYLE_ASSIGNMENT((#2777));
#2631=PRESENTATION_STYLE_ASSIGNMENT((#2778));
#2632=PRESENTATION_STYLE_ASSIGNMENT((#2779));
#2633=PRESENTATION_STYLE_ASSIGNMENT((#2780));
#2634=PRESENTATION_STYLE_ASSIGNMENT((#2781));
#2635=PRESENTATION_STYLE_ASSIGNMENT((#2782));
#2636=PRESENTATION_STYLE_ASSIGNMENT((#2783));
#2637=PRESENTATION_STYLE_ASSIGNMENT((#2784));
#2638=PRESENTATION_STYLE_ASSIGNMENT((#2785));
#2639=PRESENTATION_STYLE_ASSIGNMENT((#2786));
#2640=PRESENTATION_STYLE_ASSIGNMENT((#2787));
#2641=PRESENTATION_STYLE_ASSIGNMENT((#2788));
#2642=PRESENTATION_STYLE_ASSIGNMENT((#2789));
#2643=PRESENTATION_STYLE_ASSIGNMENT((#2790));
#2644=PRESENTATION_STYLE_ASSIGNMENT((#2791));
#2645=PRESENTATION_STYLE_ASSIGNMENT((#2792));
#2646=PRESENTATION_STYLE_ASSIGNMENT((#2793));
#2647=PRESENTATION_STYLE_ASSIGNMENT((#2794));
#2648=PRESENTATION_STYLE_ASSIGNMENT((#2795));
#2649=PRESENTATION_STYLE_ASSIGNMENT((#2796));
#2650=PRESENTATION_STYLE_ASSIGNMENT((#2797));
#2651=PRESENTATION_STYLE_ASSIGNMENT((#2798));
#2652=PRESENTATION_STYLE_ASSIGNMENT((#2799));
#2653=PRESENTATION_STYLE_ASSIGNMENT((#2800));
#2654=PRESENTATION_STYLE_ASSIGNMENT((#2801));
#2655=PRESENTATION_STYLE_ASSIGNMENT((#2802));
#2656=PRESENTATION_STYLE_ASSIGNMENT((#2803));
#2657=PRESENTATION_STYLE_ASSIGNMENT((#2804));
#2658=PRESENTATION_STYLE_ASSIGNMENT((#2805));
#2659=PRESENTATION_STYLE_ASSIGNMENT((#2806));
#2660=PRESENTATION_STYLE_ASSIGNMENT((#2807));
#2661=PRESENTATION_STYLE_ASSIGNMENT((#2808));
#2662=PRESENTATION_STYLE_ASSIGNMENT((#2809));
#2663=PRESENTATION_STYLE_ASSIGNMENT((#2810));
#2664=PRESENTATION_STYLE_ASSIGNMENT((#2811));
#2665=PRESENTATION_STYLE_ASSIGNMENT((#2812));
#2666=PRESENTATION_STYLE_ASSIGNMENT((#2813));
#2667=PRESENTATION_STYLE_ASSIGNMENT((#2814));
#2668=PRESENTATION_STYLE_ASSIGNMENT((#2815));
#2669=PRESENTATION_STYLE_ASSIGNMENT((#2816));
#2670=PRESENTATION_STYLE_ASSIGNMENT((#2817));
#2671=PRESENTATION_STYLE_ASSIGNMENT((#2818));
#2672=PRESENTATION_STYLE_ASSIGNMENT((#2819));
#2673=PRESENTATION_STYLE_ASSIGNMENT((#2820));
#2674=PRESENTATION_STYLE_ASSIGNMENT((#2821));
#2675=PRESENTATION_STYLE_ASSIGNMENT((#2822));
#2676=PRESENTATION_STYLE_ASSIGNMENT((#2823));
#2677=PRESENTATION_STYLE_ASSIGNMENT((#2824));
#2678=PRESENTATION_STYLE_ASSIGNMENT((#2825));
#2679=PRESENTATION_STYLE_ASSIGNMENT((#2826));
#2680=PRESENTATION_STYLE_ASSIGNMENT((#2827));
#2681=PRESENTATION_STYLE_ASSIGNMENT((#2828));
#2682=PRESENTATION_STYLE_ASSIGNMENT((#2829));
#2683=PRESENTATION_STYLE_ASSIGNMENT((#2830));
#2684=PRESENTATION_STYLE_ASSIGNMENT((#2831));
#2685=PRESENTATION_STYLE_ASSIGNMENT((#2832));
#2686=PRESENTATION_STYLE_ASSIGNMENT((#2833));
#2687=PRESENTATION_STYLE_ASSIGNMENT((#2834));
#2688=PRESENTATION_STYLE_ASSIGNMENT((#2835));
#2689=PRESENTATION_STYLE_ASSIGNMENT((#2836));
#2690=PRESENTATION_STYLE_ASSIGNMENT((#2837));
#2691=PRESENTATION_STYLE_ASSIGNMENT((#2838));
#2692=PRESENTATION_STYLE_ASSIGNMENT((#2839));
#2693=PRESENTATION_STYLE_ASSIGNMENT((#2840));
#2694=PRESENTATION_STYLE_ASSIGNMENT((#2841));
#2695=PRESENTATION_STYLE_ASSIGNMENT((#2842));
#2696=PRESENTATION_STYLE_ASSIGNMENT((#2843));
#2697=PRESENTATION_STYLE_ASSIGNMENT((#2844));
#2698=PRESENTATION_STYLE_ASSIGNMENT((#2845));
#2699=PRESENTATION_STYLE_ASSIGNMENT((#2846));
#2700=PRESENTATION_STYLE_ASSIGNMENT((#2847));
#2701=PRESENTATION_STYLE_ASSIGNMENT((#2848));
#2702=PRESENTATION_STYLE_ASSIGNMENT((#2849));
#2703=PRESENTATION_STYLE_ASSIGNMENT((#2850));
#2704=PRESENTATION_STYLE_ASSIGNMENT((#2851));
#2705=PRESENTATION_STYLE_ASSIGNMENT((#2852));
#2706=PRESENTATION_STYLE_ASSIGNMENT((#2853));
#2707=PRESENTATION_STYLE_ASSIGNMENT((#2854));
#2708=PRESENTATION_STYLE_ASSIGNMENT((#2855));
#2709=PRESENTATION_STYLE_ASSIGNMENT((#2856));
#2710=PRESENTATION_STYLE_ASSIGNMENT((#2857));
#2711=PRESENTATION_STYLE_ASSIGNMENT((#2858));
#2712=PRESENTATION_STYLE_ASSIGNMENT((#2859));
#2713=PRESENTATION_STYLE_ASSIGNMENT((#2860));
#2714=PRESENTATION_STYLE_ASSIGNMENT((#2861));
#2715=PRESENTATION_STYLE_ASSIGNMENT((#2862));
#2716=PRESENTATION_STYLE_ASSIGNMENT((#2863));
#2717=PRESENTATION_STYLE_ASSIGNMENT((#2864));
#2718=PRESENTATION_STYLE_ASSIGNMENT((#2865));
#2719=PRESENTATION_STYLE_ASSIGNMENT((#2866));
#2720=PRESENTATION_STYLE_ASSIGNMENT((#2867));
#2721=PRESENTATION_STYLE_ASSIGNMENT((#2868));
#2722=PRESENTATION_STYLE_ASSIGNMENT((#2869));
#2723=PRESENTATION_STYLE_ASSIGNMENT((#2870));
#2724=PRESENTATION_STYLE_ASSIGNMENT((#2871));
#2725=PRESENTATION_STYLE_ASSIGNMENT((#2872));
#2726=PRESENTATION_STYLE_ASSIGNMENT((#2873));
#2727=PRESENTATION_STYLE_ASSIGNMENT((#2874));
#2728=PRESENTATION_STYLE_ASSIGNMENT((#2875));
#2729=PRESENTATION_STYLE_ASSIGNMENT((#2876));
#2730=PRESENTATION_STYLE_ASSIGNMENT((#2877));
#2731=PRESENTATION_STYLE_ASSIGNMENT((#2878));
#2732=PRESENTATION_STYLE_ASSIGNMENT((#2879));
#2733=PRESENTATION_STYLE_ASSIGNMENT((#2880));
#2734=PRESENTATION_STYLE_ASSIGNMENT((#2881));
#2735=PRESENTATION_STYLE_ASSIGNMENT((#2882));
#2736=PRESENTATION_STYLE_ASSIGNMENT((#2883));
#2737=PRESENTATION_STYLE_ASSIGNMENT((#2884));
#2738=PRESENTATION_STYLE_ASSIGNMENT((#2885));
#2739=PRESENTATION_STYLE_ASSIGNMENT((#2886));
#2740=PRESENTATION_STYLE_ASSIGNMENT((#2887));
#2741=PRESENTATION_STYLE_ASSIGNMENT((#2888));
#2742=PRESENTATION_STYLE_ASSIGNMENT((#2889));
#2743=PRESENTATION_STYLE_ASSIGNMENT((#2890));
#2744=PRESENTATION_STYLE_ASSIGNMENT((#2891));
#2745=PRESENTATION_STYLE_ASSIGNMENT((#2892));
#2746=PRESENTATION_STYLE_ASSIGNMENT((#2893));
#2747=PRESENTATION_STYLE_ASSIGNMENT((#2894));
#2748=PRESENTATION_STYLE_ASSIGNMENT((#2895));
#2749=PRESENTATION_STYLE_ASSIGNMENT((#2896));
#2750=PRESENTATION_STYLE_ASSIGNMENT((#2897));
#2751=PRESENTATION_STYLE_ASSIGNMENT((#2898));
#2752=PRESENTATION_STYLE_ASSIGNMENT((#2899));
#2753=SURFACE_STYLE_USAGE(.BOTH.,#2900);
#2754=SURFACE_STYLE_USAGE(.BOTH.,#2901);
#2755=SURFACE_STYLE_USAGE(.BOTH.,#2902);
#2756=SURFACE_STYLE_USAGE(.BOTH.,#2903);
#2757=SURFACE_STYLE_USAGE(.BOTH.,#2904);
#2758=SURFACE_STYLE_USAGE(.BOTH.,#2905);
#2759=SURFACE_STYLE_USAGE(.BOTH.,#2906);
#2760=SURFACE_STYLE_USAGE(.BOTH.,#2907);
#2761=SURFACE_STYLE_USAGE(.BOTH.,#2908);
#2762=SURFACE_STYLE_USAGE(.BOTH.,#2909);
#2763=SURFACE_STYLE_USAGE(.BOTH.,#2910);
#2764=SURFACE_STYLE_USAGE(.BOTH.,#2911);
#2765=SURFACE_STYLE_USAGE(.BOTH.,#2912);
#2766=SURFACE_STYLE_USAGE(.BOTH.,#2913);
#2767=SURFACE_STYLE_USAGE(.BOTH.,#2914);
#2768=SURFACE_STYLE_USAGE(.BOTH.,#2915);
#2769=SURFACE_STYLE_USAGE(.BOTH.,#2916);
#2770=SURFACE_STYLE_USAGE(.BOTH.,#2917);
#2771=SURFACE_STYLE_USAGE(.BOTH.,#2918);
#2772=SURFACE_STYLE_USAGE(.BOTH.,#2919);
#2773=SURFACE_STYLE_USAGE(.BOTH.,#2920);
#2774=SURFACE_STYLE_USAGE(.BOTH.,#2921);
#2775=SURFACE_STYLE_USAGE(.BOTH.,#2922);
#2776=SURFACE_STYLE_USAGE(.BOTH.,#2923);
#2777=SURFACE_STYLE_USAGE(.BOTH.,#2924);
#2778=SURFACE_STYLE_USAGE(.BOTH.,#2925);
#2779=SURFACE_STYLE_USAGE(.BOTH.,#2926);
#2780=SURFACE_STYLE_USAGE(.BOTH.,#2927);
#2781=SURFACE_STYLE_USAGE(.BOTH.,#2928);
#2782=SURFACE_STYLE_USAGE(.BOTH.,#2929);
#2783=SURFACE_STYLE_USAGE(.BOTH.,#2930);
#2784=SURFACE_STYLE_USAGE(.BOTH.,#2931);
#2785=SURFACE_STYLE_USAGE(.BOTH.,#2932);
#2786=SURFACE_STYLE_USAGE(.BOTH.,#2933);
#2787=SURFACE_STYLE_USAGE(.BOTH.,#2934);
#2788=SURFACE_STYLE_USAGE(.BOTH.,#2935);
#2789=SURFACE_STYLE_USAGE(.BOTH.,#2936);
#2790=SURFACE_STYLE_USAGE(.BOTH.,#2937);
#2791=SURFACE_STYLE_USAGE(.BOTH.,#2938);
#2792=SURFACE_STYLE_USAGE(.BOTH.,#2939);
#2793=SURFACE_STYLE_USAGE(.BOTH.,#2940);
#2794=SURFACE_STYLE_USAGE(.BOTH.,#2941);
#2795=SURFACE_STYLE_USAGE(.BOTH.,#2942);
#2796=SURFACE_STYLE_USAGE(.BOTH.,#2943);
#2797=SURFACE_STYLE_USAGE(.BOTH.,#2944);
#2798=SURFACE_STYLE_USAGE(.BOTH.,#2945);
#2799=SURFACE_STYLE_USAGE(.BOTH.,#2946);
#2800=SURFACE_STYLE_USAGE(.BOTH.,#2947);
#2801=SURFACE_STYLE_USAGE(.BOTH.,#2948);
#2802=SURFACE_STYLE_USAGE(.BOTH.,#2949);
#2803=SURFACE_STYLE_USAGE(.BOTH.,#2950);
#2804=SURFACE_STYLE_USAGE(.BOTH.,#2951);
#2805=SURFACE_STYLE_USAGE(.BOTH.,#2952);
#2806=SURFACE_STYLE_USAGE(.BOTH.,#2953);
#2807=SURFACE_STYLE_USAGE(.BOTH.,#2954);
#2808=SURFACE_STYLE_USAGE(.BOTH.,#2955);
#2809=SURFACE_STYLE_USAGE(.BOTH.,#2956);
#2810=SURFACE_STYLE_USAGE(.BOTH.,#2957);
#2811=SURFACE_STYLE_USAGE(.BOTH.,#2958);
#2812=SURFACE_STYLE_USAGE(.BOTH.,#2959);
#2813=SURFACE_STYLE_USAGE(.BOTH.,#2960);
#2814=SURFACE_STYLE_USAGE(.BOTH.,#2961);
#2815=SURFACE_STYLE_USAGE(.BOTH.,#2962);
#2816=SURFACE_STYLE_USAGE(.BOTH.,#2963);
#2817=SURFACE_STYLE_USAGE(.BOTH.,#2964);
#2818=SURFACE_STYLE_USAGE(.BOTH.,#2965);
#2819=SURFACE_STYLE_USAGE(.BOTH.,#2966);
#2820=SURFACE_STYLE_USAGE(.BOTH.,#2967);
#2821=SURFACE_STYLE_USAGE(.BOTH.,#2968);
#2822=SURFACE_STYLE_USAGE(.BOTH.,#2969);
#2823=SURFACE_STYLE_USAGE(.BOTH.,#2970);
#2824=SURFACE_STYLE_USAGE(.BOTH.,#2971);
#2825=SURFACE_STYLE_USAGE(.BOTH.,#2972);
#2826=SURFACE_STYLE_USAGE(.BOTH.,#2973);
#2827=SURFACE_STYLE_USAGE(.BOTH.,#2974);
#2828=SURFACE_STYLE_USAGE(.BOTH.,#2975);
#2829=SURFACE_STYLE_USAGE(.BOTH.,#2976);
#2830=SURFACE_STYLE_USAGE(.BOTH.,#2977);
#2831=SURFACE_STYLE_USAGE(.BOTH.,#2978);
#2832=SURFACE_STYLE_USAGE(.BOTH.,#2979);
#2833=SURFACE_STYLE_USAGE(.BOTH.,#2980);
#2834=SURFACE_STYLE_USAGE(.BOTH.,#2981);
#2835=SURFACE_STYLE_USAGE(.BOTH.,#2982);
#2836=SURFACE_STYLE_USAGE(.BOTH.,#2983);
#2837=SURFACE_STYLE_USAGE(.BOTH.,#2984);
#2838=SURFACE_STYLE_USAGE(.BOTH.,#2985);
#2839=SURFACE_STYLE_USAGE(.BOTH.,#2986);
#2840=SURFACE_STYLE_USAGE(.BOTH.,#2987);
#2841=SURFACE_STYLE_USAGE(.BOTH.,#2988);
#2842=SURFACE_STYLE_USAGE(.BOTH.,#2989);
#2843=SURFACE_STYLE_USAGE(.BOTH.,#2990);
#2844=SURFACE_STYLE_USAGE(.BOTH.,#2991);
#2845=SURFACE_STYLE_USAGE(.BOTH.,#2992);
#2846=SURFACE_STYLE_USAGE(.BOTH.,#2993);
#2847=SURFACE_STYLE_USAGE(.BOTH.,#2994);
#2848=SURFACE_STYLE_USAGE(.BOTH.,#2995);
#2849=SURFACE_STYLE_USAGE(.BOTH.,#2996);
#2850=SURFACE_STYLE_USAGE(.BOTH.,#2997);
#2851=SURFACE_STYLE_USAGE(.BOTH.,#2998);
#2852=SURFACE_STYLE_USAGE(.BOTH.,#2999);
#2853=SURFACE_STYLE_USAGE(.BOTH.,#3000);
#2854=SURFACE_STYLE_USAGE(.BOTH.,#3001);
#2855=SURFACE_STYLE_USAGE(.BOTH.,#3002);
#2856=SURFACE_STYLE_USAGE(.BOTH.,#3003);
#2857=SURFACE_STYLE_USAGE(.BOTH.,#3004);
#2858=SURFACE_STYLE_USAGE(.BOTH.,#3005);
#2859=SURFACE_STYLE_USAGE(.BOTH.,#3006);
#2860=SURFACE_STYLE_USAGE(.BOTH.,#3007);
#2861=SURFACE_STYLE_USAGE(.BOTH.,#3008);
#2862=SURFACE_STYLE_USAGE(.BOTH.,#3009);
#2863=SURFACE_STYLE_USAGE(.BOTH.,#3010);
#2864=SURFACE_STYLE_USAGE(.BOTH.,#3011);
#2865=SURFACE_STYLE_USAGE(.BOTH.,#3012);
#2866=SURFACE_STYLE_USAGE(.BOTH.,#3013);
#2867=SURFACE_STYLE_USAGE(.BOTH.,#3014);
#2868=SURFACE_STYLE_USAGE(.BOTH.,#3015);
#2869=SURFACE_STYLE_USAGE(.BOTH.,#3016);
#2870=SURFACE_STYLE_USAGE(.BOTH.,#3017);
#2871=SURFACE_STYLE_USAGE(.BOTH.,#3018);
#2872=SURFACE_STYLE_USAGE(.BOTH.,#3019);
#2873=SURFACE_STYLE_USAGE(.BOTH.,#3020);
#2874=SURFACE_STYLE_USAGE(.BOTH.,#3021);
#2875=SURFACE_STYLE_USAGE(.BOTH.,#3022);
#2876=SURFACE_STYLE_USAGE(.BOTH.,#3023);
#2877=SURFACE_STYLE_USAGE(.BOTH.,#3024);
#2878=SURFACE_STYLE_USAGE(.BOTH.,#3025);
#2879=SURFACE_STYLE_USAGE(.BOTH.,#3026);
#2880=SURFACE_STYLE_USAGE(.BOTH.,#3027);
#2881=SURFACE_STYLE_USAGE(.BOTH.,#3028);
#2882=SURFACE_STYLE_USAGE(.BOTH.,#3029);
#2883=SURFACE_STYLE_USAGE(.BOTH.,#3030);
#2884=SURFACE_STYLE_USAGE(.BOTH.,#3031);
#2885=SURFACE_STYLE_USAGE(.BOTH.,#3032);
#2886=SURFACE_STYLE_USAGE(.BOTH.,#3033);
#2887=SURFACE_STYLE_USAGE(.BOTH.,#3034);
#2888=SURFACE_STYLE_USAGE(.BOTH.,#3035);
#2889=SURFACE_STYLE_USAGE(.BOTH.,#3036);
#2890=SURFACE_STYLE_USAGE(.BOTH.,#3037);
#2891=SURFACE_STYLE_USAGE(.BOTH.,#3038);
#2892=SURFACE_STYLE_USAGE(.BOTH.,#3039);
#2893=SURFACE_STYLE_USAGE(.BOTH.,#3040);
#2894=SURFACE_STYLE_USAGE(.BOTH.,#3041);
#2895=SURFACE_STYLE_USAGE(.BOTH.,#3042);
#2896=SURFACE_STYLE_USAGE(.BOTH.,#3043);
#2897=SURFACE_STYLE_USAGE(.BOTH.,#3044);
#2898=SURFACE_STYLE_USAGE(.BOTH.,#3045);
#2899=SURFACE_STYLE_USAGE(.BOTH.,#3046);
#2900=SURFACE_SIDE_STYLE('',(#3047));
#2901=SURFACE_SIDE_STYLE('',(#3048));
#2902=SURFACE_SIDE_STYLE('',(#3049));
#2903=SURFACE_SIDE_STYLE('',(#3050));
#2904=SURFACE_SIDE_STYLE('',(#3051));
#2905=SURFACE_SIDE_STYLE('',(#3052));
#2906=SURFACE_SIDE_STYLE('',(#3053));
#2907=SURFACE_SIDE_STYLE('',(#3054));
#2908=SURFACE_SIDE_STYLE('',(#3055));
#2909=SURFACE_SIDE_STYLE('',(#3056));
#2910=SURFACE_SIDE_STYLE('',(#3057));
#2911=SURFACE_SIDE_STYLE('',(#3058));
#2912=SURFACE_SIDE_STYLE('',(#3059));
#2913=SURFACE_SIDE_STYLE('',(#3060));
#2914=SURFACE_SIDE_STYLE('',(#3061));
#2915=SURFACE_SIDE_STYLE('',(#3062));
#2916=SURFACE_SIDE_STYLE('',(#3063));
#2917=SURFACE_SIDE_STYLE('',(#3064));
#2918=SURFACE_SIDE_STYLE('',(#3065));
#2919=SURFACE_SIDE_STYLE('',(#3066));
#2920=SURFACE_SIDE_STYLE('',(#3067));
#2921=SURFACE_SIDE_STYLE('',(#3068));
#2922=SURFACE_SIDE_STYLE('',(#3069));
#2923=SURFACE_SIDE_STYLE('',(#3070));
#2924=SURFACE_SIDE_STYLE('',(#3071));
#2925=SURFACE_SIDE_STYLE('',(#3072));
#2926=SURFACE_SIDE_STYLE('',(#3073));
#2927=SURFACE_SIDE_STYLE('',(#3074));
#2928=SURFACE_SIDE_STYLE('',(#3075));
#2929=SURFACE_SIDE_STYLE('',(#3076));
#2930=SURFACE_SIDE_STYLE('',(#3077));
#2931=SURFACE_SIDE_STYLE('',(#3078));
#2932=SURFACE_SIDE_STYLE('',(#3079));
#2933=SURFACE_SIDE_STYLE('',(#3080));
#2934=SURFACE_SIDE_STYLE('',(#3081));
#2935=SURFACE_SIDE_STYLE('',(#3082));
#2936=SURFACE_SIDE_STYLE('',(#3083));
#2937=SURFACE_SIDE_STYLE('',(#3084));
#2938=SURFACE_SIDE_STYLE('',(#3085));
#2939=SURFACE_SIDE_STYLE('',(#3086));
#2940=SURFACE_SIDE_STYLE('',(#3087));
#2941=SURFACE_SIDE_STYLE('',(#3088));
#2942=SURFACE_SIDE_STYLE('',(#3089));
#2943=SURFACE_SIDE_STYLE('',(#3090));
#2944=SURFACE_SIDE_STYLE('',(#3091));
#2945=SURFACE_SIDE_STYLE('',(#3092));
#2946=SURFACE_SIDE_STYLE('',(#3093));
#2947=SURFACE_SIDE_STYLE('',(#3094));
#2948=SURFACE_SIDE_STYLE('',(#3095));
#2949=SURFACE_SIDE_STYLE('',(#3096));
#2950=SURFACE_SIDE_STYLE('',(#3097));
#2951=SURFACE_SIDE_STYLE('',(#3098));
#2952=SURFACE_SIDE_STYLE('',(#3099));
#2953=SURFACE_SIDE_STYLE('',(#3100));
#2954=SURFACE_SIDE_STYLE('',(#3101));
#2955=SURFACE_SIDE_STYLE('',(#3102));
#2956=SURFACE_SIDE_STYLE('',(#3103));
#2957=SURFACE_SIDE_STYLE('',(#3104));
#2958=SURFACE_SIDE_STYLE('',(#3105));
#2959=SURFACE_SIDE_STYLE('',(#3106));
#2960=SURFACE_SIDE_STYLE('',(#3107));
#2961=SURFACE_SIDE_STYLE('',(#3108));
#2962=SURFACE_SIDE_STYLE('',(#3109));
#2963=SURFACE_SIDE_STYLE('',(#3110));
#2964=SURFACE_SIDE_STYLE('',(#3111));
#2965=SURFACE_SIDE_STYLE('',(#3112));
#2966=SURFACE_SIDE_STYLE('',(#3113));
#2967=SURFACE_SIDE_STYLE('',(#3114));
#2968=SURFACE_SIDE_STYLE('',(#3115));
#2969=SURFACE_SIDE_STYLE('',(#3116));
#2970=SURFACE_SIDE_STYLE('',(#3117));
#2971=SURFACE_SIDE_STYLE('',(#3118));
#2972=SURFACE_SIDE_STYLE('',(#3119));
#2973=SURFACE_SIDE_STYLE('',(#3120));
#2974=SURFACE_SIDE_STYLE('',(#3121));
#2975=SURFACE_SIDE_STYLE('',(#3122));
#2976=SURFACE_SIDE_STYLE('',(#3123));
#2977=SURFACE_SIDE_STYLE('',(#3124));
#2978=SURFACE_SIDE_STYLE('',(#3125));
#2979=SURFACE_SIDE_STYLE('',(#3126));
#2980=SURFACE_SIDE_STYLE('',(#3127));
#2981=SURFACE_SIDE_STYLE('',(#3128));
#2982=SURFACE_SIDE_STYLE('',(#3129));
#2983=SURFACE_SIDE_STYLE('',(#3130));
#2984=SURFACE_SIDE_STYLE('',(#3131));
#2985=SURFACE_SIDE_STYLE('',(#3132));
#2986=SURFACE_SIDE_STYLE('',(#3133));
#2987=SURFACE_SIDE_STYLE('',(#3134));
#2988=SURFACE_SIDE_STYLE('',(#3135));
#2989=SURFACE_SIDE_STYLE('',(#3136));
#2990=SURFACE_SIDE_STYLE('',(#3137));
#2991=SURFACE_SIDE_STYLE('',(#3138));
#2992=SURFACE_SIDE_STYLE('',(#3139));
#2993=SURFACE_SIDE_STYLE('',(#3140));
#2994=SURFACE_SIDE_STYLE('',(#3141));
#2995=SURFACE_SIDE_STYLE('',(#3142));
#2996=SURFACE_SIDE_STYLE('',(#3143));
#2997=SURFACE_SIDE_STYLE('',(#3144));
#2998=SURFACE_SIDE_STYLE('',(#3145));
#2999=SURFACE_SIDE_STYLE('',(#3146));
#3000=SURFACE_SIDE_STYLE('',(#3147));
#3001=SURFACE_SIDE_STYLE('',(#3148));
#3002=SURFACE_SIDE_STYLE('',(#3149));
#3003=SURFACE_SIDE_STYLE('',(#3150));
#3004=SURFACE_SIDE_STYLE('',(#3151));
#3005=SURFACE_SIDE_STYLE('',(#3152));
#3006=SURFACE_SIDE_STYLE('',(#3153));
#3007=SURFACE_SIDE_STYLE('',(#3154));
#3008=SURFACE_SIDE_STYLE('',(#3155));
#3009=SURFACE_SIDE_STYLE('',(#3156));
#3010=SURFACE_SIDE_STYLE('',(#3157));
#3011=SURFACE_SIDE_STYLE('',(#3158));
#3012=SURFACE_SIDE_STYLE('',(#3159));
#3013=SURFACE_SIDE_STYLE('',(#3160));
#3014=SURFACE_SIDE_STYLE('',(#3161));
#3015=SURFACE_SIDE_STYLE('',(#3162));
#3016=SURFACE_SIDE_STYLE('',(#3163));
#3017=SURFACE_SIDE_STYLE('',(#3164));
#3018=SURFACE_SIDE_STYLE('',(#3165));
#3019=SURFACE_SIDE_STYLE('',(#3166));
#3020=SURFACE_SIDE_STYLE('',(#3167));
#3021=SURFACE_SIDE_STYLE('',(#3168));
#3022=SURFACE_SIDE_STYLE('',(#3169));
#3023=SURFACE_SIDE_STYLE('',(#3170));
#3024=SURFACE_SIDE_STYLE('',(#3171));
#3025=SURFACE_SIDE_STYLE('',(#3172));
#3026=SURFACE_SIDE_STYLE('',(#3173));
#3027=SURFACE_SIDE_STYLE('',(#3174));
#3028=SURFACE_SIDE_STYLE('',(#3175));
#3029=SURFACE_SIDE_STYLE('',(#3176));
#3030=SURFACE_SIDE_STYLE('',(#3177));
#3031=SURFACE_SIDE_STYLE('',(#3178));
#3032=SURFACE_SIDE_STYLE('',(#3179));
#3033=SURFACE_SIDE_STYLE('',(#3180));
#3034=SURFACE_SIDE_STYLE('',(#3181));
#3035=SURFACE_SIDE_STYLE('',(#3182));
#3036=SURFACE_SIDE_STYLE('',(#3183));
#3037=SURFACE_SIDE_STYLE('',(#3184));
#3038=SURFACE_SIDE_STYLE('',(#3185));
#3039=SURFACE_SIDE_STYLE('',(#3186));
#3040=SURFACE_SIDE_STYLE('',(#3187));
#3041=SURFACE_SIDE_STYLE('',(#3188));
#3042=SURFACE_SIDE_STYLE('',(#3189));
#3043=SURFACE_SIDE_STYLE('',(#3190));
#3044=SURFACE_SIDE_STYLE('',(#3191));
#3045=SURFACE_SIDE_STYLE('',(#3192));
#3046=SURFACE_SIDE_STYLE('',(#3193));
#3047=SURFACE_STYLE_FILL_AREA(#3194);
#3048=SURFACE_STYLE_FILL_AREA(#3195);
#3049=SURFACE_STYLE_FILL_AREA(#3196);
#3050=SURFACE_STYLE_FILL_AREA(#3197);
#3051=SURFACE_STYLE_FILL_AREA(#3198);
#3052=SURFACE_STYLE_FILL_AREA(#3199);
#3053=SURFACE_STYLE_FILL_AREA(#3200);
#3054=SURFACE_STYLE_FILL_AREA(#3201);
#3055=SURFACE_STYLE_FILL_AREA(#3202);
#3056=SURFACE_STYLE_FILL_AREA(#3203);
#3057=SURFACE_STYLE_FILL_AREA(#3204);
#3058=SURFACE_STYLE_FILL_AREA(#3205);
#3059=SURFACE_STYLE_FILL_AREA(#3206);
#3060=SURFACE_STYLE_FILL_AREA(#3207);
#3061=SURFACE_STYLE_FILL_AREA(#3208);
#3062=SURFACE_STYLE_FILL_AREA(#3209);
#3063=SURFACE_STYLE_FILL_AREA(#3210);
#3064=SURFACE_STYLE_FILL_AREA(#3211);
#3065=SURFACE_STYLE_FILL_AREA(#3212);
#3066=SURFACE_STYLE_FILL_AREA(#3213);
#3067=SURFACE_STYLE_FILL_AREA(#3214);
#3068=SURFACE_STYLE_FILL_AREA(#3215);
#3069=SURFACE_STYLE_FILL_AREA(#3216);
#3070=SURFACE_STYLE_FILL_AREA(#3217);
#3071=SURFACE_STYLE_FILL_AREA(#3218);
#3072=SURFACE_STYLE_FILL_AREA(#3219);
#3073=SURFACE_STYLE_FILL_AREA(#3220);
#3074=SURFACE_STYLE_FILL_AREA(#3221);
#3075=SURFACE_STYLE_FILL_AREA(#3222);
#3076=SURFACE_STYLE_FILL_AREA(#3223);
#3077=SURFACE_STYLE_FILL_AREA(#3224);
#3078=SURFACE_STYLE_FILL_AREA(#3225);
#3079=SURFACE_STYLE_FILL_AREA(#3226);
#3080=SURFACE_STYLE_FILL_AREA(#3227);
#3081=SURFACE_STYLE_FILL_AREA(#3228);
#3082=SURFACE_STYLE_FILL_AREA(#3229);
#3083=SURFACE_STYLE_FILL_AREA(#3230);
#3084=SURFACE_STYLE_FILL_AREA(#3231);
#3085=SURFACE_STYLE_FILL_AREA(#3232);
#3086=SURFACE_STYLE_FILL_AREA(#3233);
#3087=SURFACE_STYLE_FILL_AREA(#3234);
#3088=SURFACE_STYLE_FILL_AREA(#3235);
#3089=SURFACE_STYLE_FILL_AREA(#3236);
#3090=SURFACE_STYLE_FILL_AREA(#3237);
#3091=SURFACE_STYLE_FILL_AREA(#3238);
#3092=SURFACE_STYLE_FILL_AREA(#3239);
#3093=SURFACE_STYLE_FILL_AREA(#3240);
#3094=SURFACE_STYLE_FILL_AREA(#3241);
#3095=SURFACE_STYLE_FILL_AREA(#3242);
#3096=SURFACE_STYLE_FILL_AREA(#3243);
#3097=SURFACE_STYLE_FILL_AREA(#3244);
#3098=SURFACE_STYLE_FILL_AREA(#3245);
#3099=SURFACE_STYLE_FILL_AREA(#3246);
#3100=SURFACE_STYLE_FILL_AREA(#3247);
#3101=SURFACE_STYLE_FILL_AREA(#3248);
#3102=SURFACE_STYLE_FILL_AREA(#3249);
#3103=SURFACE_STYLE_FILL_AREA(#3250);
#3104=SURFACE_STYLE_FILL_AREA(#3251);
#3105=SURFACE_STYLE_FILL_AREA(#3252);
#3106=SURFACE_STYLE_FILL_AREA(#3253);
#3107=SURFACE_STYLE_FILL_AREA(#3254);
#3108=SURFACE_STYLE_FILL_AREA(#3255);
#3109=SURFACE_STYLE_FILL_AREA(#3256);
#3110=SURFACE_STYLE_FILL_AREA(#3257);
#3111=SURFACE_STYLE_FILL_AREA(#3258);
#3112=SURFACE_STYLE_FILL_AREA(#3259);
#3113=SURFACE_STYLE_FILL_AREA(#3260);
#3114=SURFACE_STYLE_FILL_AREA(#3261);
#3115=SURFACE_STYLE_FILL_AREA(#3262);
#3116=SURFACE_STYLE_FILL_AREA(#3263);
#3117=SURFACE_STYLE_FILL_AREA(#3264);
#3118=SURFACE_STYLE_FILL_AREA(#3265);
#3119=SURFACE_STYLE_FILL_AREA(#3266);
#3120=SURFACE_STYLE_FILL_AREA(#3267);
#3121=SURFACE_STYLE_FILL_AREA(#3268);
#3122=SURFACE_STYLE_FILL_AREA(#3269);
#3123=SURFACE_STYLE_FILL_AREA(#3270);
#3124=SURFACE_STYLE_FILL_AREA(#3271);
#3125=SURFACE_STYLE_FILL_AREA(#3272);
#3126=SURFACE_STYLE_FILL_AREA(#3273);
#3127=SURFACE_STYLE_FILL_AREA(#3274);
#3128=SURFACE_STYLE_FILL_AREA(#3275);
#3129=SURFACE_STYLE_FILL_AREA(#3276);
#3130=SURFACE_STYLE_FILL_AREA(#3277);
#3131=SURFACE_STYLE_FILL_AREA(#3278);
#3132=SURFACE_STYLE_FILL_AREA(#3279);
#3133=SURFACE_STYLE_FILL_AREA(#3280);
#3134=SURFACE_STYLE_FILL_AREA(#3281);
#3135=SURFACE_STYLE_FILL_AREA(#3282);
#3136=SURFACE_STYLE_FILL_AREA(#3283);
#3137=SURFACE_STYLE_FILL_AREA(#3284);
#3138=SURFACE_STYLE_FILL_AREA(#3285);
#3139=SURFACE_STYLE_FILL_AREA(#3286);
#3140=SURFACE_STYLE_FILL_AREA(#3287);
#3141=SURFACE_STYLE_FILL_AREA(#3288);
#3142=SURFACE_STYLE_FILL_AREA(#3289);
#3143=SURFACE_STYLE_FILL_AREA(#3290);
#3144=SURFACE_STYLE_FILL_AREA(#3291);
#3145=SURFACE_STYLE_FILL_AREA(#3292);
#3146=SURFACE_STYLE_FILL_AREA(#3293);
#3147=SURFACE_STYLE_FILL_AREA(#3294);
#3148=SURFACE_STYLE_FILL_AREA(#3295);
#3149=SURFACE_STYLE_FILL_AREA(#3296);
#3150=SURFACE_STYLE_FILL_AREA(#3297);
#3151=SURFACE_STYLE_FILL_AREA(#3298);
#3152=SURFACE_STYLE_FILL_AREA(#3299);
#3153=SURFACE_STYLE_FILL_AREA(#3300);
#3154=SURFACE_STYLE_FILL_AREA(#3301);
#3155=SURFACE_STYLE_FILL_AREA(#3302);
#3156=SURFACE_STYLE_FILL_AREA(#3303);
#3157=SURFACE_STYLE_FILL_AREA(#3304);
#3158=SURFACE_STYLE_FILL_AREA(#3305);
#3159=SURFACE_STYLE_FILL_AREA(#3306);
#3160=SURFACE_STYLE_FILL_AREA(#3307);
#3161=SURFACE_STYLE_FILL_AREA(#3308);
#3162=SURFACE_STYLE_FILL_AREA(#3309);
#3163=SURFACE_STYLE_FILL_AREA(#3310);
#3164=SURFACE_STYLE_FILL_AREA(#3311);
#3165=SURFACE_STYLE_FILL_AREA(#3312);
#3166=SURFACE_STYLE_FILL_AREA(#3313);
#3167=SURFACE_STYLE_FILL_AREA(#3314);
#3168=SURFACE_STYLE_FILL_AREA(#3315);
#3169=SURFACE_STYLE_FILL_AREA(#3316);
#3170=SURFACE_STYLE_FILL_AREA(#3317);
#3171=SURFACE_STYLE_FILL_AREA(#3318);
#3172=SURFACE_STYLE_FILL_AREA(#3319);
#3173=SURFACE_STYLE_FILL_AREA(#3320);
#3174=SURFACE_STYLE_FILL_AREA(#3321);
#3175=SURFACE_STYLE_FILL_AREA(#3322);
#3176=SURFACE_STYLE_FILL_AREA(#3323);
#3177=SURFACE_STYLE_FILL_AREA(#3324);
#3178=SURFACE_STYLE_FILL_AREA(#3325);
#3179=SURFACE_STYLE_FILL_AREA(#3326);
#3180=SURFACE_STYLE_FILL_AREA(#3327);
#3181=SURFACE_STYLE_FILL_AREA(#3328);
#3182=SURFACE_STYLE_FILL_AREA(#3329);
#3183=SURFACE_STYLE_FILL_AREA(#3330);
#3184=SURFACE_STYLE_FILL_AREA(#3331);
#3185=SURFACE_STYLE_FILL_AREA(#3332);
#3186=SURFACE_STYLE_FILL_AREA(#3333);
#3187=SURFACE_STYLE_FILL_AREA(#3334);
#3188=SURFACE_STYLE_FILL_AREA(#3335);
#3189=SURFACE_STYLE_FILL_AREA(#3336);
#3190=SURFACE_STYLE_FILL_AREA(#3337);
#3191=SURFACE_STYLE_FILL_AREA(#3338);
#3192=SURFACE_STYLE_FILL_AREA(#3339);
#3193=SURFACE_STYLE_FILL_AREA(#3340);
#3194=FILL_AREA_STYLE('',(#3341));
#3195=FILL_AREA_STYLE('',(#3342));
#3196=FILL_AREA_STYLE('',(#3343));
#3197=FILL_AREA_STYLE('',(#3344));
#3198=FILL_AREA_STYLE('',(#3345));
#3199=FILL_AREA_STYLE('',(#3346));
#3200=FILL_AREA_STYLE('',(#3347));
#3201=FILL_AREA_STYLE('',(#3348));
#3202=FILL_AREA_STYLE('',(#3349));
#3203=FILL_AREA_STYLE('',(#3350));
#3204=FILL_AREA_STYLE('',(#3351));
#3205=FILL_AREA_STYLE('',(#3352));
#3206=FILL_AREA_STYLE('',(#3353));
#3207=FILL_AREA_STYLE('',(#3354));
#3208=FILL_AREA_STYLE('',(#3355));
#3209=FILL_AREA_STYLE('',(#3356));
#3210=FILL_AREA_STYLE('',(#3357));
#3211=FILL_AREA_STYLE('',(#3358));
#3212=FILL_AREA_STYLE('',(#3359));
#3213=FILL_AREA_STYLE('',(#3360));
#3214=FILL_AREA_STYLE('',(#3361));
#3215=FILL_AREA_STYLE('',(#3362));
#3216=FILL_AREA_STYLE('',(#3363));
#3217=FILL_AREA_STYLE('',(#3364));
#3218=FILL_AREA_STYLE('',(#3365));
#3219=FILL_AREA_STYLE('',(#3366));
#3220=FILL_AREA_STYLE('',(#3367));
#3221=FILL_AREA_STYLE('',(#3368));
#3222=FILL_AREA_STYLE('',(#3369));
#3223=FILL_AREA_STYLE('',(#3370));
#3224=FILL_AREA_STYLE('',(#3371));
#3225=FILL_AREA_STYLE('',(#3372));
#3226=FILL_AREA_STYLE('',(#3373));
#3227=FILL_AREA_STYLE('',(#3374));
#3228=FILL_AREA_STYLE('',(#3375));
#3229=FILL_AREA_STYLE('',(#3376));
#3230=FILL_AREA_STYLE('',(#3377));
#3231=FILL_AREA_STYLE('',(#3378));
#3232=FILL_AREA_STYLE('',(#3379));
#3233=FILL_AREA_STYLE('',(#3380));
#3234=FILL_AREA_STYLE('',(#3381));
#3235=FILL_AREA_STYLE('',(#3382));
#3236=FILL_AREA_STYLE('',(#3383));
#3237=FILL_AREA_STYLE('',(#3384));
#3238=FILL_AREA_STYLE('',(#3385));
#3239=FILL_AREA_STYLE('',(#3386));
#3240=FILL_AREA_STYLE('',(#3387));
#3241=FILL_AREA_STYLE('',(#3388));
#3242=FILL_AREA_STYLE('',(#3389));
#3243=FILL_AREA_STYLE('',(#3390));
#3244=FILL_AREA_STYLE('',(#3391));
#3245=FILL_AREA_STYLE('',(#3392));
#3246=FILL_AREA_STYLE('',(#3393));
#3247=FILL_AREA_STYLE('',(#3394));
#3248=FILL_AREA_STYLE('',(#3395));
#3249=FILL_AREA_STYLE('',(#3396));
#3250=FILL_AREA_STYLE('',(#3397));
#3251=FILL_AREA_STYLE('',(#3398));
#3252=FILL_AREA_STYLE('',(#3399));
#3253=FILL_AREA_STYLE('',(#3400));
#3254=FILL_AREA_STYLE('',(#3401));
#3255=FILL_AREA_STYLE('',(#3402));
#3256=FILL_AREA_STYLE('',(#3403));
#3257=FILL_AREA_STYLE('',(#3404));
#3258=FILL_AREA_STYLE('',(#3405));
#3259=FILL_AREA_STYLE('',(#3406));
#3260=FILL_AREA_STYLE('',(#3407));
#3261=FILL_AREA_STYLE('',(#3408));
#3262=FILL_AREA_STYLE('',(#3409));
#3263=FILL_AREA_STYLE('',(#3410));
#3264=FILL_AREA_STYLE('',(#3411));
#3265=FILL_AREA_STYLE('',(#3412));
#3266=FILL_AREA_STYLE('',(#3413));
#3267=FILL_AREA_STYLE('',(#3414));
#3268=FILL_AREA_STYLE('',(#3415));
#3269=FILL_AREA_STYLE('',(#3416));
#3270=FILL_AREA_STYLE('',(#3417));
#3271=FILL_AREA_STYLE('',(#3418));
#3272=FILL_AREA_STYLE('',(#3419));
#3273=FILL_AREA_STYLE('',(#3420));
#3274=FILL_AREA_STYLE('',(#3421));
#3275=FILL_AREA_STYLE('',(#3422));
#3276=FILL_AREA_STYLE('',(#3423));
#3277=FILL_AREA_STYLE('',(#3424));
#3278=FILL_AREA_STYLE('',(#3425));
#3279=FILL_AREA_STYLE('',(#3426));
#3280=FILL_AREA_STYLE('',(#3427));
#3281=FILL_AREA_STYLE('',(#3428));
#3282=FILL_AREA_STYLE('',(#3429));
#3283=FILL_AREA_STYLE('',(#3430));
#3284=FILL_AREA_STYLE('',(#3431));
#3285=FILL_AREA_STYLE('',(#3432));
#3286=FILL_AREA_STYLE('',(#3433));
#3287=FILL_AREA_STYLE('',(#3434));
#3288=FILL_AREA_STYLE('',(#3435));
#3289=FILL_AREA_STYLE('',(#3436));
#3290=FILL_AREA_STYLE('',(#3437));
#3291=FILL_AREA_STYLE('',(#3438));
#3292=FILL_AREA_STYLE('',(#3439));
#3293=FILL_AREA_STYLE('',(#3440));
#3294=FILL_AREA_STYLE('',(#3441));
#3295=FILL_AREA_STYLE('',(#3442));
#3296=FILL_AREA_STYLE('',(#3443));
#3297=FILL_AREA_STYLE('',(#3444));
#3298=FILL_AREA_STYLE('',(#3445));
#3299=FILL_AREA_STYLE('',(#3446));
#3300=FILL_AREA_STYLE('',(#3447));
#3301=FILL_AREA_STYLE('',(#3448));
#3302=FILL_AREA_STYLE('',(#3449));
#3303=FILL_AREA_STYLE('',(#3450));
#3304=FILL_AREA_STYLE('',(#3451));
#3305=FILL_AREA_STYLE('',(#3452));
#3306=FILL_AREA_STYLE('',(#3453));
#3307=FILL_AREA_STYLE('',(#3454));
#3308=FILL_AREA_STYLE('',(#3455));
#3309=FILL_AREA_STYLE('',(#3456));
#3310=FILL_AREA_STYLE('',(#3457));
#3311=FILL_AREA_STYLE('',(#3458));
#3312=FILL_AREA_STYLE('',(#3459));
#3313=FILL_AREA_STYLE('',(#3460));
#3314=FILL_AREA_STYLE('',(#3461));
#3315=FILL_AREA_STYLE('',(#3462));
#3316=FILL_AREA_STYLE('',(#3463));
#3317=FILL_AREA_STYLE('',(#3464));
#3318=FILL_AREA_STYLE('',(#3465));
#3319=FILL_AREA_STYLE('',(#3466));
#3320=FILL_AREA_STYLE('',(#3467));
#3321=FILL_AREA_STYLE('',(#3468));
#3322=FILL_AREA_STYLE('',(#3469));
#3323=FILL_AREA_STYLE('',(#3470));
#3324=FILL_AREA_STYLE('',(#3471));
#3325=FILL_AREA_STYLE('',(#3472));
#3326=FILL_AREA_STYLE('',(#3473));
#3327=FILL_AREA_STYLE('',(#3474));
#3328=FILL_AREA_STYLE('',(#3475));
#3329=FILL_AREA_STYLE('',(#3476));
#3330=FILL_AREA_STYLE('',(#3477));
#3331=FILL_AREA_STYLE('',(#3478));
#3332=FILL_AREA_STYLE('',(#3479));
#3333=FILL_AREA_STYLE('',(#3480));
#3334=FILL_AREA_STYLE('',(#3481));
#3335=FILL_AREA_STYLE('',(#3482));
#3336=FILL_AREA_STYLE('',(#3483));
#3337=FILL_AREA_STYLE('',(#3484));
#3338=FILL_AREA_STYLE('',(#3485));
#3339=FILL_AREA_STYLE('',(#3486));
#3340=FILL_AREA_STYLE('',(#3487));
#3341=FILL_AREA_STYLE_COLOUR('',#3488);
#3342=FILL_AREA_STYLE_COLOUR('',#3488);
#3343=FILL_AREA_STYLE_COLOUR('',#3488);
#3344=FILL_AREA_STYLE_COLOUR('',#3488);
#3345=FILL_AREA_STYLE_COLOUR('',#3488);
#3346=FILL_AREA_STYLE_COLOUR('',#3488);
#3347=FILL_AREA_STYLE_COLOUR('',#3488);
#3348=FILL_AREA_STYLE_COLOUR('',#3488);
#3349=FILL_AREA_STYLE_COLOUR('',#3488);
#3350=FILL_AREA_STYLE_COLOUR('',#3488);
#3351=FILL_AREA_STYLE_COLOUR('',#3488);
#3352=FILL_AREA_STYLE_COLOUR('',#3488);
#3353=FILL_AREA_STYLE_COLOUR('',#3488);
#3354=FILL_AREA_STYLE_COLOUR('',#3488);
#3355=FILL_AREA_STYLE_COLOUR('',#3488);
#3356=FILL_AREA_STYLE_COLOUR('',#3488);
#3357=FILL_AREA_STYLE_COLOUR('',#3488);
#3358=FILL_AREA_STYLE_COLOUR('',#3488);
#3359=FILL_AREA_STYLE_COLOUR('',#3488);
#3360=FILL_AREA_STYLE_COLOUR('',#3488);
#3361=FILL_AREA_STYLE_COLOUR('',#3488);
#3362=FILL_AREA_STYLE_COLOUR('',#3488);
#3363=FILL_AREA_STYLE_COLOUR('',#3488);
#3364=FILL_AREA_STYLE_COLOUR('',#3488);
#3365=FILL_AREA_STYLE_COLOUR('',#3488);
#3366=FILL_AREA_STYLE_COLOUR('',#3488);
#3367=FILL_AREA_STYLE_COLOUR('',#3488);
#3368=FILL_AREA_STYLE_COLOUR('',#3488);
#3369=FILL_AREA_STYLE_COLOUR('',#3489);
#3370=FILL_AREA_STYLE_COLOUR('',#3489);
#3371=FILL_AREA_STYLE_COLOUR('',#3488);
#3372=FILL_AREA_STYLE_COLOUR('',#3488);
#3373=FILL_AREA_STYLE_COLOUR('',#3488);
#3374=FILL_AREA_STYLE_COLOUR('',#3488);
#3375=FILL_AREA_STYLE_COLOUR('',#3488);
#3376=FILL_AREA_STYLE_COLOUR('',#3488);
#3377=FILL_AREA_STYLE_COLOUR('',#3488);
#3378=FILL_AREA_STYLE_COLOUR('',#3488);
#3379=FILL_AREA_STYLE_COLOUR('',#3488);
#3380=FILL_AREA_STYLE_COLOUR('',#3488);
#3381=FILL_AREA_STYLE_COLOUR('',#3488);
#3382=FILL_AREA_STYLE_COLOUR('',#3488);
#3383=FILL_AREA_STYLE_COLOUR('',#3488);
#3384=FILL_AREA_STYLE_COLOUR('',#3488);
#3385=FILL_AREA_STYLE_COLOUR('',#3488);
#3386=FILL_AREA_STYLE_COLOUR('',#3488);
#3387=FILL_AREA_STYLE_COLOUR('',#3488);
#3388=FILL_AREA_STYLE_COLOUR('',#3488);
#3389=FILL_AREA_STYLE_COLOUR('',#3488);
#3390=FILL_AREA_STYLE_COLOUR('',#3490);
#3391=FILL_AREA_STYLE_COLOUR('',#3490);
#3392=FILL_AREA_STYLE_COLOUR('',#3490);
#3393=FILL_AREA_STYLE_COLOUR('',#3490);
#3394=FILL_AREA_STYLE_COLOUR('',#3490);
#3395=FILL_AREA_STYLE_COLOUR('',#3490);
#3396=FILL_AREA_STYLE_COLOUR('',#3490);
#3397=FILL_AREA_STYLE_COLOUR('',#3490);
#3398=FILL_AREA_STYLE_COLOUR('',#3490);
#3399=FILL_AREA_STYLE_COLOUR('',#3490);
#3400=FILL_AREA_STYLE_COLOUR('',#3490);
#3401=FILL_AREA_STYLE_COLOUR('',#3490);
#3402=FILL_AREA_STYLE_COLOUR('',#3490);
#3403=FILL_AREA_STYLE_COLOUR('',#3490);
#3404=FILL_AREA_STYLE_COLOUR('',#3490);
#3405=FILL_AREA_STYLE_COLOUR('',#3490);
#3406=FILL_AREA_STYLE_COLOUR('',#3490);
#3407=FILL_AREA_STYLE_COLOUR('',#3490);
#3408=FILL_AREA_STYLE_COLOUR('',#3490);
#3409=FILL_AREA_STYLE_COLOUR('',#3490);
#3410=FILL_AREA_STYLE_COLOUR('',#3490);
#3411=FILL_AREA_STYLE_COLOUR('',#3490);
#3412=FILL_AREA_STYLE_COLOUR('',#3490);
#3413=FILL_AREA_STYLE_COLOUR('',#3490);
#3414=FILL_AREA_STYLE_COLOUR('',#3490);
#3415=FILL_AREA_STYLE_COLOUR('',#3490);
#3416=FILL_AREA_STYLE_COLOUR('',#3490);
#3417=FILL_AREA_STYLE_COLOUR('',#3490);
#3418=FILL_AREA_STYLE_COLOUR('',#3490);
#3419=FILL_AREA_STYLE_COLOUR('',#3490);
#3420=FILL_AREA_STYLE_COLOUR('',#3490);
#3421=FILL_AREA_STYLE_COLOUR('',#3490);
#3422=FILL_AREA_STYLE_COLOUR('',#3490);
#3423=FILL_AREA_STYLE_COLOUR('',#3490);
#3424=FILL_AREA_STYLE_COLOUR('',#3490);
#3425=FILL_AREA_STYLE_COLOUR('',#3490);
#3426=FILL_AREA_STYLE_COLOUR('',#3490);
#3427=FILL_AREA_STYLE_COLOUR('',#3490);
#3428=FILL_AREA_STYLE_COLOUR('',#3490);
#3429=FILL_AREA_STYLE_COLOUR('',#3490);
#3430=FILL_AREA_STYLE_COLOUR('',#3490);
#3431=FILL_AREA_STYLE_COLOUR('',#3490);
#3432=FILL_AREA_STYLE_COLOUR('',#3490);
#3433=FILL_AREA_STYLE_COLOUR('',#3490);
#3434=FILL_AREA_STYLE_COLOUR('',#3490);
#3435=FILL_AREA_STYLE_COLOUR('',#3490);
#3436=FILL_AREA_STYLE_COLOUR('',#3490);
#3437=FILL_AREA_STYLE_COLOUR('',#3490);
#3438=FILL_AREA_STYLE_COLOUR('',#3490);
#3439=FILL_AREA_STYLE_COLOUR('',#3490);
#3440=FILL_AREA_STYLE_COLOUR('',#3490);
#3441=FILL_AREA_STYLE_COLOUR('',#3490);
#3442=FILL_AREA_STYLE_COLOUR('',#3488);
#3443=FILL_AREA_STYLE_COLOUR('',#3488);
#3444=FILL_AREA_STYLE_COLOUR('',#3489);
#3445=FILL_AREA_STYLE_COLOUR('',#3489);
#3446=FILL_AREA_STYLE_COLOUR('',#3489);
#3447=FILL_AREA_STYLE_COLOUR('',#3489);
#3448=FILL_AREA_STYLE_COLOUR('',#3489);
#3449=FILL_AREA_STYLE_COLOUR('',#3489);
#3450=FILL_AREA_STYLE_COLOUR('',#3489);
#3451=FILL_AREA_STYLE_COLOUR('',#3489);
#3452=FILL_AREA_STYLE_COLOUR('',#3489);
#3453=FILL_AREA_STYLE_COLOUR('',#3489);
#3454=FILL_AREA_STYLE_COLOUR('',#3489);
#3455=FILL_AREA_STYLE_COLOUR('',#3489);
#3456=FILL_AREA_STYLE_COLOUR('',#3489);
#3457=FILL_AREA_STYLE_COLOUR('',#3489);
#3458=FILL_AREA_STYLE_COLOUR('',#3489);
#3459=FILL_AREA_STYLE_COLOUR('',#3489);
#3460=FILL_AREA_STYLE_COLOUR('',#3489);
#3461=FILL_AREA_STYLE_COLOUR('',#3489);
#3462=FILL_AREA_STYLE_COLOUR('',#3489);
#3463=FILL_AREA_STYLE_COLOUR('',#3489);
#3464=FILL_AREA_STYLE_COLOUR('',#3489);
#3465=FILL_AREA_STYLE_COLOUR('',#3489);
#3466=FILL_AREA_STYLE_COLOUR('',#3490);
#3467=FILL_AREA_STYLE_COLOUR('',#3490);
#3468=FILL_AREA_STYLE_COLOUR('',#3490);
#3469=FILL_AREA_STYLE_COLOUR('',#3490);
#3470=FILL_AREA_STYLE_COLOUR('',#3490);
#3471=FILL_AREA_STYLE_COLOUR('',#3488);
#3472=FILL_AREA_STYLE_COLOUR('',#3488);
#3473=FILL_AREA_STYLE_COLOUR('',#3488);
#3474=FILL_AREA_STYLE_COLOUR('',#3488);
#3475=FILL_AREA_STYLE_COLOUR('',#3488);
#3476=FILL_AREA_STYLE_COLOUR('',#3488);
#3477=FILL_AREA_STYLE_COLOUR('',#3488);
#3478=FILL_AREA_STYLE_COLOUR('',#3488);
#3479=FILL_AREA_STYLE_COLOUR('',#3488);
#3480=FILL_AREA_STYLE_COLOUR('',#3488);
#3481=FILL_AREA_STYLE_COLOUR('',#3488);
#3482=FILL_AREA_STYLE_COLOUR('',#3488);
#3483=FILL_AREA_STYLE_COLOUR('',#3488);
#3484=FILL_AREA_STYLE_COLOUR('',#3488);
#3485=FILL_AREA_STYLE_COLOUR('',#3488);
#3486=FILL_AREA_STYLE_COLOUR('',#3489);
#3487=FILL_AREA_STYLE_COLOUR('',#3489);
#3488=COLOUR_RGB('',0.831372559070587,0.850980401039124,0.858823537826538);
#3489=COLOUR_RGB('',0.18823529779911,0.219607844948769,0.270588248968124);
#3490=COLOUR_RGB('',0.470588237047195,0.509803950786591,0.549019634723663);
#3491=ADVANCED_FACE('',(#2141,#2142,#2143,#2144,#2145,#2146,#2147,#2148),
#2336,.T.);
#3492=ADVANCED_FACE('',(#2149),#2337,.T.);
#3493=ADVANCED_FACE('',(#2150,#2151,#2152),#2338,.F.);
#3494=ADVANCED_FACE('',(#2153),#2339,.T.);
#3495=ADVANCED_FACE('',(#2154,#2155),#2340,.T.);
#3496=ADVANCED_FACE('',(#2156),#2341,.T.);
#3497=ADVANCED_FACE('',(#2157,#2158),#2342,.F.);
#3498=ADVANCED_FACE('',(#2159),#2343,.T.);
#3499=ADVANCED_FACE('',(#2160),#2344,.T.);
#3500=ADVANCED_FACE('',(#2161),#2345,.T.);
#3501=ADVANCED_FACE('',(#2162),#2346,.F.);
#3502=ADVANCED_FACE('',(#2163),#2347,.F.);
#3503=ADVANCED_FACE('',(#2164),#2348,.T.);
#3504=ADVANCED_FACE('',(#2165),#2349,.T.);
#3505=ADVANCED_FACE('',(#2166),#2350,.T.);
#3506=ADVANCED_FACE('',(#2167),#2351,.T.);
#3507=ADVANCED_FACE('',(#2168),#2352,.T.);
#3508=ADVANCED_FACE('',(#2169),#2353,.F.);
#3509=ADVANCED_FACE('',(#2170),#2354,.T.);
#3510=ADVANCED_FACE('',(#2171),#2355,.T.);
#3511=ADVANCED_FACE('',(#2172),#2356,.T.);
#3512=ADVANCED_FACE('',(#2173),#2357,.T.);
#3513=ADVANCED_FACE('',(#2174),#2358,.F.);
#3514=ADVANCED_FACE('',(#2175),#2359,.T.);
#3515=ADVANCED_FACE('',(#2176),#2360,.T.);
#3516=ADVANCED_FACE('',(#2177),#2361,.F.);
#3517=ADVANCED_FACE('',(#2178),#2362,.T.);
#3518=ADVANCED_FACE('',(#2179),#2363,.T.);
#3519=ADVANCED_FACE('',(#2180),#2364,.T.);
#3520=ADVANCED_FACE('',(#2181),#2365,.T.);
#3521=ADVANCED_FACE('',(#2182),#2366,.F.);
#3522=ADVANCED_FACE('',(#2183),#2367,.F.);
#3523=ADVANCED_FACE('',(#2184),#2368,.F.);
#3524=ADVANCED_FACE('',(#2185),#2369,.F.);
#3525=ADVANCED_FACE('',(#2186),#2370,.F.);
#3526=ADVANCED_FACE('',(#2187),#2371,.F.);
#3527=ADVANCED_FACE('',(#2188),#2372,.F.);
#3528=ADVANCED_FACE('',(#2189),#2373,.F.);
#3529=ADVANCED_FACE('',(#2190),#2374,.F.);
#3530=ADVANCED_FACE('',(#2191),#2375,.F.);
#3531=ADVANCED_FACE('',(#2192),#2376,.F.);
#3532=ADVANCED_FACE('',(#2193),#2377,.F.);
#3533=ADVANCED_FACE('',(#2194),#2378,.T.);
#3534=ADVANCED_FACE('',(#2195),#2379,.F.);
#3535=ADVANCED_FACE('',(#2196),#2380,.T.);
#3536=ADVANCED_FACE('',(#2197),#2381,.T.);
#3537=ADVANCED_FACE('',(#2198),#2382,.T.);
#3538=ADVANCED_FACE('',(#2199),#2383,.T.);
#3539=ADVANCED_FACE('',(#2200),#2384,.F.);
#3540=ADVANCED_FACE('',(#2201),#2385,.T.);
#3541=ADVANCED_FACE('',(#2202),#2386,.F.);
#3542=ADVANCED_FACE('',(#2203),#2387,.T.);
#3543=ADVANCED_FACE('',(#2204),#2388,.F.);
#3544=ADVANCED_FACE('',(#2205),#2389,.T.);
#3545=ADVANCED_FACE('',(#2206),#2390,.F.);
#3546=ADVANCED_FACE('',(#2207),#2391,.T.);
#3547=ADVANCED_FACE('',(#2208),#2392,.T.);
#3548=ADVANCED_FACE('',(#2209),#2393,.F.);
#3549=ADVANCED_FACE('',(#2210),#2394,.T.);
#3550=ADVANCED_FACE('',(#2211),#2395,.F.);
#3551=ADVANCED_FACE('',(#2212),#2396,.T.);
#3552=ADVANCED_FACE('',(#2213),#2397,.T.);
#3553=ADVANCED_FACE('',(#2214),#2398,.F.);
#3554=ADVANCED_FACE('',(#2215),#2399,.T.);
#3555=ADVANCED_FACE('',(#2216),#2400,.T.);
#3556=ADVANCED_FACE('',(#2217),#2401,.T.);
#3557=ADVANCED_FACE('',(#2218),#2402,.T.);
#3558=ADVANCED_FACE('',(#2219),#2403,.T.);
#3559=ADVANCED_FACE('',(#2220),#2404,.T.);
#3560=ADVANCED_FACE('',(#2221),#2405,.T.);
#3561=ADVANCED_FACE('',(#2222),#2406,.T.);
#3562=ADVANCED_FACE('',(#2223),#2407,.T.);
#3563=ADVANCED_FACE('',(#2224),#2408,.T.);
#3564=ADVANCED_FACE('',(#2225),#2409,.T.);
#3565=ADVANCED_FACE('',(#2226),#2410,.T.);
#3566=ADVANCED_FACE('',(#2227),#2411,.T.);
#3567=ADVANCED_FACE('',(#2228),#2412,.T.);
#3568=ADVANCED_FACE('',(#2229),#2413,.T.);
#3569=ADVANCED_FACE('',(#2230),#2414,.T.);
#3570=ADVANCED_FACE('',(#2231),#2415,.T.);
#3571=ADVANCED_FACE('',(#2232,#2233),#2416,.F.);
#3572=ADVANCED_FACE('',(#2234,#2235),#2417,.T.);
#3573=ADVANCED_FACE('',(#2236),#2418,.T.);
#3574=ADVANCED_FACE('',(#2237),#2419,.T.);
#3575=ADVANCED_FACE('',(#2238),#2420,.T.);
#3576=ADVANCED_FACE('',(#2239),#2421,.T.);
#3577=ADVANCED_FACE('',(#2240),#2422,.T.);
#3578=ADVANCED_FACE('',(#2241),#2423,.T.);
#3579=ADVANCED_FACE('',(#2242),#2424,.T.);
#3580=ADVANCED_FACE('',(#2243),#2425,.T.);
#3581=ADVANCED_FACE('',(#2244),#2426,.T.);
#3582=ADVANCED_FACE('',(#2245),#2427,.T.);
#3583=ADVANCED_FACE('',(#2246),#2428,.T.);
#3584=ADVANCED_FACE('',(#2247),#2429,.T.);
#3585=ADVANCED_FACE('',(#2248),#2430,.T.);
#3586=ADVANCED_FACE('',(#2249),#2431,.T.);
#3587=ADVANCED_FACE('',(#2250),#2432,.T.);
#3588=ADVANCED_FACE('',(#2251,#2252),#2433,.F.);
#3589=ADVANCED_FACE('',(#2253),#2434,.T.);
#3590=ADVANCED_FACE('',(#2254),#2435,.T.);
#3591=ADVANCED_FACE('',(#2255),#2436,.T.);
#3592=ADVANCED_FACE('',(#2256,#2257,#2258,#2259,#2260,#2261,#2262,#2263,
#2264),#2437,.F.);
#3593=ADVANCED_FACE('',(#2265,#2266,#2267,#2268),#2438,.F.);
#3594=ADVANCED_FACE('',(#2269),#2439,.T.);
#3595=ADVANCED_FACE('',(#2270),#2440,.T.);
#3596=ADVANCED_FACE('',(#2271),#2441,.T.);
#3597=ADVANCED_FACE('',(#2272),#2442,.T.);
#3598=ADVANCED_FACE('',(#2273),#2443,.F.);
#3599=ADVANCED_FACE('',(#2274),#2444,.T.);
#3600=ADVANCED_FACE('',(#2275),#2445,.T.);
#3601=ADVANCED_FACE('',(#2276),#2446,.T.);
#3602=ADVANCED_FACE('',(#2277),#2447,.T.);
#3603=ADVANCED_FACE('',(#2278),#2448,.T.);
#3604=ADVANCED_FACE('',(#2279),#2449,.F.);
#3605=ADVANCED_FACE('',(#2280),#2450,.T.);
#3606=ADVANCED_FACE('',(#2281),#2451,.T.);
#3607=ADVANCED_FACE('',(#2282),#2452,.T.);
#3608=ADVANCED_FACE('',(#2283,#2284),#2453,.F.);
#3609=ADVANCED_FACE('',(#2285),#2454,.T.);
#3610=ADVANCED_FACE('',(#2286),#2455,.T.);
#3611=ADVANCED_FACE('',(#2287),#2456,.T.);
#3612=ADVANCED_FACE('',(#2288),#2457,.T.);
#3613=ADVANCED_FACE('',(#2289),#2458,.F.);
#3614=ADVANCED_FACE('',(#2290,#2291),#23,.T.);
#3615=ADVANCED_FACE('',(#2292,#2293),#24,.F.);
#3616=ADVANCED_FACE('',(#2294,#2295),#25,.T.);
#3617=ADVANCED_FACE('',(#2296,#2297),#22,.T.);
#3618=ADVANCED_FACE('',(#2298,#2299),#26,.T.);
#3619=ADVANCED_FACE('',(#2300,#2301),#27,.T.);
#3620=ADVANCED_FACE('',(#2302,#2303),#21,.T.);
#3621=ADVANCED_FACE('',(#2304,#2305),#28,.F.);
#3622=ADVANCED_FACE('',(#2306),#29,.F.);
#3623=ADVANCED_FACE('',(#2307),#30,.F.);
#3624=ADVANCED_FACE('',(#2308,#2309),#31,.F.);
#3625=ADVANCED_FACE('',(#2310,#2311),#32,.F.);
#3626=ADVANCED_FACE('',(#2312,#2313),#33,.F.);
#3627=ADVANCED_FACE('',(#2314,#2315),#34,.F.);
#3628=ADVANCED_FACE('',(#2316,#2317),#35,.F.);
#3629=ADVANCED_FACE('',(#2318,#2319),#36,.F.);
#3630=ADVANCED_FACE('',(#2320,#2321),#37,.F.);
#3631=ADVANCED_FACE('',(#2322,#2323),#38,.F.);
#3632=ADVANCED_FACE('',(#2324,#2325),#39,.F.);
#3633=ADVANCED_FACE('',(#2326,#2327),#40,.F.);
#3634=ADVANCED_FACE('',(#2328,#2329),#41,.F.);
#3635=ADVANCED_FACE('',(#2330,#2331),#42,.F.);
#3636=ADVANCED_FACE('',(#2332,#2333),#43,.T.);
#3637=ADVANCED_FACE('',(#2334,#2335),#44,.T.);
#3638=CLOSED_SHELL('',(#3491,#3492,#3493,#3494,#3495,#3496,#3497,#3498,
#3499,#3500,#3501,#3502,#3503,#3504,#3505,#3506,#3507,#3508,#3509,#3510,
#3511,#3512,#3513,#3514,#3515,#3516,#3517,#3518,#3519,#3520,#3521,#3522,
#3523,#3524,#3525,#3526,#3527,#3528,#3529,#3530,#3531,#3532,#3533,#3534,
#3535,#3536,#3537,#3538,#3539,#3540,#3541,#3542,#3543,#3544,#3545,#3546,
#3547,#3548,#3549,#3550,#3551,#3552,#3553,#3554,#3555,#3556,#3557,#3558,
#3559,#3560,#3561,#3562,#3563,#3564,#3565,#3566,#3567,#3568,#3569,#3570,
#3571,#3572,#3573,#3574,#3575,#3576,#3577,#3578,#3579,#3580,#3581,#3582,
#3583,#3584,#3585,#3586,#3587,#3588,#3589,#3590,#3591,#3592,#3593,#3594,
#3595,#3596,#3597,#3598,#3599,#3600,#3601,#3602,#3603,#3604,#3605,#3606,
#3607,#3608,#3609,#3610,#3611,#3612,#3613,#3614,#3615,#3616,#3617,#3618,
#3619,#3620,#3621,#3622,#3623,#3624,#3625,#3626,#3627,#3628,#3629,#3630,
#3631,#3632,#3633,#3634,#3635,#3636,#3637));
#3639=MANIFOLD_SOLID_BREP('2025_04_25_01_01_50_0377',#3638);
#3640=SHAPE_DEFINITION_REPRESENTATION(#5254,#3641);
#3641=SHAPE_REPRESENTATION('2025_04_25_01_01_50_0377',(#3642),#5249);
#3642=AXIS2_PLACEMENT_3D('',#4517,#3835,#3836);
#3643=AXIS2_PLACEMENT_3D('',#4518,#3837,#3838);
#3644=AXIS2_PLACEMENT_3D('',#4527,#3843,#3844);
#3645=AXIS2_PLACEMENT_3D('',#4529,#3845,#3846);
#3646=AXIS2_PLACEMENT_3D('',#4531,#3847,#3848);
#3647=AXIS2_PLACEMENT_3D('',#4533,#3849,#3850);
#3648=AXIS2_PLACEMENT_3D('',#4535,#3851,#3852);
#3649=AXIS2_PLACEMENT_3D('',#4537,#3853,#3854);
#3650=AXIS2_PLACEMENT_3D('',#4575,#3873,#3874);
#3651=AXIS2_PLACEMENT_3D('',#4581,#3878,#3879);
#3652=AXIS2_PLACEMENT_3D('',#4606,#3892,#3893);
#3653=AXIS2_PLACEMENT_3D('',#4608,#3894,#3895);
#3654=AXIS2_PLACEMENT_3D('',#4610,#3896,#3897);
#3655=AXIS2_PLACEMENT_3D('',#4616,#3901,#3902);
#3656=AXIS2_PLACEMENT_3D('',#4622,#3906,#3907);
#3657=AXIS2_PLACEMENT_3D('',#4624,#3908,#3909);
#3658=AXIS2_PLACEMENT_3D('',#4630,#3913,#3914);
#3659=AXIS2_PLACEMENT_3D('',#4632,#3916,#3917);
#3660=AXIS2_PLACEMENT_3D('',#4634,#3918,#3919);
#3661=AXIS2_PLACEMENT_3D('',#4659,#3932,#3933);
#3662=AXIS2_PLACEMENT_3D('',#4665,#3937,#3938);
#3663=AXIS2_PLACEMENT_3D('',#4671,#3942,#3943);
#3664=AXIS2_PLACEMENT_3D('',#4675,#3946,#3947);
#3665=AXIS2_PLACEMENT_3D('',#4679,#3950,#3951);
#3666=AXIS2_PLACEMENT_3D('',#4685,#3955,#3956);
#3667=AXIS2_PLACEMENT_3D('',#4687,#3958,#3959);
#3668=AXIS2_PLACEMENT_3D('',#4691,#3962,#3963);
#3669=AXIS2_PLACEMENT_3D('',#4697,#3967,#3968);
#3670=AXIS2_PLACEMENT_3D('',#4699,#3970,#3971);
#3671=AXIS2_PLACEMENT_3D('',#4701,#3973,#3974);
#3672=AXIS2_PLACEMENT_3D('',#4705,#3976,#3977);
#3673=AXIS2_PLACEMENT_3D('',#4713,#3982,#3983);
#3674=AXIS2_PLACEMENT_3D('',#4717,#3986,#3987);
#3675=AXIS2_PLACEMENT_3D('',#4723,#3991,#3992);
#3676=AXIS2_PLACEMENT_3D('',#4725,#3994,#3995);
#3677=AXIS2_PLACEMENT_3D('',#4727,#3997,#3998);
#3678=AXIS2_PLACEMENT_3D('',#4731,#4001,#4002);
#3679=AXIS2_PLACEMENT_3D('',#4745,#4011,#4012);
#3680=AXIS2_PLACEMENT_3D('',#4747,#4014,#4015);
#3681=AXIS2_PLACEMENT_3D('',#4749,#4017,#4018);
#3682=AXIS2_PLACEMENT_3D('',#4750,#4019,#4020);
#3683=AXIS2_PLACEMENT_3D('',#4751,#4021,#4022);
#3684=AXIS2_PLACEMENT_3D('',#4753,#4023,#4024);
#3685=AXIS2_PLACEMENT_3D('',#4754,#4025,#4026);
#3686=AXIS2_PLACEMENT_3D('',#4756,#4027,#4028);
#3687=AXIS2_PLACEMENT_3D('',#4757,#4029,#4030);
#3688=AXIS2_PLACEMENT_3D('',#4759,#4031,#4032);
#3689=AXIS2_PLACEMENT_3D('',#4760,#4033,#4034);
#3690=AXIS2_PLACEMENT_3D('',#4762,#4035,#4036);
#3691=AXIS2_PLACEMENT_3D('',#4763,#4037,#4038);
#3692=AXIS2_PLACEMENT_3D('',#4765,#4039,#4040);
#3693=AXIS2_PLACEMENT_3D('',#4766,#4041,#4042);
#3694=AXIS2_PLACEMENT_3D('',#4768,#4043,#4044);
#3695=AXIS2_PLACEMENT_3D('',#4769,#4045,#4046);
#3696=AXIS2_PLACEMENT_3D('',#4771,#4047,#4048);
#3697=AXIS2_PLACEMENT_3D('',#4772,#4049,#4050);
#3698=AXIS2_PLACEMENT_3D('',#4774,#4051,#4052);
#3699=AXIS2_PLACEMENT_3D('',#4775,#4053,#4054);
#3700=AXIS2_PLACEMENT_3D('',#4777,#4055,#4056);
#3701=AXIS2_PLACEMENT_3D('',#4778,#4057,#4058);
#3702=AXIS2_PLACEMENT_3D('',#4780,#4059,#4060);
#3703=AXIS2_PLACEMENT_3D('',#4781,#4061,#4062);
#3704=AXIS2_PLACEMENT_3D('',#4783,#4063,#4064);
#3705=AXIS2_PLACEMENT_3D('',#4784,#4065,#4066);
#3706=AXIS2_PLACEMENT_3D('',#4786,#4067,#4068);
#3707=AXIS2_PLACEMENT_3D('',#4787,#4069,#4070);
#3708=AXIS2_PLACEMENT_3D('',#4789,#4071,#4072);
#3709=AXIS2_PLACEMENT_3D('',#4790,#4073,#4074);
#3710=AXIS2_PLACEMENT_3D('',#4792,#4075,#4076);
#3711=AXIS2_PLACEMENT_3D('',#4796,#4078,#4079);
#3712=AXIS2_PLACEMENT_3D('',#4805,#4084,#4085);
#3713=AXIS2_PLACEMENT_3D('',#4809,#4088,#4089);
#3714=AXIS2_PLACEMENT_3D('',#4811,#4091,#4092);
#3715=AXIS2_PLACEMENT_3D('',#4813,#4094,#4095);
#3716=AXIS2_PLACEMENT_3D('',#4822,#4100,#4101);
#3717=AXIS2_PLACEMENT_3D('',#4823,#4102,#4103);
#3718=AXIS2_PLACEMENT_3D('',#4827,#4107,#4108);
#3719=AXIS2_PLACEMENT_3D('',#4829,#4110,#4111);
#3720=AXIS2_PLACEMENT_3D('',#4831,#4113,#4114);
#3721=AXIS2_PLACEMENT_3D('',#4832,#4115,#4116);
#3722=AXIS2_PLACEMENT_3D('',#4834,#4117,#4118);
#3723=AXIS2_PLACEMENT_3D('',#4843,#4123,#4124);
#3724=AXIS2_PLACEMENT_3D('',#4852,#4129,#4130);
#3725=AXIS2_PLACEMENT_3D('',#4861,#4135,#4136);
#3726=AXIS2_PLACEMENT_3D('',#4867,#4140,#4141);
#3727=AXIS2_PLACEMENT_3D('',#4876,#4146,#4147);
#3728=AXIS2_PLACEMENT_3D('',#4882,#4151,#4152);
#3729=AXIS2_PLACEMENT_3D('',#4888,#4156,#4157);
#3730=AXIS2_PLACEMENT_3D('',#4891,#4160,#4161);
#3731=AXIS2_PLACEMENT_3D('',#4897,#4165,#4166);
#3732=AXIS2_PLACEMENT_3D('',#4906,#4171,#4172);
#3733=AXIS2_PLACEMENT_3D('',#4912,#4176,#4177);
#3734=AXIS2_PLACEMENT_3D('',#4918,#4181,#4182);
#3735=AXIS2_PLACEMENT_3D('',#4921,#4185,#4186);
#3736=AXIS2_PLACEMENT_3D('',#4927,#4190,#4191);
#3737=AXIS2_PLACEMENT_3D('',#4936,#4196,#4197);
#3738=AXIS2_PLACEMENT_3D('',#4942,#4201,#4202);
#3739=AXIS2_PLACEMENT_3D('',#4948,#4206,#4207);
#3740=AXIS2_PLACEMENT_3D('',#4951,#4210,#4211);
#3741=AXIS2_PLACEMENT_3D('',#4957,#4215,#4216);
#3742=AXIS2_PLACEMENT_3D('',#4963,#4220,#4221);
#3743=AXIS2_PLACEMENT_3D('',#4972,#4226,#4227);
#3744=AXIS2_PLACEMENT_3D('',#4975,#4230,#4231);
#3745=AXIS2_PLACEMENT_3D('',#4981,#4235,#4236);
#3746=AXIS2_PLACEMENT_3D('',#4987,#4240,#4241);
#3747=AXIS2_PLACEMENT_3D('',#4993,#4245,#4246);
#3748=AXIS2_PLACEMENT_3D('',#4999,#4250,#4251);
#3749=AXIS2_PLACEMENT_3D('',#5002,#4254,#4255);
#3750=AXIS2_PLACEMENT_3D('',#5005,#4258,#4259);
#3751=AXIS2_PLACEMENT_3D('',#5011,#4263,#4264);
#3752=AXIS2_PLACEMENT_3D('',#5014,#4267,#4268);
#3753=AXIS2_PLACEMENT_3D('',#5015,#4269,#4270);
#3754=AXIS2_PLACEMENT_3D('',#5017,#4271,#4272);
#3755=AXIS2_PLACEMENT_3D('',#5018,#4273,#4274);
#3756=AXIS2_PLACEMENT_3D('',#5020,#4275,#4276);
#3757=AXIS2_PLACEMENT_3D('',#5026,#4280,#4281);
#3758=AXIS2_PLACEMENT_3D('',#5030,#4284,#4285);
#3759=AXIS2_PLACEMENT_3D('',#5036,#4289,#4290);
#3760=AXIS2_PLACEMENT_3D('',#5038,#4292,#4293);
#3761=AXIS2_PLACEMENT_3D('',#5042,#4296,#4297);
#3762=AXIS2_PLACEMENT_3D('',#5048,#4301,#4302);
#3763=AXIS2_PLACEMENT_3D('',#5050,#4304,#4305);
#3764=AXIS2_PLACEMENT_3D('',#5054,#4308,#4309);
#3765=AXIS2_PLACEMENT_3D('',#5060,#4313,#4314);
#3766=AXIS2_PLACEMENT_3D('',#5062,#4316,#4317);
#3767=AXIS2_PLACEMENT_3D('',#5066,#4320,#4321);
#3768=AXIS2_PLACEMENT_3D('',#5070,#4324,#4325);
#3769=AXIS2_PLACEMENT_3D('',#5076,#4329,#4330);
#3770=AXIS2_PLACEMENT_3D('',#5078,#4332,#4333);
#3771=AXIS2_PLACEMENT_3D('',#5082,#4336,#4337);
#3772=AXIS2_PLACEMENT_3D('',#5088,#4341,#4342);
#3773=AXIS2_PLACEMENT_3D('',#5090,#4343,#4344);
#3774=AXIS2_PLACEMENT_3D('',#5093,#4347,#4348);
#3775=AXIS2_PLACEMENT_3D('',#5094,#4349,#4350);
#3776=AXIS2_PLACEMENT_3D('',#5095,#4351,#4352);
#3777=AXIS2_PLACEMENT_3D('',#5096,#4353,#4354);
#3778=AXIS2_PLACEMENT_3D('',#5098,#4355,#4356);
#3779=AXIS2_PLACEMENT_3D('',#5100,#4357,#4358);
#3780=AXIS2_PLACEMENT_3D('',#5102,#4359,#4360);
#3781=AXIS2_PLACEMENT_3D('',#5104,#4361,#4362);
#3782=AXIS2_PLACEMENT_3D('',#5106,#4363,#4364);
#3783=AXIS2_PLACEMENT_3D('',#5108,#4365,#4366);
#3784=AXIS2_PLACEMENT_3D('',#5110,#4367,#4368);
#3785=AXIS2_PLACEMENT_3D('',#5112,#4369,#4370);
#3786=AXIS2_PLACEMENT_3D('',#5121,#4375,#4376);
#3787=AXIS2_PLACEMENT_3D('',#5147,#4389,#4390);
#3788=AXIS2_PLACEMENT_3D('',#5153,#4394,#4395);
#3789=AXIS2_PLACEMENT_3D('',#5157,#4398,#4399);
#3790=AXIS2_PLACEMENT_3D('',#5161,#4402,#4403);
#3791=AXIS2_PLACEMENT_3D('',#5163,#4405,#4406);
#3792=AXIS2_PLACEMENT_3D('',#5164,#4407,#4408);
#3793=AXIS2_PLACEMENT_3D('',#5170,#4412,#4413);
#3794=AXIS2_PLACEMENT_3D('',#5174,#4416,#4417);
#3795=AXIS2_PLACEMENT_3D('',#5180,#4421,#4422);
#3796=AXIS2_PLACEMENT_3D('',#5182,#4424,#4425);
#3797=AXIS2_PLACEMENT_3D('',#5186,#4428,#4429);
#3798=AXIS2_PLACEMENT_3D('',#5192,#4433,#4434);
#3799=AXIS2_PLACEMENT_3D('',#5195,#4437,#4438);
#3800=AXIS2_PLACEMENT_3D('',#5196,#4439,#4440);
#3801=AXIS2_PLACEMENT_3D('',#5197,#4441,#4442);
#3802=AXIS2_PLACEMENT_3D('',#5198,#4443,#4444);
#3803=AXIS2_PLACEMENT_3D('',#5200,#4445,#4446);
#3804=AXIS2_PLACEMENT_3D('',#5202,#4447,#4448);
#3805=AXIS2_PLACEMENT_3D('',#5208,#4452,#4453);
#3806=AXIS2_PLACEMENT_3D('',#5212,#4456,#4457);
#3807=AXIS2_PLACEMENT_3D('',#5216,#4460,#4461);
#3808=AXIS2_PLACEMENT_3D('',#5218,#4463,#4464);
#3809=AXIS2_PLACEMENT_3D('',#5219,#4465,#4466);
#3810=AXIS2_PLACEMENT_3D('',#5220,#4467,#4468);
#3811=AXIS2_PLACEMENT_3D('',#5221,#4469,#4470);
#3812=AXIS2_PLACEMENT_3D('',#5222,#4471,#4472);
#3813=AXIS2_PLACEMENT_3D('',#5223,#4473,#4474);
#3814=AXIS2_PLACEMENT_3D('',#5225,#4475,#4476);
#3815=AXIS2_PLACEMENT_3D('',#5226,#4477,#4478);
#3816=AXIS2_PLACEMENT_3D('',#5227,#4479,#4480);
#3817=AXIS2_PLACEMENT_3D('',#5229,#4481,#4482);
#3818=AXIS2_PLACEMENT_3D('',#5231,#4483,#4484);
#3819=AXIS2_PLACEMENT_3D('',#5232,#4485,#4486);
#3820=AXIS2_PLACEMENT_3D('',#5233,#4487,#4488);
#3821=AXIS2_PLACEMENT_3D('',#5234,#4489,#4490);
#3822=AXIS2_PLACEMENT_3D('',#5235,#4491,#4492);
#3823=AXIS2_PLACEMENT_3D('',#5236,#4493,#4494);
#3824=AXIS2_PLACEMENT_3D('',#5237,#4495,#4496);
#3825=AXIS2_PLACEMENT_3D('',#5238,#4497,#4498);
#3826=AXIS2_PLACEMENT_3D('',#5239,#4499,#4500);
#3827=AXIS2_PLACEMENT_3D('',#5240,#4501,#4502);
#3828=AXIS2_PLACEMENT_3D('',#5241,#4503,#4504);
#3829=AXIS2_PLACEMENT_3D('',#5242,#4505,#4506);
#3830=AXIS2_PLACEMENT_3D('',#5243,#4507,#4508);
#3831=AXIS2_PLACEMENT_3D('',#5244,#4509,#4510);
#3832=AXIS2_PLACEMENT_3D('',#5245,#4511,#4512);
#3833=AXIS2_PLACEMENT_3D('',#5246,#4513,#4514);
#3834=AXIS2_PLACEMENT_3D('',#5247,#4515,#4516);
#3835=DIRECTION('',(0.,0.,1.));
#3836=DIRECTION('',(1.,0.,0.));
#3837=DIRECTION('',(0.,1.,0.));
#3838=DIRECTION('',(-1.,0.,0.));
#3839=DIRECTION('',(-1.,0.,0.));
#3840=DIRECTION('',(-0.272602572456025,0.,0.962126726315384));
#3841=DIRECTION('',(1.,0.,0.));
#3842=DIRECTION('',(-0.272602572456025,0.,-0.962126726315384));
#3843=DIRECTION('',(0.,-1.,0.));
#3844=DIRECTION('',(0.,0.,1.));
#3845=DIRECTION('',(0.,-1.,0.));
#3846=DIRECTION('',(-1.,0.,0.));
#3847=DIRECTION('',(0.,-1.,0.));
#3848=DIRECTION('',(0.,0.,1.));
#3849=DIRECTION('',(0.,-1.,0.));
#3850=DIRECTION('',(0.,0.,1.));
#3851=DIRECTION('',(0.,-1.,0.));
#3852=DIRECTION('',(-1.,0.,0.));
#3853=DIRECTION('',(0.,-1.,0.));
#3854=DIRECTION('',(-1.,0.,0.));
#3855=DIRECTION('',(-0.866025403788329,0.,0.499999999993262));
#3856=DIRECTION('',(0.866025403788329,0.,0.499999999993262));
#3857=DIRECTION('',(-0.499999999993262,0.,0.866025403788329));
#3858=DIRECTION('',(-0.866025403788329,0.,-0.499999999993262));
#3859=DIRECTION('',(0.,0.,1.));
#3860=DIRECTION('',(-1.,0.,0.));
#3861=DIRECTION('',(0.,0.,-1.));
#3862=DIRECTION('',(-0.866025403788329,0.,0.499999999993262));
#3863=DIRECTION('',(-0.499999999993262,0.,-0.866025403788329));
#3864=DIRECTION('',(0.866025403788329,0.,-0.499999999993262));
#3865=DIRECTION('',(-0.866025403788329,0.,-0.499999999993262));
#3866=DIRECTION('',(0.499999999993262,0.,-0.866025403788329));
#3867=DIRECTION('',(0.866025403788329,0.,0.499999999993262));
#3868=DIRECTION('',(0.,0.,-1.));
#3869=DIRECTION('',(1.,0.,0.));
#3870=DIRECTION('',(0.,0.,1.));
#3871=DIRECTION('',(0.866025403788329,0.,-0.499999999993262));
#3872=DIRECTION('',(0.499999999993262,0.,0.866025403788329));
#3873=DIRECTION('',(0.,0.,1.));
#3874=DIRECTION('',(1.,0.,0.));
#3875=DIRECTION('',(0.,1.,0.));
#3876=DIRECTION('',(-1.,0.,0.));
#3877=DIRECTION('',(0.,1.,0.));
#3878=DIRECTION('',(-1.,0.,0.));
#3879=DIRECTION('',(0.,-1.,0.));
#3880=DIRECTION('',(0.,-1.,0.));
#3881=DIRECTION('',(0.,0.,1.));
#3882=DIRECTION('',(0.,-1.,0.));
#3883=DIRECTION('',(0.,0.,1.));
#3884=DIRECTION('',(0.,-1.,0.));
#3885=DIRECTION('',(0.,0.,-1.));
#3886=DIRECTION('',(0.,-1.,0.));
#3887=DIRECTION('',(0.,0.,-1.));
#3888=DIRECTION('',(0.,-1.,0.));
#3889=DIRECTION('',(0.,0.,-1.));
#3890=DIRECTION('',(0.,-1.,0.));
#3891=DIRECTION('',(0.,0.,1.));
#3892=DIRECTION('',(-1.,0.,0.));
#3893=DIRECTION('',(0.,0.,1.));
#3894=DIRECTION('',(-1.,0.,0.));
#3895=DIRECTION('',(0.,0.,1.));
#3896=DIRECTION('',(0.,0.,-1.));
#3897=DIRECTION('',(0.,-1.,0.));
#3898=DIRECTION('',(-1.,0.,0.));
#3899=DIRECTION('',(1.,0.,0.));
#3900=DIRECTION('',(0.,1.,0.));
#3901=DIRECTION('',(0.,1.,0.));
#3902=DIRECTION('',(-1.,0.,0.));
#3903=DIRECTION('',(-0.272602572456025,0.,0.962126726315384));
#3904=DIRECTION('',(1.,0.,0.));
#3905=DIRECTION('',(-1.,0.,0.));
#3906=DIRECTION('',(0.,-1.,0.));
#3907=DIRECTION('',(0.,0.,1.));
#3908=DIRECTION('',(0.,0.,1.));
#3909=DIRECTION('',(0.,1.,0.));
#3910=DIRECTION('',(1.,0.,0.));
#3911=DIRECTION('',(0.,-1.,0.));
#3912=DIRECTION('',(-1.,0.,0.));
#3913=DIRECTION('',(0.,1.,0.));
#3914=DIRECTION('',(-1.,0.,0.));
#3915=DIRECTION('',(0.272602572456025,0.,-0.962126726315384));
#3916=DIRECTION('',(0.,1.,0.));
#3917=DIRECTION('',(0.,0.,1.));
#3918=DIRECTION('',(-1.,0.,0.));
#3919=DIRECTION('',(0.,-1.,0.));
#3920=DIRECTION('',(0.,-1.,0.));
#3921=DIRECTION('',(0.,0.,-1.));
#3922=DIRECTION('',(0.,-1.,0.));
#3923=DIRECTION('',(0.,0.,-1.));
#3924=DIRECTION('',(0.,-1.,0.));
#3925=DIRECTION('',(0.,0.,1.));
#3926=DIRECTION('',(0.,-1.,0.));
#3927=DIRECTION('',(0.,0.,1.));
#3928=DIRECTION('',(0.,-1.,0.));
#3929=DIRECTION('',(0.,0.,1.));
#3930=DIRECTION('',(0.,-1.,0.));
#3931=DIRECTION('',(0.,0.,-1.));
#3932=DIRECTION('',(0.,1.,0.));
#3933=DIRECTION('',(-1.,0.,0.));
#3934=DIRECTION('',(-0.272602572456025,0.,-0.962126726315384));
#3935=DIRECTION('',(-1.,0.,0.));
#3936=DIRECTION('',(1.,0.,0.));
#3937=DIRECTION('',(0.,0.,-1.));
#3938=DIRECTION('',(0.,-1.,0.));
#3939=DIRECTION('',(-1.,0.,0.));
#3940=DIRECTION('',(0.,-1.,0.));
#3941=DIRECTION('',(1.,0.,0.));
#3942=DIRECTION('',(0.,1.,0.));
#3943=DIRECTION('',(-1.,0.,0.));
#3944=DIRECTION('',(0.272602572456025,0.,0.962126726315384));
#3945=DIRECTION('',(-1.,0.,0.));
#3946=DIRECTION('',(0.,1.,0.));
#3947=DIRECTION('',(-1.,0.,0.));
#3948=DIRECTION('',(0.272602572456025,0.,-0.962126726315384));
#3949=DIRECTION('',(-1.,0.,0.));
#3950=DIRECTION('',(0.,1.,0.));
#3951=DIRECTION('',(-1.,0.,0.));
#3952=DIRECTION('',(-0.272602572456025,0.,0.962126726315384));
#3953=DIRECTION('',(1.,0.,0.));
#3954=DIRECTION('',(-1.,0.,0.));
#3955=DIRECTION('',(0.,0.,1.));
#3956=DIRECTION('',(0.,1.,0.));
#3957=DIRECTION('',(0.,-1.,0.));
#3958=DIRECTION('',(0.,0.,-1.));
#3959=DIRECTION('',(0.,-1.,0.));
#3960=DIRECTION('',(1.,0.,0.));
#3961=DIRECTION('',(0.,1.,0.));
#3962=DIRECTION('',(0.,0.,-1.));
#3963=DIRECTION('',(0.,-1.,0.));
#3964=DIRECTION('',(0.,1.,0.));
#3965=DIRECTION('',(-1.,0.,0.));
#3966=DIRECTION('',(1.,0.,0.));
#3967=DIRECTION('',(0.,1.,0.));
#3968=DIRECTION('',(-1.,0.,0.));
#3969=DIRECTION('',(-0.272602572456025,0.,0.962126726315384));
#3970=DIRECTION('',(0.,1.,0.));
#3971=DIRECTION('',(-1.,0.,0.));
#3972=DIRECTION('',(0.272602572456025,0.,-0.962126726315384));
#3973=DIRECTION('',(0.,0.,1.));
#3974=DIRECTION('',(0.,1.,0.));
#3975=DIRECTION('',(1.,0.,0.));
#3976=DIRECTION('',(0.,0.,-1.));
#3977=DIRECTION('',(-1.,0.,0.));
#3978=DIRECTION('',(-1.,0.,0.));
#3979=DIRECTION('',(0.,1.,0.));
#3980=DIRECTION('',(1.,0.,0.));
#3981=DIRECTION('',(0.,1.,0.));
#3982=DIRECTION('',(0.,0.,1.));
#3983=DIRECTION('',(0.,1.,0.));
#3984=DIRECTION('',(-1.,0.,0.));
#3985=DIRECTION('',(0.,1.,0.));
#3986=DIRECTION('',(0.,0.,1.));
#3987=DIRECTION('',(0.,1.,0.));
#3988=DIRECTION('',(0.,1.,0.));
#3989=DIRECTION('',(1.,0.,0.));
#3990=DIRECTION('',(-1.,0.,0.));
#3991=DIRECTION('',(0.,1.,0.));
#3992=DIRECTION('',(-1.,0.,0.));
#3993=DIRECTION('',(-0.272602572456025,0.,-0.962126726315384));
#3994=DIRECTION('',(0.,1.,0.));
#3995=DIRECTION('',(-1.,0.,0.));
#3996=DIRECTION('',(0.272602572456025,0.,0.962126726315384));
#3997=DIRECTION('',(0.,0.,-1.));
#3998=DIRECTION('',(0.,-1.,0.));
#3999=DIRECTION('',(1.,0.,0.));
#4000=DIRECTION('',(0.,-1.,0.));
#4001=DIRECTION('',(-0.962126726315384,0.,0.272602572456025));
#4002=DIRECTION('',(0.272602572456025,0.,0.962126726315384));
#4003=DIRECTION('',(0.272602572456025,0.,0.962126726315384));
#4004=DIRECTION('',(0.272602572456025,0.,0.962126726315384));
#4005=DIRECTION('',(0.,-1.,0.));
#4006=DIRECTION('',(-0.272602572456025,0.,-0.962126726315384));
#4007=DIRECTION('',(-0.272602572456025,0.,-0.962126726315384));
#4008=DIRECTION('',(0.,1.,0.));
#4009=DIRECTION('',(-0.272602572456025,0.,-0.962126726315384));
#4010=DIRECTION('',(0.,1.,0.));
#4011=DIRECTION('',(0.,1.,0.));
#4012=DIRECTION('',(-1.,0.,0.));
#4013=DIRECTION('',(1.,0.,0.));
#4014=DIRECTION('',(0.,1.,0.));
#4015=DIRECTION('',(-1.,0.,0.));
#4016=DIRECTION('',(-1.,0.,0.));
#4017=DIRECTION('',(0.,0.,-1.));
#4018=DIRECTION('',(0.,-1.,0.));
#4019=DIRECTION('',(1.,0.,0.));
#4020=DIRECTION('',(0.,1.,0.));
#4021=DIRECTION('',(1.,0.,0.));
#4022=DIRECTION('',(0.,0.,-1.));
#4023=DIRECTION('',(1.,0.,0.));
#4024=DIRECTION('',(0.,1.,0.));
#4025=DIRECTION('',(1.,0.,0.));
#4026=DIRECTION('',(0.,-1.,0.));
#4027=DIRECTION('',(0.,1.,0.));
#4028=DIRECTION('',(-1.,0.,0.));
#4029=DIRECTION('',(0.,1.,0.));
#4030=DIRECTION('',(0.,0.,1.));
#4031=DIRECTION('',(0.,-1.,0.));
#4032=DIRECTION('',(1.,0.,0.));
#4033=DIRECTION('',(0.,-1.,0.));
#4034=DIRECTION('',(0.,0.,-1.));
#4035=DIRECTION('',(0.,1.,0.));
#4036=DIRECTION('',(-1.,0.,0.));
#4037=DIRECTION('',(0.,1.,0.));
#4038=DIRECTION('',(0.,0.,1.));
#4039=DIRECTION('',(0.,-1.,0.));
#4040=DIRECTION('',(1.,0.,0.));
#4041=DIRECTION('',(0.,-1.,0.));
#4042=DIRECTION('',(0.,0.,-1.));
#4043=DIRECTION('',(0.,1.,0.));
#4044=DIRECTION('',(-1.,0.,0.));
#4045=DIRECTION('',(0.,1.,0.));
#4046=DIRECTION('',(0.,0.,1.));
#4047=DIRECTION('',(0.,-1.,0.));
#4048=DIRECTION('',(1.,0.,0.));
#4049=DIRECTION('',(0.,-1.,0.));
#4050=DIRECTION('',(0.,0.,-1.));
#4051=DIRECTION('',(0.,1.,0.));
#4052=DIRECTION('',(-1.,0.,0.));
#4053=DIRECTION('',(0.,1.,0.));
#4054=DIRECTION('',(0.,0.,1.));
#4055=DIRECTION('',(0.,-1.,0.));
#4056=DIRECTION('',(1.,0.,0.));
#4057=DIRECTION('',(0.,-1.,0.));
#4058=DIRECTION('',(0.,0.,-1.));
#4059=DIRECTION('',(0.,1.,0.));
#4060=DIRECTION('',(-1.,0.,0.));
#4061=DIRECTION('',(0.,1.,0.));
#4062=DIRECTION('',(0.,0.,1.));
#4063=DIRECTION('',(0.,-1.,0.));
#4064=DIRECTION('',(1.,0.,0.));
#4065=DIRECTION('',(0.,-1.,0.));
#4066=DIRECTION('',(0.,0.,-1.));
#4067=DIRECTION('',(0.,1.,0.));
#4068=DIRECTION('',(-1.,0.,0.));
#4069=DIRECTION('',(0.,1.,0.));
#4070=DIRECTION('',(0.,0.,1.));
#4071=DIRECTION('',(0.,-1.,0.));
#4072=DIRECTION('',(1.,0.,0.));
#4073=DIRECTION('',(0.,-1.,0.));
#4074=DIRECTION('',(-1.,0.,0.));
#4075=DIRECTION('',(0.,0.,-1.));
#4076=DIRECTION('',(-1.,0.,0.));
#4077=DIRECTION('',(-1.,0.,0.));
#4078=DIRECTION('',(0.,0.,1.));
#4079=DIRECTION('',(-1.,0.,0.));
#4080=DIRECTION('',(1.,0.,0.));
#4081=DIRECTION('',(0.,1.,0.));
#4082=DIRECTION('',(1.,0.,0.));
#4083=DIRECTION('',(1.,0.,0.));
#4084=DIRECTION('',(0.,0.,1.));
#4085=DIRECTION('',(-1.,0.,0.));
#4086=DIRECTION('',(-1.,0.,0.));
#4087=DIRECTION('',(0.,1.,0.));
#4088=DIRECTION('',(0.,1.,0.));
#4089=DIRECTION('',(-1.,0.,0.));
#4090=DIRECTION('',(0.,0.,-1.));
#4091=DIRECTION('',(0.,1.,0.));
#4092=DIRECTION('',(-1.,0.,0.));
#4093=DIRECTION('',(0.,0.,-1.));
#4094=DIRECTION('',(0.,0.,1.));
#4095=DIRECTION('',(0.,1.,0.));
#4096=DIRECTION('',(1.,0.,0.));
#4097=DIRECTION('',(0.,-1.,0.));
#4098=DIRECTION('',(0.,-1.,0.));
#4099=DIRECTION('',(-1.,0.,0.));
#4100=DIRECTION('',(0.,0.,-1.));
#4101=DIRECTION('',(1.,0.,0.));
#4102=DIRECTION('',(0.962126726315384,0.,0.272602572456025));
#4103=DIRECTION('',(0.272602572456025,0.,-0.962126726315384));
#4104=DIRECTION('',(0.272602572456025,0.,-0.962126726315384));
#4105=DIRECTION('',(-0.272602572456025,0.,0.962126726315384));
#4106=DIRECTION('',(-0.272602572456025,0.,0.962126726315384));
#4107=DIRECTION('',(0.,1.,0.));
#4108=DIRECTION('',(-1.,0.,0.));
#4109=DIRECTION('',(0.,0.,-1.));
#4110=DIRECTION('',(0.,1.,0.));
#4111=DIRECTION('',(-1.,0.,0.));
#4112=DIRECTION('',(0.,0.,-1.));
#4113=DIRECTION('',(0.,1.,0.));
#4114=DIRECTION('',(-1.,0.,0.));
#4115=DIRECTION('',(0.,-1.,0.));
#4116=DIRECTION('',(1.,0.,0.));
#4117=DIRECTION('',(0.00198501665749917,0.,0.999998029852494));
#4118=DIRECTION('',(-0.999998029852494,0.,0.00198501665749917));
#4119=DIRECTION('',(0.,1.,0.));
#4120=DIRECTION('',(-0.999998029852494,0.,0.00198501665749917));
#4121=DIRECTION('',(0.,-1.,0.));
#4122=DIRECTION('',(-0.999998029852494,0.,0.00198501665749917));
#4123=DIRECTION('',(0.866025403788329,0.,0.499999999993262));
#4124=DIRECTION('',(-0.499999999993262,0.,0.866025403788329));
#4125=DIRECTION('',(0.,-1.,0.));
#4126=DIRECTION('',(0.499999999993262,0.,-0.866025403788329));
#4127=DIRECTION('',(0.,1.,0.));
#4128=DIRECTION('',(-0.499999999993262,0.,0.866025403788329));
#4129=DIRECTION('',(0.867016205907645,0.,-0.49827994008741));
#4130=DIRECTION('',(0.49827994008741,0.,0.867016205907645));
#4131=DIRECTION('',(0.,-1.,0.));
#4132=DIRECTION('',(0.49827994008741,0.,0.867016205907645));
#4133=DIRECTION('',(0.,-1.,0.));
#4134=DIRECTION('',(-0.49827994008741,0.,-0.867016205907645));
#4135=DIRECTION('',(0.866025403788329,0.,0.499999999993262));
#4136=DIRECTION('',(-0.499999999993262,0.,0.866025403788329));
#4137=DIRECTION('',(0.,-1.,0.));
#4138=DIRECTION('',(0.499999999993262,0.,-0.866025403788329));
#4139=DIRECTION('',(-0.499999999993262,0.,0.866025403788329));
#4140=DIRECTION('',(0.867016205907645,0.,0.49827994008741));
#4141=DIRECTION('',(-0.49827994008741,0.,0.867016205907645));
#4142=DIRECTION('',(0.,1.,0.));
#4143=DIRECTION('',(-0.49827994008741,0.,0.867016205907645));
#4144=DIRECTION('',(0.,-1.,0.));
#4145=DIRECTION('',(-0.49827994008741,0.,0.867016205907645));
#4146=DIRECTION('',(0.866025403788329,0.,-0.499999999993262));
#4147=DIRECTION('',(0.499999999993262,0.,0.866025403788329));
#4148=DIRECTION('',(0.499999999993262,0.,0.866025403788329));
#4149=DIRECTION('',(0.,-1.,0.));
#4150=DIRECTION('',(-0.499999999993262,0.,-0.866025403788329));
#4151=DIRECTION('',(0.866025403788329,0.,-0.499999999993262));
#4152=DIRECTION('',(0.499999999993262,0.,0.866025403788329));
#4153=DIRECTION('',(0.,1.,0.));
#4154=DIRECTION('',(0.499999999993262,0.,0.866025403788329));
#4155=DIRECTION('',(-0.499999999993262,0.,-0.866025403788329));
#4156=DIRECTION('',(0.00198501665749917,0.,-0.999998029852494));
#4157=DIRECTION('',(0.999998029852494,0.,0.00198501665749917));
#4158=DIRECTION('',(0.999998029852494,0.,0.00198501665749917));
#4159=DIRECTION('',(-0.999998029852494,0.,-0.00198501665749917));
#4160=DIRECTION('',(0.866025403788329,0.,-0.499999999993262));
#4161=DIRECTION('',(0.499999999993262,0.,0.866025403788329));
#4162=DIRECTION('',(0.,-1.,0.));
#4163=DIRECTION('',(-0.499999999993262,0.,-0.866025403788329));
#4164=DIRECTION('',(0.499999999993262,0.,0.866025403788329));
#4165=DIRECTION('',(0.865031189261803,0.,-0.501718089771846));
#4166=DIRECTION('',(0.501718089771846,0.,0.865031189261803));
#4167=DIRECTION('',(0.,1.,0.));
#4168=DIRECTION('',(0.501718089771846,0.,0.865031189261803));
#4169=DIRECTION('',(0.,-1.,0.));
#4170=DIRECTION('',(0.501718089771846,0.,0.865031189261803));
#4171=DIRECTION('',(0.,0.,-1.));
#4172=DIRECTION('',(1.,0.,0.));
#4173=DIRECTION('',(1.,0.,0.));
#4174=DIRECTION('',(0.,-1.,0.));
#4175=DIRECTION('',(-1.,0.,0.));
#4176=DIRECTION('',(0.,0.,-1.));
#4177=DIRECTION('',(1.,0.,0.));
#4178=DIRECTION('',(0.,1.,0.));
#4179=DIRECTION('',(1.,0.,0.));
#4180=DIRECTION('',(-1.,0.,0.));
#4181=DIRECTION('',(-0.865031189261803,0.,-0.501718089771846));
#4182=DIRECTION('',(0.501718089771846,0.,-0.865031189261803));
#4183=DIRECTION('',(0.501718089771846,0.,-0.865031189261803));
#4184=DIRECTION('',(-0.501718089771846,0.,0.865031189261803));
#4185=DIRECTION('',(0.,0.,-1.));
#4186=DIRECTION('',(1.,0.,0.));
#4187=DIRECTION('',(0.,-1.,0.));
#4188=DIRECTION('',(-1.,0.,0.));
#4189=DIRECTION('',(1.,0.,0.));
#4190=DIRECTION('',(0.00198501665749917,0.,0.999998029852494));
#4191=DIRECTION('',(-0.999998029852494,0.,0.00198501665749917));
#4192=DIRECTION('',(0.,1.,0.));
#4193=DIRECTION('',(0.999998029852494,0.,-0.00198501665749917));
#4194=DIRECTION('',(0.,-1.,0.));
#4195=DIRECTION('',(0.999998029852494,0.,-0.00198501665749917));
#4196=DIRECTION('',(-0.866025403788329,0.,-0.499999999993262));
#4197=DIRECTION('',(0.499999999993262,0.,-0.866025403788329));
#4198=DIRECTION('',(0.499999999993262,0.,-0.866025403788329));
#4199=DIRECTION('',(0.,-1.,0.));
#4200=DIRECTION('',(-0.499999999993262,0.,0.866025403788329));
#4201=DIRECTION('',(-0.866025403788329,0.,-0.499999999993262));
#4202=DIRECTION('',(0.499999999993262,0.,-0.866025403788329));
#4203=DIRECTION('',(0.,1.,0.));
#4204=DIRECTION('',(0.499999999993262,0.,-0.866025403788329));
#4205=DIRECTION('',(-0.499999999993262,0.,0.866025403788329));
#4206=DIRECTION('',(0.867016205907645,0.,-0.49827994008741));
#4207=DIRECTION('',(0.49827994008741,0.,0.867016205907645));
#4208=DIRECTION('',(-0.49827994008741,0.,-0.867016205907645));
#4209=DIRECTION('',(0.49827994008741,0.,0.867016205907645));
#4210=DIRECTION('',(-0.866025403788329,0.,-0.499999999993262));
#4211=DIRECTION('',(0.499999999993262,0.,-0.866025403788329));
#4212=DIRECTION('',(0.,-1.,0.));
#4213=DIRECTION('',(-0.499999999993262,0.,0.866025403788329));
#4214=DIRECTION('',(0.499999999993262,0.,-0.866025403788329));
#4215=DIRECTION('',(-0.866025403788329,0.,0.499999999993262));
#4216=DIRECTION('',(-0.499999999993262,0.,-0.866025403788329));
#4217=DIRECTION('',(-0.499999999993262,0.,-0.866025403788329));
#4218=DIRECTION('',(0.,-1.,0.));
#4219=DIRECTION('',(0.499999999993262,0.,0.866025403788329));
#4220=DIRECTION('',(-0.866025403788329,0.,0.499999999993262));
#4221=DIRECTION('',(-0.499999999993262,0.,-0.866025403788329));
#4222=DIRECTION('',(0.,-1.,0.));
#4223=DIRECTION('',(0.499999999993262,0.,0.866025403788329));
#4224=DIRECTION('',(0.,-1.,0.));
#4225=DIRECTION('',(-0.499999999993262,0.,-0.866025403788329));
#4226=DIRECTION('',(0.00198501665749917,0.,-0.999998029852494));
#4227=DIRECTION('',(0.999998029852494,0.,0.00198501665749917));
#4228=DIRECTION('',(-0.999998029852494,0.,-0.00198501665749917));
#4229=DIRECTION('',(0.999998029852494,0.,0.00198501665749917));
#4230=DIRECTION('',(0.866025403788329,0.,0.499999999993262));
#4231=DIRECTION('',(-0.499999999993262,0.,0.866025403788329));
#4232=DIRECTION('',(0.,1.,0.));
#4233=DIRECTION('',(-0.499999999993262,0.,0.866025403788329));
#4234=DIRECTION('',(0.499999999993262,0.,-0.866025403788329));
#4235=DIRECTION('',(0.867016205907645,0.,0.49827994008741));
#4236=DIRECTION('',(-0.49827994008741,0.,0.867016205907645));
#4237=DIRECTION('',(0.,1.,0.));
#4238=DIRECTION('',(0.49827994008741,0.,-0.867016205907645));
#4239=DIRECTION('',(0.49827994008741,0.,-0.867016205907645));
#4240=DIRECTION('',(-0.866025403788329,0.,0.499999999993262));
#4241=DIRECTION('',(-0.499999999993262,0.,-0.866025403788329));
#4242=DIRECTION('',(0.,1.,0.));
#4243=DIRECTION('',(-0.499999999993262,0.,-0.866025403788329));
#4244=DIRECTION('',(0.499999999993262,0.,0.866025403788329));
#4245=DIRECTION('',(-0.865031189261803,0.,-0.501718089771846));
#4246=DIRECTION('',(0.501718089771846,0.,-0.865031189261803));
#4247=DIRECTION('',(-0.501718089771846,0.,0.865031189261803));
#4248=DIRECTION('',(0.,-1.,0.));
#4249=DIRECTION('',(0.501718089771846,0.,-0.865031189261803));
#4250=DIRECTION('',(0.,0.,1.));
#4251=DIRECTION('',(-1.,0.,0.));
#4252=DIRECTION('',(-1.,0.,0.));
#4253=DIRECTION('',(1.,0.,0.));
#4254=DIRECTION('',(0.,0.,1.));
#4255=DIRECTION('',(-1.,0.,0.));
#4256=DIRECTION('',(1.,0.,0.));
#4257=DIRECTION('',(-1.,0.,0.));
#4258=DIRECTION('',(0.,0.,1.));
#4259=DIRECTION('',(-1.,0.,0.));
#4260=DIRECTION('',(1.,0.,0.));
#4261=DIRECTION('',(0.,-1.,0.));
#4262=DIRECTION('',(-1.,0.,0.));
#4263=DIRECTION('',(0.865031189261803,0.,-0.501718089771846));
#4264=DIRECTION('',(0.501718089771846,0.,0.865031189261803));
#4265=DIRECTION('',(-0.501718089771846,0.,-0.865031189261803));
#4266=DIRECTION('',(-0.501718089771846,0.,-0.865031189261803));
#4267=DIRECTION('',(0.,-1.,0.));
#4268=DIRECTION('',(0.499999999993262,0.,-0.866025403788329));
#4269=DIRECTION('',(0.,-1.,0.));
#4270=DIRECTION('',(1.,0.,0.));
#4271=DIRECTION('',(0.,-1.,0.));
#4272=DIRECTION('',(0.499999999993262,0.,-0.866025403788329));
#4273=DIRECTION('',(0.,-1.,0.));
#4274=DIRECTION('',(1.,0.,0.));
#4275=DIRECTION('',(0.866025403788329,0.,0.499999999993262));
#4276=DIRECTION('',(-0.499999999993262,0.,0.866025403788329));
#4277=DIRECTION('',(0.,-1.,0.));
#4278=DIRECTION('',(0.499999999993262,0.,-0.866025403788329));
#4279=DIRECTION('',(0.,-1.,0.));
#4280=DIRECTION('',(0.499999999993262,0.,-0.866025403788329));
#4281=DIRECTION('',(0.866025403788329,0.,0.499999999993262));
#4282=DIRECTION('',(0.,1.,0.));
#4283=DIRECTION('',(-0.866025403788329,0.,-0.499999999993262));
#4284=DIRECTION('',(0.866025403788329,0.,-0.499999999993262));
#4285=DIRECTION('',(0.499999999993262,0.,0.866025403788329));
#4286=DIRECTION('',(0.,-1.,0.));
#4287=DIRECTION('',(-0.499999999993262,0.,-0.866025403788329));
#4288=DIRECTION('',(0.,-1.,0.));
#4289=DIRECTION('',(0.499999999993262,0.,0.866025403788329));
#4290=DIRECTION('',(-0.866025403788329,0.,0.499999999993262));
#4291=DIRECTION('',(0.866025403788329,0.,-0.499999999993262));
#4292=DIRECTION('',(-0.499999999993262,0.,-0.866025403788329));
#4293=DIRECTION('',(0.866025403788329,0.,-0.499999999993262));
#4294=DIRECTION('',(0.,1.,0.));
#4295=DIRECTION('',(-0.866025403788329,0.,0.499999999993262));
#4296=DIRECTION('',(0.,0.,-1.));
#4297=DIRECTION('',(1.,0.,0.));
#4298=DIRECTION('',(0.,-1.,0.));
#4299=DIRECTION('',(-1.,0.,0.));
#4300=DIRECTION('',(0.,-1.,0.));
#4301=DIRECTION('',(1.,0.,0.));
#4302=DIRECTION('',(0.,0.,1.));
#4303=DIRECTION('',(0.,0.,-1.));
#4304=DIRECTION('',(-1.,0.,0.));
#4305=DIRECTION('',(0.,0.,-1.));
#4306=DIRECTION('',(0.,1.,0.));
#4307=DIRECTION('',(0.,0.,1.));
#4308=DIRECTION('',(-0.866025403788329,0.,-0.499999999993262));
#4309=DIRECTION('',(0.499999999993262,0.,-0.866025403788329));
#4310=DIRECTION('',(0.,-1.,0.));
#4311=DIRECTION('',(-0.499999999993262,0.,0.866025403788329));
#4312=DIRECTION('',(0.,-1.,0.));
#4313=DIRECTION('',(0.499999999993262,0.,-0.866025403788329));
#4314=DIRECTION('',(0.866025403788329,0.,0.499999999993262));
#4315=DIRECTION('',(-0.866025403788329,0.,-0.499999999993262));
#4316=DIRECTION('',(-0.499999999993262,0.,0.866025403788329));
#4317=DIRECTION('',(-0.866025403788329,0.,-0.499999999993262));
#4318=DIRECTION('',(0.,1.,0.));
#4319=DIRECTION('',(0.866025403788329,0.,0.499999999993262));
#4320=DIRECTION('',(-0.499999999993262,0.,0.866025403788329));
#4321=DIRECTION('',(-0.866025403788329,0.,-0.499999999993262));
#4322=DIRECTION('',(0.,-1.,0.));
#4323=DIRECTION('',(0.866025403788329,0.,0.499999999993262));
#4324=DIRECTION('',(-0.866025403788329,0.,0.499999999993262));
#4325=DIRECTION('',(-0.499999999993262,0.,-0.866025403788329));
#4326=DIRECTION('',(0.,-1.,0.));
#4327=DIRECTION('',(0.499999999993262,0.,0.866025403788329));
#4328=DIRECTION('',(0.,-1.,0.));
#4329=DIRECTION('',(-0.499999999993262,0.,-0.866025403788329));
#4330=DIRECTION('',(0.866025403788329,0.,-0.499999999993262));
#4331=DIRECTION('',(-0.866025403788329,0.,0.499999999993262));
#4332=DIRECTION('',(0.499999999993262,0.,0.866025403788329));
#4333=DIRECTION('',(-0.866025403788329,0.,0.499999999993262));
#4334=DIRECTION('',(0.,1.,0.));
#4335=DIRECTION('',(0.866025403788329,0.,-0.499999999993262));
#4336=DIRECTION('',(0.,-1.,0.));
#4337=DIRECTION('',(0.499999999993262,0.,-0.866025403788329));
#4338=DIRECTION('',(0.,0.,1.));
#4339=DIRECTION('',(1.,0.,0.));
#4340=DIRECTION('',(0.,0.,-1.));
#4341=DIRECTION('',(0.,1.,0.));
#4342=DIRECTION('',(0.,0.,-1.));
#4343=DIRECTION('',(0.,0.,1.));
#4344=DIRECTION('',(-1.,0.,0.));
#4345=DIRECTION('',(0.,-1.,0.));
#4346=DIRECTION('',(0.,-1.,0.));
#4347=DIRECTION('',(1.,0.,0.));
#4348=DIRECTION('',(0.,0.,1.));
#4349=DIRECTION('',(-1.,0.,0.));
#4350=DIRECTION('',(0.,0.,-1.));
#4351=DIRECTION('',(0.,1.,0.));
#4352=DIRECTION('',(-1.,0.,0.));
#4353=DIRECTION('',(0.,1.,0.));
#4354=DIRECTION('',(-1.,0.,0.));
#4355=DIRECTION('',(0.,1.,0.));
#4356=DIRECTION('',(-1.,0.,0.));
#4357=DIRECTION('',(0.,1.,0.));
#4358=DIRECTION('',(0.,0.,1.));
#4359=DIRECTION('',(0.,1.,0.));
#4360=DIRECTION('',(0.,0.,1.));
#4361=DIRECTION('',(0.,1.,0.));
#4362=DIRECTION('',(-1.,0.,0.));
#4363=DIRECTION('',(0.,1.,0.));
#4364=DIRECTION('',(-1.,0.,0.));
#4365=DIRECTION('',(0.,1.,0.));
#4366=DIRECTION('',(0.,0.,1.));
#4367=DIRECTION('',(0.,1.,0.));
#4368=DIRECTION('',(-1.,0.,0.));
#4369=DIRECTION('',(0.,1.,0.));
#4370=DIRECTION('',(-1.,0.,0.));
#4371=DIRECTION('',(-1.,0.,0.));
#4372=DIRECTION('',(0.,0.,1.));
#4373=DIRECTION('',(1.,0.,0.));
#4374=DIRECTION('',(0.,0.,-1.));
#4375=DIRECTION('',(0.,-1.,0.));
#4376=DIRECTION('',(-1.,0.,0.));
#4377=DIRECTION('',(-1.,0.,0.));
#4378=DIRECTION('',(0.,0.,1.));
#4379=DIRECTION('',(1.,0.,0.));
#4380=DIRECTION('',(0.,0.,1.));
#4381=DIRECTION('',(1.,0.,0.));
#4382=DIRECTION('',(0.,0.,-1.));
#4383=DIRECTION('',(1.,0.,0.));
#4384=DIRECTION('',(0.,0.,-1.));
#4385=DIRECTION('',(-1.,0.,0.));
#4386=DIRECTION('',(0.,0.,1.));
#4387=DIRECTION('',(1.,0.,0.));
#4388=DIRECTION('',(0.,0.,-1.));
#4389=DIRECTION('',(1.,0.,0.));
#4390=DIRECTION('',(0.,1.,0.));
#4391=DIRECTION('',(0.,-1.,0.));
#4392=DIRECTION('',(0.,0.,1.));
#4393=DIRECTION('',(0.,-1.,0.));
#4394=DIRECTION('',(0.,0.,-1.));
#4395=DIRECTION('',(0.,-1.,0.));
#4396=DIRECTION('',(1.,0.,0.));
#4397=DIRECTION('',(0.,-1.,0.));
#4398=DIRECTION('',(-1.,0.,0.));
#4399=DIRECTION('',(0.,-1.,0.));
#4400=DIRECTION('',(0.,0.,-1.));
#4401=DIRECTION('',(0.,-1.,0.));
#4402=DIRECTION('',(0.,0.,1.));
#4403=DIRECTION('',(0.,1.,0.));
#4404=DIRECTION('',(-1.,0.,0.));
#4405=DIRECTION('',(0.,1.,0.));
#4406=DIRECTION('',(-1.,0.,0.));
#4407=DIRECTION('',(1.,0.,0.));
#4408=DIRECTION('',(0.,1.,0.));
#4409=DIRECTION('',(0.,-1.,0.));
#4410=DIRECTION('',(0.,0.,1.));
#4411=DIRECTION('',(0.,-1.,0.));
#4412=DIRECTION('',(0.,0.,-1.));
#4413=DIRECTION('',(0.,-1.,0.));
#4414=DIRECTION('',(0.,1.,0.));
#4415=DIRECTION('',(1.,0.,0.));
#4416=DIRECTION('',(-1.,0.,0.));
#4417=DIRECTION('',(0.,-1.,0.));
#4418=DIRECTION('',(0.,-1.,0.));
#4419=DIRECTION('',(0.,0.,-1.));
#4420=DIRECTION('',(0.,-1.,0.));
#4421=DIRECTION('',(0.,0.,1.));
#4422=DIRECTION('',(0.,1.,0.));
#4423=DIRECTION('',(-1.,0.,0.));
#4424=DIRECTION('',(0.,0.,-1.));
#4425=DIRECTION('',(0.,-1.,0.));
#4426=DIRECTION('',(0.,-1.,0.));
#4427=DIRECTION('',(1.,0.,0.));
#4428=DIRECTION('',(0.,1.,0.));
#4429=DIRECTION('',(-1.,0.,0.));
#4430=DIRECTION('',(0.,0.,-1.));
#4431=DIRECTION('',(1.,0.,0.));
#4432=DIRECTION('',(0.,0.,1.));
#4433=DIRECTION('',(0.,0.,-1.));
#4434=DIRECTION('',(0.,-1.,0.));
#4435=DIRECTION('',(0.,-1.,0.));
#4436=DIRECTION('',(0.,-1.,0.));
#4437=DIRECTION('',(-1.,0.,0.));
#4438=DIRECTION('',(0.,-1.,0.));
#4439=DIRECTION('',(1.,0.,0.));
#4440=DIRECTION('',(0.,1.,0.));
#4441=DIRECTION('',(0.,1.,0.));
#4442=DIRECTION('',(-1.,0.,0.));
#4443=DIRECTION('',(0.,1.,0.));
#4444=DIRECTION('',(0.,0.,1.));
#4445=DIRECTION('',(0.,-1.,0.));
#4446=DIRECTION('',(0.,0.,1.));
#4447=DIRECTION('',(1.,0.,0.));
#4448=DIRECTION('',(0.,1.,0.));
#4449=DIRECTION('',(0.,-1.,0.));
#4450=DIRECTION('',(0.,0.,1.));
#4451=DIRECTION('',(0.,-1.,0.));
#4452=DIRECTION('',(0.,0.,-1.));
#4453=DIRECTION('',(0.,-1.,0.));
#4454=DIRECTION('',(1.,0.,0.));
#4455=DIRECTION('',(0.,-1.,0.));
#4456=DIRECTION('',(-1.,0.,0.));
#4457=DIRECTION('',(0.,-1.,0.));
#4458=DIRECTION('',(0.,0.,-1.));
#4459=DIRECTION('',(0.,-1.,0.));
#4460=DIRECTION('',(0.,0.,1.));
#4461=DIRECTION('',(0.,1.,0.));
#4462=DIRECTION('',(-1.,0.,0.));
#4463=DIRECTION('',(0.,1.,0.));
#4464=DIRECTION('',(-1.,0.,0.));
#4465=DIRECTION('',(0.,1.,0.));
#4466=DIRECTION('',(-1.,0.,0.));
#4467=DIRECTION('',(0.,1.,0.));
#4468=DIRECTION('',(-1.,0.,0.));
#4469=DIRECTION('',(0.,-1.,0.));
#4470=DIRECTION('',(1.,0.,0.));
#4471=DIRECTION('',(0.,-1.,0.));
#4472=DIRECTION('',(1.,0.,0.));
#4473=DIRECTION('',(0.,-1.,0.));
#4474=DIRECTION('',(0.,0.,-1.));
#4475=DIRECTION('',(0.,1.,0.));
#4476=DIRECTION('',(-1.,0.,0.));
#4477=DIRECTION('',(0.,-1.,0.));
#4478=DIRECTION('',(1.,0.,0.));
#4479=DIRECTION('',(0.,-1.,0.));
#4480=DIRECTION('',(1.,0.,0.));
#4481=DIRECTION('',(0.,-1.,0.));
#4482=DIRECTION('',(1.,0.,0.));
#4483=DIRECTION('',(0.,1.,0.));
#4484=DIRECTION('',(-1.,0.,0.));
#4485=DIRECTION('',(0.,0.,1.));
#4486=DIRECTION('',(-1.,0.,0.));
#4487=DIRECTION('',(0.,0.,1.));
#4488=DIRECTION('',(-1.,0.,0.));
#4489=DIRECTION('',(0.,1.,0.));
#4490=DIRECTION('',(-1.,0.,0.));
#4491=DIRECTION('',(0.,1.,0.));
#4492=DIRECTION('',(-1.,0.,0.));
#4493=DIRECTION('',(0.,1.,0.));
#4494=DIRECTION('',(-1.,0.,0.));
#4495=DIRECTION('',(0.,1.,0.));
#4496=DIRECTION('',(-1.,0.,0.));
#4497=DIRECTION('',(0.,1.,0.));
#4498=DIRECTION('',(-1.,0.,0.));
#4499=DIRECTION('',(0.,1.,0.));
#4500=DIRECTION('',(-1.,0.,0.));
#4501=DIRECTION('',(0.,1.,0.));
#4502=DIRECTION('',(-1.,0.,0.));
#4503=DIRECTION('',(0.,1.,0.));
#4504=DIRECTION('',(-1.,0.,0.));
#4505=DIRECTION('',(0.,1.,0.));
#4506=DIRECTION('',(-1.,0.,0.));
#4507=DIRECTION('',(0.,1.,0.));
#4508=DIRECTION('',(-1.,0.,0.));
#4509=DIRECTION('',(0.,1.,0.));
#4510=DIRECTION('',(-1.,0.,0.));
#4511=DIRECTION('',(0.,1.,0.));
#4512=DIRECTION('',(-1.,0.,0.));
#4513=DIRECTION('',(-1.,0.,0.));
#4514=DIRECTION('',(0.,-1.,0.));
#4515=DIRECTION('',(-1.,0.,0.));
#4516=DIRECTION('',(0.,-1.,0.));
#4517=CARTESIAN_POINT('',(0.,0.,0.));
#4518=CARTESIAN_POINT('',(-0.1085,0.03,0.0280561198008486));
#4519=CARTESIAN_POINT('',(-0.017,0.03,0.06));
#4520=CARTESIAN_POINT('',(-0.017,0.03,0.06));
#4521=CARTESIAN_POINT('',(-0.2,0.03,0.06));
#4522=CARTESIAN_POINT('',(0.,0.03,0.));
#4523=CARTESIAN_POINT('',(0.,0.03,0.));
#4524=CARTESIAN_POINT('',(-0.217,0.03,0.));
#4525=CARTESIAN_POINT('',(-0.217,0.03,0.));
#4526=CARTESIAN_POINT('',(-0.2,0.03,0.06));
#4527=CARTESIAN_POINT('',(-0.02,0.03,0.006));
#4528=CARTESIAN_POINT('',(-0.02,0.03,0.007));
#4529=CARTESIAN_POINT('',(-0.02,0.03,0.026));
#4530=CARTESIAN_POINT('',(-0.021,0.03,0.026));
#4531=CARTESIAN_POINT('',(-0.197,0.03,0.006));
#4532=CARTESIAN_POINT('',(-0.197,0.03,0.007));
#4533=CARTESIAN_POINT('',(-0.197,0.03,0.026));
#4534=CARTESIAN_POINT('',(-0.197,0.03,0.027));
#4535=CARTESIAN_POINT('',(-0.02,0.03,0.054));
#4536=CARTESIAN_POINT('',(-0.021,0.03,0.054));
#4537=CARTESIAN_POINT('',(-0.197,0.03,0.054));
#4538=CARTESIAN_POINT('',(-0.198,0.03,0.054));
#4539=CARTESIAN_POINT('',(-0.090468529221268,0.03,0.0592875433253671));
#4540=CARTESIAN_POINT('',(-0.00506891108675428,0.03,0.00998205080760025));
#4541=CARTESIAN_POINT('',(-0.00509999999994606,0.03,0.01));
#4542=CARTESIAN_POINT('',(-0.0748314707800984,0.03,-0.0302594834251861));
#4543=CARTESIAN_POINT('',(-0.00506891108675434,0.03,0.0100179491923998));
#4544=CARTESIAN_POINT('',(-0.0224031756966984,0.03,0.0400417762092054));
#4545=CARTESIAN_POINT('',(-0.00706891108672737,0.03,0.0134820508075531));
#4546=CARTESIAN_POINT('',(-0.0427079631617142,0.03,-0.00709416550123395));
#4547=CARTESIAN_POINT('',(-0.0071,0.03,0.0134641016151066));
#4548=CARTESIAN_POINT('',(-0.00709999999999999,0.03,0.0199030599004243));
#4549=CARTESIAN_POINT('',(-0.0071,0.03,0.0135));
#4550=CARTESIAN_POINT('',(-0.0588,0.03,0.0135));
#4551=CARTESIAN_POINT('',(-0.0111,0.03,0.0135));
#4552=CARTESIAN_POINT('',(-0.0111,0.03,0.0199030599004243));
#4553=CARTESIAN_POINT('',(-0.0111,0.03,0.0134641016151066));
#4554=CARTESIAN_POINT('',(-0.0500420368389556,0.03,0.035947297066466));
#4555=CARTESIAN_POINT('',(-0.0111310889132726,0.03,0.0134820508075531));
#4556=CARTESIAN_POINT('',(-0.0206468243026318,0.03,-0.00299968635849447));
#4557=CARTESIAN_POINT('',(-0.0131310889132457,0.03,0.0100179491923998));
#4558=CARTESIAN_POINT('',(-0.0520420368389286,0.03,0.0324831954513126));
#4559=CARTESIAN_POINT('',(-0.0131000000000539,0.03,0.01));
#4560=CARTESIAN_POINT('',(-0.0427079631617142,0.03,-0.00709416550123395));
#4561=CARTESIAN_POINT('',(-0.0131310889132457,0.03,0.00998205080760024));
#4562=CARTESIAN_POINT('',(-0.0284653535232167,0.03,0.0365417762092526));
#4563=CARTESIAN_POINT('',(-0.0111310889132726,0.03,0.00651794919244693));
#4564=CARTESIAN_POINT('',(-0.0422235076183707,0.03,-0.0114332671163755));
#4565=CARTESIAN_POINT('',(-0.0111,0.03,0.00653589838489333));
#4566=CARTESIAN_POINT('',(-0.0111,0.03,0.0280561198008486));
#4567=CARTESIAN_POINT('',(-0.0111,0.03,0.0065));
#4568=CARTESIAN_POINT('',(-0.0588,0.03,0.0065));
#4569=CARTESIAN_POINT('',(-0.0071,0.03,0.0065));
#4570=CARTESIAN_POINT('',(-0.0071,0.03,0.0280561198008486));
#4571=CARTESIAN_POINT('',(-0.0071,0.03,0.00653589838489335));
#4572=CARTESIAN_POINT('',(-0.0924685292212411,0.03,0.0558234417102137));
#4573=CARTESIAN_POINT('',(-0.00706891108672735,0.03,0.0065179491924469));
#4574=CARTESIAN_POINT('',(-0.0145846464761135,0.03,-0.0064996863584473));
#4575=CARTESIAN_POINT('',(-0.1085,0.,0.06));
#4576=CARTESIAN_POINT('',(-0.2,0.,0.06));
#4577=CARTESIAN_POINT('',(-0.2,0.,0.06));
#4578=CARTESIAN_POINT('',(-0.017,0.,0.06));
#4579=CARTESIAN_POINT('',(-0.017,0.,0.06));
#4580=CARTESIAN_POINT('',(-0.017,0.,0.06));
#4581=CARTESIAN_POINT('',(-0.018,0.00025,0.0117));
#4582=CARTESIAN_POINT('',(-0.018,0.015,0.003));
#4583=CARTESIAN_POINT('',(-0.018,0.028,0.003));
#4584=CARTESIAN_POINT('',(-0.018,0.0157,0.003));
#4585=CARTESIAN_POINT('',(-0.018,0.028,0.0117));
#4586=CARTESIAN_POINT('',(-0.018,0.028,0.057));
#4587=CARTESIAN_POINT('',(-0.018,0.00025,0.057));
#4588=CARTESIAN_POINT('',(-0.018,0.0157,0.057));
#4589=CARTESIAN_POINT('',(-0.018,0.0157,0.0117));
#4590=CARTESIAN_POINT('',(-0.018,0.0157,0.058));
#4591=CARTESIAN_POINT('',(-0.018,0.00025,0.058));
#4592=CARTESIAN_POINT('',(-0.018,0.0143,0.058));
#4593=CARTESIAN_POINT('',(-0.018,0.0143,0.0117));
#4594=CARTESIAN_POINT('',(-0.018,0.0143,0.057));
#4595=CARTESIAN_POINT('',(-0.018,0.00025,0.057));
#4596=CARTESIAN_POINT('',(-0.018,0.002,0.057));
#4597=CARTESIAN_POINT('',(-0.018,0.002,0.0117));
#4598=CARTESIAN_POINT('',(-0.018,0.002,0.003));
#4599=CARTESIAN_POINT('',(-0.018,0.015,0.003));
#4600=CARTESIAN_POINT('',(-0.018,0.0143,0.003));
#4601=CARTESIAN_POINT('',(-0.018,0.0143,0.0117));
#4602=CARTESIAN_POINT('',(-0.018,0.0143,0.002));
#4603=CARTESIAN_POINT('',(-0.018,0.015,0.002));
#4604=CARTESIAN_POINT('',(-0.018,0.0157,0.002));
#4605=CARTESIAN_POINT('',(-0.018,0.0157,0.0117));
#4606=CARTESIAN_POINT('',(-0.018,0.0164,0.041));
#4607=CARTESIAN_POINT('',(-0.018,0.0164,0.0422));
#4608=CARTESIAN_POINT('',(-0.018,0.0164,0.019));
#4609=CARTESIAN_POINT('',(-0.018,0.0164,0.0202));
#4610=CARTESIAN_POINT('',(-0.209,0.015,0.057));
#4611=CARTESIAN_POINT('',(-0.209,0.0157,0.057));
#4612=CARTESIAN_POINT('',(-0.01615,0.0157,0.057));
#4613=CARTESIAN_POINT('',(-0.209,0.028,0.057));
#4614=CARTESIAN_POINT('',(-0.01615,0.028,0.057));
#4615=CARTESIAN_POINT('',(-0.01615,0.,0.057));
#4616=CARTESIAN_POINT('',(-0.209,0.002,0.03));
#4617=CARTESIAN_POINT('',(-0.0085,0.002,0.03));
#4618=CARTESIAN_POINT('',(-0.00085,0.002,0.003));
#4619=CARTESIAN_POINT('',(-0.01615,0.002,0.057));
#4620=CARTESIAN_POINT('',(-0.209,0.002,0.003));
#4621=CARTESIAN_POINT('',(-0.209,0.002,0.057));
#4622=CARTESIAN_POINT('',(-0.0091,0.002,0.01));
#4623=CARTESIAN_POINT('',(-0.0091,0.002,0.0125));
#4624=CARTESIAN_POINT('',(-0.209,0.015,0.003));
#4625=CARTESIAN_POINT('',(-0.209,0.0157,0.003));
#4626=CARTESIAN_POINT('',(-0.000849999999999998,0.0157,0.003));
#4627=CARTESIAN_POINT('',(-0.000850000000000014,0.,0.003));
#4628=CARTESIAN_POINT('',(-0.00085,0.028,0.003));
#4629=CARTESIAN_POINT('',(-0.209,0.028,0.003));
#4630=CARTESIAN_POINT('',(-0.209,0.028,0.03));
#4631=CARTESIAN_POINT('',(-0.0085,0.028,0.03));
#4632=CARTESIAN_POINT('',(-0.0091,0.028,0.01));
#4633=CARTESIAN_POINT('',(-0.0091,0.028,0.01475));
#4634=CARTESIAN_POINT('',(-0.2,0.015,0.03));
#4635=CARTESIAN_POINT('',(-0.2,0.015,0.057));
#4636=CARTESIAN_POINT('',(-0.2,0.028,0.057));
#4637=CARTESIAN_POINT('',(-0.2,0.0157,0.057));
#4638=CARTESIAN_POINT('',(-0.2,0.028,0.03));
#4639=CARTESIAN_POINT('',(-0.2,0.028,0.003));
#4640=CARTESIAN_POINT('',(-0.2,0.015,0.003));
#4641=CARTESIAN_POINT('',(-0.2,0.0157,0.003));
#4642=CARTESIAN_POINT('',(-0.2,0.0157,0.03));
#4643=CARTESIAN_POINT('',(-0.2,0.0157,0.002));
#4644=CARTESIAN_POINT('',(-0.2,0.015,0.002));
#4645=CARTESIAN_POINT('',(-0.2,0.0143,0.002));
#4646=CARTESIAN_POINT('',(-0.2,0.0143,0.03));
#4647=CARTESIAN_POINT('',(-0.2,0.0143,0.003));
#4648=CARTESIAN_POINT('',(-0.2,0.015,0.003));
#4649=CARTESIAN_POINT('',(-0.2,0.002,0.003));
#4650=CARTESIAN_POINT('',(-0.2,0.002,0.03));
#4651=CARTESIAN_POINT('',(-0.2,0.002,0.057));
#4652=CARTESIAN_POINT('',(-0.2,0.015,0.057));
#4653=CARTESIAN_POINT('',(-0.2,0.0143,0.057));
#4654=CARTESIAN_POINT('',(-0.2,0.0143,0.0575));
#4655=CARTESIAN_POINT('',(-0.2,0.0143,0.058));
#4656=CARTESIAN_POINT('',(-0.2,0.015,0.058));
#4657=CARTESIAN_POINT('',(-0.2,0.0157,0.058));
#4658=CARTESIAN_POINT('',(-0.2,0.0157,0.0575));
#4659=CARTESIAN_POINT('',(-0.209,0.002,0.03));
#4660=CARTESIAN_POINT('',(-0.208518578040627,0.002,0.0299344304448444));
#4661=CARTESIAN_POINT('',(-0.20085,0.002,0.057));
#4662=CARTESIAN_POINT('',(-0.21615,0.002,0.003));
#4663=CARTESIAN_POINT('',(-0.209,0.002,0.057));
#4664=CARTESIAN_POINT('',(-0.209,0.002,0.003));
#4665=CARTESIAN_POINT('',(-0.209,0.015,0.057));
#4666=CARTESIAN_POINT('',(-0.209,0.0157,0.057));
#4667=CARTESIAN_POINT('',(-0.20085,0.0157,0.057));
#4668=CARTESIAN_POINT('',(-0.20085,0.0075,0.057));
#4669=CARTESIAN_POINT('',(-0.20085,0.028,0.057));
#4670=CARTESIAN_POINT('',(-0.209,0.028,0.057));
#4671=CARTESIAN_POINT('',(-0.209,0.028,0.03));
#4672=CARTESIAN_POINT('',(-0.208518578040627,0.028,0.0299344304448444));
#4673=CARTESIAN_POINT('',(-0.21615,0.028,0.003));
#4674=CARTESIAN_POINT('',(-0.209,0.028,0.003));
#4675=CARTESIAN_POINT('',(-0.209,0.0157,0.0575));
#4676=CARTESIAN_POINT('',(-0.0085,0.0157,0.03));
#4677=CARTESIAN_POINT('',(-0.000566666666666666,0.0157,0.002));
#4678=CARTESIAN_POINT('',(-0.209,0.0157,0.002));
#4679=CARTESIAN_POINT('',(-0.209,0.0143,0.0575));
#4680=CARTESIAN_POINT('',(-0.0085,0.0143,0.03));
#4681=CARTESIAN_POINT('',(-0.000566666666666666,0.0143,0.002));
#4682=CARTESIAN_POINT('',(-0.000849999999999998,0.0143,0.003));
#4683=CARTESIAN_POINT('',(-0.209,0.0143,0.002));
#4684=CARTESIAN_POINT('',(-0.209,0.0143,0.003));
#4685=CARTESIAN_POINT('',(-0.209,0.015,0.002));
#4686=CARTESIAN_POINT('',(-0.000566666666666682,0.,0.002));
#4687=CARTESIAN_POINT('',(-0.209,0.015,0.057));
#4688=CARTESIAN_POINT('',(-0.209,0.0143,0.057));
#4689=CARTESIAN_POINT('',(-0.01615,0.0143,0.057));
#4690=CARTESIAN_POINT('',(-0.01615,0.,0.057));
#4691=CARTESIAN_POINT('',(-0.209,0.015,0.058));
#4692=CARTESIAN_POINT('',(-0.0164333333333333,0.,0.058));
#4693=CARTESIAN_POINT('',(-0.0164333333333333,0.0143,0.058));
#4694=CARTESIAN_POINT('',(-0.0164333333333333,0.0157,0.058));
#4695=CARTESIAN_POINT('',(-0.209,0.0143,0.058));
#4696=CARTESIAN_POINT('',(-0.209,0.0157,0.058));
#4697=CARTESIAN_POINT('',(-0.209,0.0143,0.0575));
#4698=CARTESIAN_POINT('',(-0.0085,0.0143,0.03));
#4699=CARTESIAN_POINT('',(-0.209,0.0157,0.0575));
#4700=CARTESIAN_POINT('',(-0.0085,0.0157,0.03));
#4701=CARTESIAN_POINT('',(-0.209,0.015,0.003));
#4702=CARTESIAN_POINT('',(-0.2105,0.0227,0.003));
#4703=CARTESIAN_POINT('',(-0.21615,0.0227,0.003));
#4704=CARTESIAN_POINT('',(-0.207,0.0227,0.003));
#4705=CARTESIAN_POINT('',(-0.207,0.02,0.003));
#4706=CARTESIAN_POINT('',(-0.207,0.0173,0.003));
#4707=CARTESIAN_POINT('',(-0.2105,0.0173,0.003));
#4708=CARTESIAN_POINT('',(-0.21615,0.0173,0.003));
#4709=CARTESIAN_POINT('',(-0.21615,0.0075,0.003));
#4710=CARTESIAN_POINT('',(-0.21615,0.0157,0.003));
#4711=CARTESIAN_POINT('',(-0.209,0.0157,0.003));
#4712=CARTESIAN_POINT('',(-0.21615,0.0075,0.003));
#4713=CARTESIAN_POINT('',(-0.209,0.015,0.003));
#4714=CARTESIAN_POINT('',(-0.209,0.0143,0.003));
#4715=CARTESIAN_POINT('',(-0.21615,0.0143,0.003));
#4716=CARTESIAN_POINT('',(-0.21615,0.0075,0.003));
#4717=CARTESIAN_POINT('',(-0.209,0.015,0.002));
#4718=CARTESIAN_POINT('',(-0.216433333333333,0.0075,0.002));
#4719=CARTESIAN_POINT('',(-0.216433333333333,0.0143,0.002));
#4720=CARTESIAN_POINT('',(-0.216433333333333,0.0157,0.002));
#4721=CARTESIAN_POINT('',(-0.209,0.0143,0.002));
#4722=CARTESIAN_POINT('',(-0.209,0.0157,0.002));
#4723=CARTESIAN_POINT('',(-0.209,0.0143,0.0575));
#4724=CARTESIAN_POINT('',(-0.2085,0.0143,0.03));
#4725=CARTESIAN_POINT('',(-0.209,0.0157,0.0575));
#4726=CARTESIAN_POINT('',(-0.2085,0.0157,0.03));
#4727=CARTESIAN_POINT('',(-0.209,0.015,0.057));
#4728=CARTESIAN_POINT('',(-0.209,0.0143,0.057));
#4729=CARTESIAN_POINT('',(-0.20085,0.0143,0.057));
#4730=CARTESIAN_POINT('',(-0.20085,0.0075,0.057));
#4731=CARTESIAN_POINT('',(-0.2085,0.,0.03));
#4732=CARTESIAN_POINT('',(-0.212236371817948,0.0227,0.0168128053484186));
#4733=CARTESIAN_POINT('',(-0.217,0.0227,0.));
#4734=CARTESIAN_POINT('',(-0.204912252507071,0.0157,0.0426626382103368));
#4735=CARTESIAN_POINT('',(-0.200566666666667,0.0157,0.058));
#4736=CARTESIAN_POINT('',(-0.200566666666667,0.0075,0.058));
#4737=CARTESIAN_POINT('',(-0.200566666666667,0.0143,0.058));
#4738=CARTESIAN_POINT('',(-0.204912252507071,0.0143,0.0426626382103368));
#4739=CARTESIAN_POINT('',(-0.212236371817948,0.0173,0.0168128053484186));
#4740=CARTESIAN_POINT('',(-0.217,0.0173,0.));
#4741=CARTESIAN_POINT('',(-0.217,0.,0.));
#4742=CARTESIAN_POINT('',(-0.217,0.,0.));
#4743=CARTESIAN_POINT('',(-0.2,0.,0.06));
#4744=CARTESIAN_POINT('',(-0.217,0.,0.));
#4745=CARTESIAN_POINT('',(-0.209,0.0157,0.0575));
#4746=CARTESIAN_POINT('',(-0.209,0.0157,0.058));
#4747=CARTESIAN_POINT('',(-0.209,0.0143,0.0575));
#4748=CARTESIAN_POINT('',(-0.209,0.0143,0.058));
#4749=CARTESIAN_POINT('',(-0.209,0.015,0.058));
#4750=CARTESIAN_POINT('',(0.0243,0.0164,0.019));
#4751=CARTESIAN_POINT('',(0.0243,0.0164,0.041));
#4752=CARTESIAN_POINT('',(0.0243,0.0164,0.0398));
#4753=CARTESIAN_POINT('',(0.0243,0.0164,0.019));
#4754=CARTESIAN_POINT('',(0.0243,0.0164,0.019));
#4755=CARTESIAN_POINT('',(0.0243,0.0152,0.019));
#4756=CARTESIAN_POINT('',(-0.02,0.0005,0.014));
#4757=CARTESIAN_POINT('',(-0.02,0.0005,0.006));
#4758=CARTESIAN_POINT('',(-0.02,0.0005,0.007));
#4759=CARTESIAN_POINT('',(-0.197,0.0295,0.054));
#4760=CARTESIAN_POINT('',(-0.02,0.0295,0.006));
#4761=CARTESIAN_POINT('',(-0.02,0.0295,0.005));
#4762=CARTESIAN_POINT('',(-0.02,0.0005,0.014));
#4763=CARTESIAN_POINT('',(-0.02,0.0005,0.026));
#4764=CARTESIAN_POINT('',(-0.02,0.0005,0.027));
#4765=CARTESIAN_POINT('',(-0.197,0.0295,0.054));
#4766=CARTESIAN_POINT('',(-0.02,0.0295,0.026));
#4767=CARTESIAN_POINT('',(-0.02,0.0295,0.025));
#4768=CARTESIAN_POINT('',(-0.02,0.0005,0.014));
#4769=CARTESIAN_POINT('',(-0.197,0.0005,0.006));
#4770=CARTESIAN_POINT('',(-0.197,0.0005,0.007));
#4771=CARTESIAN_POINT('',(-0.197,0.0295,0.054));
#4772=CARTESIAN_POINT('',(-0.197,0.0295,0.006));
#4773=CARTESIAN_POINT('',(-0.197,0.0295,0.005));
#4774=CARTESIAN_POINT('',(-0.02,0.0005,0.014));
#4775=CARTESIAN_POINT('',(-0.197,0.0005,0.026));
#4776=CARTESIAN_POINT('',(-0.197,0.0005,0.027));
#4777=CARTESIAN_POINT('',(-0.197,0.0295,0.054));
#4778=CARTESIAN_POINT('',(-0.197,0.0295,0.026));
#4779=CARTESIAN_POINT('',(-0.197,0.0295,0.025));
#4780=CARTESIAN_POINT('',(-0.02,0.0005,0.014));
#4781=CARTESIAN_POINT('',(-0.02,0.0005,0.054));
#4782=CARTESIAN_POINT('',(-0.02,0.0005,0.055));
#4783=CARTESIAN_POINT('',(-0.197,0.0295,0.054));
#4784=CARTESIAN_POINT('',(-0.02,0.0295,0.054));
#4785=CARTESIAN_POINT('',(-0.02,0.0295,0.053));
#4786=CARTESIAN_POINT('',(-0.02,0.0005,0.014));
#4787=CARTESIAN_POINT('',(-0.197,0.0005,0.054));
#4788=CARTESIAN_POINT('',(-0.197,0.0005,0.055));
#4789=CARTESIAN_POINT('',(-0.197,0.0295,0.054));
#4790=CARTESIAN_POINT('',(-0.197,0.0295,0.054));
#4791=CARTESIAN_POINT('',(-0.198,0.0295,0.054));
#4792=CARTESIAN_POINT('',(-0.1085,0.,0.));
#4793=CARTESIAN_POINT('',(-0.05525,0.0127,0.));
#4794=CARTESIAN_POINT('',(0.,0.0127,0.));
#4795=CARTESIAN_POINT('',(-0.007,0.0127,0.));
#4796=CARTESIAN_POINT('',(-0.007,0.01,0.));
#4797=CARTESIAN_POINT('',(-0.007,0.0073,0.));
#4798=CARTESIAN_POINT('',(-0.05525,0.0073,0.));
#4799=CARTESIAN_POINT('',(0.,0.0073,0.));
#4800=CARTESIAN_POINT('',(0.,0.,0.));
#4801=CARTESIAN_POINT('',(0.,0.,0.));
#4802=CARTESIAN_POINT('',(-0.217,0.,0.));
#4803=CARTESIAN_POINT('',(-0.16025,0.0173,0.));
#4804=CARTESIAN_POINT('',(-0.207,0.0173,0.));
#4805=CARTESIAN_POINT('',(-0.207,0.02,0.));
#4806=CARTESIAN_POINT('',(-0.207,0.0227,0.));
#4807=CARTESIAN_POINT('',(-0.16025,0.0227,0.));
#4808=CARTESIAN_POINT('',(0.,0.,0.));
#4809=CARTESIAN_POINT('',(-0.212,0.0227,0.0025));
#4810=CARTESIAN_POINT('',(-0.207,0.0227,0.0015));
#4811=CARTESIAN_POINT('',(-0.212,0.0173,0.0025));
#4812=CARTESIAN_POINT('',(-0.207,0.0173,0.0015));
#4813=CARTESIAN_POINT('',(-0.209,0.015,0.003));
#4814=CARTESIAN_POINT('',(-0.209,0.0127,0.003));
#4815=CARTESIAN_POINT('',(-0.007,0.0127,0.003));
#4816=CARTESIAN_POINT('',(-0.000850000000000008,0.0127,0.003));
#4817=CARTESIAN_POINT('',(-0.000850000000000014,0.,0.003));
#4818=CARTESIAN_POINT('',(-0.000850000000000014,0.,0.003));
#4819=CARTESIAN_POINT('',(-0.000850000000000008,0.0073,0.003));
#4820=CARTESIAN_POINT('',(-0.209,0.0073,0.003));
#4821=CARTESIAN_POINT('',(-0.007,0.0073,0.003));
#4822=CARTESIAN_POINT('',(-0.007,0.01,0.003));
#4823=CARTESIAN_POINT('',(-0.0085,0.,0.03));
#4824=CARTESIAN_POINT('',(-0.00465215993828748,0.0127,0.0164193880174852));
#4825=CARTESIAN_POINT('',(0.,0.,0.));
#4826=CARTESIAN_POINT('',(-0.00465215993828748,0.0073,0.0164193880174852));
#4827=CARTESIAN_POINT('',(-0.002,0.0073,0.0025));
#4828=CARTESIAN_POINT('',(-0.007,0.0073,0.0015));
#4829=CARTESIAN_POINT('',(-0.002,0.0127,0.0025));
#4830=CARTESIAN_POINT('',(-0.007,0.0127,0.0015));
#4831=CARTESIAN_POINT('',(-0.0081,0.033,0.01));
#4832=CARTESIAN_POINT('',(-0.0091,0.033,0.01));
#4833=CARTESIAN_POINT('',(-0.0071,0.033,0.01));
#4834=CARTESIAN_POINT('',(-0.0119900635094611,0.027,0.0100057368355099));
#4835=CARTESIAN_POINT('',(-0.00333310646891415,0.027,0.00998855259772568));
#4836=CARTESIAN_POINT('',(-0.00333310646891415,0.0245,0.00998855259772569));
#4837=CARTESIAN_POINT('',(-0.00333310646891415,0.027,0.0099885525977257));
#4838=CARTESIAN_POINT('',(-0.00601739349838512,0.027,0.00999388096269035));
#4839=CARTESIAN_POINT('',(-0.00331987298107789,0.027,0.00998852632898015));
#4840=CARTESIAN_POINT('',(-0.0033198729810779,0.027,0.00998852632898013));
#4841=CARTESIAN_POINT('',(-0.00331987298107789,0.0245,0.00998852632898015));
#4842=CARTESIAN_POINT('',(-0.0119900635094611,0.0245,0.0100057368355099));
#4843=CARTESIAN_POINT('',(-0.00404487298106812,0.027,0.0112442631644732));
#4844=CARTESIAN_POINT('',(-0.00620663949328019,0.027,0.0149885525977928));
#4845=CARTESIAN_POINT('',(-0.00620663949328019,0.027,0.0149885525977928));
#4846=CARTESIAN_POINT('',(-0.00620663949328019,0.0245,0.0149885525977928));
#4847=CARTESIAN_POINT('',(-0.00476987298105835,0.0245,0.0124999999999663));
#4848=CARTESIAN_POINT('',(-0.00333310646891413,0.0245,0.0100114474022743));
#4849=CARTESIAN_POINT('',(-0.00333310646891416,0.027,0.0100114474022743));
#4850=CARTESIAN_POINT('',(-0.00333310646891413,0.027,0.0100114474022743));
#4851=CARTESIAN_POINT('',(-0.00476987298105835,0.027,0.0124999999999663));
#4852=CARTESIAN_POINT('',(-0.0105400635094806,0.027,0.00749426316452377));
#4853=CARTESIAN_POINT('',(-0.00622646697551761,0.027,0.015));
#4854=CARTESIAN_POINT('',(-0.00622646697551761,0.027,0.015));
#4855=CARTESIAN_POINT('',(-0.00622646697551761,0.0245,0.015));
#4856=CARTESIAN_POINT('',(-0.0105400635094806,0.0245,0.00749426316452377));
#4857=CARTESIAN_POINT('',(-0.00621987298103882,0.0245,0.0150114736709525));
#4858=CARTESIAN_POINT('',(-0.00621987298103882,0.027,0.0150114736709525));
#4859=CARTESIAN_POINT('',(-0.00621987298103882,0.027,0.0150114736709525));
#4860=CARTESIAN_POINT('',(-0.0105400635094806,0.027,0.00749426316452377));
#4861=CARTESIAN_POINT('',(-0.00404487298106812,0.027,0.0112442631644732));
#4862=CARTESIAN_POINT('',(-0.00332649730812968,0.027,0.01));
#4863=CARTESIAN_POINT('',(-0.00332649730812968,0.027,0.01));
#4864=CARTESIAN_POINT('',(-0.00332649730812968,0.0245,0.01));
#4865=CARTESIAN_POINT('',(-0.00476987298105835,0.0245,0.0124999999999663));
#4866=CARTESIAN_POINT('',(-0.00476987298105835,0.027,0.0124999999999663));
#4867=CARTESIAN_POINT('',(-0.0105400635094806,0.027,0.0125057368354762));
#4868=CARTESIAN_POINT('',(-0.00622646697551762,0.027,0.005));
#4869=CARTESIAN_POINT('',(-0.0062264669755176,0.0245,0.005));
#4870=CARTESIAN_POINT('',(-0.0062264669755176,0.027,0.005));
#4871=CARTESIAN_POINT('',(-0.00864456303749314,0.027,0.00920753135838952));
#4872=CARTESIAN_POINT('',(-0.00621987298103881,0.027,0.00498852632904754));
#4873=CARTESIAN_POINT('',(-0.00621987298103882,0.027,0.00498852632904751));
#4874=CARTESIAN_POINT('',(-0.00621987298103881,0.0245,0.00498852632904754));
#4875=CARTESIAN_POINT('',(-0.0105400635094806,0.0245,0.0125057368354762));
#4876=CARTESIAN_POINT('',(-0.00549487298104858,0.027,0.00624426316454061));
#4877=CARTESIAN_POINT('',(-0.00476987298105835,0.027,0.00750000000003369));
#4878=CARTESIAN_POINT('',(-0.00331987298107791,0.027,0.0100114736710198));
#4879=CARTESIAN_POINT('',(-0.00331987298107789,0.027,0.0100114736710199));
#4880=CARTESIAN_POINT('',(-0.00331987298107791,0.0245,0.0100114736710198));
#4881=CARTESIAN_POINT('',(-0.00476987298105835,0.0245,0.00750000000003369));
#4882=CARTESIAN_POINT('',(-0.00549487298104858,0.027,0.00624426316454061));
#4883=CARTESIAN_POINT('',(-0.00620663949328019,0.027,0.00501144740220722));
#4884=CARTESIAN_POINT('',(-0.00620663949328019,0.0245,0.00501144740220722));
#4885=CARTESIAN_POINT('',(-0.00620663949328019,0.027,0.00501144740220722));
#4886=CARTESIAN_POINT('',(-0.00476987298105835,0.027,0.00750000000003369));
#4887=CARTESIAN_POINT('',(-0.00476987298105835,0.0245,0.00750000000003369));
#4888=CARTESIAN_POINT('',(-0.0119900635094611,0.027,0.00999426316449008));
#4889=CARTESIAN_POINT('',(-0.0119900635094611,0.0245,0.00999426316449008));
#4890=CARTESIAN_POINT('',(-0.0119900635094611,0.027,0.00999426316449008));
#4891=CARTESIAN_POINT('',(-0.00549487298104858,0.027,0.00624426316454061));
#4892=CARTESIAN_POINT('',(-0.00621324865402593,0.027,0.005));
#4893=CARTESIAN_POINT('',(-0.00621324865402593,0.027,0.005));
#4894=CARTESIAN_POINT('',(-0.00621324865402593,0.0245,0.005));
#4895=CARTESIAN_POINT('',(-0.00476987298105835,0.0245,0.00750000000003369));
#4896=CARTESIAN_POINT('',(-0.00476987298105835,0.027,0.00750000000003369));
#4897=CARTESIAN_POINT('',(-0.00765,0.027,0.0125));
#4898=CARTESIAN_POINT('',(-0.0119933605067198,0.027,0.00501144740220721));
#4899=CARTESIAN_POINT('',(-0.0119933605067198,0.0245,0.00501144740220725));
#4900=CARTESIAN_POINT('',(-0.0119933605067198,0.027,0.00501144740220725));
#4901=CARTESIAN_POINT('',(-0.00801197700153173,0.027,0.011875901721497));
#4902=CARTESIAN_POINT('',(-0.012,0.027,0.005));
#4903=CARTESIAN_POINT('',(-0.012,0.027,0.005));
#4904=CARTESIAN_POINT('',(-0.012,0.0245,0.005));
#4905=CARTESIAN_POINT('',(-0.00765,0.0245,0.0125));
#4906=CARTESIAN_POINT('',(-0.01055,0.027,0.005));
#4907=CARTESIAN_POINT('',(-0.0091,0.027,0.005));
#4908=CARTESIAN_POINT('',(-0.0062,0.027,0.005));
#4909=CARTESIAN_POINT('',(-0.0062,0.027,0.005));
#4910=CARTESIAN_POINT('',(-0.0062,0.0245,0.005));
#4911=CARTESIAN_POINT('',(-0.0091,0.0245,0.005));
#4912=CARTESIAN_POINT('',(-0.01055,0.027,0.005));
#4913=CARTESIAN_POINT('',(-0.0119735330244824,0.027,0.005));
#4914=CARTESIAN_POINT('',(-0.0119735330244824,0.0245,0.005));
#4915=CARTESIAN_POINT('',(-0.0119735330244824,0.027,0.005));
#4916=CARTESIAN_POINT('',(-0.0091,0.027,0.005));
#4917=CARTESIAN_POINT('',(-0.0091,0.0245,0.005));
#4918=CARTESIAN_POINT('',(-0.01055,0.027,0.0125));
#4919=CARTESIAN_POINT('',(-0.01055,0.0245,0.0125));
#4920=CARTESIAN_POINT('',(-0.01055,0.027,0.0125));
#4921=CARTESIAN_POINT('',(-0.01055,0.027,0.005));
#4922=CARTESIAN_POINT('',(-0.0119867513459741,0.027,0.005));
#4923=CARTESIAN_POINT('',(-0.0119867513459741,0.027,0.005));
#4924=CARTESIAN_POINT('',(-0.0119867513459741,0.0245,0.005));
#4925=CARTESIAN_POINT('',(-0.0091,0.0245,0.005));
#4926=CARTESIAN_POINT('',(-0.0091,0.027,0.005));
#4927=CARTESIAN_POINT('',(-0.0119900635094611,0.027,0.0100057368355099));
#4928=CARTESIAN_POINT('',(-0.0148668935310859,0.027,0.0100114474022743));
#4929=CARTESIAN_POINT('',(-0.0148668935310859,0.0245,0.0100114474022743));
#4930=CARTESIAN_POINT('',(-0.0148668935310859,0.027,0.0100114474022743));
#4931=CARTESIAN_POINT('',(-0.0148801270189221,0.027,0.0100114736710198));
#4932=CARTESIAN_POINT('',(-0.0148801270189221,0.027,0.0100114736710198));
#4933=CARTESIAN_POINT('',(-0.0148801270189221,0.027,0.0100114736710198));
#4934=CARTESIAN_POINT('',(-0.0148801270189221,0.0245,0.0100114736710198));
#4935=CARTESIAN_POINT('',(-0.0148801270189221,0.0245,0.0100114736710198));
#4936=CARTESIAN_POINT('',(-0.0141551270189319,0.027,0.00875573683552677));
#4937=CARTESIAN_POINT('',(-0.0134301270189416,0.027,0.00750000000003369));
#4938=CARTESIAN_POINT('',(-0.0119801270189612,0.027,0.00498852632904754));
#4939=CARTESIAN_POINT('',(-0.0119801270189612,0.027,0.00498852632904754));
#4940=CARTESIAN_POINT('',(-0.0119801270189612,0.0245,0.00498852632904754));
#4941=CARTESIAN_POINT('',(-0.0134301270189416,0.0245,0.00750000000003369));
#4942=CARTESIAN_POINT('',(-0.0141551270189319,0.027,0.00875573683552677));
#4943=CARTESIAN_POINT('',(-0.0148668935310859,0.027,0.0099885525977257));
#4944=CARTESIAN_POINT('',(-0.0148668935310859,0.0245,0.0099885525977257));
#4945=CARTESIAN_POINT('',(-0.0148668935310859,0.027,0.0099885525977257));
#4946=CARTESIAN_POINT('',(-0.0134301270189416,0.027,0.00750000000003369));
#4947=CARTESIAN_POINT('',(-0.0134301270189416,0.0245,0.00750000000003369));
#4948=CARTESIAN_POINT('',(-0.0105400635094806,0.027,0.00749426316452377));
#4949=CARTESIAN_POINT('',(-0.0119801270189612,0.0245,0.00498852632904754));
#4950=CARTESIAN_POINT('',(-0.0119801270189612,0.027,0.00498852632904754));
#4951=CARTESIAN_POINT('',(-0.0141551270189319,0.027,0.00875573683552677));
#4952=CARTESIAN_POINT('',(-0.0148735026918703,0.027,0.01));
#4953=CARTESIAN_POINT('',(-0.0148735026918703,0.027,0.01));
#4954=CARTESIAN_POINT('',(-0.0148735026918703,0.0245,0.01));
#4955=CARTESIAN_POINT('',(-0.0134301270189416,0.0245,0.00750000000003369));
#4956=CARTESIAN_POINT('',(-0.0134301270189416,0.027,0.00750000000003369));
#4957=CARTESIAN_POINT('',(-0.0127051270189514,0.027,0.0137557368354594));
#4958=CARTESIAN_POINT('',(-0.0134301270189416,0.027,0.0124999999999663));
#4959=CARTESIAN_POINT('',(-0.0148801270189221,0.027,0.00998852632898015));
#4960=CARTESIAN_POINT('',(-0.0148801270189221,0.027,0.00998852632898015));
#4961=CARTESIAN_POINT('',(-0.0148801270189221,0.0245,0.00998852632898015));
#4962=CARTESIAN_POINT('',(-0.0134301270189416,0.0245,0.0124999999999663));
#4963=CARTESIAN_POINT('',(-0.0127051270189514,0.027,0.0137557368354594));
#4964=CARTESIAN_POINT('',(-0.0119867513459741,0.027,0.015));
#4965=CARTESIAN_POINT('',(-0.0119867513459741,0.027,0.015));
#4966=CARTESIAN_POINT('',(-0.0119867513459741,0.0245,0.015));
#4967=CARTESIAN_POINT('',(-0.0134301270189416,0.0245,0.0124999999999663));
#4968=CARTESIAN_POINT('',(-0.0119801270189612,0.0245,0.0150114736709525));
#4969=CARTESIAN_POINT('',(-0.0119801270189612,0.027,0.0150114736709525));
#4970=CARTESIAN_POINT('',(-0.0119801270189612,0.027,0.0150114736709525));
#4971=CARTESIAN_POINT('',(-0.0134301270189416,0.027,0.0124999999999663));
#4972=CARTESIAN_POINT('',(-0.0119900635094611,0.027,0.00999426316449008));
#4973=CARTESIAN_POINT('',(-0.0148801270189221,0.0245,0.00998852632898015));
#4974=CARTESIAN_POINT('',(-0.0148801270189221,0.027,0.00998852632898015));
#4975=CARTESIAN_POINT('',(-0.00404487298106812,0.027,0.0112442631644732));
#4976=CARTESIAN_POINT('',(-0.00621324865402593,0.027,0.015));
#4977=CARTESIAN_POINT('',(-0.00621324865402593,0.0245,0.015));
#4978=CARTESIAN_POINT('',(-0.00621324865402593,0.027,0.015));
#4979=CARTESIAN_POINT('',(-0.00476987298105835,0.027,0.0124999999999663));
#4980=CARTESIAN_POINT('',(-0.00476987298105835,0.0245,0.0124999999999663));
#4981=CARTESIAN_POINT('',(-0.0105400635094806,0.027,0.0125057368354762));
#4982=CARTESIAN_POINT('',(-0.0119735330244824,0.027,0.015));
#4983=CARTESIAN_POINT('',(-0.0119735330244824,0.0245,0.015));
#4984=CARTESIAN_POINT('',(-0.0119735330244824,0.027,0.015));
#4985=CARTESIAN_POINT('',(-0.0119801270189612,0.027,0.0150114736709525));
#4986=CARTESIAN_POINT('',(-0.0119801270189612,0.0245,0.0150114736709525));
#4987=CARTESIAN_POINT('',(-0.0127051270189514,0.027,0.0137557368354594));
#4988=CARTESIAN_POINT('',(-0.0119933605067198,0.027,0.0149885525977928));
#4989=CARTESIAN_POINT('',(-0.0119933605067198,0.0245,0.0149885525977928));
#4990=CARTESIAN_POINT('',(-0.0119933605067198,0.027,0.0149885525977928));
#4991=CARTESIAN_POINT('',(-0.0134301270189416,0.027,0.0124999999999663));
#4992=CARTESIAN_POINT('',(-0.0134301270189416,0.0245,0.0124999999999663));
#4993=CARTESIAN_POINT('',(-0.01055,0.027,0.0125));
#4994=CARTESIAN_POINT('',(-0.012,0.0245,0.015));
#4995=CARTESIAN_POINT('',(-0.012,0.0245,0.015));
#4996=CARTESIAN_POINT('',(-0.012,0.027,0.015));
#4997=CARTESIAN_POINT('',(-0.012,0.027,0.015));
#4998=CARTESIAN_POINT('',(-0.012,0.027,0.015));
#4999=CARTESIAN_POINT('',(-0.00765,0.027,0.015));
#5000=CARTESIAN_POINT('',(-0.0091,0.027,0.015));
#5001=CARTESIAN_POINT('',(-0.0091,0.0245,0.015));
#5002=CARTESIAN_POINT('',(-0.00765,0.027,0.015));
#5003=CARTESIAN_POINT('',(-0.0091,0.0245,0.015));
#5004=CARTESIAN_POINT('',(-0.0091,0.027,0.015));
#5005=CARTESIAN_POINT('',(-0.00765,0.027,0.015));
#5006=CARTESIAN_POINT('',(-0.0091,0.0245,0.015));
#5007=CARTESIAN_POINT('',(-0.0062,0.0245,0.015));
#5008=CARTESIAN_POINT('',(-0.0062,0.027,0.015));
#5009=CARTESIAN_POINT('',(-0.0062,0.027,0.015));
#5010=CARTESIAN_POINT('',(-0.0091,0.027,0.015));
#5011=CARTESIAN_POINT('',(-0.00765,0.027,0.0125));
#5012=CARTESIAN_POINT('',(-0.0062,0.027,0.015));
#5013=CARTESIAN_POINT('',(-0.0062,0.0245,0.015));
#5014=CARTESIAN_POINT('',(-0.00601595569161481,0.027,0.0107182093617452));
#5015=CARTESIAN_POINT('',(-0.0091,0.027,0.01));
#5016=CARTESIAN_POINT('',(-0.00435,0.027,0.01));
#5017=CARTESIAN_POINT('',(-0.00601595569161481,0.0245,0.0107182093617452));
#5018=CARTESIAN_POINT('',(-0.0091,0.0245,0.01));
#5019=CARTESIAN_POINT('',(-0.0043,0.0245,0.01));
#5020=CARTESIAN_POINT('',(-0.00606891108674085,0.0322,0.0117499999999764));
#5021=CARTESIAN_POINT('',(-0.00506891108675433,0.0322,0.0100179491923998));
#5022=CARTESIAN_POINT('',(-0.00506891108675432,0.0322,0.0100179491923998));
#5023=CARTESIAN_POINT('',(-0.00706891108672737,0.0322,0.0134820508075531));
#5024=CARTESIAN_POINT('',(-0.00706891108672737,0.0322,0.0134820508075531));
#5025=CARTESIAN_POINT('',(-0.00706891108672737,0.0322,0.0134820508075531));
#5026=CARTESIAN_POINT('',(-0.00961554445664305,0.0322,0.00739294919243513));
#5027=CARTESIAN_POINT('',(-0.00509999999994606,0.0322,0.01));
#5028=CARTESIAN_POINT('',(-0.00509999999994609,0.0322,0.01));
#5029=CARTESIAN_POINT('',(-0.0065844555433839,0.0322,0.00914294919241155));
#5030=CARTESIAN_POINT('',(-0.00606891108674085,0.0322,0.00825000000002358));
#5031=CARTESIAN_POINT('',(-0.00706891108672737,0.0322,0.00651794919244692));
#5032=CARTESIAN_POINT('',(-0.00706891108672737,0.0322,0.00651794919244693));
#5033=CARTESIAN_POINT('',(-0.00506891108675432,0.0322,0.00998205080760024));
#5034=CARTESIAN_POINT('',(-0.00506891108675431,0.0322,0.00998205080760026));
#5035=CARTESIAN_POINT('',(-0.00506891108675431,0.0322,0.00998205080760027));
#5036=CARTESIAN_POINT('',(-0.00961554445664305,0.0322,0.0126070508075649));
#5037=CARTESIAN_POINT('',(-0.00734222777167824,0.0322,0.0112945508075708));
#5038=CARTESIAN_POINT('',(-0.0116155444566161,0.0322,0.00914294919241155));
#5039=CARTESIAN_POINT('',(-0.0071,0.0322,0.00653589838489337));
#5040=CARTESIAN_POINT('',(-0.0071,0.0322,0.00653589838489337));
#5041=CARTESIAN_POINT('',(-0.00934222777165131,0.0322,0.00783044919241744));
#5042=CARTESIAN_POINT('',(-0.0091,0.0322,0.0065));
#5043=CARTESIAN_POINT('',(-0.0111,0.0322,0.0065));
#5044=CARTESIAN_POINT('',(-0.0111,0.0322,0.0065));
#5045=CARTESIAN_POINT('',(-0.0071,0.0322,0.0065));
#5046=CARTESIAN_POINT('',(-0.0071,0.0322,0.0065));
#5047=CARTESIAN_POINT('',(-0.0071,0.0322,0.0065));
#5048=CARTESIAN_POINT('',(-0.0071,0.0322,0.01175));
#5049=CARTESIAN_POINT('',(-0.0071,0.0322,0.0108749999999882));
#5050=CARTESIAN_POINT('',(-0.0111,0.0322,0.01175));
#5051=CARTESIAN_POINT('',(-0.0111,0.0322,0.00653589838489336));
#5052=CARTESIAN_POINT('',(-0.0111,0.0322,0.00653589838489337));
#5053=CARTESIAN_POINT('',(-0.0111,0.0322,0.0108749999999882));
#5054=CARTESIAN_POINT('',(-0.0121310889132592,0.0322,0.00825000000002358));
#5055=CARTESIAN_POINT('',(-0.0131310889132457,0.0322,0.00998205080760024));
#5056=CARTESIAN_POINT('',(-0.0131310889132457,0.0322,0.00998205080760024));
#5057=CARTESIAN_POINT('',(-0.0111310889132726,0.0322,0.00651794919244693));
#5058=CARTESIAN_POINT('',(-0.0111310889132726,0.0322,0.00651794919244693));
#5059=CARTESIAN_POINT('',(-0.0111310889132726,0.0322,0.00651794919244693));
#5060=CARTESIAN_POINT('',(-0.00961554445664305,0.0322,0.00739294919243513));
#5061=CARTESIAN_POINT('',(-0.00810000000001348,0.0322,0.00826794919242334));
#5062=CARTESIAN_POINT('',(-0.00858445554335695,0.0322,0.0126070508075649));
#5063=CARTESIAN_POINT('',(-0.0131000000000539,0.0322,0.01));
#5064=CARTESIAN_POINT('',(-0.0131000000000539,0.0322,0.01));
#5065=CARTESIAN_POINT('',(-0.0100999999999865,0.0322,0.0117320508075767));
#5066=CARTESIAN_POINT('',(-0.00858445554335695,0.0322,0.0126070508075649));
#5067=CARTESIAN_POINT('',(-0.0071,0.0322,0.0134641016151066));
#5068=CARTESIAN_POINT('',(-0.0071,0.0322,0.0134641016151066));
#5069=CARTESIAN_POINT('',(-0.0100999999999865,0.0322,0.0117320508075767));
#5070=CARTESIAN_POINT('',(-0.0121310889132592,0.0322,0.0117499999999764));
#5071=CARTESIAN_POINT('',(-0.0111310889132726,0.0322,0.0134820508075531));
#5072=CARTESIAN_POINT('',(-0.0111310889132726,0.0322,0.0134820508075531));
#5073=CARTESIAN_POINT('',(-0.0131310889132457,0.0322,0.0100179491923998));
#5074=CARTESIAN_POINT('',(-0.0131310889132457,0.0322,0.0100179491923998));
#5075=CARTESIAN_POINT('',(-0.0131310889132457,0.0322,0.0100179491923998));
#5076=CARTESIAN_POINT('',(-0.0116155444566161,0.0322,0.00914294919241155));
#5077=CARTESIAN_POINT('',(-0.0100999999999865,0.0322,0.00826794919242334));
#5078=CARTESIAN_POINT('',(-0.00961554445664305,0.0322,0.0126070508075649));
#5079=CARTESIAN_POINT('',(-0.0111,0.0322,0.0134641016151066));
#5080=CARTESIAN_POINT('',(-0.0111,0.0322,0.0134641016151066));
#5081=CARTESIAN_POINT('',(-0.0111310889132726,0.0322,0.0134820508075531));
#5082=CARTESIAN_POINT('',(-0.00758445554337042,0.0322,0.0108749999999882));
#5083=CARTESIAN_POINT('',(-0.0111,0.0322,0.01));
#5084=CARTESIAN_POINT('',(-0.0111,0.0322,0.0135));
#5085=CARTESIAN_POINT('',(-0.0111,0.0322,0.0135));
#5086=CARTESIAN_POINT('',(-0.0071,0.0322,0.0135));
#5087=CARTESIAN_POINT('',(-0.0071,0.0322,0.0135));
#5088=CARTESIAN_POINT('',(-0.0091,0.0322,0.01));
#5089=CARTESIAN_POINT('',(-0.0091,0.0322,0.0075));
#5090=CARTESIAN_POINT('',(-0.0091,0.0322,0.0135));
#5091=CARTESIAN_POINT('',(-0.0071,0.0322,0.0135));
#5092=CARTESIAN_POINT('',(-0.0111,0.0322,0.0135));
#5093=CARTESIAN_POINT('',(-0.0071,0.0322,0.01175));
#5094=CARTESIAN_POINT('',(-0.0111,0.0322,0.01175));
#5095=CARTESIAN_POINT('',(-0.1085,0.,0.0280561198008486));
#5096=CARTESIAN_POINT('',(-0.02,0.,0.016));
#5097=CARTESIAN_POINT('',(-0.02625,0.,0.016));
#5098=CARTESIAN_POINT('',(-0.0091,0.,0.01));
#5099=CARTESIAN_POINT('',(-0.0116,0.,0.01));
#5100=CARTESIAN_POINT('',(-0.197,0.,0.054));
#5101=CARTESIAN_POINT('',(-0.197,0.,0.055));
#5102=CARTESIAN_POINT('',(-0.02,0.,0.054));
#5103=CARTESIAN_POINT('',(-0.02,0.,0.055));
#5104=CARTESIAN_POINT('',(-0.197,0.,0.026));
#5105=CARTESIAN_POINT('',(-0.198,0.,0.026));
#5106=CARTESIAN_POINT('',(-0.197,0.,0.006));
#5107=CARTESIAN_POINT('',(-0.198,0.,0.006));
#5108=CARTESIAN_POINT('',(-0.02,0.,0.026));
#5109=CARTESIAN_POINT('',(-0.02,0.,0.027));
#5110=CARTESIAN_POINT('',(-0.02,0.,0.006));
#5111=CARTESIAN_POINT('',(-0.021,0.,0.006));
#5112=CARTESIAN_POINT('',(-0.1085,0.,0.0280561198008486));
#5113=CARTESIAN_POINT('',(-0.06425,0.,0.0137));
#5114=CARTESIAN_POINT('',(-0.0165,0.,0.0137));
#5115=CARTESIAN_POINT('',(-0.0235,0.,0.0137));
#5116=CARTESIAN_POINT('',(-0.0235,0.,0.0210280599004243));
#5117=CARTESIAN_POINT('',(-0.0235,0.,0.0143));
#5118=CARTESIAN_POINT('',(-0.06425,0.,0.0143));
#5119=CARTESIAN_POINT('',(-0.0165,0.,0.0143));
#5120=CARTESIAN_POINT('',(-0.0165,0.,0.0210280599004243));
#5121=CARTESIAN_POINT('',(-0.02,0.,0.016));
#5122=CARTESIAN_POINT('',(-0.02575,0.,0.016));
#5123=CARTESIAN_POINT('',(-0.06425,0.,0.016));
#5124=CARTESIAN_POINT('',(-0.0145,0.,0.016));
#5125=CARTESIAN_POINT('',(-0.0255,0.,0.016));
#5126=CARTESIAN_POINT('',(-0.0255,0.,0.0221780599004243));
#5127=CARTESIAN_POINT('',(-0.0255,0.,0.0166));
#5128=CARTESIAN_POINT('',(-0.06425,0.,0.0166));
#5129=CARTESIAN_POINT('',(-0.0203,0.,0.0166));
#5130=CARTESIAN_POINT('',(-0.0203,0.,0.0233030599004243));
#5131=CARTESIAN_POINT('',(-0.0203,0.,0.0211));
#5132=CARTESIAN_POINT('',(-0.06425,0.,0.0211));
#5133=CARTESIAN_POINT('',(-0.0197,0.,0.0211));
#5134=CARTESIAN_POINT('',(-0.0197,0.,0.0233030599004243));
#5135=CARTESIAN_POINT('',(-0.0197,0.,0.0166));
#5136=CARTESIAN_POINT('',(-0.06425,0.,0.0166));
#5137=CARTESIAN_POINT('',(-0.0145,0.,0.0166));
#5138=CARTESIAN_POINT('',(-0.0145,0.,0.0221780599004243));
#5139=CARTESIAN_POINT('',(-0.06425,0.,0.0114));
#5140=CARTESIAN_POINT('',(-0.018,0.,0.0114));
#5141=CARTESIAN_POINT('',(-0.022,0.,0.0114));
#5142=CARTESIAN_POINT('',(-0.022,0.,0.0198780599004243));
#5143=CARTESIAN_POINT('',(-0.022,0.,0.012));
#5144=CARTESIAN_POINT('',(-0.06425,0.,0.012));
#5145=CARTESIAN_POINT('',(-0.018,0.,0.012));
#5146=CARTESIAN_POINT('',(-0.018,0.,0.0198780599004243));
#5147=CARTESIAN_POINT('',(-0.022,0.00025,0.0117));
#5148=CARTESIAN_POINT('',(-0.022,0.00025,0.0114));
#5149=CARTESIAN_POINT('',(-0.022,0.0005,0.0114));
#5150=CARTESIAN_POINT('',(-0.022,0.0005,0.0117));
#5151=CARTESIAN_POINT('',(-0.022,0.0005,0.012));
#5152=CARTESIAN_POINT('',(-0.022,0.00025,0.012));
#5153=CARTESIAN_POINT('',(-0.02,0.00025,0.012));
#5154=CARTESIAN_POINT('',(-0.02,0.0005,0.012));
#5155=CARTESIAN_POINT('',(-0.018,0.0005,0.012));
#5156=CARTESIAN_POINT('',(-0.018,0.00025,0.012));
#5157=CARTESIAN_POINT('',(-0.018,0.00025,0.0117));
#5158=CARTESIAN_POINT('',(-0.018,0.0005,0.0117));
#5159=CARTESIAN_POINT('',(-0.018,0.0005,0.0114));
#5160=CARTESIAN_POINT('',(-0.018,0.00025,0.0114));
#5161=CARTESIAN_POINT('',(-0.02,0.00025,0.0114));
#5162=CARTESIAN_POINT('',(-0.02,0.0005,0.0114));
#5163=CARTESIAN_POINT('',(-0.02,0.0005,0.014));
#5164=CARTESIAN_POINT('',(-0.0255,0.00025,0.0163));
#5165=CARTESIAN_POINT('',(-0.0255,0.00025,0.016));
#5166=CARTESIAN_POINT('',(-0.0255,0.0005,0.016));
#5167=CARTESIAN_POINT('',(-0.0255,0.0005,0.0163));
#5168=CARTESIAN_POINT('',(-0.0255,0.0005,0.0166));
#5169=CARTESIAN_POINT('',(-0.0255,0.00025,0.0166));
#5170=CARTESIAN_POINT('',(-0.02,0.00025,0.0166));
#5171=CARTESIAN_POINT('',(-0.0203,0.00025,0.0166));
#5172=CARTESIAN_POINT('',(-0.0203,0.0005,0.0166));
#5173=CARTESIAN_POINT('',(-0.02,0.0005,0.0166));
#5174=CARTESIAN_POINT('',(-0.0145,0.00025,0.0163));
#5175=CARTESIAN_POINT('',(-0.0145,0.00025,0.0166));
#5176=CARTESIAN_POINT('',(-0.0145,0.0005,0.0166));
#5177=CARTESIAN_POINT('',(-0.0145,0.0005,0.0163));
#5178=CARTESIAN_POINT('',(-0.0145,0.0005,0.016));
#5179=CARTESIAN_POINT('',(-0.0145,0.00025,0.016));
#5180=CARTESIAN_POINT('',(-0.02,0.00025,0.016));
#5181=CARTESIAN_POINT('',(-0.02,0.0005,0.016));
#5182=CARTESIAN_POINT('',(-0.02,0.00025,0.0166));
#5183=CARTESIAN_POINT('',(-0.0197,0.00025,0.0166));
#5184=CARTESIAN_POINT('',(-0.0197,0.0005,0.0166));
#5185=CARTESIAN_POINT('',(-0.02,0.0005,0.0166));
#5186=CARTESIAN_POINT('',(-0.02,0.0005,0.014));
#5187=CARTESIAN_POINT('',(-0.0197,0.0005,0.01855));
#5188=CARTESIAN_POINT('',(-0.0197,0.0005,0.0211));
#5189=CARTESIAN_POINT('',(-0.02,0.0005,0.0211));
#5190=CARTESIAN_POINT('',(-0.0203,0.0005,0.0211));
#5191=CARTESIAN_POINT('',(-0.0203,0.0005,0.01855));
#5192=CARTESIAN_POINT('',(-0.02,0.00025,0.0211));
#5193=CARTESIAN_POINT('',(-0.0203,0.00025,0.0211));
#5194=CARTESIAN_POINT('',(-0.0197,0.00025,0.0211));
#5195=CARTESIAN_POINT('',(-0.0197,0.00025,0.01855));
#5196=CARTESIAN_POINT('',(-0.0203,0.00025,0.01855));
#5197=CARTESIAN_POINT('',(-0.02,0.0005,0.014));
#5198=CARTESIAN_POINT('',(-0.02,0.0005,0.016));
#5199=CARTESIAN_POINT('',(-0.02,0.0005,0.02225));
#5200=CARTESIAN_POINT('',(-0.02,0.0005,0.016));
#5201=CARTESIAN_POINT('',(-0.02,0.0005,0.02175));
#5202=CARTESIAN_POINT('',(-0.0235,0.00025,0.014));
#5203=CARTESIAN_POINT('',(-0.0235,0.00025,0.0137));
#5204=CARTESIAN_POINT('',(-0.0235,0.0005,0.0137));
#5205=CARTESIAN_POINT('',(-0.0235,0.0005,0.014));
#5206=CARTESIAN_POINT('',(-0.0235,0.0005,0.0143));
#5207=CARTESIAN_POINT('',(-0.0235,0.00025,0.0143));
#5208=CARTESIAN_POINT('',(-0.02,0.00025,0.0143));
#5209=CARTESIAN_POINT('',(-0.02,0.0005,0.0143));
#5210=CARTESIAN_POINT('',(-0.0165,0.0005,0.0143));
#5211=CARTESIAN_POINT('',(-0.0165,0.00025,0.0143));
#5212=CARTESIAN_POINT('',(-0.0165,0.00025,0.014));
#5213=CARTESIAN_POINT('',(-0.0165,0.0005,0.014));
#5214=CARTESIAN_POINT('',(-0.0165,0.0005,0.0137));
#5215=CARTESIAN_POINT('',(-0.0165,0.00025,0.0137));
#5216=CARTESIAN_POINT('',(-0.02,0.00025,0.0137));
#5217=CARTESIAN_POINT('',(-0.02,0.0005,0.0137));
#5218=CARTESIAN_POINT('',(-0.02,0.0005,0.014));
#5219=CARTESIAN_POINT('',(-0.02,0.00025,0.016));
#5220=CARTESIAN_POINT('',(-0.02,0.00025,0.016));
#5221=CARTESIAN_POINT('',(-0.0091,0.0275,0.01));
#5222=CARTESIAN_POINT('',(-0.0091,0.03275,0.01));
#5223=CARTESIAN_POINT('',(-0.0091,0.0325,0.01));
#5224=CARTESIAN_POINT('',(-0.0091,0.0325,0.0075));
#5225=CARTESIAN_POINT('',(-0.0091,0.015,0.01));
#5226=CARTESIAN_POINT('',(-0.0091,0.0235,0.01));
#5227=CARTESIAN_POINT('',(-0.0091,0.0225,0.01));
#5228=CARTESIAN_POINT('',(-0.0043,0.0225,0.01));
#5229=CARTESIAN_POINT('',(-0.0091,0.0277996022852,0.01));
#5230=CARTESIAN_POINT('',(-0.00909999999995497,0.0207000000001211,0.01));
#5231=CARTESIAN_POINT('',(-0.0091,0.015,0.01));
#5232=CARTESIAN_POINT('',(-0.207,0.02,0.0025));
#5233=CARTESIAN_POINT('',(-0.007,0.01,0.0025));
#5234=CARTESIAN_POINT('',(-0.197,0.02975,0.054));
#5235=CARTESIAN_POINT('',(-0.197,0.02975,0.054));
#5236=CARTESIAN_POINT('',(-0.02,0.02975,0.054));
#5237=CARTESIAN_POINT('',(-0.02,0.02975,0.054));
#5238=CARTESIAN_POINT('',(-0.197,0.00025,0.026));
#5239=CARTESIAN_POINT('',(-0.197,0.00025,0.026));
#5240=CARTESIAN_POINT('',(-0.197,0.00025,0.006));
#5241=CARTESIAN_POINT('',(-0.197,0.00025,0.006));
#5242=CARTESIAN_POINT('',(-0.02,0.02975,0.026));
#5243=CARTESIAN_POINT('',(-0.02,0.02975,0.026));
#5244=CARTESIAN_POINT('',(-0.02,0.00025,0.006));
#5245=CARTESIAN_POINT('',(-0.02,0.00025,0.006));
#5246=CARTESIAN_POINT('',(0.00315,0.0164,0.019));
#5247=CARTESIAN_POINT('',(0.00315,0.0164,0.041));
#5248=MECHANICAL_DESIGN_GEOMETRIC_PRESENTATION_REPRESENTATION('',(#2459,
#2460,#2461,#2462,#2463,#2464,#2465,#2466,#2467,#2468,#2469,#2470,#2471,
#2472,#2473,#2474,#2475,#2476,#2477,#2478,#2479,#2480,#2481,#2482,#2483,
#2484,#2485,#2486,#2487,#2488,#2489,#2490,#2491,#2492,#2493,#2494,#2495,
#2496,#2497,#2498,#2499,#2500,#2501,#2502,#2503,#2504,#2505,#2506,#2507,
#2508,#2509,#2510,#2511,#2512,#2513,#2514,#2515,#2516,#2517,#2518,#2519,
#2520,#2521,#2522,#2523,#2524,#2525,#2526,#2527,#2528,#2529,#2530,#2531,
#2532,#2533,#2534,#2535,#2536,#2537,#2538,#2539,#2540,#2541,#2542,#2543,
#2544,#2545,#2546,#2547,#2548,#2549,#2550,#2551,#2552,#2553,#2554,#2555,
#2556,#2557,#2558,#2559,#2560,#2561,#2562,#2563,#2564,#2565,#2566,#2567,
#2568,#2569,#2570,#2571,#2572,#2573,#2574,#2575,#2576,#2577,#2578,#2579,
#2580,#2581,#2582,#2583,#2584,#2585,#2586,#2587,#2588,#2589,#2590,#2591,
#2592,#2593,#2594,#2595,#2596,#2597,#2598,#2599,#2600,#2601,#2602,#2603,
#2604,#2605),#5249);
#5249=(
GEOMETRIC_REPRESENTATION_CONTEXT(3)
GLOBAL_UNCERTAINTY_ASSIGNED_CONTEXT((#5250))
GLOBAL_UNIT_ASSIGNED_CONTEXT((#5253,#5252,#5251))
REPRESENTATION_CONTEXT('2025_04_25_01_01_50_0377',
'TOP_LEVEL_ASSEMBLY_PART')
);
#5250=UNCERTAINTY_MEASURE_WITH_UNIT(LENGTH_MEASURE(5.E-6),#5253,
'DISTANCE_ACCURACY_VALUE','Maximum Tolerance applied to model');
#5251=(
NAMED_UNIT(*)
SI_UNIT($,.STERADIAN.)
SOLID_ANGLE_UNIT()
);
#5252=(
NAMED_UNIT(*)
PLANE_ANGLE_UNIT()
SI_UNIT($,.RADIAN.)
);
#5253=(
LENGTH_UNIT()
NAMED_UNIT(*)
SI_UNIT($,.METRE.)
);
#5254=PRODUCT_DEFINITION_SHAPE('','',#5255);
#5255=PRODUCT_DEFINITION('','',#5257,#5256);
#5256=PRODUCT_DEFINITION_CONTEXT('',#5263,'design');
#5257=PRODUCT_DEFINITION_FORMATION_WITH_SPECIFIED_SOURCE('','',#5259,
 .NOT_KNOWN.);
#5258=PRODUCT_RELATED_PRODUCT_CATEGORY('','',(#5259));
#5259=PRODUCT('2025_04_25_01_01_50_0377','2025_04_25_01_01_50_0377',
'2025_04_25_01_01_50_0377',(#5261));
#5260=PRODUCT_CATEGORY('','');
#5261=PRODUCT_CONTEXT('',#5263,'mechanical');
#5262=APPLICATION_PROTOCOL_DEFINITION('international standard',
'automotive_design',2010,#5263);
#5263=APPLICATION_CONTEXT(
'core data for automotive mechanical design processes');
ENDSEC;
END-ISO-10303-21;
