ISO-10303-21;
HEADER;
/* Generated by software containing ST-Developer
 * from STEP Tools, Inc. (www.steptools.com) 
 */
/* OPTION: using custom renumber hook */

FILE_DESCRIPTION(
/* description */ ('STEP AP242',
'CAx-IF Rec.Pracs.---Representation and Presentation of Product Manufa
cturing Information (PMI)---4.0---2014-10-13',
'CAx-IF Rec.Pracs.---3D Tessellated Geometry---0.4---2014-09-14','2;1'),

/* implementation_level */ '2;1');

FILE_NAME(
/* name */ 'VZ1000-11-1-12_JSY3000',
/* time_stamp */ '2026-03-27T01:51:05+01:00',
/* author */ ('License CC BY-ND 4.0'),
/* organization */ ('CADENAS'),
/* preprocessor_version */ 'ST-DEVELOPER v20',
/* originating_system */ 'PARTsolutions',
/* authorisation */ '  ');

FILE_SCHEMA (('AP242_MANAGED_MODEL_BASED_3D_ENGINEERING_MIM_LF { 1 0 10303 442 1 1 4 }'));
ENDSEC;

DATA;
#10=SHAPE_REPRESENTATION_RELATIONSHIP('','',#2291,#11);
#11=ADVANCED_BREP_SHAPE_REPRESENTATION('',(#2289),#3777);
#12=CYLINDRICAL_SURFACE('',#2407,0.349999999999993);
#13=CYLINDRICAL_SURFACE('',#2408,0.199999999999998);
#14=CYLINDRICAL_SURFACE('',#2409,0.200000000000002);
#15=CYLINDRICAL_SURFACE('',#2410,0.349999999999995);
#16=CYLINDRICAL_SURFACE('',#2411,2.75);
#17=CYLINDRICAL_SURFACE('',#2413,2.75);
#18=CYLINDRICAL_SURFACE('',#2415,2.75);
#19=CYLINDRICAL_SURFACE('',#2417,2.75);
#20=CYLINDRICAL_SURFACE('',#2419,2.75);
#21=CYLINDRICAL_SURFACE('',#2421,2.75);
#22=CYLINDRICAL_SURFACE('',#2423,2.75);
#23=CYLINDRICAL_SURFACE('',#2425,2.75);
#24=CYLINDRICAL_SURFACE('',#2427,2.75);
#25=CYLINDRICAL_SURFACE('',#2429,2.75);
#26=CYLINDRICAL_SURFACE('',#2431,2.75);
#27=CYLINDRICAL_SURFACE('',#2433,2.75);
#28=CYLINDRICAL_SURFACE('',#2435,2.75);
#29=CYLINDRICAL_SURFACE('',#2437,2.75);
#30=CYLINDRICAL_SURFACE('',#2439,2.75);
#31=CYLINDRICAL_SURFACE('',#2441,2.75);
#32=CYLINDRICAL_SURFACE('',#2443,2.75);
#33=CYLINDRICAL_SURFACE('',#2445,2.75);
#34=CYLINDRICAL_SURFACE('',#2447,2.75);
#35=CYLINDRICAL_SURFACE('',#2449,2.75);
#36=CYLINDRICAL_SURFACE('',#2451,2.75);
#37=CYLINDRICAL_SURFACE('',#2453,2.75);
#38=CYLINDRICAL_SURFACE('',#2455,2.75);
#39=CYLINDRICAL_SURFACE('',#2457,2.75);
#40=CYLINDRICAL_SURFACE('',#2459,2.75);
#41=CYLINDRICAL_SURFACE('',#2461,2.75);
#42=CYLINDRICAL_SURFACE('',#2463,2.75);
#43=CYLINDRICAL_SURFACE('',#2465,2.75);
#44=CYLINDRICAL_SURFACE('',#2467,2.75);
#45=CYLINDRICAL_SURFACE('',#2469,2.75);
#46=CYLINDRICAL_SURFACE('',#2471,2.75);
#47=CYLINDRICAL_SURFACE('',#2473,2.75);
#48=CYLINDRICAL_SURFACE('',#2475,2.75);
#49=CYLINDRICAL_SURFACE('',#2477,2.75);
#50=CYLINDRICAL_SURFACE('',#2479,2.75);
#51=CYLINDRICAL_SURFACE('',#2481,2.75);
#52=CYLINDRICAL_SURFACE('',#2483,2.75);
#53=CYLINDRICAL_SURFACE('',#2485,2.75);
#54=CYLINDRICAL_SURFACE('',#2487,2.75);
#55=CYLINDRICAL_SURFACE('',#2489,2.75);
#56=CIRCLE('',#2298,0.349999999999995);
#57=CIRCLE('',#2299,0.200000000000002);
#58=CIRCLE('',#2300,0.199999999999998);
#59=CIRCLE('',#2301,0.349999999999993);
#60=CIRCLE('',#2303,0.349999999999995);
#61=CIRCLE('',#2304,0.349999999999993);
#62=CIRCLE('',#2305,0.199999999999998);
#63=CIRCLE('',#2306,0.200000000000002);
#64=CIRCLE('',#2313,2.75);
#65=CIRCLE('',#2314,2.75);
#66=CIRCLE('',#2315,2.75);
#67=CIRCLE('',#2316,2.75);
#68=CIRCLE('',#2317,2.75);
#69=CIRCLE('',#2318,2.75);
#70=CIRCLE('',#2319,2.75);
#71=CIRCLE('',#2320,2.75);
#72=CIRCLE('',#2321,2.75);
#73=CIRCLE('',#2322,2.75);
#74=CIRCLE('',#2323,2.75);
#75=CIRCLE('',#2324,2.75);
#76=CIRCLE('',#2325,2.75);
#77=CIRCLE('',#2326,2.75);
#78=CIRCLE('',#2327,2.75);
#79=CIRCLE('',#2328,2.75);
#80=CIRCLE('',#2329,2.75);
#81=CIRCLE('',#2330,2.75);
#82=CIRCLE('',#2331,2.75);
#83=CIRCLE('',#2332,2.75);
#84=CIRCLE('',#2333,2.75);
#85=CIRCLE('',#2334,2.75);
#86=CIRCLE('',#2335,2.75);
#87=CIRCLE('',#2336,2.75);
#88=CIRCLE('',#2337,2.75);
#89=CIRCLE('',#2338,2.75);
#90=CIRCLE('',#2339,2.75);
#91=CIRCLE('',#2340,2.75);
#92=CIRCLE('',#2341,2.75);
#93=CIRCLE('',#2342,2.75);
#94=CIRCLE('',#2343,2.75);
#95=CIRCLE('',#2344,2.75);
#96=CIRCLE('',#2345,2.75);
#97=CIRCLE('',#2346,2.75);
#98=CIRCLE('',#2347,2.75);
#99=CIRCLE('',#2348,2.75);
#100=CIRCLE('',#2349,2.75);
#101=CIRCLE('',#2350,2.75);
#102=CIRCLE('',#2351,2.75);
#103=CIRCLE('',#2352,2.75);
#104=CIRCLE('',#2363,2.75);
#105=CIRCLE('',#2364,2.75);
#106=CIRCLE('',#2365,2.75);
#107=CIRCLE('',#2366,2.75);
#108=CIRCLE('',#2367,2.75);
#109=CIRCLE('',#2368,2.75);
#110=CIRCLE('',#2369,2.75);
#111=CIRCLE('',#2370,2.75);
#112=CIRCLE('',#2371,2.75);
#113=CIRCLE('',#2372,2.75);
#114=CIRCLE('',#2373,2.75);
#115=CIRCLE('',#2374,2.75);
#116=CIRCLE('',#2375,2.75);
#117=CIRCLE('',#2376,2.75);
#118=CIRCLE('',#2377,2.75);
#119=CIRCLE('',#2378,2.75);
#120=CIRCLE('',#2379,2.75);
#121=CIRCLE('',#2380,2.75);
#122=CIRCLE('',#2381,2.75);
#123=CIRCLE('',#2382,2.75);
#124=CIRCLE('',#2383,2.75);
#125=CIRCLE('',#2384,2.75);
#126=CIRCLE('',#2385,2.75);
#127=CIRCLE('',#2386,2.75);
#128=CIRCLE('',#2387,2.75);
#129=CIRCLE('',#2388,2.75);
#130=CIRCLE('',#2389,2.75);
#131=CIRCLE('',#2390,2.75);
#132=CIRCLE('',#2391,2.75);
#133=CIRCLE('',#2392,2.75);
#134=CIRCLE('',#2393,2.75);
#135=CIRCLE('',#2394,2.75);
#136=CIRCLE('',#2395,2.75);
#137=CIRCLE('',#2396,2.75);
#138=CIRCLE('',#2397,2.75);
#139=CIRCLE('',#2398,2.75);
#140=CIRCLE('',#2399,2.75);
#141=CIRCLE('',#2400,2.75);
#142=CIRCLE('',#2401,2.75);
#143=CIRCLE('',#2402,2.75);
#144=ORIENTED_EDGE('',*,*,#792,.T.);
#145=ORIENTED_EDGE('',*,*,#793,.T.);
#146=ORIENTED_EDGE('',*,*,#794,.F.);
#147=ORIENTED_EDGE('',*,*,#795,.F.);
#148=ORIENTED_EDGE('',*,*,#796,.T.);
#149=ORIENTED_EDGE('',*,*,#797,.T.);
#150=ORIENTED_EDGE('',*,*,#798,.F.);
#151=ORIENTED_EDGE('',*,*,#799,.F.);
#152=ORIENTED_EDGE('',*,*,#800,.T.);
#153=ORIENTED_EDGE('',*,*,#801,.T.);
#154=ORIENTED_EDGE('',*,*,#802,.F.);
#155=ORIENTED_EDGE('',*,*,#803,.F.);
#156=ORIENTED_EDGE('',*,*,#804,.T.);
#157=ORIENTED_EDGE('',*,*,#805,.T.);
#158=ORIENTED_EDGE('',*,*,#806,.F.);
#159=ORIENTED_EDGE('',*,*,#807,.F.);
#160=ORIENTED_EDGE('',*,*,#808,.F.);
#161=ORIENTED_EDGE('',*,*,#796,.F.);
#162=ORIENTED_EDGE('',*,*,#809,.F.);
#163=ORIENTED_EDGE('',*,*,#792,.F.);
#164=ORIENTED_EDGE('',*,*,#810,.F.);
#165=ORIENTED_EDGE('',*,*,#811,.F.);
#166=ORIENTED_EDGE('',*,*,#812,.F.);
#167=ORIENTED_EDGE('',*,*,#813,.F.);
#168=ORIENTED_EDGE('',*,*,#814,.F.);
#169=ORIENTED_EDGE('',*,*,#815,.F.);
#170=ORIENTED_EDGE('',*,*,#816,.F.);
#171=ORIENTED_EDGE('',*,*,#817,.F.);
#172=ORIENTED_EDGE('',*,*,#818,.F.);
#173=ORIENTED_EDGE('',*,*,#819,.F.);
#174=ORIENTED_EDGE('',*,*,#820,.F.);
#175=ORIENTED_EDGE('',*,*,#804,.F.);
#176=ORIENTED_EDGE('',*,*,#821,.F.);
#177=ORIENTED_EDGE('',*,*,#800,.F.);
#178=ORIENTED_EDGE('',*,*,#822,.F.);
#179=ORIENTED_EDGE('',*,*,#823,.F.);
#180=ORIENTED_EDGE('',*,*,#824,.F.);
#181=ORIENTED_EDGE('',*,*,#825,.F.);
#182=ORIENTED_EDGE('',*,*,#826,.F.);
#183=ORIENTED_EDGE('',*,*,#827,.F.);
#184=ORIENTED_EDGE('',*,*,#828,.F.);
#185=ORIENTED_EDGE('',*,*,#829,.F.);
#186=ORIENTED_EDGE('',*,*,#830,.F.);
#187=ORIENTED_EDGE('',*,*,#831,.F.);
#188=ORIENTED_EDGE('',*,*,#798,.T.);
#189=ORIENTED_EDGE('',*,*,#832,.T.);
#190=ORIENTED_EDGE('',*,*,#833,.T.);
#191=ORIENTED_EDGE('',*,*,#834,.T.);
#192=ORIENTED_EDGE('',*,*,#835,.T.);
#193=ORIENTED_EDGE('',*,*,#836,.T.);
#194=ORIENTED_EDGE('',*,*,#837,.T.);
#195=ORIENTED_EDGE('',*,*,#838,.T.);
#196=ORIENTED_EDGE('',*,*,#839,.T.);
#197=ORIENTED_EDGE('',*,*,#840,.T.);
#198=ORIENTED_EDGE('',*,*,#841,.T.);
#199=ORIENTED_EDGE('',*,*,#842,.T.);
#200=ORIENTED_EDGE('',*,*,#802,.T.);
#201=ORIENTED_EDGE('',*,*,#843,.T.);
#202=ORIENTED_EDGE('',*,*,#806,.T.);
#203=ORIENTED_EDGE('',*,*,#844,.T.);
#204=ORIENTED_EDGE('',*,*,#845,.T.);
#205=ORIENTED_EDGE('',*,*,#846,.T.);
#206=ORIENTED_EDGE('',*,*,#847,.T.);
#207=ORIENTED_EDGE('',*,*,#848,.T.);
#208=ORIENTED_EDGE('',*,*,#849,.T.);
#209=ORIENTED_EDGE('',*,*,#850,.T.);
#210=ORIENTED_EDGE('',*,*,#851,.T.);
#211=ORIENTED_EDGE('',*,*,#852,.T.);
#212=ORIENTED_EDGE('',*,*,#853,.T.);
#213=ORIENTED_EDGE('',*,*,#854,.T.);
#214=ORIENTED_EDGE('',*,*,#794,.T.);
#215=ORIENTED_EDGE('',*,*,#855,.T.);
#216=ORIENTED_EDGE('',*,*,#856,.F.);
#217=ORIENTED_EDGE('',*,*,#831,.T.);
#218=ORIENTED_EDGE('',*,*,#857,.T.);
#219=ORIENTED_EDGE('',*,*,#833,.F.);
#220=ORIENTED_EDGE('',*,*,#834,.F.);
#221=ORIENTED_EDGE('',*,*,#857,.F.);
#222=ORIENTED_EDGE('',*,*,#830,.T.);
#223=ORIENTED_EDGE('',*,*,#858,.T.);
#224=ORIENTED_EDGE('',*,*,#859,.T.);
#225=ORIENTED_EDGE('',*,*,#835,.F.);
#226=ORIENTED_EDGE('',*,*,#858,.F.);
#227=ORIENTED_EDGE('',*,*,#829,.T.);
#228=ORIENTED_EDGE('',*,*,#836,.F.);
#229=ORIENTED_EDGE('',*,*,#859,.F.);
#230=ORIENTED_EDGE('',*,*,#828,.T.);
#231=ORIENTED_EDGE('',*,*,#860,.T.);
#232=ORIENTED_EDGE('',*,*,#837,.F.);
#233=ORIENTED_EDGE('',*,*,#860,.F.);
#234=ORIENTED_EDGE('',*,*,#827,.T.);
#235=ORIENTED_EDGE('',*,*,#861,.T.);
#236=ORIENTED_EDGE('',*,*,#862,.T.);
#237=ORIENTED_EDGE('',*,*,#863,.T.);
#238=ORIENTED_EDGE('',*,*,#864,.T.);
#239=ORIENTED_EDGE('',*,*,#865,.T.);
#240=ORIENTED_EDGE('',*,*,#866,.T.);
#241=ORIENTED_EDGE('',*,*,#867,.T.);
#242=ORIENTED_EDGE('',*,*,#868,.T.);
#243=ORIENTED_EDGE('',*,*,#869,.T.);
#244=ORIENTED_EDGE('',*,*,#870,.T.);
#245=ORIENTED_EDGE('',*,*,#871,.T.);
#246=ORIENTED_EDGE('',*,*,#872,.T.);
#247=ORIENTED_EDGE('',*,*,#873,.T.);
#248=ORIENTED_EDGE('',*,*,#874,.T.);
#249=ORIENTED_EDGE('',*,*,#875,.T.);
#250=ORIENTED_EDGE('',*,*,#876,.T.);
#251=ORIENTED_EDGE('',*,*,#877,.T.);
#252=ORIENTED_EDGE('',*,*,#878,.T.);
#253=ORIENTED_EDGE('',*,*,#879,.T.);
#254=ORIENTED_EDGE('',*,*,#880,.T.);
#255=ORIENTED_EDGE('',*,*,#881,.T.);
#256=ORIENTED_EDGE('',*,*,#882,.T.);
#257=ORIENTED_EDGE('',*,*,#883,.T.);
#258=ORIENTED_EDGE('',*,*,#884,.T.);
#259=ORIENTED_EDGE('',*,*,#885,.T.);
#260=ORIENTED_EDGE('',*,*,#886,.T.);
#261=ORIENTED_EDGE('',*,*,#887,.T.);
#262=ORIENTED_EDGE('',*,*,#888,.T.);
#263=ORIENTED_EDGE('',*,*,#889,.T.);
#264=ORIENTED_EDGE('',*,*,#890,.T.);
#265=ORIENTED_EDGE('',*,*,#891,.T.);
#266=ORIENTED_EDGE('',*,*,#892,.T.);
#267=ORIENTED_EDGE('',*,*,#893,.T.);
#268=ORIENTED_EDGE('',*,*,#894,.T.);
#269=ORIENTED_EDGE('',*,*,#895,.T.);
#270=ORIENTED_EDGE('',*,*,#896,.T.);
#271=ORIENTED_EDGE('',*,*,#897,.T.);
#272=ORIENTED_EDGE('',*,*,#898,.T.);
#273=ORIENTED_EDGE('',*,*,#899,.T.);
#274=ORIENTED_EDGE('',*,*,#900,.T.);
#275=ORIENTED_EDGE('',*,*,#901,.T.);
#276=ORIENTED_EDGE('',*,*,#902,.T.);
#277=ORIENTED_EDGE('',*,*,#903,.T.);
#278=ORIENTED_EDGE('',*,*,#904,.T.);
#279=ORIENTED_EDGE('',*,*,#905,.T.);
#280=ORIENTED_EDGE('',*,*,#906,.T.);
#281=ORIENTED_EDGE('',*,*,#907,.T.);
#282=ORIENTED_EDGE('',*,*,#908,.T.);
#283=ORIENTED_EDGE('',*,*,#909,.T.);
#284=ORIENTED_EDGE('',*,*,#910,.T.);
#285=ORIENTED_EDGE('',*,*,#911,.T.);
#286=ORIENTED_EDGE('',*,*,#912,.T.);
#287=ORIENTED_EDGE('',*,*,#913,.T.);
#288=ORIENTED_EDGE('',*,*,#914,.T.);
#289=ORIENTED_EDGE('',*,*,#915,.T.);
#290=ORIENTED_EDGE('',*,*,#916,.T.);
#291=ORIENTED_EDGE('',*,*,#917,.T.);
#292=ORIENTED_EDGE('',*,*,#918,.T.);
#293=ORIENTED_EDGE('',*,*,#919,.T.);
#294=ORIENTED_EDGE('',*,*,#920,.T.);
#295=ORIENTED_EDGE('',*,*,#921,.T.);
#296=ORIENTED_EDGE('',*,*,#922,.T.);
#297=ORIENTED_EDGE('',*,*,#923,.T.);
#298=ORIENTED_EDGE('',*,*,#924,.T.);
#299=ORIENTED_EDGE('',*,*,#925,.T.);
#300=ORIENTED_EDGE('',*,*,#926,.T.);
#301=ORIENTED_EDGE('',*,*,#927,.T.);
#302=ORIENTED_EDGE('',*,*,#928,.T.);
#303=ORIENTED_EDGE('',*,*,#929,.T.);
#304=ORIENTED_EDGE('',*,*,#930,.T.);
#305=ORIENTED_EDGE('',*,*,#931,.T.);
#306=ORIENTED_EDGE('',*,*,#932,.T.);
#307=ORIENTED_EDGE('',*,*,#933,.T.);
#308=ORIENTED_EDGE('',*,*,#934,.T.);
#309=ORIENTED_EDGE('',*,*,#935,.T.);
#310=ORIENTED_EDGE('',*,*,#936,.T.);
#311=ORIENTED_EDGE('',*,*,#937,.T.);
#312=ORIENTED_EDGE('',*,*,#938,.T.);
#313=ORIENTED_EDGE('',*,*,#939,.T.);
#314=ORIENTED_EDGE('',*,*,#940,.T.);
#315=ORIENTED_EDGE('',*,*,#941,.T.);
#316=ORIENTED_EDGE('',*,*,#838,.F.);
#317=ORIENTED_EDGE('',*,*,#861,.F.);
#318=ORIENTED_EDGE('',*,*,#826,.T.);
#319=ORIENTED_EDGE('',*,*,#942,.T.);
#320=ORIENTED_EDGE('',*,*,#839,.F.);
#321=ORIENTED_EDGE('',*,*,#942,.F.);
#322=ORIENTED_EDGE('',*,*,#825,.T.);
#323=ORIENTED_EDGE('',*,*,#943,.T.);
#324=ORIENTED_EDGE('',*,*,#840,.F.);
#325=ORIENTED_EDGE('',*,*,#943,.F.);
#326=ORIENTED_EDGE('',*,*,#824,.T.);
#327=ORIENTED_EDGE('',*,*,#944,.T.);
#328=ORIENTED_EDGE('',*,*,#823,.T.);
#329=ORIENTED_EDGE('',*,*,#945,.T.);
#330=ORIENTED_EDGE('',*,*,#841,.F.);
#331=ORIENTED_EDGE('',*,*,#944,.F.);
#332=ORIENTED_EDGE('',*,*,#842,.F.);
#333=ORIENTED_EDGE('',*,*,#945,.F.);
#334=ORIENTED_EDGE('',*,*,#822,.T.);
#335=ORIENTED_EDGE('',*,*,#803,.T.);
#336=ORIENTED_EDGE('',*,*,#946,.F.);
#337=ORIENTED_EDGE('',*,*,#819,.T.);
#338=ORIENTED_EDGE('',*,*,#947,.T.);
#339=ORIENTED_EDGE('',*,*,#845,.F.);
#340=ORIENTED_EDGE('',*,*,#846,.F.);
#341=ORIENTED_EDGE('',*,*,#947,.F.);
#342=ORIENTED_EDGE('',*,*,#818,.T.);
#343=ORIENTED_EDGE('',*,*,#948,.T.);
#344=ORIENTED_EDGE('',*,*,#847,.F.);
#345=ORIENTED_EDGE('',*,*,#948,.F.);
#346=ORIENTED_EDGE('',*,*,#817,.T.);
#347=ORIENTED_EDGE('',*,*,#949,.T.);
#348=ORIENTED_EDGE('',*,*,#848,.F.);
#349=ORIENTED_EDGE('',*,*,#949,.F.);
#350=ORIENTED_EDGE('',*,*,#816,.T.);
#351=ORIENTED_EDGE('',*,*,#950,.T.);
#352=ORIENTED_EDGE('',*,*,#849,.F.);
#353=ORIENTED_EDGE('',*,*,#950,.F.);
#354=ORIENTED_EDGE('',*,*,#815,.T.);
#355=ORIENTED_EDGE('',*,*,#951,.T.);
#356=ORIENTED_EDGE('',*,*,#952,.F.);
#357=ORIENTED_EDGE('',*,*,#953,.F.);
#358=ORIENTED_EDGE('',*,*,#954,.F.);
#359=ORIENTED_EDGE('',*,*,#955,.F.);
#360=ORIENTED_EDGE('',*,*,#956,.F.);
#361=ORIENTED_EDGE('',*,*,#957,.F.);
#362=ORIENTED_EDGE('',*,*,#958,.F.);
#363=ORIENTED_EDGE('',*,*,#959,.F.);
#364=ORIENTED_EDGE('',*,*,#960,.F.);
#365=ORIENTED_EDGE('',*,*,#961,.F.);
#366=ORIENTED_EDGE('',*,*,#962,.F.);
#367=ORIENTED_EDGE('',*,*,#963,.F.);
#368=ORIENTED_EDGE('',*,*,#964,.F.);
#369=ORIENTED_EDGE('',*,*,#965,.F.);
#370=ORIENTED_EDGE('',*,*,#966,.F.);
#371=ORIENTED_EDGE('',*,*,#967,.F.);
#372=ORIENTED_EDGE('',*,*,#968,.F.);
#373=ORIENTED_EDGE('',*,*,#969,.F.);
#374=ORIENTED_EDGE('',*,*,#970,.F.);
#375=ORIENTED_EDGE('',*,*,#971,.F.);
#376=ORIENTED_EDGE('',*,*,#972,.F.);
#377=ORIENTED_EDGE('',*,*,#973,.F.);
#378=ORIENTED_EDGE('',*,*,#974,.F.);
#379=ORIENTED_EDGE('',*,*,#975,.F.);
#380=ORIENTED_EDGE('',*,*,#976,.F.);
#381=ORIENTED_EDGE('',*,*,#977,.F.);
#382=ORIENTED_EDGE('',*,*,#978,.F.);
#383=ORIENTED_EDGE('',*,*,#979,.F.);
#384=ORIENTED_EDGE('',*,*,#980,.F.);
#385=ORIENTED_EDGE('',*,*,#981,.F.);
#386=ORIENTED_EDGE('',*,*,#982,.F.);
#387=ORIENTED_EDGE('',*,*,#983,.F.);
#388=ORIENTED_EDGE('',*,*,#984,.F.);
#389=ORIENTED_EDGE('',*,*,#985,.F.);
#390=ORIENTED_EDGE('',*,*,#986,.F.);
#391=ORIENTED_EDGE('',*,*,#987,.F.);
#392=ORIENTED_EDGE('',*,*,#988,.F.);
#393=ORIENTED_EDGE('',*,*,#989,.F.);
#394=ORIENTED_EDGE('',*,*,#990,.F.);
#395=ORIENTED_EDGE('',*,*,#991,.F.);
#396=ORIENTED_EDGE('',*,*,#992,.F.);
#397=ORIENTED_EDGE('',*,*,#993,.F.);
#398=ORIENTED_EDGE('',*,*,#994,.F.);
#399=ORIENTED_EDGE('',*,*,#995,.F.);
#400=ORIENTED_EDGE('',*,*,#996,.F.);
#401=ORIENTED_EDGE('',*,*,#997,.F.);
#402=ORIENTED_EDGE('',*,*,#998,.F.);
#403=ORIENTED_EDGE('',*,*,#999,.F.);
#404=ORIENTED_EDGE('',*,*,#1000,.F.);
#405=ORIENTED_EDGE('',*,*,#1001,.F.);
#406=ORIENTED_EDGE('',*,*,#1002,.F.);
#407=ORIENTED_EDGE('',*,*,#1003,.F.);
#408=ORIENTED_EDGE('',*,*,#1004,.F.);
#409=ORIENTED_EDGE('',*,*,#1005,.F.);
#410=ORIENTED_EDGE('',*,*,#1006,.F.);
#411=ORIENTED_EDGE('',*,*,#1007,.F.);
#412=ORIENTED_EDGE('',*,*,#1008,.F.);
#413=ORIENTED_EDGE('',*,*,#1009,.F.);
#414=ORIENTED_EDGE('',*,*,#1010,.F.);
#415=ORIENTED_EDGE('',*,*,#1011,.F.);
#416=ORIENTED_EDGE('',*,*,#1012,.F.);
#417=ORIENTED_EDGE('',*,*,#1013,.F.);
#418=ORIENTED_EDGE('',*,*,#1014,.F.);
#419=ORIENTED_EDGE('',*,*,#1015,.F.);
#420=ORIENTED_EDGE('',*,*,#1016,.F.);
#421=ORIENTED_EDGE('',*,*,#1017,.F.);
#422=ORIENTED_EDGE('',*,*,#1018,.F.);
#423=ORIENTED_EDGE('',*,*,#1019,.F.);
#424=ORIENTED_EDGE('',*,*,#1020,.F.);
#425=ORIENTED_EDGE('',*,*,#1021,.F.);
#426=ORIENTED_EDGE('',*,*,#1022,.F.);
#427=ORIENTED_EDGE('',*,*,#1023,.F.);
#428=ORIENTED_EDGE('',*,*,#1024,.F.);
#429=ORIENTED_EDGE('',*,*,#1025,.F.);
#430=ORIENTED_EDGE('',*,*,#1026,.F.);
#431=ORIENTED_EDGE('',*,*,#1027,.F.);
#432=ORIENTED_EDGE('',*,*,#1028,.F.);
#433=ORIENTED_EDGE('',*,*,#1029,.F.);
#434=ORIENTED_EDGE('',*,*,#1030,.F.);
#435=ORIENTED_EDGE('',*,*,#1031,.F.);
#436=ORIENTED_EDGE('',*,*,#850,.F.);
#437=ORIENTED_EDGE('',*,*,#951,.F.);
#438=ORIENTED_EDGE('',*,*,#814,.T.);
#439=ORIENTED_EDGE('',*,*,#1032,.T.);
#440=ORIENTED_EDGE('',*,*,#851,.F.);
#441=ORIENTED_EDGE('',*,*,#1032,.F.);
#442=ORIENTED_EDGE('',*,*,#813,.T.);
#443=ORIENTED_EDGE('',*,*,#1033,.T.);
#444=ORIENTED_EDGE('',*,*,#852,.F.);
#445=ORIENTED_EDGE('',*,*,#1033,.F.);
#446=ORIENTED_EDGE('',*,*,#812,.T.);
#447=ORIENTED_EDGE('',*,*,#1034,.T.);
#448=ORIENTED_EDGE('',*,*,#853,.F.);
#449=ORIENTED_EDGE('',*,*,#1034,.F.);
#450=ORIENTED_EDGE('',*,*,#811,.T.);
#451=ORIENTED_EDGE('',*,*,#1035,.T.);
#452=ORIENTED_EDGE('',*,*,#854,.F.);
#453=ORIENTED_EDGE('',*,*,#1035,.F.);
#454=ORIENTED_EDGE('',*,*,#810,.T.);
#455=ORIENTED_EDGE('',*,*,#795,.T.);
#456=ORIENTED_EDGE('',*,*,#843,.F.);
#457=ORIENTED_EDGE('',*,*,#801,.F.);
#458=ORIENTED_EDGE('',*,*,#821,.T.);
#459=ORIENTED_EDGE('',*,*,#807,.T.);
#460=ORIENTED_EDGE('',*,*,#844,.F.);
#461=ORIENTED_EDGE('',*,*,#805,.F.);
#462=ORIENTED_EDGE('',*,*,#820,.T.);
#463=ORIENTED_EDGE('',*,*,#946,.T.);
#464=ORIENTED_EDGE('',*,*,#855,.F.);
#465=ORIENTED_EDGE('',*,*,#793,.F.);
#466=ORIENTED_EDGE('',*,*,#809,.T.);
#467=ORIENTED_EDGE('',*,*,#799,.T.);
#468=ORIENTED_EDGE('',*,*,#832,.F.);
#469=ORIENTED_EDGE('',*,*,#797,.F.);
#470=ORIENTED_EDGE('',*,*,#808,.T.);
#471=ORIENTED_EDGE('',*,*,#856,.T.);
#472=ORIENTED_EDGE('',*,*,#1028,.T.);
#473=ORIENTED_EDGE('',*,*,#1036,.F.);
#474=ORIENTED_EDGE('',*,*,#938,.F.);
#475=ORIENTED_EDGE('',*,*,#1037,.T.);
#476=ORIENTED_EDGE('',*,*,#1031,.T.);
#477=ORIENTED_EDGE('',*,*,#1038,.F.);
#478=ORIENTED_EDGE('',*,*,#939,.F.);
#479=ORIENTED_EDGE('',*,*,#1036,.T.);
#480=ORIENTED_EDGE('',*,*,#1030,.T.);
#481=ORIENTED_EDGE('',*,*,#1039,.F.);
#482=ORIENTED_EDGE('',*,*,#940,.F.);
#483=ORIENTED_EDGE('',*,*,#1038,.T.);
#484=ORIENTED_EDGE('',*,*,#1029,.T.);
#485=ORIENTED_EDGE('',*,*,#1037,.F.);
#486=ORIENTED_EDGE('',*,*,#941,.F.);
#487=ORIENTED_EDGE('',*,*,#1039,.T.);
#488=ORIENTED_EDGE('',*,*,#1024,.T.);
#489=ORIENTED_EDGE('',*,*,#1040,.F.);
#490=ORIENTED_EDGE('',*,*,#934,.F.);
#491=ORIENTED_EDGE('',*,*,#1041,.T.);
#492=ORIENTED_EDGE('',*,*,#1027,.T.);
#493=ORIENTED_EDGE('',*,*,#1042,.F.);
#494=ORIENTED_EDGE('',*,*,#935,.F.);
#495=ORIENTED_EDGE('',*,*,#1040,.T.);
#496=ORIENTED_EDGE('',*,*,#1026,.T.);
#497=ORIENTED_EDGE('',*,*,#1043,.F.);
#498=ORIENTED_EDGE('',*,*,#936,.F.);
#499=ORIENTED_EDGE('',*,*,#1042,.T.);
#500=ORIENTED_EDGE('',*,*,#1025,.T.);
#501=ORIENTED_EDGE('',*,*,#1041,.F.);
#502=ORIENTED_EDGE('',*,*,#937,.F.);
#503=ORIENTED_EDGE('',*,*,#1043,.T.);
#504=ORIENTED_EDGE('',*,*,#1020,.T.);
#505=ORIENTED_EDGE('',*,*,#1044,.F.);
#506=ORIENTED_EDGE('',*,*,#930,.F.);
#507=ORIENTED_EDGE('',*,*,#1045,.T.);
#508=ORIENTED_EDGE('',*,*,#1023,.T.);
#509=ORIENTED_EDGE('',*,*,#1046,.F.);
#510=ORIENTED_EDGE('',*,*,#931,.F.);
#511=ORIENTED_EDGE('',*,*,#1044,.T.);
#512=ORIENTED_EDGE('',*,*,#1022,.T.);
#513=ORIENTED_EDGE('',*,*,#1047,.F.);
#514=ORIENTED_EDGE('',*,*,#932,.F.);
#515=ORIENTED_EDGE('',*,*,#1046,.T.);
#516=ORIENTED_EDGE('',*,*,#1021,.T.);
#517=ORIENTED_EDGE('',*,*,#1045,.F.);
#518=ORIENTED_EDGE('',*,*,#933,.F.);
#519=ORIENTED_EDGE('',*,*,#1047,.T.);
#520=ORIENTED_EDGE('',*,*,#1016,.T.);
#521=ORIENTED_EDGE('',*,*,#1048,.F.);
#522=ORIENTED_EDGE('',*,*,#926,.F.);
#523=ORIENTED_EDGE('',*,*,#1049,.T.);
#524=ORIENTED_EDGE('',*,*,#1019,.T.);
#525=ORIENTED_EDGE('',*,*,#1050,.F.);
#526=ORIENTED_EDGE('',*,*,#927,.F.);
#527=ORIENTED_EDGE('',*,*,#1048,.T.);
#528=ORIENTED_EDGE('',*,*,#1018,.T.);
#529=ORIENTED_EDGE('',*,*,#1051,.F.);
#530=ORIENTED_EDGE('',*,*,#928,.F.);
#531=ORIENTED_EDGE('',*,*,#1050,.T.);
#532=ORIENTED_EDGE('',*,*,#1017,.T.);
#533=ORIENTED_EDGE('',*,*,#1049,.F.);
#534=ORIENTED_EDGE('',*,*,#929,.F.);
#535=ORIENTED_EDGE('',*,*,#1051,.T.);
#536=ORIENTED_EDGE('',*,*,#1012,.T.);
#537=ORIENTED_EDGE('',*,*,#1052,.F.);
#538=ORIENTED_EDGE('',*,*,#922,.F.);
#539=ORIENTED_EDGE('',*,*,#1053,.T.);
#540=ORIENTED_EDGE('',*,*,#1015,.T.);
#541=ORIENTED_EDGE('',*,*,#1054,.F.);
#542=ORIENTED_EDGE('',*,*,#923,.F.);
#543=ORIENTED_EDGE('',*,*,#1052,.T.);
#544=ORIENTED_EDGE('',*,*,#1014,.T.);
#545=ORIENTED_EDGE('',*,*,#1055,.F.);
#546=ORIENTED_EDGE('',*,*,#924,.F.);
#547=ORIENTED_EDGE('',*,*,#1054,.T.);
#548=ORIENTED_EDGE('',*,*,#1013,.T.);
#549=ORIENTED_EDGE('',*,*,#1053,.F.);
#550=ORIENTED_EDGE('',*,*,#925,.F.);
#551=ORIENTED_EDGE('',*,*,#1055,.T.);
#552=ORIENTED_EDGE('',*,*,#1008,.T.);
#553=ORIENTED_EDGE('',*,*,#1056,.F.);
#554=ORIENTED_EDGE('',*,*,#918,.F.);
#555=ORIENTED_EDGE('',*,*,#1057,.T.);
#556=ORIENTED_EDGE('',*,*,#1011,.T.);
#557=ORIENTED_EDGE('',*,*,#1058,.F.);
#558=ORIENTED_EDGE('',*,*,#919,.F.);
#559=ORIENTED_EDGE('',*,*,#1056,.T.);
#560=ORIENTED_EDGE('',*,*,#1010,.T.);
#561=ORIENTED_EDGE('',*,*,#1059,.F.);
#562=ORIENTED_EDGE('',*,*,#920,.F.);
#563=ORIENTED_EDGE('',*,*,#1058,.T.);
#564=ORIENTED_EDGE('',*,*,#1009,.T.);
#565=ORIENTED_EDGE('',*,*,#1057,.F.);
#566=ORIENTED_EDGE('',*,*,#921,.F.);
#567=ORIENTED_EDGE('',*,*,#1059,.T.);
#568=ORIENTED_EDGE('',*,*,#1004,.T.);
#569=ORIENTED_EDGE('',*,*,#1060,.F.);
#570=ORIENTED_EDGE('',*,*,#914,.F.);
#571=ORIENTED_EDGE('',*,*,#1061,.T.);
#572=ORIENTED_EDGE('',*,*,#1007,.T.);
#573=ORIENTED_EDGE('',*,*,#1062,.F.);
#574=ORIENTED_EDGE('',*,*,#915,.F.);
#575=ORIENTED_EDGE('',*,*,#1060,.T.);
#576=ORIENTED_EDGE('',*,*,#1006,.T.);
#577=ORIENTED_EDGE('',*,*,#1063,.F.);
#578=ORIENTED_EDGE('',*,*,#916,.F.);
#579=ORIENTED_EDGE('',*,*,#1062,.T.);
#580=ORIENTED_EDGE('',*,*,#1005,.T.);
#581=ORIENTED_EDGE('',*,*,#1061,.F.);
#582=ORIENTED_EDGE('',*,*,#917,.F.);
#583=ORIENTED_EDGE('',*,*,#1063,.T.);
#584=ORIENTED_EDGE('',*,*,#1000,.T.);
#585=ORIENTED_EDGE('',*,*,#1064,.F.);
#586=ORIENTED_EDGE('',*,*,#910,.F.);
#587=ORIENTED_EDGE('',*,*,#1065,.T.);
#588=ORIENTED_EDGE('',*,*,#1003,.T.);
#589=ORIENTED_EDGE('',*,*,#1066,.F.);
#590=ORIENTED_EDGE('',*,*,#911,.F.);
#591=ORIENTED_EDGE('',*,*,#1064,.T.);
#592=ORIENTED_EDGE('',*,*,#1002,.T.);
#593=ORIENTED_EDGE('',*,*,#1067,.F.);
#594=ORIENTED_EDGE('',*,*,#912,.F.);
#595=ORIENTED_EDGE('',*,*,#1066,.T.);
#596=ORIENTED_EDGE('',*,*,#1001,.T.);
#597=ORIENTED_EDGE('',*,*,#1065,.F.);
#598=ORIENTED_EDGE('',*,*,#913,.F.);
#599=ORIENTED_EDGE('',*,*,#1067,.T.);
#600=ORIENTED_EDGE('',*,*,#996,.T.);
#601=ORIENTED_EDGE('',*,*,#1068,.F.);
#602=ORIENTED_EDGE('',*,*,#906,.F.);
#603=ORIENTED_EDGE('',*,*,#1069,.T.);
#604=ORIENTED_EDGE('',*,*,#999,.T.);
#605=ORIENTED_EDGE('',*,*,#1070,.F.);
#606=ORIENTED_EDGE('',*,*,#907,.F.);
#607=ORIENTED_EDGE('',*,*,#1068,.T.);
#608=ORIENTED_EDGE('',*,*,#998,.T.);
#609=ORIENTED_EDGE('',*,*,#1071,.F.);
#610=ORIENTED_EDGE('',*,*,#908,.F.);
#611=ORIENTED_EDGE('',*,*,#1070,.T.);
#612=ORIENTED_EDGE('',*,*,#997,.T.);
#613=ORIENTED_EDGE('',*,*,#1069,.F.);
#614=ORIENTED_EDGE('',*,*,#909,.F.);
#615=ORIENTED_EDGE('',*,*,#1071,.T.);
#616=ORIENTED_EDGE('',*,*,#992,.T.);
#617=ORIENTED_EDGE('',*,*,#1072,.F.);
#618=ORIENTED_EDGE('',*,*,#902,.F.);
#619=ORIENTED_EDGE('',*,*,#1073,.T.);
#620=ORIENTED_EDGE('',*,*,#995,.T.);
#621=ORIENTED_EDGE('',*,*,#1074,.F.);
#622=ORIENTED_EDGE('',*,*,#903,.F.);
#623=ORIENTED_EDGE('',*,*,#1072,.T.);
#624=ORIENTED_EDGE('',*,*,#994,.T.);
#625=ORIENTED_EDGE('',*,*,#1075,.F.);
#626=ORIENTED_EDGE('',*,*,#904,.F.);
#627=ORIENTED_EDGE('',*,*,#1074,.T.);
#628=ORIENTED_EDGE('',*,*,#993,.T.);
#629=ORIENTED_EDGE('',*,*,#1073,.F.);
#630=ORIENTED_EDGE('',*,*,#905,.F.);
#631=ORIENTED_EDGE('',*,*,#1075,.T.);
#632=ORIENTED_EDGE('',*,*,#988,.T.);
#633=ORIENTED_EDGE('',*,*,#1076,.F.);
#634=ORIENTED_EDGE('',*,*,#898,.F.);
#635=ORIENTED_EDGE('',*,*,#1077,.T.);
#636=ORIENTED_EDGE('',*,*,#991,.T.);
#637=ORIENTED_EDGE('',*,*,#1078,.F.);
#638=ORIENTED_EDGE('',*,*,#899,.F.);
#639=ORIENTED_EDGE('',*,*,#1076,.T.);
#640=ORIENTED_EDGE('',*,*,#990,.T.);
#641=ORIENTED_EDGE('',*,*,#1079,.F.);
#642=ORIENTED_EDGE('',*,*,#900,.F.);
#643=ORIENTED_EDGE('',*,*,#1078,.T.);
#644=ORIENTED_EDGE('',*,*,#989,.T.);
#645=ORIENTED_EDGE('',*,*,#1077,.F.);
#646=ORIENTED_EDGE('',*,*,#901,.F.);
#647=ORIENTED_EDGE('',*,*,#1079,.T.);
#648=ORIENTED_EDGE('',*,*,#984,.T.);
#649=ORIENTED_EDGE('',*,*,#1080,.F.);
#650=ORIENTED_EDGE('',*,*,#894,.F.);
#651=ORIENTED_EDGE('',*,*,#1081,.T.);
#652=ORIENTED_EDGE('',*,*,#987,.T.);
#653=ORIENTED_EDGE('',*,*,#1082,.F.);
#654=ORIENTED_EDGE('',*,*,#895,.F.);
#655=ORIENTED_EDGE('',*,*,#1080,.T.);
#656=ORIENTED_EDGE('',*,*,#986,.T.);
#657=ORIENTED_EDGE('',*,*,#1083,.F.);
#658=ORIENTED_EDGE('',*,*,#896,.F.);
#659=ORIENTED_EDGE('',*,*,#1082,.T.);
#660=ORIENTED_EDGE('',*,*,#985,.T.);
#661=ORIENTED_EDGE('',*,*,#1081,.F.);
#662=ORIENTED_EDGE('',*,*,#897,.F.);
#663=ORIENTED_EDGE('',*,*,#1083,.T.);
#664=ORIENTED_EDGE('',*,*,#980,.T.);
#665=ORIENTED_EDGE('',*,*,#1084,.F.);
#666=ORIENTED_EDGE('',*,*,#890,.F.);
#667=ORIENTED_EDGE('',*,*,#1085,.T.);
#668=ORIENTED_EDGE('',*,*,#983,.T.);
#669=ORIENTED_EDGE('',*,*,#1086,.F.);
#670=ORIENTED_EDGE('',*,*,#891,.F.);
#671=ORIENTED_EDGE('',*,*,#1084,.T.);
#672=ORIENTED_EDGE('',*,*,#982,.T.);
#673=ORIENTED_EDGE('',*,*,#1087,.F.);
#674=ORIENTED_EDGE('',*,*,#892,.F.);
#675=ORIENTED_EDGE('',*,*,#1086,.T.);
#676=ORIENTED_EDGE('',*,*,#981,.T.);
#677=ORIENTED_EDGE('',*,*,#1085,.F.);
#678=ORIENTED_EDGE('',*,*,#893,.F.);
#679=ORIENTED_EDGE('',*,*,#1087,.T.);
#680=ORIENTED_EDGE('',*,*,#976,.T.);
#681=ORIENTED_EDGE('',*,*,#1088,.F.);
#682=ORIENTED_EDGE('',*,*,#886,.F.);
#683=ORIENTED_EDGE('',*,*,#1089,.T.);
#684=ORIENTED_EDGE('',*,*,#979,.T.);
#685=ORIENTED_EDGE('',*,*,#1090,.F.);
#686=ORIENTED_EDGE('',*,*,#887,.F.);
#687=ORIENTED_EDGE('',*,*,#1088,.T.);
#688=ORIENTED_EDGE('',*,*,#978,.T.);
#689=ORIENTED_EDGE('',*,*,#1091,.F.);
#690=ORIENTED_EDGE('',*,*,#888,.F.);
#691=ORIENTED_EDGE('',*,*,#1090,.T.);
#692=ORIENTED_EDGE('',*,*,#977,.T.);
#693=ORIENTED_EDGE('',*,*,#1089,.F.);
#694=ORIENTED_EDGE('',*,*,#889,.F.);
#695=ORIENTED_EDGE('',*,*,#1091,.T.);
#696=ORIENTED_EDGE('',*,*,#972,.T.);
#697=ORIENTED_EDGE('',*,*,#1092,.F.);
#698=ORIENTED_EDGE('',*,*,#882,.F.);
#699=ORIENTED_EDGE('',*,*,#1093,.T.);
#700=ORIENTED_EDGE('',*,*,#975,.T.);
#701=ORIENTED_EDGE('',*,*,#1094,.F.);
#702=ORIENTED_EDGE('',*,*,#883,.F.);
#703=ORIENTED_EDGE('',*,*,#1092,.T.);
#704=ORIENTED_EDGE('',*,*,#974,.T.);
#705=ORIENTED_EDGE('',*,*,#1095,.F.);
#706=ORIENTED_EDGE('',*,*,#884,.F.);
#707=ORIENTED_EDGE('',*,*,#1094,.T.);
#708=ORIENTED_EDGE('',*,*,#973,.T.);
#709=ORIENTED_EDGE('',*,*,#1093,.F.);
#710=ORIENTED_EDGE('',*,*,#885,.F.);
#711=ORIENTED_EDGE('',*,*,#1095,.T.);
#712=ORIENTED_EDGE('',*,*,#968,.T.);
#713=ORIENTED_EDGE('',*,*,#1096,.F.);
#714=ORIENTED_EDGE('',*,*,#878,.F.);
#715=ORIENTED_EDGE('',*,*,#1097,.T.);
#716=ORIENTED_EDGE('',*,*,#971,.T.);
#717=ORIENTED_EDGE('',*,*,#1098,.F.);
#718=ORIENTED_EDGE('',*,*,#879,.F.);
#719=ORIENTED_EDGE('',*,*,#1096,.T.);
#720=ORIENTED_EDGE('',*,*,#970,.T.);
#721=ORIENTED_EDGE('',*,*,#1099,.F.);
#722=ORIENTED_EDGE('',*,*,#880,.F.);
#723=ORIENTED_EDGE('',*,*,#1098,.T.);
#724=ORIENTED_EDGE('',*,*,#969,.T.);
#725=ORIENTED_EDGE('',*,*,#1097,.F.);
#726=ORIENTED_EDGE('',*,*,#881,.F.);
#727=ORIENTED_EDGE('',*,*,#1099,.T.);
#728=ORIENTED_EDGE('',*,*,#964,.T.);
#729=ORIENTED_EDGE('',*,*,#1100,.F.);
#730=ORIENTED_EDGE('',*,*,#874,.F.);
#731=ORIENTED_EDGE('',*,*,#1101,.T.);
#732=ORIENTED_EDGE('',*,*,#967,.T.);
#733=ORIENTED_EDGE('',*,*,#1102,.F.);
#734=ORIENTED_EDGE('',*,*,#875,.F.);
#735=ORIENTED_EDGE('',*,*,#1100,.T.);
#736=ORIENTED_EDGE('',*,*,#966,.T.);
#737=ORIENTED_EDGE('',*,*,#1103,.F.);
#738=ORIENTED_EDGE('',*,*,#876,.F.);
#739=ORIENTED_EDGE('',*,*,#1102,.T.);
#740=ORIENTED_EDGE('',*,*,#965,.T.);
#741=ORIENTED_EDGE('',*,*,#1101,.F.);
#742=ORIENTED_EDGE('',*,*,#877,.F.);
#743=ORIENTED_EDGE('',*,*,#1103,.T.);
#744=ORIENTED_EDGE('',*,*,#960,.T.);
#745=ORIENTED_EDGE('',*,*,#1104,.F.);
#746=ORIENTED_EDGE('',*,*,#870,.F.);
#747=ORIENTED_EDGE('',*,*,#1105,.T.);
#748=ORIENTED_EDGE('',*,*,#963,.T.);
#749=ORIENTED_EDGE('',*,*,#1106,.F.);
#750=ORIENTED_EDGE('',*,*,#871,.F.);
#751=ORIENTED_EDGE('',*,*,#1104,.T.);
#752=ORIENTED_EDGE('',*,*,#962,.T.);
#753=ORIENTED_EDGE('',*,*,#1107,.F.);
#754=ORIENTED_EDGE('',*,*,#872,.F.);
#755=ORIENTED_EDGE('',*,*,#1106,.T.);
#756=ORIENTED_EDGE('',*,*,#961,.T.);
#757=ORIENTED_EDGE('',*,*,#1105,.F.);
#758=ORIENTED_EDGE('',*,*,#873,.F.);
#759=ORIENTED_EDGE('',*,*,#1107,.T.);
#760=ORIENTED_EDGE('',*,*,#956,.T.);
#761=ORIENTED_EDGE('',*,*,#1108,.F.);
#762=ORIENTED_EDGE('',*,*,#866,.F.);
#763=ORIENTED_EDGE('',*,*,#1109,.T.);
#764=ORIENTED_EDGE('',*,*,#959,.T.);
#765=ORIENTED_EDGE('',*,*,#1110,.F.);
#766=ORIENTED_EDGE('',*,*,#867,.F.);
#767=ORIENTED_EDGE('',*,*,#1108,.T.);
#768=ORIENTED_EDGE('',*,*,#958,.T.);
#769=ORIENTED_EDGE('',*,*,#1111,.F.);
#770=ORIENTED_EDGE('',*,*,#868,.F.);
#771=ORIENTED_EDGE('',*,*,#1110,.T.);
#772=ORIENTED_EDGE('',*,*,#957,.T.);
#773=ORIENTED_EDGE('',*,*,#1109,.F.);
#774=ORIENTED_EDGE('',*,*,#869,.F.);
#775=ORIENTED_EDGE('',*,*,#1111,.T.);
#776=ORIENTED_EDGE('',*,*,#952,.T.);
#777=ORIENTED_EDGE('',*,*,#1112,.F.);
#778=ORIENTED_EDGE('',*,*,#862,.F.);
#779=ORIENTED_EDGE('',*,*,#1113,.T.);
#780=ORIENTED_EDGE('',*,*,#955,.T.);
#781=ORIENTED_EDGE('',*,*,#1114,.F.);
#782=ORIENTED_EDGE('',*,*,#863,.F.);
#783=ORIENTED_EDGE('',*,*,#1112,.T.);
#784=ORIENTED_EDGE('',*,*,#954,.T.);
#785=ORIENTED_EDGE('',*,*,#1115,.F.);
#786=ORIENTED_EDGE('',*,*,#864,.F.);
#787=ORIENTED_EDGE('',*,*,#1114,.T.);
#788=ORIENTED_EDGE('',*,*,#953,.T.);
#789=ORIENTED_EDGE('',*,*,#1113,.F.);
#790=ORIENTED_EDGE('',*,*,#865,.F.);
#791=ORIENTED_EDGE('',*,*,#1115,.T.);
#792=EDGE_CURVE('',#1116,#1117,#1332,.T.);
#793=EDGE_CURVE('',#1117,#1118,#1333,.T.);
#794=EDGE_CURVE('',#1119,#1118,#1334,.T.);
#795=EDGE_CURVE('',#1116,#1119,#1335,.T.);
#796=EDGE_CURVE('',#1120,#1121,#1336,.T.);
#797=EDGE_CURVE('',#1121,#1122,#1337,.T.);
#798=EDGE_CURVE('',#1123,#1122,#1338,.T.);
#799=EDGE_CURVE('',#1120,#1123,#1339,.T.);
#800=EDGE_CURVE('',#1124,#1125,#1340,.T.);
#801=EDGE_CURVE('',#1125,#1126,#1341,.T.);
#802=EDGE_CURVE('',#1127,#1126,#1342,.T.);
#803=EDGE_CURVE('',#1124,#1127,#1343,.T.);
#804=EDGE_CURVE('',#1128,#1129,#1344,.T.);
#805=EDGE_CURVE('',#1129,#1130,#1345,.T.);
#806=EDGE_CURVE('',#1131,#1130,#1346,.T.);
#807=EDGE_CURVE('',#1128,#1131,#1347,.T.);
#808=EDGE_CURVE('',#1121,#1132,#56,.T.);
#809=EDGE_CURVE('',#1117,#1120,#57,.T.);
#810=EDGE_CURVE('',#1133,#1116,#1348,.T.);
#811=EDGE_CURVE('',#1134,#1133,#1349,.T.);
#812=EDGE_CURVE('',#1135,#1134,#1350,.T.);
#813=EDGE_CURVE('',#1136,#1135,#1351,.T.);
#814=EDGE_CURVE('',#1137,#1136,#1352,.T.);
#815=EDGE_CURVE('',#1138,#1137,#1353,.T.);
#816=EDGE_CURVE('',#1139,#1138,#1354,.T.);
#817=EDGE_CURVE('',#1140,#1139,#1355,.T.);
#818=EDGE_CURVE('',#1141,#1140,#1356,.T.);
#819=EDGE_CURVE('',#1142,#1141,#1357,.T.);
#820=EDGE_CURVE('',#1129,#1142,#58,.T.);
#821=EDGE_CURVE('',#1125,#1128,#59,.T.);
#822=EDGE_CURVE('',#1143,#1124,#1358,.T.);
#823=EDGE_CURVE('',#1144,#1143,#1359,.T.);
#824=EDGE_CURVE('',#1145,#1144,#1360,.T.);
#825=EDGE_CURVE('',#1146,#1145,#1361,.T.);
#826=EDGE_CURVE('',#1147,#1146,#1362,.T.);
#827=EDGE_CURVE('',#1148,#1147,#1363,.T.);
#828=EDGE_CURVE('',#1149,#1148,#1364,.T.);
#829=EDGE_CURVE('',#1150,#1149,#1365,.T.);
#830=EDGE_CURVE('',#1151,#1150,#1366,.T.);
#831=EDGE_CURVE('',#1132,#1151,#1367,.T.);
#832=EDGE_CURVE('',#1122,#1152,#60,.T.);
#833=EDGE_CURVE('',#1152,#1153,#1368,.T.);
#834=EDGE_CURVE('',#1153,#1154,#1369,.T.);
#835=EDGE_CURVE('',#1154,#1155,#1370,.T.);
#836=EDGE_CURVE('',#1155,#1156,#1371,.T.);
#837=EDGE_CURVE('',#1156,#1157,#1372,.T.);
#838=EDGE_CURVE('',#1157,#1158,#1373,.T.);
#839=EDGE_CURVE('',#1158,#1159,#1374,.T.);
#840=EDGE_CURVE('',#1159,#1160,#1375,.T.);
#841=EDGE_CURVE('',#1160,#1161,#1376,.T.);
#842=EDGE_CURVE('',#1161,#1127,#1377,.T.);
#843=EDGE_CURVE('',#1126,#1131,#61,.T.);
#844=EDGE_CURVE('',#1130,#1162,#62,.T.);
#845=EDGE_CURVE('',#1162,#1163,#1378,.T.);
#846=EDGE_CURVE('',#1163,#1164,#1379,.T.);
#847=EDGE_CURVE('',#1164,#1165,#1380,.T.);
#848=EDGE_CURVE('',#1165,#1166,#1381,.T.);
#849=EDGE_CURVE('',#1166,#1167,#1382,.T.);
#850=EDGE_CURVE('',#1167,#1168,#1383,.T.);
#851=EDGE_CURVE('',#1168,#1169,#1384,.T.);
#852=EDGE_CURVE('',#1169,#1170,#1385,.T.);
#853=EDGE_CURVE('',#1170,#1171,#1386,.T.);
#854=EDGE_CURVE('',#1171,#1119,#1387,.T.);
#855=EDGE_CURVE('',#1118,#1123,#63,.T.);
#856=EDGE_CURVE('',#1132,#1152,#1388,.T.);
#857=EDGE_CURVE('',#1151,#1153,#1389,.T.);
#858=EDGE_CURVE('',#1150,#1154,#1390,.T.);
#859=EDGE_CURVE('',#1149,#1155,#1391,.T.);
#860=EDGE_CURVE('',#1148,#1156,#1392,.T.);
#861=EDGE_CURVE('',#1147,#1157,#1393,.T.);
#862=EDGE_CURVE('',#1172,#1173,#64,.T.);
#863=EDGE_CURVE('',#1173,#1174,#1394,.T.);
#864=EDGE_CURVE('',#1174,#1175,#65,.T.);
#865=EDGE_CURVE('',#1175,#1172,#1395,.T.);
#866=EDGE_CURVE('',#1176,#1177,#66,.T.);
#867=EDGE_CURVE('',#1177,#1178,#1396,.T.);
#868=EDGE_CURVE('',#1178,#1179,#67,.T.);
#869=EDGE_CURVE('',#1179,#1176,#1397,.T.);
#870=EDGE_CURVE('',#1180,#1181,#68,.T.);
#871=EDGE_CURVE('',#1181,#1182,#1398,.T.);
#872=EDGE_CURVE('',#1182,#1183,#69,.T.);
#873=EDGE_CURVE('',#1183,#1180,#1399,.T.);
#874=EDGE_CURVE('',#1184,#1185,#70,.T.);
#875=EDGE_CURVE('',#1185,#1186,#1400,.T.);
#876=EDGE_CURVE('',#1186,#1187,#71,.T.);
#877=EDGE_CURVE('',#1187,#1184,#1401,.T.);
#878=EDGE_CURVE('',#1188,#1189,#72,.T.);
#879=EDGE_CURVE('',#1189,#1190,#1402,.T.);
#880=EDGE_CURVE('',#1190,#1191,#73,.T.);
#881=EDGE_CURVE('',#1191,#1188,#1403,.T.);
#882=EDGE_CURVE('',#1192,#1193,#74,.T.);
#883=EDGE_CURVE('',#1193,#1194,#1404,.T.);
#884=EDGE_CURVE('',#1194,#1195,#75,.T.);
#885=EDGE_CURVE('',#1195,#1192,#1405,.T.);
#886=EDGE_CURVE('',#1196,#1197,#76,.T.);
#887=EDGE_CURVE('',#1197,#1198,#1406,.T.);
#888=EDGE_CURVE('',#1198,#1199,#77,.T.);
#889=EDGE_CURVE('',#1199,#1196,#1407,.T.);
#890=EDGE_CURVE('',#1200,#1201,#78,.T.);
#891=EDGE_CURVE('',#1201,#1202,#1408,.T.);
#892=EDGE_CURVE('',#1202,#1203,#79,.T.);
#893=EDGE_CURVE('',#1203,#1200,#1409,.T.);
#894=EDGE_CURVE('',#1204,#1205,#80,.T.);
#895=EDGE_CURVE('',#1205,#1206,#1410,.T.);
#896=EDGE_CURVE('',#1206,#1207,#81,.T.);
#897=EDGE_CURVE('',#1207,#1204,#1411,.T.);
#898=EDGE_CURVE('',#1208,#1209,#82,.T.);
#899=EDGE_CURVE('',#1209,#1210,#1412,.T.);
#900=EDGE_CURVE('',#1210,#1211,#83,.T.);
#901=EDGE_CURVE('',#1211,#1208,#1413,.T.);
#902=EDGE_CURVE('',#1212,#1213,#84,.T.);
#903=EDGE_CURVE('',#1213,#1214,#1414,.T.);
#904=EDGE_CURVE('',#1214,#1215,#85,.T.);
#905=EDGE_CURVE('',#1215,#1212,#1415,.T.);
#906=EDGE_CURVE('',#1216,#1217,#86,.T.);
#907=EDGE_CURVE('',#1217,#1218,#1416,.T.);
#908=EDGE_CURVE('',#1218,#1219,#87,.T.);
#909=EDGE_CURVE('',#1219,#1216,#1417,.T.);
#910=EDGE_CURVE('',#1220,#1221,#88,.T.);
#911=EDGE_CURVE('',#1221,#1222,#1418,.T.);
#912=EDGE_CURVE('',#1222,#1223,#89,.T.);
#913=EDGE_CURVE('',#1223,#1220,#1419,.T.);
#914=EDGE_CURVE('',#1224,#1225,#90,.T.);
#915=EDGE_CURVE('',#1225,#1226,#1420,.T.);
#916=EDGE_CURVE('',#1226,#1227,#91,.T.);
#917=EDGE_CURVE('',#1227,#1224,#1421,.T.);
#918=EDGE_CURVE('',#1228,#1229,#92,.T.);
#919=EDGE_CURVE('',#1229,#1230,#1422,.T.);
#920=EDGE_CURVE('',#1230,#1231,#93,.T.);
#921=EDGE_CURVE('',#1231,#1228,#1423,.T.);
#922=EDGE_CURVE('',#1232,#1233,#94,.T.);
#923=EDGE_CURVE('',#1233,#1234,#1424,.T.);
#924=EDGE_CURVE('',#1234,#1235,#95,.T.);
#925=EDGE_CURVE('',#1235,#1232,#1425,.T.);
#926=EDGE_CURVE('',#1236,#1237,#96,.T.);
#927=EDGE_CURVE('',#1237,#1238,#1426,.T.);
#928=EDGE_CURVE('',#1238,#1239,#97,.T.);
#929=EDGE_CURVE('',#1239,#1236,#1427,.T.);
#930=EDGE_CURVE('',#1240,#1241,#98,.T.);
#931=EDGE_CURVE('',#1241,#1242,#1428,.T.);
#932=EDGE_CURVE('',#1242,#1243,#99,.T.);
#933=EDGE_CURVE('',#1243,#1240,#1429,.T.);
#934=EDGE_CURVE('',#1244,#1245,#100,.T.);
#935=EDGE_CURVE('',#1245,#1246,#1430,.T.);
#936=EDGE_CURVE('',#1246,#1247,#101,.T.);
#937=EDGE_CURVE('',#1247,#1244,#1431,.T.);
#938=EDGE_CURVE('',#1248,#1249,#102,.T.);
#939=EDGE_CURVE('',#1249,#1250,#1432,.T.);
#940=EDGE_CURVE('',#1250,#1251,#103,.T.);
#941=EDGE_CURVE('',#1251,#1248,#1433,.T.);
#942=EDGE_CURVE('',#1146,#1158,#1434,.T.);
#943=EDGE_CURVE('',#1145,#1159,#1435,.T.);
#944=EDGE_CURVE('',#1144,#1160,#1436,.T.);
#945=EDGE_CURVE('',#1143,#1161,#1437,.T.);
#946=EDGE_CURVE('',#1142,#1162,#1438,.T.);
#947=EDGE_CURVE('',#1141,#1163,#1439,.T.);
#948=EDGE_CURVE('',#1140,#1164,#1440,.T.);
#949=EDGE_CURVE('',#1139,#1165,#1441,.T.);
#950=EDGE_CURVE('',#1138,#1166,#1442,.T.);
#951=EDGE_CURVE('',#1137,#1167,#1443,.T.);
#952=EDGE_CURVE('',#1252,#1253,#104,.T.);
#953=EDGE_CURVE('',#1254,#1252,#1444,.T.);
#954=EDGE_CURVE('',#1255,#1254,#105,.T.);
#955=EDGE_CURVE('',#1253,#1255,#1445,.T.);
#956=EDGE_CURVE('',#1256,#1257,#106,.T.);
#957=EDGE_CURVE('',#1258,#1256,#1446,.T.);
#958=EDGE_CURVE('',#1259,#1258,#107,.T.);
#959=EDGE_CURVE('',#1257,#1259,#1447,.T.);
#960=EDGE_CURVE('',#1260,#1261,#108,.T.);
#961=EDGE_CURVE('',#1262,#1260,#1448,.T.);
#962=EDGE_CURVE('',#1263,#1262,#109,.T.);
#963=EDGE_CURVE('',#1261,#1263,#1449,.T.);
#964=EDGE_CURVE('',#1264,#1265,#110,.T.);
#965=EDGE_CURVE('',#1266,#1264,#1450,.T.);
#966=EDGE_CURVE('',#1267,#1266,#111,.T.);
#967=EDGE_CURVE('',#1265,#1267,#1451,.T.);
#968=EDGE_CURVE('',#1268,#1269,#112,.T.);
#969=EDGE_CURVE('',#1270,#1268,#1452,.T.);
#970=EDGE_CURVE('',#1271,#1270,#113,.T.);
#971=EDGE_CURVE('',#1269,#1271,#1453,.T.);
#972=EDGE_CURVE('',#1272,#1273,#114,.T.);
#973=EDGE_CURVE('',#1274,#1272,#1454,.T.);
#974=EDGE_CURVE('',#1275,#1274,#115,.T.);
#975=EDGE_CURVE('',#1273,#1275,#1455,.T.);
#976=EDGE_CURVE('',#1276,#1277,#116,.T.);
#977=EDGE_CURVE('',#1278,#1276,#1456,.T.);
#978=EDGE_CURVE('',#1279,#1278,#117,.T.);
#979=EDGE_CURVE('',#1277,#1279,#1457,.T.);
#980=EDGE_CURVE('',#1280,#1281,#118,.T.);
#981=EDGE_CURVE('',#1282,#1280,#1458,.T.);
#982=EDGE_CURVE('',#1283,#1282,#119,.T.);
#983=EDGE_CURVE('',#1281,#1283,#1459,.T.);
#984=EDGE_CURVE('',#1284,#1285,#120,.T.);
#985=EDGE_CURVE('',#1286,#1284,#1460,.T.);
#986=EDGE_CURVE('',#1287,#1286,#121,.T.);
#987=EDGE_CURVE('',#1285,#1287,#1461,.T.);
#988=EDGE_CURVE('',#1288,#1289,#122,.T.);
#989=EDGE_CURVE('',#1290,#1288,#1462,.T.);
#990=EDGE_CURVE('',#1291,#1290,#123,.T.);
#991=EDGE_CURVE('',#1289,#1291,#1463,.T.);
#992=EDGE_CURVE('',#1292,#1293,#124,.T.);
#993=EDGE_CURVE('',#1294,#1292,#1464,.T.);
#994=EDGE_CURVE('',#1295,#1294,#125,.T.);
#995=EDGE_CURVE('',#1293,#1295,#1465,.T.);
#996=EDGE_CURVE('',#1296,#1297,#126,.T.);
#997=EDGE_CURVE('',#1298,#1296,#1466,.T.);
#998=EDGE_CURVE('',#1299,#1298,#127,.T.);
#999=EDGE_CURVE('',#1297,#1299,#1467,.T.);
#1000=EDGE_CURVE('',#1300,#1301,#128,.T.);
#1001=EDGE_CURVE('',#1302,#1300,#1468,.T.);
#1002=EDGE_CURVE('',#1303,#1302,#129,.T.);
#1003=EDGE_CURVE('',#1301,#1303,#1469,.T.);
#1004=EDGE_CURVE('',#1304,#1305,#130,.T.);
#1005=EDGE_CURVE('',#1306,#1304,#1470,.T.);
#1006=EDGE_CURVE('',#1307,#1306,#131,.T.);
#1007=EDGE_CURVE('',#1305,#1307,#1471,.T.);
#1008=EDGE_CURVE('',#1308,#1309,#132,.T.);
#1009=EDGE_CURVE('',#1310,#1308,#1472,.T.);
#1010=EDGE_CURVE('',#1311,#1310,#133,.T.);
#1011=EDGE_CURVE('',#1309,#1311,#1473,.T.);
#1012=EDGE_CURVE('',#1312,#1313,#134,.T.);
#1013=EDGE_CURVE('',#1314,#1312,#1474,.T.);
#1014=EDGE_CURVE('',#1315,#1314,#135,.T.);
#1015=EDGE_CURVE('',#1313,#1315,#1475,.T.);
#1016=EDGE_CURVE('',#1316,#1317,#136,.T.);
#1017=EDGE_CURVE('',#1318,#1316,#1476,.T.);
#1018=EDGE_CURVE('',#1319,#1318,#137,.T.);
#1019=EDGE_CURVE('',#1317,#1319,#1477,.T.);
#1020=EDGE_CURVE('',#1320,#1321,#138,.T.);
#1021=EDGE_CURVE('',#1322,#1320,#1478,.T.);
#1022=EDGE_CURVE('',#1323,#1322,#139,.T.);
#1023=EDGE_CURVE('',#1321,#1323,#1479,.T.);
#1024=EDGE_CURVE('',#1324,#1325,#140,.T.);
#1025=EDGE_CURVE('',#1326,#1324,#1480,.T.);
#1026=EDGE_CURVE('',#1327,#1326,#141,.T.);
#1027=EDGE_CURVE('',#1325,#1327,#1481,.T.);
#1028=EDGE_CURVE('',#1328,#1329,#142,.T.);
#1029=EDGE_CURVE('',#1330,#1328,#1482,.T.);
#1030=EDGE_CURVE('',#1331,#1330,#143,.T.);
#1031=EDGE_CURVE('',#1329,#1331,#1483,.T.);
#1032=EDGE_CURVE('',#1136,#1168,#1484,.T.);
#1033=EDGE_CURVE('',#1135,#1169,#1485,.T.);
#1034=EDGE_CURVE('',#1134,#1170,#1486,.T.);
#1035=EDGE_CURVE('',#1133,#1171,#1487,.T.);
#1036=EDGE_CURVE('',#1249,#1329,#1488,.T.);
#1037=EDGE_CURVE('',#1248,#1328,#1489,.T.);
#1038=EDGE_CURVE('',#1250,#1331,#1490,.T.);
#1039=EDGE_CURVE('',#1251,#1330,#1491,.T.);
#1040=EDGE_CURVE('',#1245,#1325,#1492,.T.);
#1041=EDGE_CURVE('',#1244,#1324,#1493,.T.);
#1042=EDGE_CURVE('',#1246,#1327,#1494,.T.);
#1043=EDGE_CURVE('',#1247,#1326,#1495,.T.);
#1044=EDGE_CURVE('',#1241,#1321,#1496,.T.);
#1045=EDGE_CURVE('',#1240,#1320,#1497,.T.);
#1046=EDGE_CURVE('',#1242,#1323,#1498,.T.);
#1047=EDGE_CURVE('',#1243,#1322,#1499,.T.);
#1048=EDGE_CURVE('',#1237,#1317,#1500,.T.);
#1049=EDGE_CURVE('',#1236,#1316,#1501,.T.);
#1050=EDGE_CURVE('',#1238,#1319,#1502,.T.);
#1051=EDGE_CURVE('',#1239,#1318,#1503,.T.);
#1052=EDGE_CURVE('',#1233,#1313,#1504,.T.);
#1053=EDGE_CURVE('',#1232,#1312,#1505,.T.);
#1054=EDGE_CURVE('',#1234,#1315,#1506,.T.);
#1055=EDGE_CURVE('',#1235,#1314,#1507,.T.);
#1056=EDGE_CURVE('',#1229,#1309,#1508,.T.);
#1057=EDGE_CURVE('',#1228,#1308,#1509,.T.);
#1058=EDGE_CURVE('',#1230,#1311,#1510,.T.);
#1059=EDGE_CURVE('',#1231,#1310,#1511,.T.);
#1060=EDGE_CURVE('',#1225,#1305,#1512,.T.);
#1061=EDGE_CURVE('',#1224,#1304,#1513,.T.);
#1062=EDGE_CURVE('',#1226,#1307,#1514,.T.);
#1063=EDGE_CURVE('',#1227,#1306,#1515,.T.);
#1064=EDGE_CURVE('',#1221,#1301,#1516,.T.);
#1065=EDGE_CURVE('',#1220,#1300,#1517,.T.);
#1066=EDGE_CURVE('',#1222,#1303,#1518,.T.);
#1067=EDGE_CURVE('',#1223,#1302,#1519,.T.);
#1068=EDGE_CURVE('',#1217,#1297,#1520,.T.);
#1069=EDGE_CURVE('',#1216,#1296,#1521,.T.);
#1070=EDGE_CURVE('',#1218,#1299,#1522,.T.);
#1071=EDGE_CURVE('',#1219,#1298,#1523,.T.);
#1072=EDGE_CURVE('',#1213,#1293,#1524,.T.);
#1073=EDGE_CURVE('',#1212,#1292,#1525,.T.);
#1074=EDGE_CURVE('',#1214,#1295,#1526,.T.);
#1075=EDGE_CURVE('',#1215,#1294,#1527,.T.);
#1076=EDGE_CURVE('',#1209,#1289,#1528,.T.);
#1077=EDGE_CURVE('',#1208,#1288,#1529,.T.);
#1078=EDGE_CURVE('',#1210,#1291,#1530,.T.);
#1079=EDGE_CURVE('',#1211,#1290,#1531,.T.);
#1080=EDGE_CURVE('',#1205,#1285,#1532,.T.);
#1081=EDGE_CURVE('',#1204,#1284,#1533,.T.);
#1082=EDGE_CURVE('',#1206,#1287,#1534,.T.);
#1083=EDGE_CURVE('',#1207,#1286,#1535,.T.);
#1084=EDGE_CURVE('',#1201,#1281,#1536,.T.);
#1085=EDGE_CURVE('',#1200,#1280,#1537,.T.);
#1086=EDGE_CURVE('',#1202,#1283,#1538,.T.);
#1087=EDGE_CURVE('',#1203,#1282,#1539,.T.);
#1088=EDGE_CURVE('',#1197,#1277,#1540,.T.);
#1089=EDGE_CURVE('',#1196,#1276,#1541,.T.);
#1090=EDGE_CURVE('',#1198,#1279,#1542,.T.);
#1091=EDGE_CURVE('',#1199,#1278,#1543,.T.);
#1092=EDGE_CURVE('',#1193,#1273,#1544,.T.);
#1093=EDGE_CURVE('',#1192,#1272,#1545,.T.);
#1094=EDGE_CURVE('',#1194,#1275,#1546,.T.);
#1095=EDGE_CURVE('',#1195,#1274,#1547,.T.);
#1096=EDGE_CURVE('',#1189,#1269,#1548,.T.);
#1097=EDGE_CURVE('',#1188,#1268,#1549,.T.);
#1098=EDGE_CURVE('',#1190,#1271,#1550,.T.);
#1099=EDGE_CURVE('',#1191,#1270,#1551,.T.);
#1100=EDGE_CURVE('',#1185,#1265,#1552,.T.);
#1101=EDGE_CURVE('',#1184,#1264,#1553,.T.);
#1102=EDGE_CURVE('',#1186,#1267,#1554,.T.);
#1103=EDGE_CURVE('',#1187,#1266,#1555,.T.);
#1104=EDGE_CURVE('',#1181,#1261,#1556,.T.);
#1105=EDGE_CURVE('',#1180,#1260,#1557,.T.);
#1106=EDGE_CURVE('',#1182,#1263,#1558,.T.);
#1107=EDGE_CURVE('',#1183,#1262,#1559,.T.);
#1108=EDGE_CURVE('',#1177,#1257,#1560,.T.);
#1109=EDGE_CURVE('',#1176,#1256,#1561,.T.);
#1110=EDGE_CURVE('',#1178,#1259,#1562,.T.);
#1111=EDGE_CURVE('',#1179,#1258,#1563,.T.);
#1112=EDGE_CURVE('',#1173,#1253,#1564,.T.);
#1113=EDGE_CURVE('',#1172,#1252,#1565,.T.);
#1114=EDGE_CURVE('',#1174,#1255,#1566,.T.);
#1115=EDGE_CURVE('',#1175,#1254,#1567,.T.);
#1116=VERTEX_POINT('',#3128);
#1117=VERTEX_POINT('',#3129);
#1118=VERTEX_POINT('',#3131);
#1119=VERTEX_POINT('',#3133);
#1120=VERTEX_POINT('',#3137);
#1121=VERTEX_POINT('',#3138);
#1122=VERTEX_POINT('',#3140);
#1123=VERTEX_POINT('',#3142);
#1124=VERTEX_POINT('',#3146);
#1125=VERTEX_POINT('',#3147);
#1126=VERTEX_POINT('',#3149);
#1127=VERTEX_POINT('',#3151);
#1128=VERTEX_POINT('',#3155);
#1129=VERTEX_POINT('',#3156);
#1130=VERTEX_POINT('',#3158);
#1131=VERTEX_POINT('',#3160);
#1132=VERTEX_POINT('',#3164);
#1133=VERTEX_POINT('',#3167);
#1134=VERTEX_POINT('',#3169);
#1135=VERTEX_POINT('',#3171);
#1136=VERTEX_POINT('',#3173);
#1137=VERTEX_POINT('',#3175);
#1138=VERTEX_POINT('',#3177);
#1139=VERTEX_POINT('',#3179);
#1140=VERTEX_POINT('',#3181);
#1141=VERTEX_POINT('',#3183);
#1142=VERTEX_POINT('',#3185);
#1143=VERTEX_POINT('',#3189);
#1144=VERTEX_POINT('',#3191);
#1145=VERTEX_POINT('',#3193);
#1146=VERTEX_POINT('',#3195);
#1147=VERTEX_POINT('',#3197);
#1148=VERTEX_POINT('',#3199);
#1149=VERTEX_POINT('',#3201);
#1150=VERTEX_POINT('',#3203);
#1151=VERTEX_POINT('',#3205);
#1152=VERTEX_POINT('',#3209);
#1153=VERTEX_POINT('',#3211);
#1154=VERTEX_POINT('',#3213);
#1155=VERTEX_POINT('',#3215);
#1156=VERTEX_POINT('',#3217);
#1157=VERTEX_POINT('',#3219);
#1158=VERTEX_POINT('',#3221);
#1159=VERTEX_POINT('',#3223);
#1160=VERTEX_POINT('',#3225);
#1161=VERTEX_POINT('',#3227);
#1162=VERTEX_POINT('',#3231);
#1163=VERTEX_POINT('',#3233);
#1164=VERTEX_POINT('',#3235);
#1165=VERTEX_POINT('',#3237);
#1166=VERTEX_POINT('',#3239);
#1167=VERTEX_POINT('',#3241);
#1168=VERTEX_POINT('',#3243);
#1169=VERTEX_POINT('',#3245);
#1170=VERTEX_POINT('',#3247);
#1171=VERTEX_POINT('',#3249);
#1172=VERTEX_POINT('',#3265);
#1173=VERTEX_POINT('',#3266);
#1174=VERTEX_POINT('',#3268);
#1175=VERTEX_POINT('',#3270);
#1176=VERTEX_POINT('',#3273);
#1177=VERTEX_POINT('',#3274);
#1178=VERTEX_POINT('',#3276);
#1179=VERTEX_POINT('',#3278);
#1180=VERTEX_POINT('',#3281);
#1181=VERTEX_POINT('',#3282);
#1182=VERTEX_POINT('',#3284);
#1183=VERTEX_POINT('',#3286);
#1184=VERTEX_POINT('',#3289);
#1185=VERTEX_POINT('',#3290);
#1186=VERTEX_POINT('',#3292);
#1187=VERTEX_POINT('',#3294);
#1188=VERTEX_POINT('',#3297);
#1189=VERTEX_POINT('',#3298);
#1190=VERTEX_POINT('',#3300);
#1191=VERTEX_POINT('',#3302);
#1192=VERTEX_POINT('',#3305);
#1193=VERTEX_POINT('',#3306);
#1194=VERTEX_POINT('',#3308);
#1195=VERTEX_POINT('',#3310);
#1196=VERTEX_POINT('',#3313);
#1197=VERTEX_POINT('',#3314);
#1198=VERTEX_POINT('',#3316);
#1199=VERTEX_POINT('',#3318);
#1200=VERTEX_POINT('',#3321);
#1201=VERTEX_POINT('',#3322);
#1202=VERTEX_POINT('',#3324);
#1203=VERTEX_POINT('',#3326);
#1204=VERTEX_POINT('',#3329);
#1205=VERTEX_POINT('',#3330);
#1206=VERTEX_POINT('',#3332);
#1207=VERTEX_POINT('',#3334);
#1208=VERTEX_POINT('',#3337);
#1209=VERTEX_POINT('',#3338);
#1210=VERTEX_POINT('',#3340);
#1211=VERTEX_POINT('',#3342);
#1212=VERTEX_POINT('',#3345);
#1213=VERTEX_POINT('',#3346);
#1214=VERTEX_POINT('',#3348);
#1215=VERTEX_POINT('',#3350);
#1216=VERTEX_POINT('',#3353);
#1217=VERTEX_POINT('',#3354);
#1218=VERTEX_POINT('',#3356);
#1219=VERTEX_POINT('',#3358);
#1220=VERTEX_POINT('',#3361);
#1221=VERTEX_POINT('',#3362);
#1222=VERTEX_POINT('',#3364);
#1223=VERTEX_POINT('',#3366);
#1224=VERTEX_POINT('',#3369);
#1225=VERTEX_POINT('',#3370);
#1226=VERTEX_POINT('',#3372);
#1227=VERTEX_POINT('',#3374);
#1228=VERTEX_POINT('',#3377);
#1229=VERTEX_POINT('',#3378);
#1230=VERTEX_POINT('',#3380);
#1231=VERTEX_POINT('',#3382);
#1232=VERTEX_POINT('',#3385);
#1233=VERTEX_POINT('',#3386);
#1234=VERTEX_POINT('',#3388);
#1235=VERTEX_POINT('',#3390);
#1236=VERTEX_POINT('',#3393);
#1237=VERTEX_POINT('',#3394);
#1238=VERTEX_POINT('',#3396);
#1239=VERTEX_POINT('',#3398);
#1240=VERTEX_POINT('',#3401);
#1241=VERTEX_POINT('',#3402);
#1242=VERTEX_POINT('',#3404);
#1243=VERTEX_POINT('',#3406);
#1244=VERTEX_POINT('',#3409);
#1245=VERTEX_POINT('',#3410);
#1246=VERTEX_POINT('',#3412);
#1247=VERTEX_POINT('',#3414);
#1248=VERTEX_POINT('',#3417);
#1249=VERTEX_POINT('',#3418);
#1250=VERTEX_POINT('',#3420);
#1251=VERTEX_POINT('',#3422);
#1252=VERTEX_POINT('',#3445);
#1253=VERTEX_POINT('',#3446);
#1254=VERTEX_POINT('',#3448);
#1255=VERTEX_POINT('',#3450);
#1256=VERTEX_POINT('',#3453);
#1257=VERTEX_POINT('',#3454);
#1258=VERTEX_POINT('',#3456);
#1259=VERTEX_POINT('',#3458);
#1260=VERTEX_POINT('',#3461);
#1261=VERTEX_POINT('',#3462);
#1262=VERTEX_POINT('',#3464);
#1263=VERTEX_POINT('',#3466);
#1264=VERTEX_POINT('',#3469);
#1265=VERTEX_POINT('',#3470);
#1266=VERTEX_POINT('',#3472);
#1267=VERTEX_POINT('',#3474);
#1268=VERTEX_POINT('',#3477);
#1269=VERTEX_POINT('',#3478);
#1270=VERTEX_POINT('',#3480);
#1271=VERTEX_POINT('',#3482);
#1272=VERTEX_POINT('',#3485);
#1273=VERTEX_POINT('',#3486);
#1274=VERTEX_POINT('',#3488);
#1275=VERTEX_POINT('',#3490);
#1276=VERTEX_POINT('',#3493);
#1277=VERTEX_POINT('',#3494);
#1278=VERTEX_POINT('',#3496);
#1279=VERTEX_POINT('',#3498);
#1280=VERTEX_POINT('',#3501);
#1281=VERTEX_POINT('',#3502);
#1282=VERTEX_POINT('',#3504);
#1283=VERTEX_POINT('',#3506);
#1284=VERTEX_POINT('',#3509);
#1285=VERTEX_POINT('',#3510);
#1286=VERTEX_POINT('',#3512);
#1287=VERTEX_POINT('',#3514);
#1288=VERTEX_POINT('',#3517);
#1289=VERTEX_POINT('',#3518);
#1290=VERTEX_POINT('',#3520);
#1291=VERTEX_POINT('',#3522);
#1292=VERTEX_POINT('',#3525);
#1293=VERTEX_POINT('',#3526);
#1294=VERTEX_POINT('',#3528);
#1295=VERTEX_POINT('',#3530);
#1296=VERTEX_POINT('',#3533);
#1297=VERTEX_POINT('',#3534);
#1298=VERTEX_POINT('',#3536);
#1299=VERTEX_POINT('',#3538);
#1300=VERTEX_POINT('',#3541);
#1301=VERTEX_POINT('',#3542);
#1302=VERTEX_POINT('',#3544);
#1303=VERTEX_POINT('',#3546);
#1304=VERTEX_POINT('',#3549);
#1305=VERTEX_POINT('',#3550);
#1306=VERTEX_POINT('',#3552);
#1307=VERTEX_POINT('',#3554);
#1308=VERTEX_POINT('',#3557);
#1309=VERTEX_POINT('',#3558);
#1310=VERTEX_POINT('',#3560);
#1311=VERTEX_POINT('',#3562);
#1312=VERTEX_POINT('',#3565);
#1313=VERTEX_POINT('',#3566);
#1314=VERTEX_POINT('',#3568);
#1315=VERTEX_POINT('',#3570);
#1316=VERTEX_POINT('',#3573);
#1317=VERTEX_POINT('',#3574);
#1318=VERTEX_POINT('',#3576);
#1319=VERTEX_POINT('',#3578);
#1320=VERTEX_POINT('',#3581);
#1321=VERTEX_POINT('',#3582);
#1322=VERTEX_POINT('',#3584);
#1323=VERTEX_POINT('',#3586);
#1324=VERTEX_POINT('',#3589);
#1325=VERTEX_POINT('',#3590);
#1326=VERTEX_POINT('',#3592);
#1327=VERTEX_POINT('',#3594);
#1328=VERTEX_POINT('',#3597);
#1329=VERTEX_POINT('',#3598);
#1330=VERTEX_POINT('',#3600);
#1331=VERTEX_POINT('',#3602);
#1332=LINE('',#3127,#1568);
#1333=LINE('',#3130,#1569);
#1334=LINE('',#3132,#1570);
#1335=LINE('',#3134,#1571);
#1336=LINE('',#3136,#1572);
#1337=LINE('',#3139,#1573);
#1338=LINE('',#3141,#1574);
#1339=LINE('',#3143,#1575);
#1340=LINE('',#3145,#1576);
#1341=LINE('',#3148,#1577);
#1342=LINE('',#3150,#1578);
#1343=LINE('',#3152,#1579);
#1344=LINE('',#3154,#1580);
#1345=LINE('',#3157,#1581);
#1346=LINE('',#3159,#1582);
#1347=LINE('',#3161,#1583);
#1348=LINE('',#3166,#1584);
#1349=LINE('',#3168,#1585);
#1350=LINE('',#3170,#1586);
#1351=LINE('',#3172,#1587);
#1352=LINE('',#3174,#1588);
#1353=LINE('',#3176,#1589);
#1354=LINE('',#3178,#1590);
#1355=LINE('',#3180,#1591);
#1356=LINE('',#3182,#1592);
#1357=LINE('',#3184,#1593);
#1358=LINE('',#3188,#1594);
#1359=LINE('',#3190,#1595);
#1360=LINE('',#3192,#1596);
#1361=LINE('',#3194,#1597);
#1362=LINE('',#3196,#1598);
#1363=LINE('',#3198,#1599);
#1364=LINE('',#3200,#1600);
#1365=LINE('',#3202,#1601);
#1366=LINE('',#3204,#1602);
#1367=LINE('',#3206,#1603);
#1368=LINE('',#3210,#1604);
#1369=LINE('',#3212,#1605);
#1370=LINE('',#3214,#1606);
#1371=LINE('',#3216,#1607);
#1372=LINE('',#3218,#1608);
#1373=LINE('',#3220,#1609);
#1374=LINE('',#3222,#1610);
#1375=LINE('',#3224,#1611);
#1376=LINE('',#3226,#1612);
#1377=LINE('',#3228,#1613);
#1378=LINE('',#3232,#1614);
#1379=LINE('',#3234,#1615);
#1380=LINE('',#3236,#1616);
#1381=LINE('',#3238,#1617);
#1382=LINE('',#3240,#1618);
#1383=LINE('',#3242,#1619);
#1384=LINE('',#3244,#1620);
#1385=LINE('',#3246,#1621);
#1386=LINE('',#3248,#1622);
#1387=LINE('',#3250,#1623);
#1388=LINE('',#3253,#1624);
#1389=LINE('',#3254,#1625);
#1390=LINE('',#3256,#1626);
#1391=LINE('',#3258,#1627);
#1392=LINE('',#3260,#1628);
#1393=LINE('',#3262,#1629);
#1394=LINE('',#3267,#1630);
#1395=LINE('',#3271,#1631);
#1396=LINE('',#3275,#1632);
#1397=LINE('',#3279,#1633);
#1398=LINE('',#3283,#1634);
#1399=LINE('',#3287,#1635);
#1400=LINE('',#3291,#1636);
#1401=LINE('',#3295,#1637);
#1402=LINE('',#3299,#1638);
#1403=LINE('',#3303,#1639);
#1404=LINE('',#3307,#1640);
#1405=LINE('',#3311,#1641);
#1406=LINE('',#3315,#1642);
#1407=LINE('',#3319,#1643);
#1408=LINE('',#3323,#1644);
#1409=LINE('',#3327,#1645);
#1410=LINE('',#3331,#1646);
#1411=LINE('',#3335,#1647);
#1412=LINE('',#3339,#1648);
#1413=LINE('',#3343,#1649);
#1414=LINE('',#3347,#1650);
#1415=LINE('',#3351,#1651);
#1416=LINE('',#3355,#1652);
#1417=LINE('',#3359,#1653);
#1418=LINE('',#3363,#1654);
#1419=LINE('',#3367,#1655);
#1420=LINE('',#3371,#1656);
#1421=LINE('',#3375,#1657);
#1422=LINE('',#3379,#1658);
#1423=LINE('',#3383,#1659);
#1424=LINE('',#3387,#1660);
#1425=LINE('',#3391,#1661);
#1426=LINE('',#3395,#1662);
#1427=LINE('',#3399,#1663);
#1428=LINE('',#3403,#1664);
#1429=LINE('',#3407,#1665);
#1430=LINE('',#3411,#1666);
#1431=LINE('',#3415,#1667);
#1432=LINE('',#3419,#1668);
#1433=LINE('',#3423,#1669);
#1434=LINE('',#3424,#1670);
#1435=LINE('',#3426,#1671);
#1436=LINE('',#3428,#1672);
#1437=LINE('',#3430,#1673);
#1438=LINE('',#3433,#1674);
#1439=LINE('',#3434,#1675);
#1440=LINE('',#3436,#1676);
#1441=LINE('',#3438,#1677);
#1442=LINE('',#3440,#1678);
#1443=LINE('',#3442,#1679);
#1444=LINE('',#3447,#1680);
#1445=LINE('',#3451,#1681);
#1446=LINE('',#3455,#1682);
#1447=LINE('',#3459,#1683);
#1448=LINE('',#3463,#1684);
#1449=LINE('',#3467,#1685);
#1450=LINE('',#3471,#1686);
#1451=LINE('',#3475,#1687);
#1452=LINE('',#3479,#1688);
#1453=LINE('',#3483,#1689);
#1454=LINE('',#3487,#1690);
#1455=LINE('',#3491,#1691);
#1456=LINE('',#3495,#1692);
#1457=LINE('',#3499,#1693);
#1458=LINE('',#3503,#1694);
#1459=LINE('',#3507,#1695);
#1460=LINE('',#3511,#1696);
#1461=LINE('',#3515,#1697);
#1462=LINE('',#3519,#1698);
#1463=LINE('',#3523,#1699);
#1464=LINE('',#3527,#1700);
#1465=LINE('',#3531,#1701);
#1466=LINE('',#3535,#1702);
#1467=LINE('',#3539,#1703);
#1468=LINE('',#3543,#1704);
#1469=LINE('',#3547,#1705);
#1470=LINE('',#3551,#1706);
#1471=LINE('',#3555,#1707);
#1472=LINE('',#3559,#1708);
#1473=LINE('',#3563,#1709);
#1474=LINE('',#3567,#1710);
#1475=LINE('',#3571,#1711);
#1476=LINE('',#3575,#1712);
#1477=LINE('',#3579,#1713);
#1478=LINE('',#3583,#1714);
#1479=LINE('',#3587,#1715);
#1480=LINE('',#3591,#1716);
#1481=LINE('',#3595,#1717);
#1482=LINE('',#3599,#1718);
#1483=LINE('',#3603,#1719);
#1484=LINE('',#3604,#1720);
#1485=LINE('',#3606,#1721);
#1486=LINE('',#3608,#1722);
#1487=LINE('',#3610,#1723);
#1488=LINE('',#3617,#1724);
#1489=LINE('',#3618,#1725);
#1490=LINE('',#3620,#1726);
#1491=LINE('',#3622,#1727);
#1492=LINE('',#3625,#1728);
#1493=LINE('',#3626,#1729);
#1494=LINE('',#3628,#1730);
#1495=LINE('',#3630,#1731);
#1496=LINE('',#3633,#1732);
#1497=LINE('',#3634,#1733);
#1498=LINE('',#3636,#1734);
#1499=LINE('',#3638,#1735);
#1500=LINE('',#3641,#1736);
#1501=LINE('',#3642,#1737);
#1502=LINE('',#3644,#1738);
#1503=LINE('',#3646,#1739);
#1504=LINE('',#3649,#1740);
#1505=LINE('',#3650,#1741);
#1506=LINE('',#3652,#1742);
#1507=LINE('',#3654,#1743);
#1508=LINE('',#3657,#1744);
#1509=LINE('',#3658,#1745);
#1510=LINE('',#3660,#1746);
#1511=LINE('',#3662,#1747);
#1512=LINE('',#3665,#1748);
#1513=LINE('',#3666,#1749);
#1514=LINE('',#3668,#1750);
#1515=LINE('',#3670,#1751);
#1516=LINE('',#3673,#1752);
#1517=LINE('',#3674,#1753);
#1518=LINE('',#3676,#1754);
#1519=LINE('',#3678,#1755);
#1520=LINE('',#3681,#1756);
#1521=LINE('',#3682,#1757);
#1522=LINE('',#3684,#1758);
#1523=LINE('',#3686,#1759);
#1524=LINE('',#3689,#1760);
#1525=LINE('',#3690,#1761);
#1526=LINE('',#3692,#1762);
#1527=LINE('',#3694,#1763);
#1528=LINE('',#3697,#1764);
#1529=LINE('',#3698,#1765);
#1530=LINE('',#3700,#1766);
#1531=LINE('',#3702,#1767);
#1532=LINE('',#3705,#1768);
#1533=LINE('',#3706,#1769);
#1534=LINE('',#3708,#1770);
#1535=LINE('',#3710,#1771);
#1536=LINE('',#3713,#1772);
#1537=LINE('',#3714,#1773);
#1538=LINE('',#3716,#1774);
#1539=LINE('',#3718,#1775);
#1540=LINE('',#3721,#1776);
#1541=LINE('',#3722,#1777);
#1542=LINE('',#3724,#1778);
#1543=LINE('',#3726,#1779);
#1544=LINE('',#3729,#1780);
#1545=LINE('',#3730,#1781);
#1546=LINE('',#3732,#1782);
#1547=LINE('',#3734,#1783);
#1548=LINE('',#3737,#1784);
#1549=LINE('',#3738,#1785);
#1550=LINE('',#3740,#1786);
#1551=LINE('',#3742,#1787);
#1552=LINE('',#3745,#1788);
#1553=LINE('',#3746,#1789);
#1554=LINE('',#3748,#1790);
#1555=LINE('',#3750,#1791);
#1556=LINE('',#3753,#1792);
#1557=LINE('',#3754,#1793);
#1558=LINE('',#3756,#1794);
#1559=LINE('',#3758,#1795);
#1560=LINE('',#3761,#1796);
#1561=LINE('',#3762,#1797);
#1562=LINE('',#3764,#1798);
#1563=LINE('',#3766,#1799);
#1564=LINE('',#3769,#1800);
#1565=LINE('',#3770,#1801);
#1566=LINE('',#3772,#1802);
#1567=LINE('',#3774,#1803);
#1568=VECTOR('',#2495,1000.);
#1569=VECTOR('',#2496,1000.);
#1570=VECTOR('',#2497,1000.);
#1571=VECTOR('',#2498,1000.);
#1572=VECTOR('',#2501,1000.);
#1573=VECTOR('',#2502,1000.);
#1574=VECTOR('',#2503,1000.);
#1575=VECTOR('',#2504,1000.);
#1576=VECTOR('',#2507,1000.);
#1577=VECTOR('',#2508,1000.);
#1578=VECTOR('',#2509,1000.);
#1579=VECTOR('',#2510,1000.);
#1580=VECTOR('',#2513,1000.);
#1581=VECTOR('',#2514,1000.);
#1582=VECTOR('',#2515,1000.);
#1583=VECTOR('',#2516,1000.);
#1584=VECTOR('',#2523,1000.);
#1585=VECTOR('',#2524,1000.);
#1586=VECTOR('',#2525,1000.);
#1587=VECTOR('',#2526,1000.);
#1588=VECTOR('',#2527,1000.);
#1589=VECTOR('',#2528,1000.);
#1590=VECTOR('',#2529,1000.);
#1591=VECTOR('',#2530,1000.);
#1592=VECTOR('',#2531,1000.);
#1593=VECTOR('',#2532,1000.);
#1594=VECTOR('',#2537,1000.);
#1595=VECTOR('',#2538,1000.);
#1596=VECTOR('',#2539,1000.);
#1597=VECTOR('',#2540,1000.);
#1598=VECTOR('',#2541,1000.);
#1599=VECTOR('',#2542,1000.);
#1600=VECTOR('',#2543,1000.);
#1601=VECTOR('',#2544,1000.);
#1602=VECTOR('',#2545,1000.);
#1603=VECTOR('',#2546,1000.);
#1604=VECTOR('',#2551,1000.);
#1605=VECTOR('',#2552,1000.);
#1606=VECTOR('',#2553,1000.);
#1607=VECTOR('',#2554,1000.);
#1608=VECTOR('',#2555,1000.);
#1609=VECTOR('',#2556,1000.);
#1610=VECTOR('',#2557,1000.);
#1611=VECTOR('',#2558,1000.);
#1612=VECTOR('',#2559,1000.);
#1613=VECTOR('',#2560,1000.);
#1614=VECTOR('',#2565,1000.);
#1615=VECTOR('',#2566,1000.);
#1616=VECTOR('',#2567,1000.);
#1617=VECTOR('',#2568,1000.);
#1618=VECTOR('',#2569,1000.);
#1619=VECTOR('',#2570,1000.);
#1620=VECTOR('',#2571,1000.);
#1621=VECTOR('',#2572,1000.);
#1622=VECTOR('',#2573,1000.);
#1623=VECTOR('',#2574,1000.);
#1624=VECTOR('',#2579,1000.);
#1625=VECTOR('',#2580,1000.);
#1626=VECTOR('',#2583,1000.);
#1627=VECTOR('',#2586,1000.);
#1628=VECTOR('',#2589,1000.);
#1629=VECTOR('',#2592,1000.);
#1630=VECTOR('',#2597,1000.);
#1631=VECTOR('',#2600,1000.);
#1632=VECTOR('',#2603,1000.);
#1633=VECTOR('',#2606,1000.);
#1634=VECTOR('',#2609,1000.);
#1635=VECTOR('',#2612,1000.);
#1636=VECTOR('',#2615,1000.);
#1637=VECTOR('',#2618,1000.);
#1638=VECTOR('',#2621,1000.);
#1639=VECTOR('',#2624,1000.);
#1640=VECTOR('',#2627,1000.);
#1641=VECTOR('',#2630,1000.);
#1642=VECTOR('',#2633,1000.);
#1643=VECTOR('',#2636,1000.);
#1644=VECTOR('',#2639,1000.);
#1645=VECTOR('',#2642,1000.);
#1646=VECTOR('',#2645,1000.);
#1647=VECTOR('',#2648,1000.);
#1648=VECTOR('',#2651,1000.);
#1649=VECTOR('',#2654,1000.);
#1650=VECTOR('',#2657,1000.);
#1651=VECTOR('',#2660,1000.);
#1652=VECTOR('',#2663,1000.);
#1653=VECTOR('',#2666,1000.);
#1654=VECTOR('',#2669,1000.);
#1655=VECTOR('',#2672,1000.);
#1656=VECTOR('',#2675,1000.);
#1657=VECTOR('',#2678,1000.);
#1658=VECTOR('',#2681,1000.);
#1659=VECTOR('',#2684,1000.);
#1660=VECTOR('',#2687,1000.);
#1661=VECTOR('',#2690,1000.);
#1662=VECTOR('',#2693,1000.);
#1663=VECTOR('',#2696,1000.);
#1664=VECTOR('',#2699,1000.);
#1665=VECTOR('',#2702,1000.);
#1666=VECTOR('',#2705,1000.);
#1667=VECTOR('',#2708,1000.);
#1668=VECTOR('',#2711,1000.);
#1669=VECTOR('',#2714,1000.);
#1670=VECTOR('',#2715,1000.);
#1671=VECTOR('',#2718,1000.);
#1672=VECTOR('',#2721,1000.);
#1673=VECTOR('',#2724,1000.);
#1674=VECTOR('',#2729,1000.);
#1675=VECTOR('',#2730,1000.);
#1676=VECTOR('',#2733,1000.);
#1677=VECTOR('',#2736,1000.);
#1678=VECTOR('',#2739,1000.);
#1679=VECTOR('',#2742,1000.);
#1680=VECTOR('',#2747,1000.);
#1681=VECTOR('',#2750,1000.);
#1682=VECTOR('',#2753,1000.);
#1683=VECTOR('',#2756,1000.);
#1684=VECTOR('',#2759,1000.);
#1685=VECTOR('',#2762,1000.);
#1686=VECTOR('',#2765,1000.);
#1687=VECTOR('',#2768,1000.);
#1688=VECTOR('',#2771,1000.);
#1689=VECTOR('',#2774,1000.);
#1690=VECTOR('',#2777,1000.);
#1691=VECTOR('',#2780,1000.);
#1692=VECTOR('',#2783,1000.);
#1693=VECTOR('',#2786,1000.);
#1694=VECTOR('',#2789,1000.);
#1695=VECTOR('',#2792,1000.);
#1696=VECTOR('',#2795,1000.);
#1697=VECTOR('',#2798,1000.);
#1698=VECTOR('',#2801,1000.);
#1699=VECTOR('',#2804,1000.);
#1700=VECTOR('',#2807,1000.);
#1701=VECTOR('',#2810,1000.);
#1702=VECTOR('',#2813,1000.);
#1703=VECTOR('',#2816,1000.);
#1704=VECTOR('',#2819,1000.);
#1705=VECTOR('',#2822,1000.);
#1706=VECTOR('',#2825,1000.);
#1707=VECTOR('',#2828,1000.);
#1708=VECTOR('',#2831,1000.);
#1709=VECTOR('',#2834,1000.);
#1710=VECTOR('',#2837,1000.);
#1711=VECTOR('',#2840,1000.);
#1712=VECTOR('',#2843,1000.);
#1713=VECTOR('',#2846,1000.);
#1714=VECTOR('',#2849,1000.);
#1715=VECTOR('',#2852,1000.);
#1716=VECTOR('',#2855,1000.);
#1717=VECTOR('',#2858,1000.);
#1718=VECTOR('',#2861,1000.);
#1719=VECTOR('',#2864,1000.);
#1720=VECTOR('',#2865,1000.);
#1721=VECTOR('',#2868,1000.);
#1722=VECTOR('',#2871,1000.);
#1723=VECTOR('',#2874,1000.);
#1724=VECTOR('',#2887,1000.);
#1725=VECTOR('',#2888,1000.);
#1726=VECTOR('',#2891,1000.);
#1727=VECTOR('',#2894,1000.);
#1728=VECTOR('',#2899,1000.);
#1729=VECTOR('',#2900,1000.);
#1730=VECTOR('',#2903,1000.);
#1731=VECTOR('',#2906,1000.);
#1732=VECTOR('',#2911,1000.);
#1733=VECTOR('',#2912,1000.);
#1734=VECTOR('',#2915,1000.);
#1735=VECTOR('',#2918,1000.);
#1736=VECTOR('',#2923,1000.);
#1737=VECTOR('',#2924,1000.);
#1738=VECTOR('',#2927,1000.);
#1739=VECTOR('',#2930,1000.);
#1740=VECTOR('',#2935,1000.);
#1741=VECTOR('',#2936,1000.);
#1742=VECTOR('',#2939,1000.);
#1743=VECTOR('',#2942,1000.);
#1744=VECTOR('',#2947,1000.);
#1745=VECTOR('',#2948,1000.);
#1746=VECTOR('',#2951,1000.);
#1747=VECTOR('',#2954,1000.);
#1748=VECTOR('',#2959,1000.);
#1749=VECTOR('',#2960,1000.);
#1750=VECTOR('',#2963,1000.);
#1751=VECTOR('',#2966,1000.);
#1752=VECTOR('',#2971,1000.);
#1753=VECTOR('',#2972,1000.);
#1754=VECTOR('',#2975,1000.);
#1755=VECTOR('',#2978,1000.);
#1756=VECTOR('',#2983,1000.);
#1757=VECTOR('',#2984,1000.);
#1758=VECTOR('',#2987,1000.);
#1759=VECTOR('',#2990,1000.);
#1760=VECTOR('',#2995,1000.);
#1761=VECTOR('',#2996,1000.);
#1762=VECTOR('',#2999,1000.);
#1763=VECTOR('',#3002,1000.);
#1764=VECTOR('',#3007,1000.);
#1765=VECTOR('',#3008,1000.);
#1766=VECTOR('',#3011,1000.);
#1767=VECTOR('',#3014,1000.);
#1768=VECTOR('',#3019,1000.);
#1769=VECTOR('',#3020,1000.);
#1770=VECTOR('',#3023,1000.);
#1771=VECTOR('',#3026,1000.);
#1772=VECTOR('',#3031,1000.);
#1773=VECTOR('',#3032,1000.);
#1774=VECTOR('',#3035,1000.);
#1775=VECTOR('',#3038,1000.);
#1776=VECTOR('',#3043,1000.);
#1777=VECTOR('',#3044,1000.);
#1778=VECTOR('',#3047,1000.);
#1779=VECTOR('',#3050,1000.);
#1780=VECTOR('',#3055,1000.);
#1781=VECTOR('',#3056,1000.);
#1782=VECTOR('',#3059,1000.);
#1783=VECTOR('',#3062,1000.);
#1784=VECTOR('',#3067,1000.);
#1785=VECTOR('',#3068,1000.);
#1786=VECTOR('',#3071,1000.);
#1787=VECTOR('',#3074,1000.);
#1788=VECTOR('',#3079,1000.);
#1789=VECTOR('',#3080,1000.);
#1790=VECTOR('',#3083,1000.);
#1791=VECTOR('',#3086,1000.);
#1792=VECTOR('',#3091,1000.);
#1793=VECTOR('',#3092,1000.);
#1794=VECTOR('',#3095,1000.);
#1795=VECTOR('',#3098,1000.);
#1796=VECTOR('',#3103,1000.);
#1797=VECTOR('',#3104,1000.);
#1798=VECTOR('',#3107,1000.);
#1799=VECTOR('',#3110,1000.);
#1800=VECTOR('',#3115,1000.);
#1801=VECTOR('',#3116,1000.);
#1802=VECTOR('',#3119,1000.);
#1803=VECTOR('',#3122,1000.);
#1804=EDGE_LOOP('',(#144,#145,#146,#147));
#1805=EDGE_LOOP('',(#148,#149,#150,#151));
#1806=EDGE_LOOP('',(#152,#153,#154,#155));
#1807=EDGE_LOOP('',(#156,#157,#158,#159));
#1808=EDGE_LOOP('',(#160,#161,#162,#163,#164,#165,#166,#167,#168,#169,#170,
#171,#172,#173,#174,#175,#176,#177,#178,#179,#180,#181,#182,#183,#184,#185,
#186,#187));
#1809=EDGE_LOOP('',(#188,#189,#190,#191,#192,#193,#194,#195,#196,#197,#198,
#199,#200,#201,#202,#203,#204,#205,#206,#207,#208,#209,#210,#211,#212,#213,
#214,#215));
#1810=EDGE_LOOP('',(#216,#217,#218,#219));
#1811=EDGE_LOOP('',(#220,#221,#222,#223));
#1812=EDGE_LOOP('',(#224,#225,#226,#227));
#1813=EDGE_LOOP('',(#228,#229,#230,#231));
#1814=EDGE_LOOP('',(#232,#233,#234,#235));
#1815=EDGE_LOOP('',(#236,#237,#238,#239));
#1816=EDGE_LOOP('',(#240,#241,#242,#243));
#1817=EDGE_LOOP('',(#244,#245,#246,#247));
#1818=EDGE_LOOP('',(#248,#249,#250,#251));
#1819=EDGE_LOOP('',(#252,#253,#254,#255));
#1820=EDGE_LOOP('',(#256,#257,#258,#259));
#1821=EDGE_LOOP('',(#260,#261,#262,#263));
#1822=EDGE_LOOP('',(#264,#265,#266,#267));
#1823=EDGE_LOOP('',(#268,#269,#270,#271));
#1824=EDGE_LOOP('',(#272,#273,#274,#275));
#1825=EDGE_LOOP('',(#276,#277,#278,#279));
#1826=EDGE_LOOP('',(#280,#281,#282,#283));
#1827=EDGE_LOOP('',(#284,#285,#286,#287));
#1828=EDGE_LOOP('',(#288,#289,#290,#291));
#1829=EDGE_LOOP('',(#292,#293,#294,#295));
#1830=EDGE_LOOP('',(#296,#297,#298,#299));
#1831=EDGE_LOOP('',(#300,#301,#302,#303));
#1832=EDGE_LOOP('',(#304,#305,#306,#307));
#1833=EDGE_LOOP('',(#308,#309,#310,#311));
#1834=EDGE_LOOP('',(#312,#313,#314,#315));
#1835=EDGE_LOOP('',(#316,#317,#318,#319));
#1836=EDGE_LOOP('',(#320,#321,#322,#323));
#1837=EDGE_LOOP('',(#324,#325,#326,#327));
#1838=EDGE_LOOP('',(#328,#329,#330,#331));
#1839=EDGE_LOOP('',(#332,#333,#334,#335));
#1840=EDGE_LOOP('',(#336,#337,#338,#339));
#1841=EDGE_LOOP('',(#340,#341,#342,#343));
#1842=EDGE_LOOP('',(#344,#345,#346,#347));
#1843=EDGE_LOOP('',(#348,#349,#350,#351));
#1844=EDGE_LOOP('',(#352,#353,#354,#355));
#1845=EDGE_LOOP('',(#356,#357,#358,#359));
#1846=EDGE_LOOP('',(#360,#361,#362,#363));
#1847=EDGE_LOOP('',(#364,#365,#366,#367));
#1848=EDGE_LOOP('',(#368,#369,#370,#371));
#1849=EDGE_LOOP('',(#372,#373,#374,#375));
#1850=EDGE_LOOP('',(#376,#377,#378,#379));
#1851=EDGE_LOOP('',(#380,#381,#382,#383));
#1852=EDGE_LOOP('',(#384,#385,#386,#387));
#1853=EDGE_LOOP('',(#388,#389,#390,#391));
#1854=EDGE_LOOP('',(#392,#393,#394,#395));
#1855=EDGE_LOOP('',(#396,#397,#398,#399));
#1856=EDGE_LOOP('',(#400,#401,#402,#403));
#1857=EDGE_LOOP('',(#404,#405,#406,#407));
#1858=EDGE_LOOP('',(#408,#409,#410,#411));
#1859=EDGE_LOOP('',(#412,#413,#414,#415));
#1860=EDGE_LOOP('',(#416,#417,#418,#419));
#1861=EDGE_LOOP('',(#420,#421,#422,#423));
#1862=EDGE_LOOP('',(#424,#425,#426,#427));
#1863=EDGE_LOOP('',(#428,#429,#430,#431));
#1864=EDGE_LOOP('',(#432,#433,#434,#435));
#1865=EDGE_LOOP('',(#436,#437,#438,#439));
#1866=EDGE_LOOP('',(#440,#441,#442,#443));
#1867=EDGE_LOOP('',(#444,#445,#446,#447));
#1868=EDGE_LOOP('',(#448,#449,#450,#451));
#1869=EDGE_LOOP('',(#452,#453,#454,#455));
#1870=EDGE_LOOP('',(#456,#457,#458,#459));
#1871=EDGE_LOOP('',(#460,#461,#462,#463));
#1872=EDGE_LOOP('',(#464,#465,#466,#467));
#1873=EDGE_LOOP('',(#468,#469,#470,#471));
#1874=EDGE_LOOP('',(#472,#473,#474,#475));
#1875=EDGE_LOOP('',(#476,#477,#478,#479));
#1876=EDGE_LOOP('',(#480,#481,#482,#483));
#1877=EDGE_LOOP('',(#484,#485,#486,#487));
#1878=EDGE_LOOP('',(#488,#489,#490,#491));
#1879=EDGE_LOOP('',(#492,#493,#494,#495));
#1880=EDGE_LOOP('',(#496,#497,#498,#499));
#1881=EDGE_LOOP('',(#500,#501,#502,#503));
#1882=EDGE_LOOP('',(#504,#505,#506,#507));
#1883=EDGE_LOOP('',(#508,#509,#510,#511));
#1884=EDGE_LOOP('',(#512,#513,#514,#515));
#1885=EDGE_LOOP('',(#516,#517,#518,#519));
#1886=EDGE_LOOP('',(#520,#521,#522,#523));
#1887=EDGE_LOOP('',(#524,#525,#526,#527));
#1888=EDGE_LOOP('',(#528,#529,#530,#531));
#1889=EDGE_LOOP('',(#532,#533,#534,#535));
#1890=EDGE_LOOP('',(#536,#537,#538,#539));
#1891=EDGE_LOOP('',(#540,#541,#542,#543));
#1892=EDGE_LOOP('',(#544,#545,#546,#547));
#1893=EDGE_LOOP('',(#548,#549,#550,#551));
#1894=EDGE_LOOP('',(#552,#553,#554,#555));
#1895=EDGE_LOOP('',(#556,#557,#558,#559));
#1896=EDGE_LOOP('',(#560,#561,#562,#563));
#1897=EDGE_LOOP('',(#564,#565,#566,#567));
#1898=EDGE_LOOP('',(#568,#569,#570,#571));
#1899=EDGE_LOOP('',(#572,#573,#574,#575));
#1900=EDGE_LOOP('',(#576,#577,#578,#579));
#1901=EDGE_LOOP('',(#580,#581,#582,#583));
#1902=EDGE_LOOP('',(#584,#585,#586,#587));
#1903=EDGE_LOOP('',(#588,#589,#590,#591));
#1904=EDGE_LOOP('',(#592,#593,#594,#595));
#1905=EDGE_LOOP('',(#596,#597,#598,#599));
#1906=EDGE_LOOP('',(#600,#601,#602,#603));
#1907=EDGE_LOOP('',(#604,#605,#606,#607));
#1908=EDGE_LOOP('',(#608,#609,#610,#611));
#1909=EDGE_LOOP('',(#612,#613,#614,#615));
#1910=EDGE_LOOP('',(#616,#617,#618,#619));
#1911=EDGE_LOOP('',(#620,#621,#622,#623));
#1912=EDGE_LOOP('',(#624,#625,#626,#627));
#1913=EDGE_LOOP('',(#628,#629,#630,#631));
#1914=EDGE_LOOP('',(#632,#633,#634,#635));
#1915=EDGE_LOOP('',(#636,#637,#638,#639));
#1916=EDGE_LOOP('',(#640,#641,#642,#643));
#1917=EDGE_LOOP('',(#644,#645,#646,#647));
#1918=EDGE_LOOP('',(#648,#649,#650,#651));
#1919=EDGE_LOOP('',(#652,#653,#654,#655));
#1920=EDGE_LOOP('',(#656,#657,#658,#659));
#1921=EDGE_LOOP('',(#660,#661,#662,#663));
#1922=EDGE_LOOP('',(#664,#665,#666,#667));
#1923=EDGE_LOOP('',(#668,#669,#670,#671));
#1924=EDGE_LOOP('',(#672,#673,#674,#675));
#1925=EDGE_LOOP('',(#676,#677,#678,#679));
#1926=EDGE_LOOP('',(#680,#681,#682,#683));
#1927=EDGE_LOOP('',(#684,#685,#686,#687));
#1928=EDGE_LOOP('',(#688,#689,#690,#691));
#1929=EDGE_LOOP('',(#692,#693,#694,#695));
#1930=EDGE_LOOP('',(#696,#697,#698,#699));
#1931=EDGE_LOOP('',(#700,#701,#702,#703));
#1932=EDGE_LOOP('',(#704,#705,#706,#707));
#1933=EDGE_LOOP('',(#708,#709,#710,#711));
#1934=EDGE_LOOP('',(#712,#713,#714,#715));
#1935=EDGE_LOOP('',(#716,#717,#718,#719));
#1936=EDGE_LOOP('',(#720,#721,#722,#723));
#1937=EDGE_LOOP('',(#724,#725,#726,#727));
#1938=EDGE_LOOP('',(#728,#729,#730,#731));
#1939=EDGE_LOOP('',(#732,#733,#734,#735));
#1940=EDGE_LOOP('',(#736,#737,#738,#739));
#1941=EDGE_LOOP('',(#740,#741,#742,#743));
#1942=EDGE_LOOP('',(#744,#745,#746,#747));
#1943=EDGE_LOOP('',(#748,#749,#750,#751));
#1944=EDGE_LOOP('',(#752,#753,#754,#755));
#1945=EDGE_LOOP('',(#756,#757,#758,#759));
#1946=EDGE_LOOP('',(#760,#761,#762,#763));
#1947=EDGE_LOOP('',(#764,#765,#766,#767));
#1948=EDGE_LOOP('',(#768,#769,#770,#771));
#1949=EDGE_LOOP('',(#772,#773,#774,#775));
#1950=EDGE_LOOP('',(#776,#777,#778,#779));
#1951=EDGE_LOOP('',(#780,#781,#782,#783));
#1952=EDGE_LOOP('',(#784,#785,#786,#787));
#1953=EDGE_LOOP('',(#788,#789,#790,#791));
#1954=FACE_BOUND('',#1804,.T.);
#1955=FACE_BOUND('',#1805,.T.);
#1956=FACE_BOUND('',#1806,.T.);
#1957=FACE_BOUND('',#1807,.T.);
#1958=FACE_BOUND('',#1808,.T.);
#1959=FACE_BOUND('',#1809,.T.);
#1960=FACE_BOUND('',#1810,.T.);
#1961=FACE_BOUND('',#1811,.T.);
#1962=FACE_BOUND('',#1812,.T.);
#1963=FACE_BOUND('',#1813,.T.);
#1964=FACE_BOUND('',#1814,.T.);
#1965=FACE_BOUND('',#1815,.T.);
#1966=FACE_BOUND('',#1816,.T.);
#1967=FACE_BOUND('',#1817,.T.);
#1968=FACE_BOUND('',#1818,.T.);
#1969=FACE_BOUND('',#1819,.T.);
#1970=FACE_BOUND('',#1820,.T.);
#1971=FACE_BOUND('',#1821,.T.);
#1972=FACE_BOUND('',#1822,.T.);
#1973=FACE_BOUND('',#1823,.T.);
#1974=FACE_BOUND('',#1824,.T.);
#1975=FACE_BOUND('',#1825,.T.);
#1976=FACE_BOUND('',#1826,.T.);
#1977=FACE_BOUND('',#1827,.T.);
#1978=FACE_BOUND('',#1828,.T.);
#1979=FACE_BOUND('',#1829,.T.);
#1980=FACE_BOUND('',#1830,.T.);
#1981=FACE_BOUND('',#1831,.T.);
#1982=FACE_BOUND('',#1832,.T.);
#1983=FACE_BOUND('',#1833,.T.);
#1984=FACE_BOUND('',#1834,.T.);
#1985=FACE_BOUND('',#1835,.T.);
#1986=FACE_BOUND('',#1836,.T.);
#1987=FACE_BOUND('',#1837,.T.);
#1988=FACE_BOUND('',#1838,.T.);
#1989=FACE_BOUND('',#1839,.T.);
#1990=FACE_BOUND('',#1840,.T.);
#1991=FACE_BOUND('',#1841,.T.);
#1992=FACE_BOUND('',#1842,.T.);
#1993=FACE_BOUND('',#1843,.T.);
#1994=FACE_BOUND('',#1844,.T.);
#1995=FACE_BOUND('',#1845,.T.);
#1996=FACE_BOUND('',#1846,.T.);
#1997=FACE_BOUND('',#1847,.T.);
#1998=FACE_BOUND('',#1848,.T.);
#1999=FACE_BOUND('',#1849,.T.);
#2000=FACE_BOUND('',#1850,.T.);
#2001=FACE_BOUND('',#1851,.T.);
#2002=FACE_BOUND('',#1852,.T.);
#2003=FACE_BOUND('',#1853,.T.);
#2004=FACE_BOUND('',#1854,.T.);
#2005=FACE_BOUND('',#1855,.T.);
#2006=FACE_BOUND('',#1856,.T.);
#2007=FACE_BOUND('',#1857,.T.);
#2008=FACE_BOUND('',#1858,.T.);
#2009=FACE_BOUND('',#1859,.T.);
#2010=FACE_BOUND('',#1860,.T.);
#2011=FACE_BOUND('',#1861,.T.);
#2012=FACE_BOUND('',#1862,.T.);
#2013=FACE_BOUND('',#1863,.T.);
#2014=FACE_BOUND('',#1864,.T.);
#2015=FACE_BOUND('',#1865,.T.);
#2016=FACE_BOUND('',#1866,.T.);
#2017=FACE_BOUND('',#1867,.T.);
#2018=FACE_BOUND('',#1868,.T.);
#2019=FACE_BOUND('',#1869,.T.);
#2020=FACE_BOUND('',#1870,.T.);
#2021=FACE_BOUND('',#1871,.T.);
#2022=FACE_BOUND('',#1872,.T.);
#2023=FACE_BOUND('',#1873,.T.);
#2024=FACE_BOUND('',#1874,.T.);
#2025=FACE_BOUND('',#1875,.T.);
#2026=FACE_BOUND('',#1876,.T.);
#2027=FACE_BOUND('',#1877,.T.);
#2028=FACE_BOUND('',#1878,.T.);
#2029=FACE_BOUND('',#1879,.T.);
#2030=FACE_BOUND('',#1880,.T.);
#2031=FACE_BOUND('',#1881,.T.);
#2032=FACE_BOUND('',#1882,.T.);
#2033=FACE_BOUND('',#1883,.T.);
#2034=FACE_BOUND('',#1884,.T.);
#2035=FACE_BOUND('',#1885,.T.);
#2036=FACE_BOUND('',#1886,.T.);
#2037=FACE_BOUND('',#1887,.T.);
#2038=FACE_BOUND('',#1888,.T.);
#2039=FACE_BOUND('',#1889,.T.);
#2040=FACE_BOUND('',#1890,.T.);
#2041=FACE_BOUND('',#1891,.T.);
#2042=FACE_BOUND('',#1892,.T.);
#2043=FACE_BOUND('',#1893,.T.);
#2044=FACE_BOUND('',#1894,.T.);
#2045=FACE_BOUND('',#1895,.T.);
#2046=FACE_BOUND('',#1896,.T.);
#2047=FACE_BOUND('',#1897,.T.);
#2048=FACE_BOUND('',#1898,.T.);
#2049=FACE_BOUND('',#1899,.T.);
#2050=FACE_BOUND('',#1900,.T.);
#2051=FACE_BOUND('',#1901,.T.);
#2052=FACE_BOUND('',#1902,.T.);
#2053=FACE_BOUND('',#1903,.T.);
#2054=FACE_BOUND('',#1904,.T.);
#2055=FACE_BOUND('',#1905,.T.);
#2056=FACE_BOUND('',#1906,.T.);
#2057=FACE_BOUND('',#1907,.T.);
#2058=FACE_BOUND('',#1908,.T.);
#2059=FACE_BOUND('',#1909,.T.);
#2060=FACE_BOUND('',#1910,.T.);
#2061=FACE_BOUND('',#1911,.T.);
#2062=FACE_BOUND('',#1912,.T.);
#2063=FACE_BOUND('',#1913,.T.);
#2064=FACE_BOUND('',#1914,.T.);
#2065=FACE_BOUND('',#1915,.T.);
#2066=FACE_BOUND('',#1916,.T.);
#2067=FACE_BOUND('',#1917,.T.);
#2068=FACE_BOUND('',#1918,.T.);
#2069=FACE_BOUND('',#1919,.T.);
#2070=FACE_BOUND('',#1920,.T.);
#2071=FACE_BOUND('',#1921,.T.);
#2072=FACE_BOUND('',#1922,.T.);
#2073=FACE_BOUND('',#1923,.T.);
#2074=FACE_BOUND('',#1924,.T.);
#2075=FACE_BOUND('',#1925,.T.);
#2076=FACE_BOUND('',#1926,.T.);
#2077=FACE_BOUND('',#1927,.T.);
#2078=FACE_BOUND('',#1928,.T.);
#2079=FACE_BOUND('',#1929,.T.);
#2080=FACE_BOUND('',#1930,.T.);
#2081=FACE_BOUND('',#1931,.T.);
#2082=FACE_BOUND('',#1932,.T.);
#2083=FACE_BOUND('',#1933,.T.);
#2084=FACE_BOUND('',#1934,.T.);
#2085=FACE_BOUND('',#1935,.T.);
#2086=FACE_BOUND('',#1936,.T.);
#2087=FACE_BOUND('',#1937,.T.);
#2088=FACE_BOUND('',#1938,.T.);
#2089=FACE_BOUND('',#1939,.T.);
#2090=FACE_BOUND('',#1940,.T.);
#2091=FACE_BOUND('',#1941,.T.);
#2092=FACE_BOUND('',#1942,.T.);
#2093=FACE_BOUND('',#1943,.T.);
#2094=FACE_BOUND('',#1944,.T.);
#2095=FACE_BOUND('',#1945,.T.);
#2096=FACE_BOUND('',#1946,.T.);
#2097=FACE_BOUND('',#1947,.T.);
#2098=FACE_BOUND('',#1948,.T.);
#2099=FACE_BOUND('',#1949,.T.);
#2100=FACE_BOUND('',#1950,.T.);
#2101=FACE_BOUND('',#1951,.T.);
#2102=FACE_BOUND('',#1952,.T.);
#2103=FACE_BOUND('',#1953,.T.);
#2104=PLANE('',#2293);
#2105=PLANE('',#2294);
#2106=PLANE('',#2295);
#2107=PLANE('',#2296);
#2108=PLANE('',#2297);
#2109=PLANE('',#2302);
#2110=PLANE('',#2307);
#2111=PLANE('',#2308);
#2112=PLANE('',#2309);
#2113=PLANE('',#2310);
#2114=PLANE('',#2311);
#2115=PLANE('',#2312);
#2116=PLANE('',#2353);
#2117=PLANE('',#2354);
#2118=PLANE('',#2355);
#2119=PLANE('',#2356);
#2120=PLANE('',#2357);
#2121=PLANE('',#2358);
#2122=PLANE('',#2359);
#2123=PLANE('',#2360);
#2124=PLANE('',#2361);
#2125=PLANE('',#2362);
#2126=PLANE('',#2403);
#2127=PLANE('',#2404);
#2128=PLANE('',#2405);
#2129=PLANE('',#2406);
#2130=PLANE('',#2412);
#2131=PLANE('',#2414);
#2132=PLANE('',#2416);
#2133=PLANE('',#2418);
#2134=PLANE('',#2420);
#2135=PLANE('',#2422);
#2136=PLANE('',#2424);
#2137=PLANE('',#2426);
#2138=PLANE('',#2428);
#2139=PLANE('',#2430);
#2140=PLANE('',#2432);
#2141=PLANE('',#2434);
#2142=PLANE('',#2436);
#2143=PLANE('',#2438);
#2144=PLANE('',#2440);
#2145=PLANE('',#2442);
#2146=PLANE('',#2444);
#2147=PLANE('',#2446);
#2148=PLANE('',#2448);
#2149=PLANE('',#2450);
#2150=PLANE('',#2452);
#2151=PLANE('',#2454);
#2152=PLANE('',#2456);
#2153=PLANE('',#2458);
#2154=PLANE('',#2460);
#2155=PLANE('',#2462);
#2156=PLANE('',#2464);
#2157=PLANE('',#2466);
#2158=PLANE('',#2468);
#2159=PLANE('',#2470);
#2160=PLANE('',#2472);
#2161=PLANE('',#2474);
#2162=PLANE('',#2476);
#2163=PLANE('',#2478);
#2164=PLANE('',#2480);
#2165=PLANE('',#2482);
#2166=PLANE('',#2484);
#2167=PLANE('',#2486);
#2168=PLANE('',#2488);
#2169=PLANE('',#2490);
#2170=ADVANCED_FACE('',(#1954),#2104,.T.);
#2171=ADVANCED_FACE('',(#1955),#2105,.T.);
#2172=ADVANCED_FACE('',(#1956),#2106,.T.);
#2173=ADVANCED_FACE('',(#1957),#2107,.T.);
#2174=ADVANCED_FACE('',(#1958),#2108,.F.);
#2175=ADVANCED_FACE('',(#1959),#2109,.T.);
#2176=ADVANCED_FACE('',(#1960),#2110,.T.);
#2177=ADVANCED_FACE('',(#1961),#2111,.T.);
#2178=ADVANCED_FACE('',(#1962),#2112,.T.);
#2179=ADVANCED_FACE('',(#1963),#2113,.T.);
#2180=ADVANCED_FACE('',(#1964),#2114,.T.);
#2181=ADVANCED_FACE('',(#1965,#1966,#1967,#1968,#1969,#1970,#1971,#1972,
#1973,#1974,#1975,#1976,#1977,#1978,#1979,#1980,#1981,#1982,#1983,#1984,
#1985),#2115,.T.);
#2182=ADVANCED_FACE('',(#1986),#2116,.T.);
#2183=ADVANCED_FACE('',(#1987),#2117,.T.);
#2184=ADVANCED_FACE('',(#1988),#2118,.T.);
#2185=ADVANCED_FACE('',(#1989),#2119,.T.);
#2186=ADVANCED_FACE('',(#1990),#2120,.T.);
#2187=ADVANCED_FACE('',(#1991),#2121,.T.);
#2188=ADVANCED_FACE('',(#1992),#2122,.T.);
#2189=ADVANCED_FACE('',(#1993),#2123,.T.);
#2190=ADVANCED_FACE('',(#1994),#2124,.T.);
#2191=ADVANCED_FACE('',(#1995,#1996,#1997,#1998,#1999,#2000,#2001,#2002,
#2003,#2004,#2005,#2006,#2007,#2008,#2009,#2010,#2011,#2012,#2013,#2014,
#2015),#2125,.T.);
#2192=ADVANCED_FACE('',(#2016),#2126,.T.);
#2193=ADVANCED_FACE('',(#2017),#2127,.T.);
#2194=ADVANCED_FACE('',(#2018),#2128,.T.);
#2195=ADVANCED_FACE('',(#2019),#2129,.T.);
#2196=ADVANCED_FACE('',(#2020),#12,.T.);
#2197=ADVANCED_FACE('',(#2021),#13,.T.);
#2198=ADVANCED_FACE('',(#2022),#14,.T.);
#2199=ADVANCED_FACE('',(#2023),#15,.T.);
#2200=ADVANCED_FACE('',(#2024),#16,.F.);
#2201=ADVANCED_FACE('',(#2025),#2130,.F.);
#2202=ADVANCED_FACE('',(#2026),#17,.F.);
#2203=ADVANCED_FACE('',(#2027),#2131,.F.);
#2204=ADVANCED_FACE('',(#2028),#18,.F.);
#2205=ADVANCED_FACE('',(#2029),#2132,.F.);
#2206=ADVANCED_FACE('',(#2030),#19,.F.);
#2207=ADVANCED_FACE('',(#2031),#2133,.F.);
#2208=ADVANCED_FACE('',(#2032),#20,.F.);
#2209=ADVANCED_FACE('',(#2033),#2134,.F.);
#2210=ADVANCED_FACE('',(#2034),#21,.F.);
#2211=ADVANCED_FACE('',(#2035),#2135,.F.);
#2212=ADVANCED_FACE('',(#2036),#22,.F.);
#2213=ADVANCED_FACE('',(#2037),#2136,.F.);
#2214=ADVANCED_FACE('',(#2038),#23,.F.);
#2215=ADVANCED_FACE('',(#2039),#2137,.F.);
#2216=ADVANCED_FACE('',(#2040),#24,.F.);
#2217=ADVANCED_FACE('',(#2041),#2138,.F.);
#2218=ADVANCED_FACE('',(#2042),#25,.F.);
#2219=ADVANCED_FACE('',(#2043),#2139,.F.);
#2220=ADVANCED_FACE('',(#2044),#26,.F.);
#2221=ADVANCED_FACE('',(#2045),#2140,.F.);
#2222=ADVANCED_FACE('',(#2046),#27,.F.);
#2223=ADVANCED_FACE('',(#2047),#2141,.F.);
#2224=ADVANCED_FACE('',(#2048),#28,.F.);
#2225=ADVANCED_FACE('',(#2049),#2142,.F.);
#2226=ADVANCED_FACE('',(#2050),#29,.F.);
#2227=ADVANCED_FACE('',(#2051),#2143,.F.);
#2228=ADVANCED_FACE('',(#2052),#30,.F.);
#2229=ADVANCED_FACE('',(#2053),#2144,.F.);
#2230=ADVANCED_FACE('',(#2054),#31,.F.);
#2231=ADVANCED_FACE('',(#2055),#2145,.F.);
#2232=ADVANCED_FACE('',(#2056),#32,.F.);
#2233=ADVANCED_FACE('',(#2057),#2146,.F.);
#2234=ADVANCED_FACE('',(#2058),#33,.F.);
#2235=ADVANCED_FACE('',(#2059),#2147,.F.);
#2236=ADVANCED_FACE('',(#2060),#34,.F.);
#2237=ADVANCED_FACE('',(#2061),#2148,.F.);
#2238=ADVANCED_FACE('',(#2062),#35,.F.);
#2239=ADVANCED_FACE('',(#2063),#2149,.F.);
#2240=ADVANCED_FACE('',(#2064),#36,.F.);
#2241=ADVANCED_FACE('',(#2065),#2150,.F.);
#2242=ADVANCED_FACE('',(#2066),#37,.F.);
#2243=ADVANCED_FACE('',(#2067),#2151,.F.);
#2244=ADVANCED_FACE('',(#2068),#38,.F.);
#2245=ADVANCED_FACE('',(#2069),#2152,.F.);
#2246=ADVANCED_FACE('',(#2070),#39,.F.);
#2247=ADVANCED_FACE('',(#2071),#2153,.F.);
#2248=ADVANCED_FACE('',(#2072),#40,.F.);
#2249=ADVANCED_FACE('',(#2073),#2154,.F.);
#2250=ADVANCED_FACE('',(#2074),#41,.F.);
#2251=ADVANCED_FACE('',(#2075),#2155,.F.);
#2252=ADVANCED_FACE('',(#2076),#42,.F.);
#2253=ADVANCED_FACE('',(#2077),#2156,.F.);
#2254=ADVANCED_FACE('',(#2078),#43,.F.);
#2255=ADVANCED_FACE('',(#2079),#2157,.F.);
#2256=ADVANCED_FACE('',(#2080),#44,.F.);
#2257=ADVANCED_FACE('',(#2081),#2158,.F.);
#2258=ADVANCED_FACE('',(#2082),#45,.F.);
#2259=ADVANCED_FACE('',(#2083),#2159,.F.);
#2260=ADVANCED_FACE('',(#2084),#46,.F.);
#2261=ADVANCED_FACE('',(#2085),#2160,.F.);
#2262=ADVANCED_FACE('',(#2086),#47,.F.);
#2263=ADVANCED_FACE('',(#2087),#2161,.F.);
#2264=ADVANCED_FACE('',(#2088),#48,.F.);
#2265=ADVANCED_FACE('',(#2089),#2162,.F.);
#2266=ADVANCED_FACE('',(#2090),#49,.F.);
#2267=ADVANCED_FACE('',(#2091),#2163,.F.);
#2268=ADVANCED_FACE('',(#2092),#50,.F.);
#2269=ADVANCED_FACE('',(#2093),#2164,.F.);
#2270=ADVANCED_FACE('',(#2094),#51,.F.);
#2271=ADVANCED_FACE('',(#2095),#2165,.F.);
#2272=ADVANCED_FACE('',(#2096),#52,.F.);
#2273=ADVANCED_FACE('',(#2097),#2166,.F.);
#2274=ADVANCED_FACE('',(#2098),#53,.F.);
#2275=ADVANCED_FACE('',(#2099),#2167,.F.);
#2276=ADVANCED_FACE('',(#2100),#54,.F.);
#2277=ADVANCED_FACE('',(#2101),#2168,.F.);
#2278=ADVANCED_FACE('',(#2102),#55,.F.);
#2279=ADVANCED_FACE('',(#2103),#2169,.F.);
#2280=CLOSED_SHELL('',(#2170,#2171,#2172,#2173,#2174,#2175,#2176,#2177,
#2178,#2179,#2180,#2181,#2182,#2183,#2184,#2185,#2186,#2187,#2188,#2189,
#2190,#2191,#2192,#2193,#2194,#2195,#2196,#2197,#2198,#2199,#2200,#2201,
#2202,#2203,#2204,#2205,#2206,#2207,#2208,#2209,#2210,#2211,#2212,#2213,
#2214,#2215,#2216,#2217,#2218,#2219,#2220,#2221,#2222,#2223,#2224,#2225,
#2226,#2227,#2228,#2229,#2230,#2231,#2232,#2233,#2234,#2235,#2236,#2237,
#2238,#2239,#2240,#2241,#2242,#2243,#2244,#2245,#2246,#2247,#2248,#2249,
#2250,#2251,#2252,#2253,#2254,#2255,#2256,#2257,#2258,#2259,#2260,#2261,
#2262,#2263,#2264,#2265,#2266,#2267,#2268,#2269,#2270,#2271,#2272,#2273,
#2274,#2275,#2276,#2277,#2278,#2279));
#2281=STYLED_ITEM('',(#2282),#2289);
#2282=PRESENTATION_STYLE_ASSIGNMENT((#2283));
#2283=SURFACE_STYLE_USAGE(.BOTH.,#2284);
#2284=SURFACE_SIDE_STYLE('',(#2285));
#2285=SURFACE_STYLE_FILL_AREA(#2286);
#2286=FILL_AREA_STYLE('',(#2287));
#2287=FILL_AREA_STYLE_COLOUR('',#2288);
#2288=COLOUR_RGB('',0.689999997615814,0.689999997615814,0.689999997615814);
#2289=MANIFOLD_SOLID_BREP('VZ1000-11-1-12_JSY3000',#2280);
#2290=SHAPE_DEFINITION_REPRESENTATION(#3782,#2291);
#2291=SHAPE_REPRESENTATION('VZ1000-11-1-12_JSY3000',(#2292),#3777);
#2292=AXIS2_PLACEMENT_3D('',#3125,#2491,#2492);
#2293=AXIS2_PLACEMENT_3D('',#3126,#2493,#2494);
#2294=AXIS2_PLACEMENT_3D('',#3135,#2499,#2500);
#2295=AXIS2_PLACEMENT_3D('',#3144,#2505,#2506);
#2296=AXIS2_PLACEMENT_3D('',#3153,#2511,#2512);
#2297=AXIS2_PLACEMENT_3D('',#3162,#2517,#2518);
#2298=AXIS2_PLACEMENT_3D('',#3163,#2519,#2520);
#2299=AXIS2_PLACEMENT_3D('',#3165,#2521,#2522);
#2300=AXIS2_PLACEMENT_3D('',#3186,#2533,#2534);
#2301=AXIS2_PLACEMENT_3D('',#3187,#2535,#2536);
#2302=AXIS2_PLACEMENT_3D('',#3207,#2547,#2548);
#2303=AXIS2_PLACEMENT_3D('',#3208,#2549,#2550);
#2304=AXIS2_PLACEMENT_3D('',#3229,#2561,#2562);
#2305=AXIS2_PLACEMENT_3D('',#3230,#2563,#2564);
#2306=AXIS2_PLACEMENT_3D('',#3251,#2575,#2576);
#2307=AXIS2_PLACEMENT_3D('',#3252,#2577,#2578);
#2308=AXIS2_PLACEMENT_3D('',#3255,#2581,#2582);
#2309=AXIS2_PLACEMENT_3D('',#3257,#2584,#2585);
#2310=AXIS2_PLACEMENT_3D('',#3259,#2587,#2588);
#2311=AXIS2_PLACEMENT_3D('',#3261,#2590,#2591);
#2312=AXIS2_PLACEMENT_3D('',#3263,#2593,#2594);
#2313=AXIS2_PLACEMENT_3D('',#3264,#2595,#2596);
#2314=AXIS2_PLACEMENT_3D('',#3269,#2598,#2599);
#2315=AXIS2_PLACEMENT_3D('',#3272,#2601,#2602);
#2316=AXIS2_PLACEMENT_3D('',#3277,#2604,#2605);
#2317=AXIS2_PLACEMENT_3D('',#3280,#2607,#2608);
#2318=AXIS2_PLACEMENT_3D('',#3285,#2610,#2611);
#2319=AXIS2_PLACEMENT_3D('',#3288,#2613,#2614);
#2320=AXIS2_PLACEMENT_3D('',#3293,#2616,#2617);
#2321=AXIS2_PLACEMENT_3D('',#3296,#2619,#2620);
#2322=AXIS2_PLACEMENT_3D('',#3301,#2622,#2623);
#2323=AXIS2_PLACEMENT_3D('',#3304,#2625,#2626);
#2324=AXIS2_PLACEMENT_3D('',#3309,#2628,#2629);
#2325=AXIS2_PLACEMENT_3D('',#3312,#2631,#2632);
#2326=AXIS2_PLACEMENT_3D('',#3317,#2634,#2635);
#2327=AXIS2_PLACEMENT_3D('',#3320,#2637,#2638);
#2328=AXIS2_PLACEMENT_3D('',#3325,#2640,#2641);
#2329=AXIS2_PLACEMENT_3D('',#3328,#2643,#2644);
#2330=AXIS2_PLACEMENT_3D('',#3333,#2646,#2647);
#2331=AXIS2_PLACEMENT_3D('',#3336,#2649,#2650);
#2332=AXIS2_PLACEMENT_3D('',#3341,#2652,#2653);
#2333=AXIS2_PLACEMENT_3D('',#3344,#2655,#2656);
#2334=AXIS2_PLACEMENT_3D('',#3349,#2658,#2659);
#2335=AXIS2_PLACEMENT_3D('',#3352,#2661,#2662);
#2336=AXIS2_PLACEMENT_3D('',#3357,#2664,#2665);
#2337=AXIS2_PLACEMENT_3D('',#3360,#2667,#2668);
#2338=AXIS2_PLACEMENT_3D('',#3365,#2670,#2671);
#2339=AXIS2_PLACEMENT_3D('',#3368,#2673,#2674);
#2340=AXIS2_PLACEMENT_3D('',#3373,#2676,#2677);
#2341=AXIS2_PLACEMENT_3D('',#3376,#2679,#2680);
#2342=AXIS2_PLACEMENT_3D('',#3381,#2682,#2683);
#2343=AXIS2_PLACEMENT_3D('',#3384,#2685,#2686);
#2344=AXIS2_PLACEMENT_3D('',#3389,#2688,#2689);
#2345=AXIS2_PLACEMENT_3D('',#3392,#2691,#2692);
#2346=AXIS2_PLACEMENT_3D('',#3397,#2694,#2695);
#2347=AXIS2_PLACEMENT_3D('',#3400,#2697,#2698);
#2348=AXIS2_PLACEMENT_3D('',#3405,#2700,#2701);
#2349=AXIS2_PLACEMENT_3D('',#3408,#2703,#2704);
#2350=AXIS2_PLACEMENT_3D('',#3413,#2706,#2707);
#2351=AXIS2_PLACEMENT_3D('',#3416,#2709,#2710);
#2352=AXIS2_PLACEMENT_3D('',#3421,#2712,#2713);
#2353=AXIS2_PLACEMENT_3D('',#3425,#2716,#2717);
#2354=AXIS2_PLACEMENT_3D('',#3427,#2719,#2720);
#2355=AXIS2_PLACEMENT_3D('',#3429,#2722,#2723);
#2356=AXIS2_PLACEMENT_3D('',#3431,#2725,#2726);
#2357=AXIS2_PLACEMENT_3D('',#3432,#2727,#2728);
#2358=AXIS2_PLACEMENT_3D('',#3435,#2731,#2732);
#2359=AXIS2_PLACEMENT_3D('',#3437,#2734,#2735);
#2360=AXIS2_PLACEMENT_3D('',#3439,#2737,#2738);
#2361=AXIS2_PLACEMENT_3D('',#3441,#2740,#2741);
#2362=AXIS2_PLACEMENT_3D('',#3443,#2743,#2744);
#2363=AXIS2_PLACEMENT_3D('',#3444,#2745,#2746);
#2364=AXIS2_PLACEMENT_3D('',#3449,#2748,#2749);
#2365=AXIS2_PLACEMENT_3D('',#3452,#2751,#2752);
#2366=AXIS2_PLACEMENT_3D('',#3457,#2754,#2755);
#2367=AXIS2_PLACEMENT_3D('',#3460,#2757,#2758);
#2368=AXIS2_PLACEMENT_3D('',#3465,#2760,#2761);
#2369=AXIS2_PLACEMENT_3D('',#3468,#2763,#2764);
#2370=AXIS2_PLACEMENT_3D('',#3473,#2766,#2767);
#2371=AXIS2_PLACEMENT_3D('',#3476,#2769,#2770);
#2372=AXIS2_PLACEMENT_3D('',#3481,#2772,#2773);
#2373=AXIS2_PLACEMENT_3D('',#3484,#2775,#2776);
#2374=AXIS2_PLACEMENT_3D('',#3489,#2778,#2779);
#2375=AXIS2_PLACEMENT_3D('',#3492,#2781,#2782);
#2376=AXIS2_PLACEMENT_3D('',#3497,#2784,#2785);
#2377=AXIS2_PLACEMENT_3D('',#3500,#2787,#2788);
#2378=AXIS2_PLACEMENT_3D('',#3505,#2790,#2791);
#2379=AXIS2_PLACEMENT_3D('',#3508,#2793,#2794);
#2380=AXIS2_PLACEMENT_3D('',#3513,#2796,#2797);
#2381=AXIS2_PLACEMENT_3D('',#3516,#2799,#2800);
#2382=AXIS2_PLACEMENT_3D('',#3521,#2802,#2803);
#2383=AXIS2_PLACEMENT_3D('',#3524,#2805,#2806);
#2384=AXIS2_PLACEMENT_3D('',#3529,#2808,#2809);
#2385=AXIS2_PLACEMENT_3D('',#3532,#2811,#2812);
#2386=AXIS2_PLACEMENT_3D('',#3537,#2814,#2815);
#2387=AXIS2_PLACEMENT_3D('',#3540,#2817,#2818);
#2388=AXIS2_PLACEMENT_3D('',#3545,#2820,#2821);
#2389=AXIS2_PLACEMENT_3D('',#3548,#2823,#2824);
#2390=AXIS2_PLACEMENT_3D('',#3553,#2826,#2827);
#2391=AXIS2_PLACEMENT_3D('',#3556,#2829,#2830);
#2392=AXIS2_PLACEMENT_3D('',#3561,#2832,#2833);
#2393=AXIS2_PLACEMENT_3D('',#3564,#2835,#2836);
#2394=AXIS2_PLACEMENT_3D('',#3569,#2838,#2839);
#2395=AXIS2_PLACEMENT_3D('',#3572,#2841,#2842);
#2396=AXIS2_PLACEMENT_3D('',#3577,#2844,#2845);
#2397=AXIS2_PLACEMENT_3D('',#3580,#2847,#2848);
#2398=AXIS2_PLACEMENT_3D('',#3585,#2850,#2851);
#2399=AXIS2_PLACEMENT_3D('',#3588,#2853,#2854);
#2400=AXIS2_PLACEMENT_3D('',#3593,#2856,#2857);
#2401=AXIS2_PLACEMENT_3D('',#3596,#2859,#2860);
#2402=AXIS2_PLACEMENT_3D('',#3601,#2862,#2863);
#2403=AXIS2_PLACEMENT_3D('',#3605,#2866,#2867);
#2404=AXIS2_PLACEMENT_3D('',#3607,#2869,#2870);
#2405=AXIS2_PLACEMENT_3D('',#3609,#2872,#2873);
#2406=AXIS2_PLACEMENT_3D('',#3611,#2875,#2876);
#2407=AXIS2_PLACEMENT_3D('',#3612,#2877,#2878);
#2408=AXIS2_PLACEMENT_3D('',#3613,#2879,#2880);
#2409=AXIS2_PLACEMENT_3D('',#3614,#2881,#2882);
#2410=AXIS2_PLACEMENT_3D('',#3615,#2883,#2884);
#2411=AXIS2_PLACEMENT_3D('',#3616,#2885,#2886);
#2412=AXIS2_PLACEMENT_3D('',#3619,#2889,#2890);
#2413=AXIS2_PLACEMENT_3D('',#3621,#2892,#2893);
#2414=AXIS2_PLACEMENT_3D('',#3623,#2895,#2896);
#2415=AXIS2_PLACEMENT_3D('',#3624,#2897,#2898);
#2416=AXIS2_PLACEMENT_3D('',#3627,#2901,#2902);
#2417=AXIS2_PLACEMENT_3D('',#3629,#2904,#2905);
#2418=AXIS2_PLACEMENT_3D('',#3631,#2907,#2908);
#2419=AXIS2_PLACEMENT_3D('',#3632,#2909,#2910);
#2420=AXIS2_PLACEMENT_3D('',#3635,#2913,#2914);
#2421=AXIS2_PLACEMENT_3D('',#3637,#2916,#2917);
#2422=AXIS2_PLACEMENT_3D('',#3639,#2919,#2920);
#2423=AXIS2_PLACEMENT_3D('',#3640,#2921,#2922);
#2424=AXIS2_PLACEMENT_3D('',#3643,#2925,#2926);
#2425=AXIS2_PLACEMENT_3D('',#3645,#2928,#2929);
#2426=AXIS2_PLACEMENT_3D('',#3647,#2931,#2932);
#2427=AXIS2_PLACEMENT_3D('',#3648,#2933,#2934);
#2428=AXIS2_PLACEMENT_3D('',#3651,#2937,#2938);
#2429=AXIS2_PLACEMENT_3D('',#3653,#2940,#2941);
#2430=AXIS2_PLACEMENT_3D('',#3655,#2943,#2944);
#2431=AXIS2_PLACEMENT_3D('',#3656,#2945,#2946);
#2432=AXIS2_PLACEMENT_3D('',#3659,#2949,#2950);
#2433=AXIS2_PLACEMENT_3D('',#3661,#2952,#2953);
#2434=AXIS2_PLACEMENT_3D('',#3663,#2955,#2956);
#2435=AXIS2_PLACEMENT_3D('',#3664,#2957,#2958);
#2436=AXIS2_PLACEMENT_3D('',#3667,#2961,#2962);
#2437=AXIS2_PLACEMENT_3D('',#3669,#2964,#2965);
#2438=AXIS2_PLACEMENT_3D('',#3671,#2967,#2968);
#2439=AXIS2_PLACEMENT_3D('',#3672,#2969,#2970);
#2440=AXIS2_PLACEMENT_3D('',#3675,#2973,#2974);
#2441=AXIS2_PLACEMENT_3D('',#3677,#2976,#2977);
#2442=AXIS2_PLACEMENT_3D('',#3679,#2979,#2980);
#2443=AXIS2_PLACEMENT_3D('',#3680,#2981,#2982);
#2444=AXIS2_PLACEMENT_3D('',#3683,#2985,#2986);
#2445=AXIS2_PLACEMENT_3D('',#3685,#2988,#2989);
#2446=AXIS2_PLACEMENT_3D('',#3687,#2991,#2992);
#2447=AXIS2_PLACEMENT_3D('',#3688,#2993,#2994);
#2448=AXIS2_PLACEMENT_3D('',#3691,#2997,#2998);
#2449=AXIS2_PLACEMENT_3D('',#3693,#3000,#3001);
#2450=AXIS2_PLACEMENT_3D('',#3695,#3003,#3004);
#2451=AXIS2_PLACEMENT_3D('',#3696,#3005,#3006);
#2452=AXIS2_PLACEMENT_3D('',#3699,#3009,#3010);
#2453=AXIS2_PLACEMENT_3D('',#3701,#3012,#3013);
#2454=AXIS2_PLACEMENT_3D('',#3703,#3015,#3016);
#2455=AXIS2_PLACEMENT_3D('',#3704,#3017,#3018);
#2456=AXIS2_PLACEMENT_3D('',#3707,#3021,#3022);
#2457=AXIS2_PLACEMENT_3D('',#3709,#3024,#3025);
#2458=AXIS2_PLACEMENT_3D('',#3711,#3027,#3028);
#2459=AXIS2_PLACEMENT_3D('',#3712,#3029,#3030);
#2460=AXIS2_PLACEMENT_3D('',#3715,#3033,#3034);
#2461=AXIS2_PLACEMENT_3D('',#3717,#3036,#3037);
#2462=AXIS2_PLACEMENT_3D('',#3719,#3039,#3040);
#2463=AXIS2_PLACEMENT_3D('',#3720,#3041,#3042);
#2464=AXIS2_PLACEMENT_3D('',#3723,#3045,#3046);
#2465=AXIS2_PLACEMENT_3D('',#3725,#3048,#3049);
#2466=AXIS2_PLACEMENT_3D('',#3727,#3051,#3052);
#2467=AXIS2_PLACEMENT_3D('',#3728,#3053,#3054);
#2468=AXIS2_PLACEMENT_3D('',#3731,#3057,#3058);
#2469=AXIS2_PLACEMENT_3D('',#3733,#3060,#3061);
#2470=AXIS2_PLACEMENT_3D('',#3735,#3063,#3064);
#2471=AXIS2_PLACEMENT_3D('',#3736,#3065,#3066);
#2472=AXIS2_PLACEMENT_3D('',#3739,#3069,#3070);
#2473=AXIS2_PLACEMENT_3D('',#3741,#3072,#3073);
#2474=AXIS2_PLACEMENT_3D('',#3743,#3075,#3076);
#2475=AXIS2_PLACEMENT_3D('',#3744,#3077,#3078);
#2476=AXIS2_PLACEMENT_3D('',#3747,#3081,#3082);
#2477=AXIS2_PLACEMENT_3D('',#3749,#3084,#3085);
#2478=AXIS2_PLACEMENT_3D('',#3751,#3087,#3088);
#2479=AXIS2_PLACEMENT_3D('',#3752,#3089,#3090);
#2480=AXIS2_PLACEMENT_3D('',#3755,#3093,#3094);
#2481=AXIS2_PLACEMENT_3D('',#3757,#3096,#3097);
#2482=AXIS2_PLACEMENT_3D('',#3759,#3099,#3100);
#2483=AXIS2_PLACEMENT_3D('',#3760,#3101,#3102);
#2484=AXIS2_PLACEMENT_3D('',#3763,#3105,#3106);
#2485=AXIS2_PLACEMENT_3D('',#3765,#3108,#3109);
#2486=AXIS2_PLACEMENT_3D('',#3767,#3111,#3112);
#2487=AXIS2_PLACEMENT_3D('',#3768,#3113,#3114);
#2488=AXIS2_PLACEMENT_3D('',#3771,#3117,#3118);
#2489=AXIS2_PLACEMENT_3D('',#3773,#3120,#3121);
#2490=AXIS2_PLACEMENT_3D('',#3775,#3123,#3124);
#2491=DIRECTION('',(0.,0.,1.));
#2492=DIRECTION('',(1.,0.,0.));
#2493=DIRECTION('',(0.,1.,0.));
#2494=DIRECTION('',(0.,0.,1.));
#2495=DIRECTION('',(-1.,0.,0.));
#2496=DIRECTION('',(0.,0.,1.));
#2497=DIRECTION('',(-1.,0.,0.));
#2498=DIRECTION('',(0.,0.,1.));
#2499=DIRECTION('',(-1.,0.,0.));
#2500=DIRECTION('',(0.,0.,1.));
#2501=DIRECTION('',(0.,-1.,0.));
#2502=DIRECTION('',(0.,0.,1.));
#2503=DIRECTION('',(0.,-1.,0.));
#2504=DIRECTION('',(0.,0.,1.));
#2505=DIRECTION('',(0.,-1.,0.));
#2506=DIRECTION('',(0.,0.,-1.));
#2507=DIRECTION('',(1.,0.,0.));
#2508=DIRECTION('',(0.,0.,1.));
#2509=DIRECTION('',(1.,0.,0.));
#2510=DIRECTION('',(0.,0.,1.));
#2511=DIRECTION('',(1.,0.,0.));
#2512=DIRECTION('',(0.,0.,-1.));
#2513=DIRECTION('',(0.,1.,0.));
#2514=DIRECTION('',(0.,0.,1.));
#2515=DIRECTION('',(0.,1.,0.));
#2516=DIRECTION('',(0.,0.,1.));
#2517=DIRECTION('',(0.,0.,1.));
#2518=DIRECTION('',(1.,0.,0.));
#2519=DIRECTION('',(0.,0.,1.));
#2520=DIRECTION('',(1.,0.,0.));
#2521=DIRECTION('',(0.,0.,1.));
#2522=DIRECTION('',(1.,0.,0.));
#2523=DIRECTION('',(0.,1.,0.));
#2524=DIRECTION('',(-0.707106781186547,0.707106781186548,0.));
#2525=DIRECTION('',(0.,1.,0.));
#2526=DIRECTION('',(-0.707106781186588,0.707106781186507,0.));
#2527=DIRECTION('',(-1.,0.,0.));
#2528=DIRECTION('',(-0.707106781186588,-0.707106781186507,0.));
#2529=DIRECTION('',(0.,-1.,0.));
#2530=DIRECTION('',(-0.707106781186547,-0.707106781186548,0.));
#2531=DIRECTION('',(0.,-1.,0.));
#2532=DIRECTION('',(-1.,0.,0.));
#2533=DIRECTION('',(0.,0.,1.));
#2534=DIRECTION('',(1.,0.,0.));
#2535=DIRECTION('',(0.,0.,1.));
#2536=DIRECTION('',(1.,0.,0.));
#2537=DIRECTION('',(0.97485850657187,0.222824801502127,0.));
#2538=DIRECTION('',(0.,1.,0.));
#2539=DIRECTION('',(-0.759256602365318,0.650791373455944,0.));
#2540=DIRECTION('',(-1.73472347597695E-14,1.,0.));
#2541=DIRECTION('',(1.,0.,0.));
#2542=DIRECTION('',(-1.73472347597695E-14,-1.,0.));
#2543=DIRECTION('',(-0.759256602365318,-0.650791373455944,0.));
#2544=DIRECTION('',(0.,-1.,0.));
#2545=DIRECTION('',(0.974858506571876,-0.222824801502103,0.));
#2546=DIRECTION('',(1.,0.,0.));
#2547=DIRECTION('',(0.,0.,1.));
#2548=DIRECTION('',(1.,0.,0.));
#2549=DIRECTION('',(0.,0.,1.));
#2550=DIRECTION('',(1.,0.,0.));
#2551=DIRECTION('',(1.,0.,0.));
#2552=DIRECTION('',(0.974858506571876,-0.222824801502103,0.));
#2553=DIRECTION('',(0.,-1.,0.));
#2554=DIRECTION('',(-0.759256602365318,-0.650791373455944,0.));
#2555=DIRECTION('',(-1.73472347597695E-14,-1.,0.));
#2556=DIRECTION('',(1.,0.,0.));
#2557=DIRECTION('',(-1.73472347597695E-14,1.,0.));
#2558=DIRECTION('',(-0.759256602365318,0.650791373455944,0.));
#2559=DIRECTION('',(0.,1.,0.));
#2560=DIRECTION('',(0.97485850657187,0.222824801502127,0.));
#2561=DIRECTION('',(0.,0.,1.));
#2562=DIRECTION('',(1.,0.,0.));
#2563=DIRECTION('',(0.,0.,1.));
#2564=DIRECTION('',(1.,0.,0.));
#2565=DIRECTION('',(-1.,0.,0.));
#2566=DIRECTION('',(0.,-1.,0.));
#2567=DIRECTION('',(-0.707106781186547,-0.707106781186548,0.));
#2568=DIRECTION('',(0.,-1.,0.));
#2569=DIRECTION('',(-0.707106781186588,-0.707106781186507,0.));
#2570=DIRECTION('',(-1.,0.,0.));
#2571=DIRECTION('',(-0.707106781186588,0.707106781186507,0.));
#2572=DIRECTION('',(0.,1.,0.));
#2573=DIRECTION('',(-0.707106781186547,0.707106781186548,0.));
#2574=DIRECTION('',(0.,1.,0.));
#2575=DIRECTION('',(0.,0.,1.));
#2576=DIRECTION('',(1.,0.,0.));
#2577=DIRECTION('',(0.,-1.,0.));
#2578=DIRECTION('',(0.,0.,-1.));
#2579=DIRECTION('',(0.,0.,1.));
#2580=DIRECTION('',(0.,0.,1.));
#2581=DIRECTION('',(-0.222824801502103,-0.974858506571876,0.));
#2582=DIRECTION('',(0.974858506571876,-0.222824801502103,0.));
#2583=DIRECTION('',(0.,0.,1.));
#2584=DIRECTION('',(-1.,0.,0.));
#2585=DIRECTION('',(0.,0.,1.));
#2586=DIRECTION('',(0.,0.,1.));
#2587=DIRECTION('',(-0.650791373455944,0.759256602365317,0.));
#2588=DIRECTION('',(-0.759256602365318,-0.650791373455944,0.));
#2589=DIRECTION('',(0.,0.,1.));
#2590=DIRECTION('',(-1.,1.73472347597695E-14,0.));
#2591=DIRECTION('',(-1.73472347597695E-14,-1.,0.));
#2592=DIRECTION('',(0.,0.,1.));
#2593=DIRECTION('',(0.,-1.,0.));
#2594=DIRECTION('',(0.,0.,-1.));
#2595=DIRECTION('',(0.,1.,0.));
#2596=DIRECTION('',(1.,0.,0.));
#2597=DIRECTION('',(0.,0.,1.));
#2598=DIRECTION('',(0.,1.,0.));
#2599=DIRECTION('',(1.,0.,0.));
#2600=DIRECTION('',(0.,0.,-1.));
#2601=DIRECTION('',(0.,1.,0.));
#2602=DIRECTION('',(1.,0.,0.));
#2603=DIRECTION('',(0.,0.,1.));
#2604=DIRECTION('',(0.,1.,0.));
#2605=DIRECTION('',(1.,0.,0.));
#2606=DIRECTION('',(0.,0.,-1.));
#2607=DIRECTION('',(0.,1.,0.));
#2608=DIRECTION('',(1.,0.,0.));
#2609=DIRECTION('',(0.,0.,1.));
#2610=DIRECTION('',(0.,1.,0.));
#2611=DIRECTION('',(1.,0.,0.));
#2612=DIRECTION('',(0.,0.,-1.));
#2613=DIRECTION('',(0.,1.,0.));
#2614=DIRECTION('',(1.,0.,0.));
#2615=DIRECTION('',(0.,0.,1.));
#2616=DIRECTION('',(0.,1.,0.));
#2617=DIRECTION('',(1.,0.,0.));
#2618=DIRECTION('',(0.,0.,-1.));
#2619=DIRECTION('',(0.,1.,0.));
#2620=DIRECTION('',(1.,0.,0.));
#2621=DIRECTION('',(0.,0.,1.));
#2622=DIRECTION('',(0.,1.,0.));
#2623=DIRECTION('',(1.,0.,0.));
#2624=DIRECTION('',(0.,0.,-1.));
#2625=DIRECTION('',(0.,1.,0.));
#2626=DIRECTION('',(1.,0.,0.));
#2627=DIRECTION('',(0.,0.,1.));
#2628=DIRECTION('',(0.,1.,0.));
#2629=DIRECTION('',(1.,0.,0.));
#2630=DIRECTION('',(0.,0.,-1.));
#2631=DIRECTION('',(0.,1.,0.));
#2632=DIRECTION('',(1.,0.,0.));
#2633=DIRECTION('',(0.,0.,1.));
#2634=DIRECTION('',(0.,1.,0.));
#2635=DIRECTION('',(1.,0.,0.));
#2636=DIRECTION('',(0.,0.,-1.));
#2637=DIRECTION('',(0.,1.,0.));
#2638=DIRECTION('',(1.,0.,0.));
#2639=DIRECTION('',(0.,0.,1.));
#2640=DIRECTION('',(0.,1.,0.));
#2641=DIRECTION('',(1.,0.,0.));
#2642=DIRECTION('',(0.,0.,-1.));
#2643=DIRECTION('',(0.,1.,0.));
#2644=DIRECTION('',(1.,0.,0.));
#2645=DIRECTION('',(0.,0.,1.));
#2646=DIRECTION('',(0.,1.,0.));
#2647=DIRECTION('',(1.,0.,0.));
#2648=DIRECTION('',(0.,0.,-1.));
#2649=DIRECTION('',(0.,1.,0.));
#2650=DIRECTION('',(1.,0.,0.));
#2651=DIRECTION('',(0.,0.,1.));
#2652=DIRECTION('',(0.,1.,0.));
#2653=DIRECTION('',(1.,0.,0.));
#2654=DIRECTION('',(0.,0.,-1.));
#2655=DIRECTION('',(0.,1.,0.));
#2656=DIRECTION('',(1.,0.,0.));
#2657=DIRECTION('',(0.,0.,1.));
#2658=DIRECTION('',(0.,1.,0.));
#2659=DIRECTION('',(1.,0.,0.));
#2660=DIRECTION('',(0.,0.,-1.));
#2661=DIRECTION('',(0.,1.,0.));
#2662=DIRECTION('',(1.,0.,0.));
#2663=DIRECTION('',(0.,0.,1.));
#2664=DIRECTION('',(0.,1.,0.));
#2665=DIRECTION('',(1.,0.,0.));
#2666=DIRECTION('',(0.,0.,-1.));
#2667=DIRECTION('',(0.,1.,0.));
#2668=DIRECTION('',(1.,0.,0.));
#2669=DIRECTION('',(0.,0.,1.));
#2670=DIRECTION('',(0.,1.,0.));
#2671=DIRECTION('',(1.,0.,0.));
#2672=DIRECTION('',(0.,0.,-1.));
#2673=DIRECTION('',(0.,1.,0.));
#2674=DIRECTION('',(1.,0.,0.));
#2675=DIRECTION('',(0.,0.,1.));
#2676=DIRECTION('',(0.,1.,0.));
#2677=DIRECTION('',(1.,0.,0.));
#2678=DIRECTION('',(0.,0.,-1.));
#2679=DIRECTION('',(0.,1.,0.));
#2680=DIRECTION('',(1.,0.,0.));
#2681=DIRECTION('',(0.,0.,1.));
#2682=DIRECTION('',(0.,1.,0.));
#2683=DIRECTION('',(1.,0.,0.));
#2684=DIRECTION('',(0.,0.,-1.));
#2685=DIRECTION('',(0.,1.,0.));
#2686=DIRECTION('',(1.,0.,0.));
#2687=DIRECTION('',(0.,0.,1.));
#2688=DIRECTION('',(0.,1.,0.));
#2689=DIRECTION('',(1.,0.,0.));
#2690=DIRECTION('',(0.,0.,-1.));
#2691=DIRECTION('',(0.,1.,0.));
#2692=DIRECTION('',(1.,0.,0.));
#2693=DIRECTION('',(0.,0.,1.));
#2694=DIRECTION('',(0.,1.,0.));
#2695=DIRECTION('',(1.,0.,0.));
#2696=DIRECTION('',(0.,0.,-1.));
#2697=DIRECTION('',(0.,1.,0.));
#2698=DIRECTION('',(1.,0.,0.));
#2699=DIRECTION('',(0.,0.,1.));
#2700=DIRECTION('',(0.,1.,0.));
#2701=DIRECTION('',(1.,0.,0.));
#2702=DIRECTION('',(0.,0.,-1.));
#2703=DIRECTION('',(0.,1.,0.));
#2704=DIRECTION('',(1.,0.,0.));
#2705=DIRECTION('',(0.,0.,1.));
#2706=DIRECTION('',(0.,1.,0.));
#2707=DIRECTION('',(1.,0.,0.));
#2708=DIRECTION('',(0.,0.,-1.));
#2709=DIRECTION('',(0.,1.,0.));
#2710=DIRECTION('',(1.,0.,0.));
#2711=DIRECTION('',(0.,0.,1.));
#2712=DIRECTION('',(0.,1.,0.));
#2713=DIRECTION('',(1.,0.,0.));
#2714=DIRECTION('',(0.,0.,-1.));
#2715=DIRECTION('',(0.,0.,1.));
#2716=DIRECTION('',(1.,1.73472347597695E-14,0.));
#2717=DIRECTION('',(-1.73472347597695E-14,1.,0.));
#2718=DIRECTION('',(0.,0.,1.));
#2719=DIRECTION('',(0.650791373455944,0.759256602365317,0.));
#2720=DIRECTION('',(-0.759256602365318,0.650791373455944,0.));
#2721=DIRECTION('',(0.,0.,1.));
#2722=DIRECTION('',(1.,0.,0.));
#2723=DIRECTION('',(0.,0.,-1.));
#2724=DIRECTION('',(0.,0.,1.));
#2725=DIRECTION('',(0.222824801502127,-0.97485850657187,0.));
#2726=DIRECTION('',(0.97485850657187,0.222824801502127,0.));
#2727=DIRECTION('',(0.,1.,0.));
#2728=DIRECTION('',(0.,0.,1.));
#2729=DIRECTION('',(0.,0.,1.));
#2730=DIRECTION('',(0.,0.,1.));
#2731=DIRECTION('',(-1.,0.,0.));
#2732=DIRECTION('',(0.,0.,1.));
#2733=DIRECTION('',(0.,0.,1.));
#2734=DIRECTION('',(-0.707106781186548,0.707106781186547,0.));
#2735=DIRECTION('',(-0.707106781186547,-0.707106781186548,0.));
#2736=DIRECTION('',(0.,0.,1.));
#2737=DIRECTION('',(-1.,0.,0.));
#2738=DIRECTION('',(0.,0.,1.));
#2739=DIRECTION('',(0.,0.,1.));
#2740=DIRECTION('',(-0.707106781186507,0.707106781186588,0.));
#2741=DIRECTION('',(-0.707106781186588,-0.707106781186507,0.));
#2742=DIRECTION('',(0.,0.,1.));
#2743=DIRECTION('',(0.,1.,0.));
#2744=DIRECTION('',(0.,0.,1.));
#2745=DIRECTION('',(0.,1.,0.));
#2746=DIRECTION('',(0.,0.,1.));
#2747=DIRECTION('',(0.,0.,-1.));
#2748=DIRECTION('',(0.,1.,0.));
#2749=DIRECTION('',(0.,0.,1.));
#2750=DIRECTION('',(0.,0.,1.));
#2751=DIRECTION('',(0.,1.,0.));
#2752=DIRECTION('',(0.,0.,1.));
#2753=DIRECTION('',(0.,0.,-1.));
#2754=DIRECTION('',(0.,1.,0.));
#2755=DIRECTION('',(0.,0.,1.));
#2756=DIRECTION('',(0.,0.,1.));
#2757=DIRECTION('',(0.,1.,0.));
#2758=DIRECTION('',(0.,0.,1.));
#2759=DIRECTION('',(0.,0.,-1.));
#2760=DIRECTION('',(0.,1.,0.));
#2761=DIRECTION('',(0.,0.,1.));
#2762=DIRECTION('',(0.,0.,1.));
#2763=DIRECTION('',(0.,1.,0.));
#2764=DIRECTION('',(0.,0.,1.));
#2765=DIRECTION('',(0.,0.,-1.));
#2766=DIRECTION('',(0.,1.,0.));
#2767=DIRECTION('',(0.,0.,1.));
#2768=DIRECTION('',(0.,0.,1.));
#2769=DIRECTION('',(0.,1.,0.));
#2770=DIRECTION('',(0.,0.,1.));
#2771=DIRECTION('',(0.,0.,-1.));
#2772=DIRECTION('',(0.,1.,0.));
#2773=DIRECTION('',(0.,0.,1.));
#2774=DIRECTION('',(0.,0.,1.));
#2775=DIRECTION('',(0.,1.,0.));
#2776=DIRECTION('',(0.,0.,1.));
#2777=DIRECTION('',(0.,0.,-1.));
#2778=DIRECTION('',(0.,1.,0.));
#2779=DIRECTION('',(0.,0.,1.));
#2780=DIRECTION('',(0.,0.,1.));
#2781=DIRECTION('',(0.,1.,0.));
#2782=DIRECTION('',(0.,0.,1.));
#2783=DIRECTION('',(0.,0.,-1.));
#2784=DIRECTION('',(0.,1.,0.));
#2785=DIRECTION('',(0.,0.,1.));
#2786=DIRECTION('',(0.,0.,1.));
#2787=DIRECTION('',(0.,1.,0.));
#2788=DIRECTION('',(0.,0.,1.));
#2789=DIRECTION('',(0.,0.,-1.));
#2790=DIRECTION('',(0.,1.,0.));
#2791=DIRECTION('',(0.,0.,1.));
#2792=DIRECTION('',(0.,0.,1.));
#2793=DIRECTION('',(0.,1.,0.));
#2794=DIRECTION('',(0.,0.,1.));
#2795=DIRECTION('',(0.,0.,-1.));
#2796=DIRECTION('',(0.,1.,0.));
#2797=DIRECTION('',(0.,0.,1.));
#2798=DIRECTION('',(0.,0.,1.));
#2799=DIRECTION('',(0.,1.,0.));
#2800=DIRECTION('',(0.,0.,1.));
#2801=DIRECTION('',(0.,0.,-1.));
#2802=DIRECTION('',(0.,1.,0.));
#2803=DIRECTION('',(0.,0.,1.));
#2804=DIRECTION('',(0.,0.,1.));
#2805=DIRECTION('',(0.,1.,0.));
#2806=DIRECTION('',(0.,0.,1.));
#2807=DIRECTION('',(0.,0.,-1.));
#2808=DIRECTION('',(0.,1.,0.));
#2809=DIRECTION('',(0.,0.,1.));
#2810=DIRECTION('',(0.,0.,1.));
#2811=DIRECTION('',(0.,1.,0.));
#2812=DIRECTION('',(0.,0.,1.));
#2813=DIRECTION('',(0.,0.,-1.));
#2814=DIRECTION('',(0.,1.,0.));
#2815=DIRECTION('',(0.,0.,1.));
#2816=DIRECTION('',(0.,0.,1.));
#2817=DIRECTION('',(0.,1.,0.));
#2818=DIRECTION('',(0.,0.,1.));
#2819=DIRECTION('',(0.,0.,-1.));
#2820=DIRECTION('',(0.,1.,0.));
#2821=DIRECTION('',(0.,0.,1.));
#2822=DIRECTION('',(0.,0.,1.));
#2823=DIRECTION('',(0.,1.,0.));
#2824=DIRECTION('',(0.,0.,1.));
#2825=DIRECTION('',(0.,0.,-1.));
#2826=DIRECTION('',(0.,1.,0.));
#2827=DIRECTION('',(0.,0.,1.));
#2828=DIRECTION('',(0.,0.,1.));
#2829=DIRECTION('',(0.,1.,0.));
#2830=DIRECTION('',(0.,0.,1.));
#2831=DIRECTION('',(0.,0.,-1.));
#2832=DIRECTION('',(0.,1.,0.));
#2833=DIRECTION('',(0.,0.,1.));
#2834=DIRECTION('',(0.,0.,1.));
#2835=DIRECTION('',(0.,1.,0.));
#2836=DIRECTION('',(0.,0.,1.));
#2837=DIRECTION('',(0.,0.,-1.));
#2838=DIRECTION('',(0.,1.,0.));
#2839=DIRECTION('',(0.,0.,1.));
#2840=DIRECTION('',(0.,0.,1.));
#2841=DIRECTION('',(0.,1.,0.));
#2842=DIRECTION('',(0.,0.,1.));
#2843=DIRECTION('',(0.,0.,-1.));
#2844=DIRECTION('',(0.,1.,0.));
#2845=DIRECTION('',(0.,0.,1.));
#2846=DIRECTION('',(0.,0.,1.));
#2847=DIRECTION('',(0.,1.,0.));
#2848=DIRECTION('',(0.,0.,1.));
#2849=DIRECTION('',(0.,0.,-1.));
#2850=DIRECTION('',(0.,1.,0.));
#2851=DIRECTION('',(0.,0.,1.));
#2852=DIRECTION('',(0.,0.,1.));
#2853=DIRECTION('',(0.,1.,0.));
#2854=DIRECTION('',(0.,0.,1.));
#2855=DIRECTION('',(0.,0.,-1.));
#2856=DIRECTION('',(0.,1.,0.));
#2857=DIRECTION('',(0.,0.,1.));
#2858=DIRECTION('',(0.,0.,1.));
#2859=DIRECTION('',(0.,1.,0.));
#2860=DIRECTION('',(0.,0.,1.));
#2861=DIRECTION('',(0.,0.,-1.));
#2862=DIRECTION('',(0.,1.,0.));
#2863=DIRECTION('',(0.,0.,1.));
#2864=DIRECTION('',(0.,0.,1.));
#2865=DIRECTION('',(0.,0.,1.));
#2866=DIRECTION('',(0.707106781186507,0.707106781186588,0.));
#2867=DIRECTION('',(-0.707106781186588,0.707106781186507,0.));
#2868=DIRECTION('',(0.,0.,1.));
#2869=DIRECTION('',(1.,0.,0.));
#2870=DIRECTION('',(0.,0.,-1.));
#2871=DIRECTION('',(0.,0.,1.));
#2872=DIRECTION('',(0.707106781186548,0.707106781186547,0.));
#2873=DIRECTION('',(-0.707106781186547,0.707106781186548,0.));
#2874=DIRECTION('',(0.,0.,1.));
#2875=DIRECTION('',(1.,0.,0.));
#2876=DIRECTION('',(0.,0.,-1.));
#2877=DIRECTION('',(0.,0.,1.));
#2878=DIRECTION('',(1.,0.,0.));
#2879=DIRECTION('',(0.,0.,1.));
#2880=DIRECTION('',(1.,0.,0.));
#2881=DIRECTION('',(0.,0.,1.));
#2882=DIRECTION('',(1.,0.,0.));
#2883=DIRECTION('',(0.,0.,1.));
#2884=DIRECTION('',(1.,0.,0.));
#2885=DIRECTION('',(0.,1.,0.));
#2886=DIRECTION('',(0.,0.,1.));
#2887=DIRECTION('',(0.,1.,0.));
#2888=DIRECTION('',(0.,1.,0.));
#2889=DIRECTION('',(-1.,0.,0.));
#2890=DIRECTION('',(0.,0.,1.));
#2891=DIRECTION('',(0.,1.,0.));
#2892=DIRECTION('',(0.,1.,0.));
#2893=DIRECTION('',(0.,0.,1.));
#2894=DIRECTION('',(0.,1.,0.));
#2895=DIRECTION('',(1.,0.,0.));
#2896=DIRECTION('',(0.,0.,-1.));
#2897=DIRECTION('',(0.,1.,0.));
#2898=DIRECTION('',(0.,0.,1.));
#2899=DIRECTION('',(0.,1.,0.));
#2900=DIRECTION('',(0.,1.,0.));
#2901=DIRECTION('',(-1.,0.,0.));
#2902=DIRECTION('',(0.,0.,1.));
#2903=DIRECTION('',(0.,1.,0.));
#2904=DIRECTION('',(0.,1.,0.));
#2905=DIRECTION('',(0.,0.,1.));
#2906=DIRECTION('',(0.,1.,0.));
#2907=DIRECTION('',(1.,0.,0.));
#2908=DIRECTION('',(0.,0.,-1.));
#2909=DIRECTION('',(0.,1.,0.));
#2910=DIRECTION('',(0.,0.,1.));
#2911=DIRECTION('',(0.,1.,0.));
#2912=DIRECTION('',(0.,1.,0.));
#2913=DIRECTION('',(-1.,0.,0.));
#2914=DIRECTION('',(0.,0.,1.));
#2915=DIRECTION('',(0.,1.,0.));
#2916=DIRECTION('',(0.,1.,0.));
#2917=DIRECTION('',(0.,0.,1.));
#2918=DIRECTION('',(0.,1.,0.));
#2919=DIRECTION('',(1.,0.,0.));
#2920=DIRECTION('',(0.,0.,-1.));
#2921=DIRECTION('',(0.,1.,0.));
#2922=DIRECTION('',(0.,0.,1.));
#2923=DIRECTION('',(0.,1.,0.));
#2924=DIRECTION('',(0.,1.,0.));
#2925=DIRECTION('',(-1.,0.,0.));
#2926=DIRECTION('',(0.,0.,1.));
#2927=DIRECTION('',(0.,1.,0.));
#2928=DIRECTION('',(0.,1.,0.));
#2929=DIRECTION('',(0.,0.,1.));
#2930=DIRECTION('',(0.,1.,0.));
#2931=DIRECTION('',(1.,0.,0.));
#2932=DIRECTION('',(0.,0.,-1.));
#2933=DIRECTION('',(0.,1.,0.));
#2934=DIRECTION('',(0.,0.,1.));
#2935=DIRECTION('',(0.,1.,0.));
#2936=DIRECTION('',(0.,1.,0.));
#2937=DIRECTION('',(-1.,0.,0.));
#2938=DIRECTION('',(0.,0.,1.));
#2939=DIRECTION('',(0.,1.,0.));
#2940=DIRECTION('',(0.,1.,0.));
#2941=DIRECTION('',(0.,0.,1.));
#2942=DIRECTION('',(0.,1.,0.));
#2943=DIRECTION('',(1.,0.,0.));
#2944=DIRECTION('',(0.,0.,-1.));
#2945=DIRECTION('',(0.,1.,0.));
#2946=DIRECTION('',(0.,0.,1.));
#2947=DIRECTION('',(0.,1.,0.));
#2948=DIRECTION('',(0.,1.,0.));
#2949=DIRECTION('',(-1.,0.,0.));
#2950=DIRECTION('',(0.,0.,1.));
#2951=DIRECTION('',(0.,1.,0.));
#2952=DIRECTION('',(0.,1.,0.));
#2953=DIRECTION('',(0.,0.,1.));
#2954=DIRECTION('',(0.,1.,0.));
#2955=DIRECTION('',(1.,0.,0.));
#2956=DIRECTION('',(0.,0.,-1.));
#2957=DIRECTION('',(0.,1.,0.));
#2958=DIRECTION('',(0.,0.,1.));
#2959=DIRECTION('',(0.,1.,0.));
#2960=DIRECTION('',(0.,1.,0.));
#2961=DIRECTION('',(-1.,0.,0.));
#2962=DIRECTION('',(0.,0.,1.));
#2963=DIRECTION('',(0.,1.,0.));
#2964=DIRECTION('',(0.,1.,0.));
#2965=DIRECTION('',(0.,0.,1.));
#2966=DIRECTION('',(0.,1.,0.));
#2967=DIRECTION('',(1.,0.,0.));
#2968=DIRECTION('',(0.,0.,-1.));
#2969=DIRECTION('',(0.,1.,0.));
#2970=DIRECTION('',(0.,0.,1.));
#2971=DIRECTION('',(0.,1.,0.));
#2972=DIRECTION('',(0.,1.,0.));
#2973=DIRECTION('',(-1.,0.,0.));
#2974=DIRECTION('',(0.,0.,1.));
#2975=DIRECTION('',(0.,1.,0.));
#2976=DIRECTION('',(0.,1.,0.));
#2977=DIRECTION('',(0.,0.,1.));
#2978=DIRECTION('',(0.,1.,0.));
#2979=DIRECTION('',(1.,0.,0.));
#2980=DIRECTION('',(0.,0.,-1.));
#2981=DIRECTION('',(0.,1.,0.));
#2982=DIRECTION('',(0.,0.,1.));
#2983=DIRECTION('',(0.,1.,0.));
#2984=DIRECTION('',(0.,1.,0.));
#2985=DIRECTION('',(-1.,0.,0.));
#2986=DIRECTION('',(0.,0.,1.));
#2987=DIRECTION('',(0.,1.,0.));
#2988=DIRECTION('',(0.,1.,0.));
#2989=DIRECTION('',(0.,0.,1.));
#2990=DIRECTION('',(0.,1.,0.));
#2991=DIRECTION('',(1.,0.,0.));
#2992=DIRECTION('',(0.,0.,-1.));
#2993=DIRECTION('',(0.,1.,0.));
#2994=DIRECTION('',(0.,0.,1.));
#2995=DIRECTION('',(0.,1.,0.));
#2996=DIRECTION('',(0.,1.,0.));
#2997=DIRECTION('',(-1.,0.,0.));
#2998=DIRECTION('',(0.,0.,1.));
#2999=DIRECTION('',(0.,1.,0.));
#3000=DIRECTION('',(0.,1.,0.));
#3001=DIRECTION('',(0.,0.,1.));
#3002=DIRECTION('',(0.,1.,0.));
#3003=DIRECTION('',(1.,0.,0.));
#3004=DIRECTION('',(0.,0.,-1.));
#3005=DIRECTION('',(0.,1.,0.));
#3006=DIRECTION('',(0.,0.,1.));
#3007=DIRECTION('',(0.,1.,0.));
#3008=DIRECTION('',(0.,1.,0.));
#3009=DIRECTION('',(-1.,0.,0.));
#3010=DIRECTION('',(0.,0.,1.));
#3011=DIRECTION('',(0.,1.,0.));
#3012=DIRECTION('',(0.,1.,0.));
#3013=DIRECTION('',(0.,0.,1.));
#3014=DIRECTION('',(0.,1.,0.));
#3015=DIRECTION('',(1.,0.,0.));
#3016=DIRECTION('',(0.,0.,-1.));
#3017=DIRECTION('',(0.,1.,0.));
#3018=DIRECTION('',(0.,0.,1.));
#3019=DIRECTION('',(0.,1.,0.));
#3020=DIRECTION('',(0.,1.,0.));
#3021=DIRECTION('',(-1.,0.,0.));
#3022=DIRECTION('',(0.,0.,1.));
#3023=DIRECTION('',(0.,1.,0.));
#3024=DIRECTION('',(0.,1.,0.));
#3025=DIRECTION('',(0.,0.,1.));
#3026=DIRECTION('',(0.,1.,0.));
#3027=DIRECTION('',(1.,0.,0.));
#3028=DIRECTION('',(0.,0.,-1.));
#3029=DIRECTION('',(0.,1.,0.));
#3030=DIRECTION('',(0.,0.,1.));
#3031=DIRECTION('',(0.,1.,0.));
#3032=DIRECTION('',(0.,1.,0.));
#3033=DIRECTION('',(-1.,0.,0.));
#3034=DIRECTION('',(0.,0.,1.));
#3035=DIRECTION('',(0.,1.,0.));
#3036=DIRECTION('',(0.,1.,0.));
#3037=DIRECTION('',(0.,0.,1.));
#3038=DIRECTION('',(0.,1.,0.));
#3039=DIRECTION('',(1.,0.,0.));
#3040=DIRECTION('',(0.,0.,-1.));
#3041=DIRECTION('',(0.,1.,0.));
#3042=DIRECTION('',(0.,0.,1.));
#3043=DIRECTION('',(0.,1.,0.));
#3044=DIRECTION('',(0.,1.,0.));
#3045=DIRECTION('',(-1.,0.,0.));
#3046=DIRECTION('',(0.,0.,1.));
#3047=DIRECTION('',(0.,1.,0.));
#3048=DIRECTION('',(0.,1.,0.));
#3049=DIRECTION('',(0.,0.,1.));
#3050=DIRECTION('',(0.,1.,0.));
#3051=DIRECTION('',(1.,0.,0.));
#3052=DIRECTION('',(0.,0.,-1.));
#3053=DIRECTION('',(0.,1.,0.));
#3054=DIRECTION('',(0.,0.,1.));
#3055=DIRECTION('',(0.,1.,0.));
#3056=DIRECTION('',(0.,1.,0.));
#3057=DIRECTION('',(-1.,0.,0.));
#3058=DIRECTION('',(0.,0.,1.));
#3059=DIRECTION('',(0.,1.,0.));
#3060=DIRECTION('',(0.,1.,0.));
#3061=DIRECTION('',(0.,0.,1.));
#3062=DIRECTION('',(0.,1.,0.));
#3063=DIRECTION('',(1.,0.,0.));
#3064=DIRECTION('',(0.,0.,-1.));
#3065=DIRECTION('',(0.,1.,0.));
#3066=DIRECTION('',(0.,0.,1.));
#3067=DIRECTION('',(0.,1.,0.));
#3068=DIRECTION('',(0.,1.,0.));
#3069=DIRECTION('',(-1.,0.,0.));
#3070=DIRECTION('',(0.,0.,1.));
#3071=DIRECTION('',(0.,1.,0.));
#3072=DIRECTION('',(0.,1.,0.));
#3073=DIRECTION('',(0.,0.,1.));
#3074=DIRECTION('',(0.,1.,0.));
#3075=DIRECTION('',(1.,0.,0.));
#3076=DIRECTION('',(0.,0.,-1.));
#3077=DIRECTION('',(0.,1.,0.));
#3078=DIRECTION('',(0.,0.,1.));
#3079=DIRECTION('',(0.,1.,0.));
#3080=DIRECTION('',(0.,1.,0.));
#3081=DIRECTION('',(-1.,0.,0.));
#3082=DIRECTION('',(0.,0.,1.));
#3083=DIRECTION('',(0.,1.,0.));
#3084=DIRECTION('',(0.,1.,0.));
#3085=DIRECTION('',(0.,0.,1.));
#3086=DIRECTION('',(0.,1.,0.));
#3087=DIRECTION('',(1.,0.,0.));
#3088=DIRECTION('',(0.,0.,-1.));
#3089=DIRECTION('',(0.,1.,0.));
#3090=DIRECTION('',(0.,0.,1.));
#3091=DIRECTION('',(0.,1.,0.));
#3092=DIRECTION('',(0.,1.,0.));
#3093=DIRECTION('',(-1.,0.,0.));
#3094=DIRECTION('',(0.,0.,1.));
#3095=DIRECTION('',(0.,1.,0.));
#3096=DIRECTION('',(0.,1.,0.));
#3097=DIRECTION('',(0.,0.,1.));
#3098=DIRECTION('',(0.,1.,0.));
#3099=DIRECTION('',(1.,0.,0.));
#3100=DIRECTION('',(0.,0.,-1.));
#3101=DIRECTION('',(0.,1.,0.));
#3102=DIRECTION('',(0.,0.,1.));
#3103=DIRECTION('',(0.,1.,0.));
#3104=DIRECTION('',(0.,1.,0.));
#3105=DIRECTION('',(-1.,0.,0.));
#3106=DIRECTION('',(0.,0.,1.));
#3107=DIRECTION('',(0.,1.,0.));
#3108=DIRECTION('',(0.,1.,0.));
#3109=DIRECTION('',(0.,0.,1.));
#3110=DIRECTION('',(0.,1.,0.));
#3111=DIRECTION('',(1.,0.,0.));
#3112=DIRECTION('',(0.,0.,-1.));
#3113=DIRECTION('',(0.,1.,0.));
#3114=DIRECTION('',(0.,0.,1.));
#3115=DIRECTION('',(0.,1.,0.));
#3116=DIRECTION('',(0.,1.,0.));
#3117=DIRECTION('',(-1.,0.,0.));
#3118=DIRECTION('',(0.,0.,1.));
#3119=DIRECTION('',(0.,1.,0.));
#3120=DIRECTION('',(0.,1.,0.));
#3121=DIRECTION('',(0.,0.,1.));
#3122=DIRECTION('',(0.,1.,0.));
#3123=DIRECTION('',(1.,0.,0.));
#3124=DIRECTION('',(0.,0.,-1.));
#3125=CARTESIAN_POINT('',(0.,0.,0.));
#3126=CARTESIAN_POINT('',(-12.5,0.,-248.));
#3127=CARTESIAN_POINT('',(-12.5,0.,-248.));
#3128=CARTESIAN_POINT('',(-12.5,0.,-248.));
#3129=CARTESIAN_POINT('',(-17.3000000000001,-2.71050543121376E-16,-248.));
#3130=CARTESIAN_POINT('',(-17.3000000000001,-2.71050543121376E-16,-248.));
#3131=CARTESIAN_POINT('',(-17.3000000000001,-2.71050543121376E-16,0.));
#3132=CARTESIAN_POINT('',(-12.5,0.,0.));
#3133=CARTESIAN_POINT('',(-12.5,0.,0.));
#3134=CARTESIAN_POINT('',(-12.5,0.,-248.));
#3135=CARTESIAN_POINT('',(-17.5000000000001,0.,-248.));
#3136=CARTESIAN_POINT('',(-17.5000000000001,0.,-248.));
#3137=CARTESIAN_POINT('',(-17.5000000000001,-0.2,-248.));
#3138=CARTESIAN_POINT('',(-17.5000000000001,-0.65,-248.));
#3139=CARTESIAN_POINT('',(-17.5000000000001,-0.65,-248.));
#3140=CARTESIAN_POINT('',(-17.5000000000001,-0.65,0.));
#3141=CARTESIAN_POINT('',(-17.5000000000001,0.,0.));
#3142=CARTESIAN_POINT('',(-17.5000000000001,-0.200000000000003,0.));
#3143=CARTESIAN_POINT('',(-17.5000000000001,-0.2,-248.));
#3144=CARTESIAN_POINT('',(15.5,-1.,-248.));
#3145=CARTESIAN_POINT('',(15.5,-1.,-248.));
#3146=CARTESIAN_POINT('',(15.5,-1.,-248.));
#3147=CARTESIAN_POINT('',(17.1500000000001,-0.999999999999998,-248.));
#3148=CARTESIAN_POINT('',(17.1500000000001,-0.999999999999998,-248.));
#3149=CARTESIAN_POINT('',(17.1500000000001,-0.999999999999998,0.));
#3150=CARTESIAN_POINT('',(15.5,-1.,0.));
#3151=CARTESIAN_POINT('',(15.5,-1.,0.));
#3152=CARTESIAN_POINT('',(15.5,-1.,-248.));
#3153=CARTESIAN_POINT('',(17.5000000000001,-1.,-248.));
#3154=CARTESIAN_POINT('',(17.5000000000001,-1.,-248.));
#3155=CARTESIAN_POINT('',(17.5000000000001,-0.65,-248.));
#3156=CARTESIAN_POINT('',(17.5000000000001,-0.2,-248.));
#3157=CARTESIAN_POINT('',(17.5000000000001,-0.2,-248.));
#3158=CARTESIAN_POINT('',(17.5000000000001,-0.2,0.));
#3159=CARTESIAN_POINT('',(17.5000000000001,-1.,0.));
#3160=CARTESIAN_POINT('',(17.5000000000001,-0.650000000000005,0.));
#3161=CARTESIAN_POINT('',(17.5000000000001,-0.65,-248.));
#3162=CARTESIAN_POINT('',(0.,0.,-248.));
#3163=CARTESIAN_POINT('',(-17.1500000000001,-0.650000000000005,-248.));
#3164=CARTESIAN_POINT('',(-17.1500000000001,-1.,-248.));
#3165=CARTESIAN_POINT('',(-17.3000000000001,-0.200000000000003,-248.));
#3166=CARTESIAN_POINT('',(-12.5,-2.89999999999998,-248.));
#3167=CARTESIAN_POINT('',(-12.5,-2.89999999999998,-248.));
#3168=CARTESIAN_POINT('',(-11.9,-3.5,-248.));
#3169=CARTESIAN_POINT('',(-11.9,-3.5,-248.));
#3170=CARTESIAN_POINT('',(-11.9,-4.5,-248.));
#3171=CARTESIAN_POINT('',(-11.9,-4.5,-248.));
#3172=CARTESIAN_POINT('',(-10.8999999999999,-5.5,-248.));
#3173=CARTESIAN_POINT('',(-10.8999999999999,-5.5,-248.));
#3174=CARTESIAN_POINT('',(10.8999999999999,-5.5,-248.));
#3175=CARTESIAN_POINT('',(10.8999999999999,-5.5,-248.));
#3176=CARTESIAN_POINT('',(11.9,-4.5,-248.));
#3177=CARTESIAN_POINT('',(11.9,-4.5,-248.));
#3178=CARTESIAN_POINT('',(11.9,-3.5,-248.));
#3179=CARTESIAN_POINT('',(11.9,-3.5,-248.));
#3180=CARTESIAN_POINT('',(12.5,-2.89999999999998,-248.));
#3181=CARTESIAN_POINT('',(12.5,-2.89999999999998,-248.));
#3182=CARTESIAN_POINT('',(12.5,0.,-248.));
#3183=CARTESIAN_POINT('',(12.5,0.,-248.));
#3184=CARTESIAN_POINT('',(17.5000000000001,0.,-248.));
#3185=CARTESIAN_POINT('',(17.3000000000001,0.,-248.));
#3186=CARTESIAN_POINT('',(17.3000000000001,-0.199999999999998,-248.));
#3187=CARTESIAN_POINT('',(17.1500000000001,-0.650000000000005,-248.));
#3188=CARTESIAN_POINT('',(13.7499999999999,-1.4,-248.));
#3189=CARTESIAN_POINT('',(13.7499999999999,-1.4,-248.));
#3190=CARTESIAN_POINT('',(13.7499999999999,-5.,-248.));
#3191=CARTESIAN_POINT('',(13.7499999999999,-5.,-248.));
#3192=CARTESIAN_POINT('',(15.5000000000001,-6.50000000000008,-248.));
#3193=CARTESIAN_POINT('',(15.5000000000001,-6.50000000000008,-248.));
#3194=CARTESIAN_POINT('',(15.5000000000001,-7.5,-248.));
#3195=CARTESIAN_POINT('',(15.5000000000001,-7.5,-248.));
#3196=CARTESIAN_POINT('',(-15.5000000000001,-7.5,-248.));
#3197=CARTESIAN_POINT('',(-15.5000000000001,-7.5,-248.));
#3198=CARTESIAN_POINT('',(-15.5000000000001,-6.50000000000008,-248.));
#3199=CARTESIAN_POINT('',(-15.5000000000001,-6.50000000000008,-248.));
#3200=CARTESIAN_POINT('',(-13.7499999999999,-5.,-248.));
#3201=CARTESIAN_POINT('',(-13.7499999999999,-5.,-248.));
#3202=CARTESIAN_POINT('',(-13.7499999999999,-1.39999999999995,-248.));
#3203=CARTESIAN_POINT('',(-13.7499999999999,-1.39999999999995,-248.));
#3204=CARTESIAN_POINT('',(-15.5,-1.,-248.));
#3205=CARTESIAN_POINT('',(-15.5,-1.,-248.));
#3206=CARTESIAN_POINT('',(-17.5000000000001,-1.,-248.));
#3207=CARTESIAN_POINT('',(0.,0.,0.));
#3208=CARTESIAN_POINT('',(-17.1500000000001,-0.650000000000005,0.));
#3209=CARTESIAN_POINT('',(-17.1500000000001,-1.,0.));
#3210=CARTESIAN_POINT('',(-17.5000000000001,-1.,0.));
#3211=CARTESIAN_POINT('',(-15.5,-1.,0.));
#3212=CARTESIAN_POINT('',(-15.5,-1.,0.));
#3213=CARTESIAN_POINT('',(-13.7499999999999,-1.39999999999995,0.));
#3214=CARTESIAN_POINT('',(-13.7499999999999,-1.39999999999995,0.));
#3215=CARTESIAN_POINT('',(-13.7499999999999,-5.,0.));
#3216=CARTESIAN_POINT('',(-13.7499999999999,-5.,0.));
#3217=CARTESIAN_POINT('',(-15.5000000000001,-6.50000000000008,0.));
#3218=CARTESIAN_POINT('',(-15.5000000000001,-6.50000000000008,0.));
#3219=CARTESIAN_POINT('',(-15.5000000000001,-7.5,0.));
#3220=CARTESIAN_POINT('',(-15.5000000000001,-7.5,0.));
#3221=CARTESIAN_POINT('',(15.5000000000001,-7.5,0.));
#3222=CARTESIAN_POINT('',(15.5000000000001,-7.5,0.));
#3223=CARTESIAN_POINT('',(15.5000000000001,-6.50000000000008,0.));
#3224=CARTESIAN_POINT('',(15.5000000000001,-6.50000000000008,0.));
#3225=CARTESIAN_POINT('',(13.7499999999999,-5.,0.));
#3226=CARTESIAN_POINT('',(13.7499999999999,-5.,0.));
#3227=CARTESIAN_POINT('',(13.7499999999999,-1.4,0.));
#3228=CARTESIAN_POINT('',(13.7499999999999,-1.4,0.));
#3229=CARTESIAN_POINT('',(17.1500000000001,-0.650000000000005,0.));
#3230=CARTESIAN_POINT('',(17.3000000000001,-0.199999999999998,0.));
#3231=CARTESIAN_POINT('',(17.3000000000001,0.,0.));
#3232=CARTESIAN_POINT('',(17.5000000000001,0.,0.));
#3233=CARTESIAN_POINT('',(12.5,0.,0.));
#3234=CARTESIAN_POINT('',(12.5,0.,0.));
#3235=CARTESIAN_POINT('',(12.5,-2.89999999999998,0.));
#3236=CARTESIAN_POINT('',(12.5,-2.89999999999998,0.));
#3237=CARTESIAN_POINT('',(11.9,-3.5,0.));
#3238=CARTESIAN_POINT('',(11.9,-3.5,0.));
#3239=CARTESIAN_POINT('',(11.9,-4.5,0.));
#3240=CARTESIAN_POINT('',(11.9,-4.5,0.));
#3241=CARTESIAN_POINT('',(10.8999999999999,-5.5,0.));
#3242=CARTESIAN_POINT('',(10.8999999999999,-5.5,0.));
#3243=CARTESIAN_POINT('',(-10.8999999999999,-5.5,0.));
#3244=CARTESIAN_POINT('',(-10.8999999999999,-5.5,0.));
#3245=CARTESIAN_POINT('',(-11.9,-4.5,0.));
#3246=CARTESIAN_POINT('',(-11.9,-4.5,0.));
#3247=CARTESIAN_POINT('',(-11.9,-3.5,0.));
#3248=CARTESIAN_POINT('',(-11.9,-3.5,0.));
#3249=CARTESIAN_POINT('',(-12.5,-2.89999999999998,0.));
#3250=CARTESIAN_POINT('',(-12.5,-2.89999999999998,0.));
#3251=CARTESIAN_POINT('',(-17.3000000000001,-0.200000000000003,0.));
#3252=CARTESIAN_POINT('',(-17.5000000000001,-1.,-248.));
#3253=CARTESIAN_POINT('',(-17.1500000000001,-1.,-248.));
#3254=CARTESIAN_POINT('',(-15.5,-1.,-248.));
#3255=CARTESIAN_POINT('',(-15.5,-1.,-248.));
#3256=CARTESIAN_POINT('',(-13.7499999999999,-1.39999999999995,-248.));
#3257=CARTESIAN_POINT('',(-13.7499999999999,-1.39999999999995,-248.));
#3258=CARTESIAN_POINT('',(-13.7499999999999,-5.,-248.));
#3259=CARTESIAN_POINT('',(-13.7499999999999,-5.,-248.));
#3260=CARTESIAN_POINT('',(-15.5000000000001,-6.50000000000008,-248.));
#3261=CARTESIAN_POINT('',(-15.5000000000001,-6.50000000000008,-248.));
#3262=CARTESIAN_POINT('',(-15.5000000000001,-7.5,-248.));
#3263=CARTESIAN_POINT('',(-15.5000000000001,-7.5,-248.));
#3264=CARTESIAN_POINT('',(0.,-7.5,-19.));
#3265=CARTESIAN_POINT('',(2.75,-7.5,-19.));
#3266=CARTESIAN_POINT('',(-2.75,-7.5,-19.));
#3267=CARTESIAN_POINT('',(-2.75,-7.5,-19.));
#3268=CARTESIAN_POINT('',(-2.75,-7.5,-16.5));
#3269=CARTESIAN_POINT('',(0.,-7.5,-16.5));
#3270=CARTESIAN_POINT('',(2.75,-7.5,-16.5));
#3271=CARTESIAN_POINT('',(2.75,-7.5,-16.5));
#3272=CARTESIAN_POINT('',(0.,-7.5,-31.5));
#3273=CARTESIAN_POINT('',(2.75,-7.5,-31.5));
#3274=CARTESIAN_POINT('',(-2.75,-7.5,-31.5));
#3275=CARTESIAN_POINT('',(-2.75,-7.5,-31.5));
#3276=CARTESIAN_POINT('',(-2.75,-7.5,-29.));
#3277=CARTESIAN_POINT('',(0.,-7.5,-29.));
#3278=CARTESIAN_POINT('',(2.75,-7.5,-29.));
#3279=CARTESIAN_POINT('',(2.75,-7.5,-29.));
#3280=CARTESIAN_POINT('',(0.,-7.5,-44.));
#3281=CARTESIAN_POINT('',(2.75,-7.5,-44.));
#3282=CARTESIAN_POINT('',(-2.75,-7.5,-44.));
#3283=CARTESIAN_POINT('',(-2.75,-7.5,-44.));
#3284=CARTESIAN_POINT('',(-2.75,-7.5,-41.5));
#3285=CARTESIAN_POINT('',(0.,-7.5,-41.5));
#3286=CARTESIAN_POINT('',(2.75,-7.5,-41.5));
#3287=CARTESIAN_POINT('',(2.75,-7.5,-41.5));
#3288=CARTESIAN_POINT('',(0.,-7.5,-56.5));
#3289=CARTESIAN_POINT('',(2.75,-7.5,-56.5));
#3290=CARTESIAN_POINT('',(-2.75,-7.5,-56.5));
#3291=CARTESIAN_POINT('',(-2.75,-7.5,-56.5));
#3292=CARTESIAN_POINT('',(-2.75,-7.5,-54.));
#3293=CARTESIAN_POINT('',(0.,-7.5,-54.));
#3294=CARTESIAN_POINT('',(2.75,-7.5,-54.));
#3295=CARTESIAN_POINT('',(2.75,-7.5,-54.));
#3296=CARTESIAN_POINT('',(0.,-7.5,-69.));
#3297=CARTESIAN_POINT('',(2.75,-7.5,-69.));
#3298=CARTESIAN_POINT('',(-2.75,-7.5,-69.));
#3299=CARTESIAN_POINT('',(-2.75,-7.5,-69.));
#3300=CARTESIAN_POINT('',(-2.75,-7.5,-66.5));
#3301=CARTESIAN_POINT('',(0.,-7.5,-66.5));
#3302=CARTESIAN_POINT('',(2.75,-7.5,-66.5));
#3303=CARTESIAN_POINT('',(2.75,-7.5,-66.5));
#3304=CARTESIAN_POINT('',(0.,-7.5,-81.5));
#3305=CARTESIAN_POINT('',(2.75,-7.5,-81.5));
#3306=CARTESIAN_POINT('',(-2.75,-7.5,-81.5));
#3307=CARTESIAN_POINT('',(-2.75,-7.5,-81.5));
#3308=CARTESIAN_POINT('',(-2.75,-7.5,-79.));
#3309=CARTESIAN_POINT('',(0.,-7.5,-79.));
#3310=CARTESIAN_POINT('',(2.75,-7.5,-79.));
#3311=CARTESIAN_POINT('',(2.75,-7.5,-79.));
#3312=CARTESIAN_POINT('',(0.,-7.5,-94.));
#3313=CARTESIAN_POINT('',(2.75,-7.5,-94.));
#3314=CARTESIAN_POINT('',(-2.75,-7.5,-94.));
#3315=CARTESIAN_POINT('',(-2.75,-7.5,-94.));
#3316=CARTESIAN_POINT('',(-2.75,-7.5,-91.5));
#3317=CARTESIAN_POINT('',(0.,-7.5,-91.5));
#3318=CARTESIAN_POINT('',(2.75,-7.5,-91.5));
#3319=CARTESIAN_POINT('',(2.75,-7.5,-91.5));
#3320=CARTESIAN_POINT('',(0.,-7.5,-106.5));
#3321=CARTESIAN_POINT('',(2.75,-7.5,-106.5));
#3322=CARTESIAN_POINT('',(-2.75,-7.5,-106.5));
#3323=CARTESIAN_POINT('',(-2.75,-7.5,-106.5));
#3324=CARTESIAN_POINT('',(-2.75,-7.5,-104.));
#3325=CARTESIAN_POINT('',(0.,-7.5,-104.));
#3326=CARTESIAN_POINT('',(2.75,-7.5,-104.));
#3327=CARTESIAN_POINT('',(2.75,-7.5,-104.));
#3328=CARTESIAN_POINT('',(0.,-7.5,-119.));
#3329=CARTESIAN_POINT('',(2.75,-7.5,-119.));
#3330=CARTESIAN_POINT('',(-2.75,-7.5,-119.));
#3331=CARTESIAN_POINT('',(-2.75,-7.5,-119.));
#3332=CARTESIAN_POINT('',(-2.75,-7.5,-116.5));
#3333=CARTESIAN_POINT('',(0.,-7.5,-116.5));
#3334=CARTESIAN_POINT('',(2.75,-7.5,-116.5));
#3335=CARTESIAN_POINT('',(2.75,-7.5,-116.5));
#3336=CARTESIAN_POINT('',(0.,-7.5,-131.5));
#3337=CARTESIAN_POINT('',(2.75,-7.5,-131.5));
#3338=CARTESIAN_POINT('',(-2.75,-7.5,-131.5));
#3339=CARTESIAN_POINT('',(-2.75,-7.5,-131.5));
#3340=CARTESIAN_POINT('',(-2.75,-7.5,-129.));
#3341=CARTESIAN_POINT('',(0.,-7.5,-129.));
#3342=CARTESIAN_POINT('',(2.75,-7.5,-129.));
#3343=CARTESIAN_POINT('',(2.75,-7.5,-129.));
#3344=CARTESIAN_POINT('',(0.,-7.5,-144.));
#3345=CARTESIAN_POINT('',(2.75,-7.5,-144.));
#3346=CARTESIAN_POINT('',(-2.75,-7.5,-144.));
#3347=CARTESIAN_POINT('',(-2.75,-7.5,-144.));
#3348=CARTESIAN_POINT('',(-2.75,-7.5,-141.5));
#3349=CARTESIAN_POINT('',(0.,-7.5,-141.5));
#3350=CARTESIAN_POINT('',(2.75,-7.5,-141.5));
#3351=CARTESIAN_POINT('',(2.75,-7.5,-141.5));
#3352=CARTESIAN_POINT('',(0.,-7.5,-156.5));
#3353=CARTESIAN_POINT('',(2.75,-7.5,-156.5));
#3354=CARTESIAN_POINT('',(-2.75,-7.5,-156.5));
#3355=CARTESIAN_POINT('',(-2.75,-7.5,-156.5));
#3356=CARTESIAN_POINT('',(-2.75,-7.5,-154.));
#3357=CARTESIAN_POINT('',(0.,-7.5,-154.));
#3358=CARTESIAN_POINT('',(2.75,-7.5,-154.));
#3359=CARTESIAN_POINT('',(2.75,-7.5,-154.));
#3360=CARTESIAN_POINT('',(0.,-7.5,-169.));
#3361=CARTESIAN_POINT('',(2.75,-7.5,-169.));
#3362=CARTESIAN_POINT('',(-2.75,-7.5,-169.));
#3363=CARTESIAN_POINT('',(-2.75,-7.5,-169.));
#3364=CARTESIAN_POINT('',(-2.75,-7.5,-166.5));
#3365=CARTESIAN_POINT('',(0.,-7.5,-166.5));
#3366=CARTESIAN_POINT('',(2.75,-7.5,-166.5));
#3367=CARTESIAN_POINT('',(2.75,-7.5,-166.5));
#3368=CARTESIAN_POINT('',(0.,-7.5,-181.5));
#3369=CARTESIAN_POINT('',(2.75,-7.5,-181.5));
#3370=CARTESIAN_POINT('',(-2.75,-7.5,-181.5));
#3371=CARTESIAN_POINT('',(-2.75,-7.5,-181.5));
#3372=CARTESIAN_POINT('',(-2.75,-7.5,-179.));
#3373=CARTESIAN_POINT('',(0.,-7.5,-179.));
#3374=CARTESIAN_POINT('',(2.75,-7.5,-179.));
#3375=CARTESIAN_POINT('',(2.75,-7.5,-179.));
#3376=CARTESIAN_POINT('',(0.,-7.5,-194.));
#3377=CARTESIAN_POINT('',(2.75,-7.5,-194.));
#3378=CARTESIAN_POINT('',(-2.75,-7.5,-194.));
#3379=CARTESIAN_POINT('',(-2.75,-7.5,-194.));
#3380=CARTESIAN_POINT('',(-2.75,-7.5,-191.5));
#3381=CARTESIAN_POINT('',(0.,-7.5,-191.5));
#3382=CARTESIAN_POINT('',(2.75,-7.5,-191.5));
#3383=CARTESIAN_POINT('',(2.75,-7.5,-191.5));
#3384=CARTESIAN_POINT('',(0.,-7.5,-206.5));
#3385=CARTESIAN_POINT('',(2.75,-7.5,-206.5));
#3386=CARTESIAN_POINT('',(-2.75,-7.5,-206.5));
#3387=CARTESIAN_POINT('',(-2.75,-7.5,-206.5));
#3388=CARTESIAN_POINT('',(-2.75,-7.5,-204.));
#3389=CARTESIAN_POINT('',(0.,-7.5,-204.));
#3390=CARTESIAN_POINT('',(2.75,-7.5,-204.));
#3391=CARTESIAN_POINT('',(2.75,-7.5,-204.));
#3392=CARTESIAN_POINT('',(0.,-7.5,-219.));
#3393=CARTESIAN_POINT('',(2.75,-7.5,-219.));
#3394=CARTESIAN_POINT('',(-2.75,-7.5,-219.));
#3395=CARTESIAN_POINT('',(-2.75,-7.5,-219.));
#3396=CARTESIAN_POINT('',(-2.75,-7.5,-216.5));
#3397=CARTESIAN_POINT('',(0.,-7.5,-216.5));
#3398=CARTESIAN_POINT('',(2.75,-7.5,-216.5));
#3399=CARTESIAN_POINT('',(2.75,-7.5,-216.5));
#3400=CARTESIAN_POINT('',(0.,-7.5,-231.5));
#3401=CARTESIAN_POINT('',(2.75,-7.5,-231.5));
#3402=CARTESIAN_POINT('',(-2.75,-7.5,-231.5));
#3403=CARTESIAN_POINT('',(-2.75,-7.5,-231.5));
#3404=CARTESIAN_POINT('',(-2.75,-7.5,-229.));
#3405=CARTESIAN_POINT('',(0.,-7.5,-229.));
#3406=CARTESIAN_POINT('',(2.75,-7.5,-229.));
#3407=CARTESIAN_POINT('',(2.75,-7.5,-229.));
#3408=CARTESIAN_POINT('',(0.,-7.5,-244.));
#3409=CARTESIAN_POINT('',(2.75,-7.5,-244.));
#3410=CARTESIAN_POINT('',(-2.75,-7.5,-244.));
#3411=CARTESIAN_POINT('',(-2.75,-7.5,-244.));
#3412=CARTESIAN_POINT('',(-2.75,-7.5,-241.5));
#3413=CARTESIAN_POINT('',(0.,-7.5,-241.5));
#3414=CARTESIAN_POINT('',(2.75,-7.5,-241.5));
#3415=CARTESIAN_POINT('',(2.75,-7.5,-241.5));
#3416=CARTESIAN_POINT('',(0.,-7.5,-6.5));
#3417=CARTESIAN_POINT('',(2.75,-7.5,-6.50000000000001));
#3418=CARTESIAN_POINT('',(-2.75,-7.5,-6.5));
#3419=CARTESIAN_POINT('',(-2.75,-7.5,-6.5));
#3420=CARTESIAN_POINT('',(-2.75,-7.5,-4.));
#3421=CARTESIAN_POINT('',(0.,-7.5,-4.));
#3422=CARTESIAN_POINT('',(2.75,-7.5,-4.));
#3423=CARTESIAN_POINT('',(2.75,-7.5,-4.));
#3424=CARTESIAN_POINT('',(15.5000000000001,-7.5,-248.));
#3425=CARTESIAN_POINT('',(15.5000000000001,-7.5,-248.));
#3426=CARTESIAN_POINT('',(15.5000000000001,-6.50000000000008,-248.));
#3427=CARTESIAN_POINT('',(15.5000000000001,-6.50000000000008,-248.));
#3428=CARTESIAN_POINT('',(13.7499999999999,-5.,-248.));
#3429=CARTESIAN_POINT('',(13.7499999999999,-5.,-248.));
#3430=CARTESIAN_POINT('',(13.7499999999999,-1.4,-248.));
#3431=CARTESIAN_POINT('',(13.7499999999999,-1.4,-248.));
#3432=CARTESIAN_POINT('',(17.5000000000001,0.,-248.));
#3433=CARTESIAN_POINT('',(17.3000000000001,0.,-248.));
#3434=CARTESIAN_POINT('',(12.5,0.,-248.));
#3435=CARTESIAN_POINT('',(12.5,0.,-248.));
#3436=CARTESIAN_POINT('',(12.5,-2.89999999999998,-248.));
#3437=CARTESIAN_POINT('',(12.5,-2.89999999999998,-248.));
#3438=CARTESIAN_POINT('',(11.9,-3.5,-248.));
#3439=CARTESIAN_POINT('',(11.9,-3.5,-248.));
#3440=CARTESIAN_POINT('',(11.9,-4.5,-248.));
#3441=CARTESIAN_POINT('',(11.9,-4.5,-248.));
#3442=CARTESIAN_POINT('',(10.8999999999999,-5.5,-248.));
#3443=CARTESIAN_POINT('',(10.8999999999999,-5.5,-248.));
#3444=CARTESIAN_POINT('',(0.,-5.5,-19.));
#3445=CARTESIAN_POINT('',(2.75,-5.5,-19.));
#3446=CARTESIAN_POINT('',(-2.75,-5.5,-19.));
#3447=CARTESIAN_POINT('',(2.75,-5.5,-248.));
#3448=CARTESIAN_POINT('',(2.75,-5.5,-16.5));
#3449=CARTESIAN_POINT('',(0.,-5.5,-16.5));
#3450=CARTESIAN_POINT('',(-2.75,-5.5,-16.5));
#3451=CARTESIAN_POINT('',(-2.75,-5.5,-248.));
#3452=CARTESIAN_POINT('',(0.,-5.5,-31.5));
#3453=CARTESIAN_POINT('',(2.75,-5.5,-31.5));
#3454=CARTESIAN_POINT('',(-2.75,-5.5,-31.5));
#3455=CARTESIAN_POINT('',(2.75,-5.5,-248.));
#3456=CARTESIAN_POINT('',(2.75,-5.5,-29.));
#3457=CARTESIAN_POINT('',(0.,-5.5,-29.));
#3458=CARTESIAN_POINT('',(-2.75,-5.5,-29.));
#3459=CARTESIAN_POINT('',(-2.75,-5.5,-248.));
#3460=CARTESIAN_POINT('',(0.,-5.5,-44.));
#3461=CARTESIAN_POINT('',(2.75,-5.5,-44.));
#3462=CARTESIAN_POINT('',(-2.75,-5.5,-44.));
#3463=CARTESIAN_POINT('',(2.75,-5.5,-248.));
#3464=CARTESIAN_POINT('',(2.75,-5.5,-41.5));
#3465=CARTESIAN_POINT('',(0.,-5.5,-41.5));
#3466=CARTESIAN_POINT('',(-2.75,-5.5,-41.5));
#3467=CARTESIAN_POINT('',(-2.75,-5.5,-248.));
#3468=CARTESIAN_POINT('',(0.,-5.5,-56.5));
#3469=CARTESIAN_POINT('',(2.75,-5.5,-56.5));
#3470=CARTESIAN_POINT('',(-2.75,-5.5,-56.5));
#3471=CARTESIAN_POINT('',(2.75,-5.5,-248.));
#3472=CARTESIAN_POINT('',(2.75,-5.5,-54.));
#3473=CARTESIAN_POINT('',(0.,-5.5,-54.));
#3474=CARTESIAN_POINT('',(-2.75,-5.5,-54.));
#3475=CARTESIAN_POINT('',(-2.75,-5.5,-248.));
#3476=CARTESIAN_POINT('',(0.,-5.5,-69.));
#3477=CARTESIAN_POINT('',(2.75,-5.5,-69.));
#3478=CARTESIAN_POINT('',(-2.75,-5.5,-69.));
#3479=CARTESIAN_POINT('',(2.75,-5.5,-248.));
#3480=CARTESIAN_POINT('',(2.75,-5.5,-66.5));
#3481=CARTESIAN_POINT('',(0.,-5.5,-66.5));
#3482=CARTESIAN_POINT('',(-2.75,-5.5,-66.5));
#3483=CARTESIAN_POINT('',(-2.75,-5.5,-248.));
#3484=CARTESIAN_POINT('',(0.,-5.5,-81.5));
#3485=CARTESIAN_POINT('',(2.75,-5.5,-81.5));
#3486=CARTESIAN_POINT('',(-2.75,-5.5,-81.5));
#3487=CARTESIAN_POINT('',(2.75,-5.5,-248.));
#3488=CARTESIAN_POINT('',(2.75,-5.5,-79.));
#3489=CARTESIAN_POINT('',(0.,-5.5,-79.));
#3490=CARTESIAN_POINT('',(-2.75,-5.5,-79.));
#3491=CARTESIAN_POINT('',(-2.75,-5.5,-248.));
#3492=CARTESIAN_POINT('',(0.,-5.5,-94.));
#3493=CARTESIAN_POINT('',(2.75,-5.5,-94.));
#3494=CARTESIAN_POINT('',(-2.75,-5.5,-94.));
#3495=CARTESIAN_POINT('',(2.75,-5.5,-248.));
#3496=CARTESIAN_POINT('',(2.75,-5.5,-91.5));
#3497=CARTESIAN_POINT('',(0.,-5.5,-91.5));
#3498=CARTESIAN_POINT('',(-2.75,-5.5,-91.5));
#3499=CARTESIAN_POINT('',(-2.75,-5.5,-248.));
#3500=CARTESIAN_POINT('',(0.,-5.5,-106.5));
#3501=CARTESIAN_POINT('',(2.75,-5.5,-106.5));
#3502=CARTESIAN_POINT('',(-2.75,-5.5,-106.5));
#3503=CARTESIAN_POINT('',(2.75,-5.5,-248.));
#3504=CARTESIAN_POINT('',(2.75,-5.5,-104.));
#3505=CARTESIAN_POINT('',(0.,-5.5,-104.));
#3506=CARTESIAN_POINT('',(-2.75,-5.5,-104.));
#3507=CARTESIAN_POINT('',(-2.75,-5.5,-248.));
#3508=CARTESIAN_POINT('',(0.,-5.5,-119.));
#3509=CARTESIAN_POINT('',(2.75,-5.5,-119.));
#3510=CARTESIAN_POINT('',(-2.75,-5.5,-119.));
#3511=CARTESIAN_POINT('',(2.75,-5.5,-248.));
#3512=CARTESIAN_POINT('',(2.75,-5.5,-116.5));
#3513=CARTESIAN_POINT('',(0.,-5.5,-116.5));
#3514=CARTESIAN_POINT('',(-2.75,-5.5,-116.5));
#3515=CARTESIAN_POINT('',(-2.75,-5.5,-248.));
#3516=CARTESIAN_POINT('',(0.,-5.5,-131.5));
#3517=CARTESIAN_POINT('',(2.75,-5.5,-131.5));
#3518=CARTESIAN_POINT('',(-2.75,-5.5,-131.5));
#3519=CARTESIAN_POINT('',(2.75,-5.5,-248.));
#3520=CARTESIAN_POINT('',(2.75,-5.5,-129.));
#3521=CARTESIAN_POINT('',(0.,-5.5,-129.));
#3522=CARTESIAN_POINT('',(-2.75,-5.5,-129.));
#3523=CARTESIAN_POINT('',(-2.75,-5.5,-248.));
#3524=CARTESIAN_POINT('',(0.,-5.5,-144.));
#3525=CARTESIAN_POINT('',(2.75,-5.5,-144.));
#3526=CARTESIAN_POINT('',(-2.75,-5.5,-144.));
#3527=CARTESIAN_POINT('',(2.75,-5.5,-248.));
#3528=CARTESIAN_POINT('',(2.75,-5.5,-141.5));
#3529=CARTESIAN_POINT('',(0.,-5.5,-141.5));
#3530=CARTESIAN_POINT('',(-2.75,-5.5,-141.5));
#3531=CARTESIAN_POINT('',(-2.75,-5.5,-248.));
#3532=CARTESIAN_POINT('',(0.,-5.5,-156.5));
#3533=CARTESIAN_POINT('',(2.75,-5.5,-156.5));
#3534=CARTESIAN_POINT('',(-2.75,-5.5,-156.5));
#3535=CARTESIAN_POINT('',(2.75,-5.5,-248.));
#3536=CARTESIAN_POINT('',(2.75,-5.5,-154.));
#3537=CARTESIAN_POINT('',(0.,-5.5,-154.));
#3538=CARTESIAN_POINT('',(-2.75,-5.5,-154.));
#3539=CARTESIAN_POINT('',(-2.75,-5.5,-248.));
#3540=CARTESIAN_POINT('',(0.,-5.5,-169.));
#3541=CARTESIAN_POINT('',(2.75,-5.5,-169.));
#3542=CARTESIAN_POINT('',(-2.75,-5.5,-169.));
#3543=CARTESIAN_POINT('',(2.75,-5.5,-248.));
#3544=CARTESIAN_POINT('',(2.75,-5.5,-166.5));
#3545=CARTESIAN_POINT('',(0.,-5.5,-166.5));
#3546=CARTESIAN_POINT('',(-2.75,-5.5,-166.5));
#3547=CARTESIAN_POINT('',(-2.75,-5.5,-248.));
#3548=CARTESIAN_POINT('',(0.,-5.5,-181.5));
#3549=CARTESIAN_POINT('',(2.75,-5.5,-181.5));
#3550=CARTESIAN_POINT('',(-2.75,-5.5,-181.5));
#3551=CARTESIAN_POINT('',(2.75,-5.5,-248.));
#3552=CARTESIAN_POINT('',(2.75,-5.5,-179.));
#3553=CARTESIAN_POINT('',(0.,-5.5,-179.));
#3554=CARTESIAN_POINT('',(-2.75,-5.5,-179.));
#3555=CARTESIAN_POINT('',(-2.75,-5.5,-248.));
#3556=CARTESIAN_POINT('',(0.,-5.5,-194.));
#3557=CARTESIAN_POINT('',(2.75,-5.5,-194.));
#3558=CARTESIAN_POINT('',(-2.75,-5.5,-194.));
#3559=CARTESIAN_POINT('',(2.75,-5.5,-248.));
#3560=CARTESIAN_POINT('',(2.75,-5.5,-191.5));
#3561=CARTESIAN_POINT('',(0.,-5.5,-191.5));
#3562=CARTESIAN_POINT('',(-2.75,-5.5,-191.5));
#3563=CARTESIAN_POINT('',(-2.75,-5.5,-248.));
#3564=CARTESIAN_POINT('',(0.,-5.5,-206.5));
#3565=CARTESIAN_POINT('',(2.75,-5.5,-206.5));
#3566=CARTESIAN_POINT('',(-2.75,-5.5,-206.5));
#3567=CARTESIAN_POINT('',(2.75,-5.5,-248.));
#3568=CARTESIAN_POINT('',(2.75,-5.5,-204.));
#3569=CARTESIAN_POINT('',(0.,-5.5,-204.));
#3570=CARTESIAN_POINT('',(-2.75,-5.5,-204.));
#3571=CARTESIAN_POINT('',(-2.75,-5.5,-248.));
#3572=CARTESIAN_POINT('',(0.,-5.5,-219.));
#3573=CARTESIAN_POINT('',(2.75,-5.5,-219.));
#3574=CARTESIAN_POINT('',(-2.75,-5.5,-219.));
#3575=CARTESIAN_POINT('',(2.75,-5.5,-248.));
#3576=CARTESIAN_POINT('',(2.75,-5.5,-216.5));
#3577=CARTESIAN_POINT('',(0.,-5.5,-216.5));
#3578=CARTESIAN_POINT('',(-2.75,-5.5,-216.5));
#3579=CARTESIAN_POINT('',(-2.75,-5.5,-248.));
#3580=CARTESIAN_POINT('',(0.,-5.5,-231.5));
#3581=CARTESIAN_POINT('',(2.75,-5.5,-231.5));
#3582=CARTESIAN_POINT('',(-2.75,-5.5,-231.5));
#3583=CARTESIAN_POINT('',(2.75,-5.5,-248.));
#3584=CARTESIAN_POINT('',(2.75,-5.5,-229.));
#3585=CARTESIAN_POINT('',(0.,-5.5,-229.));
#3586=CARTESIAN_POINT('',(-2.75,-5.5,-229.));
#3587=CARTESIAN_POINT('',(-2.75,-5.5,-248.));
#3588=CARTESIAN_POINT('',(0.,-5.5,-244.));
#3589=CARTESIAN_POINT('',(2.75,-5.5,-244.));
#3590=CARTESIAN_POINT('',(-2.75,-5.5,-244.));
#3591=CARTESIAN_POINT('',(2.75,-5.5,-248.));
#3592=CARTESIAN_POINT('',(2.75,-5.5,-241.5));
#3593=CARTESIAN_POINT('',(0.,-5.5,-241.5));
#3594=CARTESIAN_POINT('',(-2.75,-5.5,-241.5));
#3595=CARTESIAN_POINT('',(-2.75,-5.5,-248.));
#3596=CARTESIAN_POINT('',(0.,-5.5,-6.5));
#3597=CARTESIAN_POINT('',(2.75,-5.5,-6.5));
#3598=CARTESIAN_POINT('',(-2.75,-5.5,-6.5));
#3599=CARTESIAN_POINT('',(2.75,-5.5,-248.));
#3600=CARTESIAN_POINT('',(2.75,-5.5,-4.));
#3601=CARTESIAN_POINT('',(0.,-5.5,-4.));
#3602=CARTESIAN_POINT('',(-2.75,-5.5,-4.));
#3603=CARTESIAN_POINT('',(-2.75,-5.5,-248.));
#3604=CARTESIAN_POINT('',(-10.8999999999999,-5.5,-248.));
#3605=CARTESIAN_POINT('',(-10.8999999999999,-5.5,-248.));
#3606=CARTESIAN_POINT('',(-11.9,-4.5,-248.));
#3607=CARTESIAN_POINT('',(-11.9,-4.5,-248.));
#3608=CARTESIAN_POINT('',(-11.9,-3.5,-248.));
#3609=CARTESIAN_POINT('',(-11.9,-3.5,-248.));
#3610=CARTESIAN_POINT('',(-12.5,-2.89999999999998,-248.));
#3611=CARTESIAN_POINT('',(-12.5,-2.89999999999998,-248.));
#3612=CARTESIAN_POINT('',(17.1500000000001,-0.650000000000005,-248.));
#3613=CARTESIAN_POINT('',(17.3000000000001,-0.199999999999998,-248.));
#3614=CARTESIAN_POINT('',(-17.3000000000001,-0.200000000000003,-248.));
#3615=CARTESIAN_POINT('',(-17.1500000000001,-0.650000000000005,-248.));
#3616=CARTESIAN_POINT('',(0.,-7.5,-6.5));
#3617=CARTESIAN_POINT('',(-2.75,-7.5,-6.5));
#3618=CARTESIAN_POINT('',(2.75,-7.5,-6.5));
#3619=CARTESIAN_POINT('',(-2.75,-7.5,-6.5));
#3620=CARTESIAN_POINT('',(-2.75,-7.5,-4.));
#3621=CARTESIAN_POINT('',(0.,-7.5,-4.));
#3622=CARTESIAN_POINT('',(2.75,-7.5,-4.));
#3623=CARTESIAN_POINT('',(2.75,-7.5,-4.));
#3624=CARTESIAN_POINT('',(0.,-7.5,-244.));
#3625=CARTESIAN_POINT('',(-2.75,-7.5,-244.));
#3626=CARTESIAN_POINT('',(2.75,-7.5,-244.));
#3627=CARTESIAN_POINT('',(-2.75,-7.5,-244.));
#3628=CARTESIAN_POINT('',(-2.75,-7.5,-241.5));
#3629=CARTESIAN_POINT('',(0.,-7.5,-241.5));
#3630=CARTESIAN_POINT('',(2.75,-7.5,-241.5));
#3631=CARTESIAN_POINT('',(2.75,-7.5,-241.5));
#3632=CARTESIAN_POINT('',(0.,-7.5,-231.5));
#3633=CARTESIAN_POINT('',(-2.75,-7.5,-231.5));
#3634=CARTESIAN_POINT('',(2.75,-7.5,-231.5));
#3635=CARTESIAN_POINT('',(-2.75,-7.5,-231.5));
#3636=CARTESIAN_POINT('',(-2.75,-7.5,-229.));
#3637=CARTESIAN_POINT('',(0.,-7.5,-229.));
#3638=CARTESIAN_POINT('',(2.75,-7.5,-229.));
#3639=CARTESIAN_POINT('',(2.75,-7.5,-229.));
#3640=CARTESIAN_POINT('',(0.,-7.5,-219.));
#3641=CARTESIAN_POINT('',(-2.75,-7.5,-219.));
#3642=CARTESIAN_POINT('',(2.75,-7.5,-219.));
#3643=CARTESIAN_POINT('',(-2.75,-7.5,-219.));
#3644=CARTESIAN_POINT('',(-2.75,-7.5,-216.5));
#3645=CARTESIAN_POINT('',(0.,-7.5,-216.5));
#3646=CARTESIAN_POINT('',(2.75,-7.5,-216.5));
#3647=CARTESIAN_POINT('',(2.75,-7.5,-216.5));
#3648=CARTESIAN_POINT('',(0.,-7.5,-206.5));
#3649=CARTESIAN_POINT('',(-2.75,-7.5,-206.5));
#3650=CARTESIAN_POINT('',(2.75,-7.5,-206.5));
#3651=CARTESIAN_POINT('',(-2.75,-7.5,-206.5));
#3652=CARTESIAN_POINT('',(-2.75,-7.5,-204.));
#3653=CARTESIAN_POINT('',(0.,-7.5,-204.));
#3654=CARTESIAN_POINT('',(2.75,-7.5,-204.));
#3655=CARTESIAN_POINT('',(2.75,-7.5,-204.));
#3656=CARTESIAN_POINT('',(0.,-7.5,-194.));
#3657=CARTESIAN_POINT('',(-2.75,-7.5,-194.));
#3658=CARTESIAN_POINT('',(2.75,-7.5,-194.));
#3659=CARTESIAN_POINT('',(-2.75,-7.5,-194.));
#3660=CARTESIAN_POINT('',(-2.75,-7.5,-191.5));
#3661=CARTESIAN_POINT('',(0.,-7.5,-191.5));
#3662=CARTESIAN_POINT('',(2.75,-7.5,-191.5));
#3663=CARTESIAN_POINT('',(2.75,-7.5,-191.5));
#3664=CARTESIAN_POINT('',(0.,-7.5,-181.5));
#3665=CARTESIAN_POINT('',(-2.75,-7.5,-181.5));
#3666=CARTESIAN_POINT('',(2.75,-7.5,-181.5));
#3667=CARTESIAN_POINT('',(-2.75,-7.5,-181.5));
#3668=CARTESIAN_POINT('',(-2.75,-7.5,-179.));
#3669=CARTESIAN_POINT('',(0.,-7.5,-179.));
#3670=CARTESIAN_POINT('',(2.75,-7.5,-179.));
#3671=CARTESIAN_POINT('',(2.75,-7.5,-179.));
#3672=CARTESIAN_POINT('',(0.,-7.5,-169.));
#3673=CARTESIAN_POINT('',(-2.75,-7.5,-169.));
#3674=CARTESIAN_POINT('',(2.75,-7.5,-169.));
#3675=CARTESIAN_POINT('',(-2.75,-7.5,-169.));
#3676=CARTESIAN_POINT('',(-2.75,-7.5,-166.5));
#3677=CARTESIAN_POINT('',(0.,-7.5,-166.5));
#3678=CARTESIAN_POINT('',(2.75,-7.5,-166.5));
#3679=CARTESIAN_POINT('',(2.75,-7.5,-166.5));
#3680=CARTESIAN_POINT('',(0.,-7.5,-156.5));
#3681=CARTESIAN_POINT('',(-2.75,-7.5,-156.5));
#3682=CARTESIAN_POINT('',(2.75,-7.5,-156.5));
#3683=CARTESIAN_POINT('',(-2.75,-7.5,-156.5));
#3684=CARTESIAN_POINT('',(-2.75,-7.5,-154.));
#3685=CARTESIAN_POINT('',(0.,-7.5,-154.));
#3686=CARTESIAN_POINT('',(2.75,-7.5,-154.));
#3687=CARTESIAN_POINT('',(2.75,-7.5,-154.));
#3688=CARTESIAN_POINT('',(0.,-7.5,-144.));
#3689=CARTESIAN_POINT('',(-2.75,-7.5,-144.));
#3690=CARTESIAN_POINT('',(2.75,-7.5,-144.));
#3691=CARTESIAN_POINT('',(-2.75,-7.5,-144.));
#3692=CARTESIAN_POINT('',(-2.75,-7.5,-141.5));
#3693=CARTESIAN_POINT('',(0.,-7.5,-141.5));
#3694=CARTESIAN_POINT('',(2.75,-7.5,-141.5));
#3695=CARTESIAN_POINT('',(2.75,-7.5,-141.5));
#3696=CARTESIAN_POINT('',(0.,-7.5,-131.5));
#3697=CARTESIAN_POINT('',(-2.75,-7.5,-131.5));
#3698=CARTESIAN_POINT('',(2.75,-7.5,-131.5));
#3699=CARTESIAN_POINT('',(-2.75,-7.5,-131.5));
#3700=CARTESIAN_POINT('',(-2.75,-7.5,-129.));
#3701=CARTESIAN_POINT('',(0.,-7.5,-129.));
#3702=CARTESIAN_POINT('',(2.75,-7.5,-129.));
#3703=CARTESIAN_POINT('',(2.75,-7.5,-129.));
#3704=CARTESIAN_POINT('',(0.,-7.5,-119.));
#3705=CARTESIAN_POINT('',(-2.75,-7.5,-119.));
#3706=CARTESIAN_POINT('',(2.75,-7.5,-119.));
#3707=CARTESIAN_POINT('',(-2.75,-7.5,-119.));
#3708=CARTESIAN_POINT('',(-2.75,-7.5,-116.5));
#3709=CARTESIAN_POINT('',(0.,-7.5,-116.5));
#3710=CARTESIAN_POINT('',(2.75,-7.5,-116.5));
#3711=CARTESIAN_POINT('',(2.75,-7.5,-116.5));
#3712=CARTESIAN_POINT('',(0.,-7.5,-106.5));
#3713=CARTESIAN_POINT('',(-2.75,-7.5,-106.5));
#3714=CARTESIAN_POINT('',(2.75,-7.5,-106.5));
#3715=CARTESIAN_POINT('',(-2.75,-7.5,-106.5));
#3716=CARTESIAN_POINT('',(-2.75,-7.5,-104.));
#3717=CARTESIAN_POINT('',(0.,-7.5,-104.));
#3718=CARTESIAN_POINT('',(2.75,-7.5,-104.));
#3719=CARTESIAN_POINT('',(2.75,-7.5,-104.));
#3720=CARTESIAN_POINT('',(0.,-7.5,-94.));
#3721=CARTESIAN_POINT('',(-2.75,-7.5,-94.));
#3722=CARTESIAN_POINT('',(2.75,-7.5,-94.));
#3723=CARTESIAN_POINT('',(-2.75,-7.5,-94.));
#3724=CARTESIAN_POINT('',(-2.75,-7.5,-91.5));
#3725=CARTESIAN_POINT('',(0.,-7.5,-91.5));
#3726=CARTESIAN_POINT('',(2.75,-7.5,-91.5));
#3727=CARTESIAN_POINT('',(2.75,-7.5,-91.5));
#3728=CARTESIAN_POINT('',(0.,-7.5,-81.5));
#3729=CARTESIAN_POINT('',(-2.75,-7.5,-81.5));
#3730=CARTESIAN_POINT('',(2.75,-7.5,-81.5));
#3731=CARTESIAN_POINT('',(-2.75,-7.5,-81.5));
#3732=CARTESIAN_POINT('',(-2.75,-7.5,-79.));
#3733=CARTESIAN_POINT('',(0.,-7.5,-79.));
#3734=CARTESIAN_POINT('',(2.75,-7.5,-79.));
#3735=CARTESIAN_POINT('',(2.75,-7.5,-79.));
#3736=CARTESIAN_POINT('',(0.,-7.5,-69.));
#3737=CARTESIAN_POINT('',(-2.75,-7.5,-69.));
#3738=CARTESIAN_POINT('',(2.75,-7.5,-69.));
#3739=CARTESIAN_POINT('',(-2.75,-7.5,-69.));
#3740=CARTESIAN_POINT('',(-2.75,-7.5,-66.5));
#3741=CARTESIAN_POINT('',(0.,-7.5,-66.5));
#3742=CARTESIAN_POINT('',(2.75,-7.5,-66.5));
#3743=CARTESIAN_POINT('',(2.75,-7.5,-66.5));
#3744=CARTESIAN_POINT('',(0.,-7.5,-56.5));
#3745=CARTESIAN_POINT('',(-2.75,-7.5,-56.5));
#3746=CARTESIAN_POINT('',(2.75,-7.5,-56.5));
#3747=CARTESIAN_POINT('',(-2.75,-7.5,-56.5));
#3748=CARTESIAN_POINT('',(-2.75,-7.5,-54.));
#3749=CARTESIAN_POINT('',(0.,-7.5,-54.));
#3750=CARTESIAN_POINT('',(2.75,-7.5,-54.));
#3751=CARTESIAN_POINT('',(2.75,-7.5,-54.));
#3752=CARTESIAN_POINT('',(0.,-7.5,-44.));
#3753=CARTESIAN_POINT('',(-2.75,-7.5,-44.));
#3754=CARTESIAN_POINT('',(2.75,-7.5,-44.));
#3755=CARTESIAN_POINT('',(-2.75,-7.5,-44.));
#3756=CARTESIAN_POINT('',(-2.75,-7.5,-41.5));
#3757=CARTESIAN_POINT('',(0.,-7.5,-41.5));
#3758=CARTESIAN_POINT('',(2.75,-7.5,-41.5));
#3759=CARTESIAN_POINT('',(2.75,-7.5,-41.5));
#3760=CARTESIAN_POINT('',(0.,-7.5,-31.5));
#3761=CARTESIAN_POINT('',(-2.75,-7.5,-31.5));
#3762=CARTESIAN_POINT('',(2.75,-7.5,-31.5));
#3763=CARTESIAN_POINT('',(-2.75,-7.5,-31.5));
#3764=CARTESIAN_POINT('',(-2.75,-7.5,-29.));
#3765=CARTESIAN_POINT('',(0.,-7.5,-29.));
#3766=CARTESIAN_POINT('',(2.75,-7.5,-29.));
#3767=CARTESIAN_POINT('',(2.75,-7.5,-29.));
#3768=CARTESIAN_POINT('',(0.,-7.5,-19.));
#3769=CARTESIAN_POINT('',(-2.75,-7.5,-19.));
#3770=CARTESIAN_POINT('',(2.75,-7.5,-19.));
#3771=CARTESIAN_POINT('',(-2.75,-7.5,-19.));
#3772=CARTESIAN_POINT('',(-2.75,-7.5,-16.5));
#3773=CARTESIAN_POINT('',(0.,-7.5,-16.5));
#3774=CARTESIAN_POINT('',(2.75,-7.5,-16.5));
#3775=CARTESIAN_POINT('',(2.75,-7.5,-16.5));
#3776=MECHANICAL_DESIGN_GEOMETRIC_PRESENTATION_REPRESENTATION('',(#2281),
#3777);
#3777=(
GEOMETRIC_REPRESENTATION_CONTEXT(3)
GLOBAL_UNCERTAINTY_ASSIGNED_CONTEXT((#3778))
GLOBAL_UNIT_ASSIGNED_CONTEXT((#3781,#3780,#3779))
REPRESENTATION_CONTEXT('VZ1000-11-1-12_JSY3000',
'TOP_LEVEL_ASSEMBLY_PART')
);
#3778=UNCERTAINTY_MEASURE_WITH_UNIT(LENGTH_MEASURE(1.E-5),#3781,
'DISTANCE_ACCURACY_VALUE','Maximum Tolerance applied to model');
#3779=(
NAMED_UNIT(*)
SI_UNIT($,.STERADIAN.)
SOLID_ANGLE_UNIT()
);
#3780=(
NAMED_UNIT(*)
PLANE_ANGLE_UNIT()
SI_UNIT($,.RADIAN.)
);
#3781=(
LENGTH_UNIT()
NAMED_UNIT(*)
SI_UNIT(.MILLI.,.METRE.)
);
#3782=PRODUCT_DEFINITION_SHAPE('','',#3783);
#3783=PRODUCT_DEFINITION('','',#3785,#3784);
#3784=PRODUCT_DEFINITION_CONTEXT('',#3791,'design');
#3785=PRODUCT_DEFINITION_FORMATION_WITH_SPECIFIED_SOURCE('','',#3787,
 .NOT_KNOWN.);
#3786=PRODUCT_RELATED_PRODUCT_CATEGORY('','',(#3787));
#3787=PRODUCT('VZ1000-11-1-12_JSY3000','VZ1000-11-1-12_JSY3000',
'VZ1000-11-1-12_JSY3000',(#3789));
#3788=PRODUCT_CATEGORY('','');
#3789=PRODUCT_CONTEXT('',#3791,'mechanical');
#3790=APPLICATION_PROTOCOL_DEFINITION('international standard',
'ap242_managed_model_based_3d_engineering',2011,#3791);
#3791=APPLICATION_CONTEXT('managed model based 3d engineering');
ENDSEC;
END-ISO-10303-21;
