ISO-10303-21;
HEADER;
FILE_DESCRIPTION (( 'STEP AP203' ),
    '1' );
FILE_NAME ('Wooden Assembly Actual.STEP',
    '2026-03-26T05:35:05',
    ( '' ),
    ( '' ),
    'SwSTEP 2.0',
    'SolidWorks 2024',
    '' );
FILE_SCHEMA (( 'CONFIG_CONTROL_DESIGN' ));
ENDSEC;

DATA;
#1 = LINE ( 'NONE', #3015, #351 ) ;
#2 = DESIGN_CONTEXT ( 'detailed design', #2347, 'design' ) ;
#3 = APPROVAL ( #3301, 'UNKNOWN' ) ;
#4 = ORIENTED_EDGE ( 'NONE', *, *, #399, .T. ) ;
#5 = DIRECTION ( 'NONE',  ( -0.5972064818366789041, 0.8020875376492619946, 0.000000000000000000 ) ) ;
#6 = EDGE_CURVE ( 'NONE', #3169, #2345, #429, .T. ) ;
#7 = FACE_OUTER_BOUND ( 'NONE', #358, .T. ) ;
#8 = LOCAL_TIME ( 22, 35, 5.000000000000000000, #4111 ) ;
#9 = ORIENTED_EDGE ( 'NONE', *, *, #1885, .T. ) ;
#10 = LINE ( 'NONE', #981, #90 ) ;
#11 = PERSON_AND_ORGANIZATION_ROLE ( 'creator' ) ;
#12 = CARTESIAN_POINT ( 'NONE',  ( 32.99999999999998579, 100.6250000000000000, -12.00000000000005151 ) ) ;
#13 = ORIENTED_EDGE ( 'NONE', *, *, #538, .F. ) ;
#14 = LINE ( 'NONE', #300, #3563 ) ;
#15 = DATE_AND_TIME ( #3474, #4289 ) ;
#16 = ORIENTED_EDGE ( 'NONE', *, *, #499, .F. ) ;
#17 = LINE ( 'NONE', #1716, #1584 ) ;
#18 = EDGE_CURVE ( 'NONE', #3253, #2923, #730, .T. ) ;
#19 = ORIENTED_EDGE ( 'NONE', *, *, #1536, .F. ) ;
#20 = CARTESIAN_POINT ( 'NONE',  ( -37.50000000000000711, 1.500000000000000222, -8.500000000000008882 ) ) ;
#21 = COORDINATED_UNIVERSAL_TIME_OFFSET ( 8, 0, .BEHIND. ) ;
#22 = CARTESIAN_POINT ( 'NONE',  ( 35.99999999999999289, 3.499999999999999112, -10.49999999999999822 ) ) ;
#23 = VERTEX_POINT ( 'NONE', #797 ) ;
#24 = LINE ( 'NONE', #3484, #3522 ) ;
#25 = VECTOR ( 'NONE', #1300, 39.37007874015748854 ) ;
#26 = CARTESIAN_POINT ( 'NONE',  ( 36.00000000000000000, 97.50000000000001421, 12.00000000000000355 ) ) ;
#27 = CC_DESIGN_PERSON_AND_ORGANIZATION_ASSIGNMENT ( #1531, #2915, ( #2444 ) ) ;
#28 = EDGE_CURVE ( 'NONE', #3161, #1456, #2103, .T. ) ;
#29 = VECTOR ( 'NONE', #3408, 39.37007874015748143 ) ;
#30 = CC_DESIGN_PERSON_AND_ORGANIZATION_ASSIGNMENT ( #355, #1035, ( #3709 ) ) ;
#31 = DIRECTION ( 'NONE',  ( -0.000000000000000000, -0.000000000000000000, 1.000000000000000000 ) ) ;
#32 = ORIENTED_EDGE ( 'NONE', *, *, #1884, .F. ) ;
#33 = DIRECTION ( 'NONE',  ( 1.000000000000000000, 0.000000000000000000, -1.274862397043323821E-15 ) ) ;
#34 = SHAPE_REPRESENTATION_RELATIONSHIP ( 'NONE' , 'NONE' ,  #1842, #1730 ) ;
#35 = PERSON_AND_ORGANIZATION ( #3496, #2467 ) ;
#36 = ORIENTED_EDGE ( 'NONE', *, *, #2857, .F. ) ;
#37 = DIRECTION ( 'NONE',  ( -0.000000000000000000, -1.000000000000000000, -0.000000000000000000 ) ) ;
#38 = ORIENTED_EDGE ( 'NONE', *, *, #4357, .F. ) ;
#39 =( REPRESENTATION_RELATIONSHIP ('NONE','NONE', #989, #3394 ) REPRESENTATION_RELATIONSHIP_WITH_TRANSFORMATION ( #2991 )SHAPE_REPRESENTATION_RELATIONSHIP( ) );
#40 = CC_DESIGN_APPROVAL ( #860, ( #4288 ) ) ;
#41 = CC_DESIGN_APPROVAL ( #2587, ( #3709 ) ) ;
#42 = LINE ( 'NONE', #2811, #2337 ) ;
#43 = ORGANIZATION ( 'NAUO-ORG10', 'UNSPECIFIED', 'UNSPECIFIED' ) ;
#44 = DATE_TIME_ROLE ( 'classification_date' ) ;
#45 = LINE ( 'NONE', #791, #858 ) ;
#46 = LOCAL_TIME ( 22, 35, 5.000000000000000000, #4044 ) ;
#47 = ORIENTED_EDGE ( 'NONE', *, *, #1823, .F. ) ;
#48 = FACE_OUTER_BOUND ( 'NONE', #4200, .T. ) ;
#49 = DIRECTION ( 'NONE',  ( -0.000000000000000000, -1.000000000000000000, -0.000000000000000000 ) ) ;
#50 = CARTESIAN_POINT ( 'NONE',  ( -33.00000000000001421, 98.99999999999998579, -12.00000000000000355 ) ) ;
#51 = EDGE_CURVE ( 'NONE', #1806, #395, #3127, .T. ) ;
#52 = ORIENTED_EDGE ( 'NONE', *, *, #2690, .F. ) ;
#53 = CC_DESIGN_DATE_AND_TIME_ASSIGNMENT ( #3591, #496, ( #1139 ) ) ;
#54 = DIRECTION ( 'NONE',  ( 1.000000000000000000, 0.000000000000000000, 0.000000000000000000 ) ) ;
#55 = SECURITY_CLASSIFICATION_LEVEL ( 'unclassified' ) ;
#56 = VERTEX_POINT ( 'NONE', #3832 ) ;
#57 = CARTESIAN_POINT ( 'NONE',  ( 39.97487373415291501, 76.01902961143720461, 12.00000000000000355 ) ) ;
#58 = ORIENTED_EDGE ( 'NONE', *, *, #3008, .F. ) ;
#59 = ADVANCED_FACE ( 'NONE', ( #1162 ), #1112, .F. ) ;
#60 = VECTOR ( 'NONE', #812, 39.37007874015748143 ) ;
#61 = FACE_OUTER_BOUND ( 'NONE', #3568, .T. ) ;
#62 = PERSON_AND_ORGANIZATION ( #3496, #2467 ) ;
#63 = VECTOR ( 'NONE', #3567, 39.37007874015748143 ) ;
#64 = CALENDAR_DATE ( 2026, 25, 3 ) ;
#65 = CARTESIAN_POINT ( 'NONE',  ( 32.99999999999998579, 100.6250000000000000, -12.00000000000005151 ) ) ;
#66 = AXIS2_PLACEMENT_3D ( 'NONE', #1990, #3702, #658 ) ;
#67 = ORIENTED_EDGE ( 'NONE', *, *, #81, .F. ) ;
#68 = ORIENTED_EDGE ( 'NONE', *, *, #1474, .T. ) ;
#69 = ADVANCED_FACE ( 'NONE', ( #1494 ), #817, .F. ) ;
#70 = CARTESIAN_POINT ( 'NONE',  ( 22.75000000000000711, 99.12500000000000000, -12.00000000000001243 ) ) ;
#71 = LENGTH_MEASURE_WITH_UNIT ( LENGTH_MEASURE( 0.02539999999999999897 ), #407 );
#72 = CARTESIAN_POINT ( 'NONE',  ( -27.50000000000001421, 100.6250000000000000, -12.00000000000000355 ) ) ;
#73 = ORIENTED_EDGE ( 'NONE', *, *, #2284, .T. ) ;
#74 = LINE ( 'NONE', #1145, #606 ) ;
#75 = CALENDAR_DATE ( 2026, 25, 3 ) ;
#76 = EDGE_LOOP ( 'NONE', ( #2488, #755, #3842, #901 ) ) ;
#77 = CARTESIAN_POINT ( 'NONE',  ( -27.50000000000001066, 100.6250000000000000, 11.99999999999999822 ) ) ;
#78 = EDGE_LOOP ( 'NONE', ( #1922, #4450, #616, #3629 ) ) ;
#80 = EDGE_CURVE ( 'NONE', #801, #3253, #476, .T. ) ;
#79 = LINE ( 'NONE', #3893, #238 ) ;
#81 = EDGE_CURVE ( 'NONE', #1635, #3696, #24, .T. ) ;
#82 = PERSON_AND_ORGANIZATION ( #3496, #2467 ) ;
#83 = DIRECTION ( 'NONE',  ( 1.000000000000000000, 0.000000000000000000, -0.000000000000000000 ) ) ;
#84 = APPROVAL_STATUS ( 'not_yet_approved' ) ;
#85 = ORIENTED_EDGE ( 'NONE', *, *, #3718, .T. ) ;
#86 = CARTESIAN_POINT ( 'NONE',  ( 27.50000000000001776, 100.6250000000000000, 11.99999999999993783 ) ) ;
#87 = VERTEX_POINT ( 'NONE', #1447 ) ;
#88 = APPROVAL_STATUS ( 'not_yet_approved' ) ;
#89 = ORIENTED_EDGE ( 'NONE', *, *, #3625, .T. ) ;
#90 = VECTOR ( 'NONE', #249, 39.37007874015748143 ) ;
#91 = DIRECTION ( 'NONE',  ( 1.821231995776174986E-16, 0.000000000000000000, 1.000000000000000000 ) ) ;
#92 =( CONVERSION_BASED_UNIT ( 'INCH', #1090 ) LENGTH_UNIT ( ) NAMED_UNIT ( #4339 ) );
#93 = ADVANCED_FACE ( 'NONE', ( #1405 ), #2797, .T. ) ;
#94 = LOCAL_TIME ( 22, 35, 5.000000000000000000, #2307 ) ;
#95 =( REPRESENTATION_RELATIONSHIP ('NONE','NONE', #989, #2295 ) REPRESENTATION_RELATIONSHIP_WITH_TRANSFORMATION ( #2833 )SHAPE_REPRESENTATION_RELATIONSHIP( ) );
#96 = VECTOR ( 'NONE', #3858, 39.37007874015748143 ) ;
#97 = LINE ( 'NONE', #2821, #819 ) ;
#98 = EDGE_LOOP ( 'NONE', ( #2175, #3764, #966, #1939 ) ) ;
#99 = CARTESIAN_POINT ( 'NONE',  ( -37.50000000000000711, 97.50000000000001421, -11.99999999999999822 ) ) ;
#100 = VECTOR ( 'NONE', #4166, 39.37007874015748143 ) ;
#101 = PERSON_AND_ORGANIZATION ( #3496, #2467 ) ;
#102 = DIRECTION ( 'NONE',  ( -0.000000000000000000, -0.000000000000000000, -1.000000000000000000 ) ) ;
#103 = ORIENTED_EDGE ( 'NONE', *, *, #439, .F. ) ;
#104 = VECTOR ( 'NONE', #4277, 39.37007874015748143 ) ;
#105 = ADVANCED_BREP_SHAPE_REPRESENTATION ( '', ( #795, #872, #2426 ), #2858 ) ;
#106 = CARTESIAN_POINT ( 'NONE',  ( 37.50000000000000000, 97.50000000000001421, -8.500000000000008882 ) ) ;
#107 = DATE_AND_TIME ( #3229, #2306 ) ;
#108 = DIRECTION ( 'NONE',  ( 1.000000000000000000, 0.000000000000000000, -0.000000000000000000 ) ) ;
#109 = ORIENTED_EDGE ( 'NONE', *, *, #1633, .T. ) ;
#110 = SECURITY_CLASSIFICATION ( '', '', #3986 ) ;
#111 = FACE_OUTER_BOUND ( 'NONE', #1003, .T. ) ;
#112 = CC_DESIGN_DATE_AND_TIME_ASSIGNMENT ( #1852, #2896, ( #1524 ) ) ;
#113 = ORIENTED_EDGE ( 'NONE', *, *, #2616, .F. ) ;
#114 = CC_DESIGN_DATE_AND_TIME_ASSIGNMENT ( #2240, #2641, ( #1540 ) ) ;
#115 = CC_DESIGN_SECURITY_CLASSIFICATION ( #3010, ( #4468 ) ) ;
#116 = SECURITY_CLASSIFICATION ( '', '', #874 ) ;
#117 = APPROVAL_DATE_TIME ( #3945, #860 ) ;
#118 = CARTESIAN_POINT ( 'NONE',  ( 14.51902961143720283, 96.52512626584707789, 12.00000000000000355 ) ) ;
#119 = AXIS2_PLACEMENT_3D ( 'NONE', #3688, #1577, #3978 ) ;
#120 = CARTESIAN_POINT ( 'NONE',  ( -16.99390334559012317, 98.99999999999998579, 12.00000000000000355 ) ) ;
#121 = DIRECTION ( 'NONE',  ( -1.000000000000000000, 0.000000000000000000, -0.000000000000000000 ) ) ;
#122 = ADVANCED_FACE ( 'NONE', ( #48 ), #1428, .F. ) ;
#123 = VERTEX_POINT ( 'NONE', #541 ) ;
#124 = DIRECTION ( 'NONE',  ( -1.000000000000000000, 0.000000000000000000, 0.000000000000000000 ) ) ;
#125 = COORDINATED_UNIVERSAL_TIME_OFFSET ( 8, 0, .BEHIND. ) ;
#126 = CARTESIAN_POINT ( 'NONE',  ( 37.50000000000000000, 97.50000000000001421, 8.500000000000012434 ) ) ;
#127 = EDGE_CURVE ( 'NONE', #1340, #690, #2926, .T. ) ;
#128 = DIRECTION ( 'NONE',  ( -1.000000000000000000, -0.000000000000000000, -0.000000000000000000 ) ) ;
#129 = PERSON_AND_ORGANIZATION ( #3496, #2467 ) ;
#130 = LINE ( 'NONE', #4256, #642 ) ;
#131 = ITEM_DEFINED_TRANSFORMATION ( 'NONE', 'NONE', #2096,  #2426 ) ;
#132 = VECTOR ( 'NONE', #3283, 39.37007874015748143 ) ;
#133 = ORIENTED_EDGE ( 'NONE', *, *, #3990, .F. ) ;
#134 = DIRECTION ( 'NONE',  ( 0.000000000000000000, 0.000000000000000000, 1.000000000000000000 ) ) ;
#135 = AXIS2_PLACEMENT_3D ( 'NONE', #1694, #3077, #2294 ) ;
#136 = ORIENTED_EDGE ( 'NONE', *, *, #330, .T. ) ;
#137 = VECTOR ( 'NONE', #1079, 39.37007874015748143 ) ;
#138 = SHAPE_DEFINITION_REPRESENTATION ( #2242, #3394 ) ;
#139 = FACE_OUTER_BOUND ( 'NONE', #2785, .T. ) ;
#140 = VECTOR ( 'NONE', #176, 39.37007874015748143 ) ;
#141 = APPROVAL ( #3612, 'UNSPECIFIED' ) ;
#142 = DESIGN_CONTEXT ( 'detailed design', #1801, 'design' ) ;
#143 = LINE ( 'NONE', #1588, #3203 ) ;
#144 = DIRECTION ( 'NONE',  ( 0.000000000000000000, 0.000000000000000000, -1.000000000000000000 ) ) ;
#145 = EDGE_CURVE ( 'NONE', #4050, #3554, #1180, .T. ) ;
#146 = CARTESIAN_POINT ( 'NONE',  ( -16.99390334559012317, 98.99999999999998579, 12.00000000000000355 ) ) ;
#147 = ORIENTED_EDGE ( 'NONE', *, *, #1505, .T. ) ;
#148 = DIRECTION ( 'NONE',  ( -1.274862397043323624E-15, 0.000000000000000000, -1.000000000000000000 ) ) ;
#149 = LOCAL_TIME ( 22, 35, 5.000000000000000000, #2377 ) ;
#150 = COORDINATED_UNIVERSAL_TIME_OFFSET ( 8, 0, .BEHIND. ) ;
#151 = CARTESIAN_POINT ( 'NONE',  ( 0.000000000000000000, 95.49999999999998579, -11.99999999999999822 ) ) ;
#152 = LOCAL_TIME ( 22, 35, 5.000000000000000000, #4210 ) ;
#153 = FACE_OUTER_BOUND ( 'NONE', #446, .T. ) ;
#154 = EDGE_CURVE ( 'NONE', #1811, #1098, #182, .T. ) ;
#155 = COORDINATED_UNIVERSAL_TIME_OFFSET ( 8, 0, .BEHIND. ) ;
#156 = DIRECTION ( 'NONE',  ( 1.000000000000000000, 0.000000000000000000, 0.000000000000000000 ) ) ;
#157 = ORIENTED_EDGE ( 'NONE', *, *, #2354, .F. ) ;
#158 = CARTESIAN_POINT ( 'NONE',  ( -37.50000000000000711, 1.500000000000000222, -11.99999999999999822 ) ) ;
#159 = ORIENTED_EDGE ( 'NONE', *, *, #4162, .T. ) ;
#160 = SECURITY_CLASSIFICATION_LEVEL ( 'unclassified' ) ;
#161 = PLANE ( 'NONE',  #1502 ) ;
#162 = CARTESIAN_POINT ( 'NONE',  ( -36.00000000000000711, 0.000000000000000000, 12.00000000000000355 ) ) ;
#163 = VECTOR ( 'NONE', #1232, 39.37007874015748143 ) ;
#164 = FACE_OUTER_BOUND ( 'NONE', #2381, .T. ) ;
#165 = ORIENTED_EDGE ( 'NONE', *, *, #81, .T. ) ;
#166 = CC_DESIGN_PERSON_AND_ORGANIZATION_ASSIGNMENT ( #62, #443, ( #655 ) ) ;
#167 = CARTESIAN_POINT ( 'NONE',  ( -36.00000000000000711, 97.50000000000001421, -8.500000000000008882 ) ) ;
#168 = PRODUCT_RELATED_PRODUCT_CATEGORY ( 'detail', '', ( #996 ) ) ;
#169 = VECTOR ( 'NONE', #3467, 39.37007874015748143 ) ;
#170 = CALENDAR_DATE ( 2026, 25, 3 ) ;
#171 = CARTESIAN_POINT ( 'NONE',  ( 32.99999999999998579, 98.99999999999998579, -12.00000000000005151 ) ) ;
#172 = AXIS2_PLACEMENT_3D ( 'NONE', #2508, #371, #2176 ) ;
#173 = LINE ( 'NONE', #852, #828 ) ;
#174 = APPROVAL_DATE_TIME ( #2602, #2233 ) ;
#175 = VECTOR ( 'NONE', #231, 39.37007874015748143 ) ;
#176 = DIRECTION ( 'NONE',  ( -0.000000000000000000, -1.000000000000000000, -0.000000000000000000 ) ) ;
#177 = DATE_AND_TIME ( #1512, #3714 ) ;
#178 = ORIENTED_EDGE ( 'NONE', *, *, #1273, .T. ) ;
#179 = FACE_OUTER_BOUND ( 'NONE', #2595, .T. ) ;
#180 = EDGE_LOOP ( 'NONE', ( #2005, #3139, #659, #1767 ) ) ;
#181 = APPROVAL_ROLE ( '' ) ;
#182 = LINE ( 'NONE', #4262, #348 ) ;
#183 = CC_DESIGN_APPROVAL ( #193, ( #900 ) ) ;
#184 = CC_DESIGN_APPROVAL ( #2309, ( #1983 ) ) ;
#185 = FACE_OUTER_BOUND ( 'NONE', #2965, .T. ) ;
#186 = CC_DESIGN_SECURITY_CLASSIFICATION ( #4217, ( #4464 ) ) ;
#187 = ORIENTED_EDGE ( 'NONE', *, *, #2359, .F. ) ;
#188 = CARTESIAN_POINT ( 'NONE',  ( -15.25000000000000888, 99.12500000000000000, -12.00000000000000711 ) ) ;
#189 = PERSON_AND_ORGANIZATION ( #3496, #2467 ) ;
#190 = ADVANCED_FACE ( 'NONE', ( #1861 ), #2612, .T. ) ;
#191 = DIRECTION ( 'NONE',  ( 0.7071067811865476838, -0.7071067811865472397, -0.000000000000000000 ) ) ;
#192 = PRODUCT_DEFINITION_SHAPE ( 'NONE', 'NONE',  #4465 ) ;
#193 = APPROVAL ( #2970, 'UNSPECIFIED' ) ;
#194 = CARTESIAN_POINT ( 'NONE',  ( 36.00000000000000000, 97.50000000000001421, -8.500000000000008882 ) ) ;
#195 = PERSON_AND_ORGANIZATION ( #3496, #2467 ) ;
#196 = PLANE ( 'NONE',  #119 ) ;
#197 = EDGE_CURVE ( 'NONE', #2670, #2673, #3924, .T. ) ;
#198 = ORIENTED_EDGE ( 'NONE', *, *, #1720, .T. ) ;
#199 = LINE ( 'NONE', #2588, #3028 ) ;
#200 = ORIENTED_EDGE ( 'NONE', *, *, #4275, .T. ) ;
#201 = ORIENTED_EDGE ( 'NONE', *, *, #472, .T. ) ;
#202 = ITEM_DEFINED_TRANSFORMATION ( 'NONE', 'NONE', #3747,  #2426 ) ;
#203 = CARTESIAN_POINT ( 'NONE',  ( -37.50000000000000711, 1.500000000000000222, -11.99999999999999822 ) ) ;
#204 = AXIS2_PLACEMENT_3D ( 'NONE', #3382, #4396, #968 ) ;
#205 = LINE ( 'NONE', #1519, #3137 ) ;
#206 = EDGE_CURVE ( 'NONE', #4081, #896, #2215, .T. ) ;
#207 = ORIENTED_EDGE ( 'NONE', *, *, #892, .F. ) ;
#208 = CARTESIAN_POINT ( 'NONE',  ( 0.000000000000000000, 95.49999999999998579, -11.99999999999999822 ) ) ;
#209 = APPROVAL_STATUS ( 'not_yet_approved' ) ;
#210 = LINE ( 'NONE', #3974, #3621 ) ;
#211 = LINE ( 'NONE', #598, #3212 ) ;
#212 = PERSON_AND_ORGANIZATION_ROLE ( 'design_owner' ) ;
#213 = LINE ( 'NONE', #626, #2159 ) ;
#214 = VERTEX_POINT ( 'NONE', #1241 ) ;
#215 = CARTESIAN_POINT ( 'NONE',  ( -33.00000000000000711, 99.12500000000000000, 11.99999999999999822 ) ) ;
#216 = APPROVAL_PERSON_ORGANIZATION ( #1332, #829, #993 ) ;
#217 = EDGE_CURVE ( 'NONE', #23, #3116, #3237, .T. ) ;
#218 = ORIENTED_EDGE ( 'NONE', *, *, #1793, .F. ) ;
#219 =( NAMED_UNIT ( * ) PLANE_ANGLE_UNIT ( ) SI_UNIT ( $, .RADIAN. ) );
#220 = DIMENSIONAL_EXPONENTS ( 1.000000000000000000, 0.000000000000000000, 0.000000000000000000, 0.000000000000000000, 0.000000000000000000, 0.000000000000000000, 0.000000000000000000 ) ;
#221 = ORIENTED_EDGE ( 'NONE', *, *, #2764, .T. ) ;
#222 = PERSON_AND_ORGANIZATION_ROLE ( 'creator' ) ;
#223 = CARTESIAN_POINT ( 'NONE',  ( -41.00304832720496506, 41.00304832720509296, 13.50000000000000355 ) ) ;
#224 = PLANE ( 'NONE',  #1833 ) ;
#225 = ORIENTED_EDGE ( 'NONE', *, *, #3815, .F. ) ;
#226 = ADVANCED_FACE ( 'NONE', ( #1266 ), #1566, .F. ) ;
#227 = FACE_OUTER_BOUND ( 'NONE', #270, .T. ) ;
#228 = DATE_TIME_ROLE ( 'creation_date' ) ;
#229 = VECTOR ( 'NONE', #31, 39.37007874015748143 ) ;
#230 = LINE ( 'NONE', #1594, #1033 ) ;
#231 = DIRECTION ( 'NONE',  ( -0.5972064818366790151, -0.8020875376492619946, 0.000000000000000000 ) ) ;
#232 = APPLICATION_PROTOCOL_DEFINITION ( 'international standard', 'config_control_design', 1994, #3869 ) ;
#233 = DIRECTION ( 'NONE',  ( -0.7071067811865476838, 0.7071067811865472397, 0.000000000000000000 ) ) ;
#234 = ORIENTED_EDGE ( 'NONE', *, *, #727, .T. ) ;
#235 = VECTOR ( 'NONE', #2679, 39.37007874015748143 ) ;
#236 = DIRECTION ( 'NONE',  ( -1.000000000000000000, -0.000000000000000000, -0.000000000000000000 ) ) ;
#237 = ORIENTED_EDGE ( 'NONE', *, *, #3156, .F. ) ;
#238 = VECTOR ( 'NONE', #128, 39.37007874015748143 ) ;
#239 = CONTEXT_DEPENDENT_SHAPE_REPRESENTATION ( #3416, #4333 ) ;
#240 = ADVANCED_FACE ( 'NONE', ( #139 ), #161, .T. ) ;
#241 = FACE_OUTER_BOUND ( 'NONE', #2440, .T. ) ;
#242 =( GEOMETRIC_REPRESENTATION_CONTEXT ( 3 ) GLOBAL_UNCERTAINTY_ASSIGNED_CONTEXT ( ( #3659 ) ) GLOBAL_UNIT_ASSIGNED_CONTEXT ( ( #2362, #1708, #1052 ) ) REPRESENTATION_CONTEXT ( 'NONE', 'WORKASPACE' ) );
#243 = CC_DESIGN_DATE_AND_TIME_ASSIGNMENT ( #3340, #3034, ( #110 ) ) ;
#244 = DIRECTION ( 'NONE',  ( 0.000000000000000000, -1.000000000000000000, 0.000000000000000000 ) ) ;
#245 = DIMENSIONAL_EXPONENTS ( 1.000000000000000000, 0.000000000000000000, 0.000000000000000000, 0.000000000000000000, 0.000000000000000000, 0.000000000000000000, 0.000000000000000000 ) ;
#246 = CC_DESIGN_APPROVAL ( #2123, ( #1139 ) ) ;
#247 = EDGE_LOOP ( 'NONE', ( #1078, #1119, #4371, #4185 ) ) ;
#248 = LOCAL_TIME ( 22, 35, 5.000000000000000000, #1868 ) ;
#249 = DIRECTION ( 'NONE',  ( 1.821231995776174986E-16, 0.000000000000000000, 1.000000000000000000 ) ) ;
#250 = APPROVAL_PERSON_ORGANIZATION ( #3252, #1270, #424 ) ;
#251 = APPROVAL_ROLE ( '' ) ;
#252 = DIRECTION ( 'NONE',  ( -1.821231995776175725E-16, -0.000000000000000000, -1.000000000000000000 ) ) ;
#253 = CARTESIAN_POINT ( 'NONE',  ( -33.00000000000000711, 100.8750000000000000, 11.99999999999999822 ) ) ;
#254 = LINE ( 'NONE', #4411, #1117 ) ;
#255 = APPLICATION_PROTOCOL_DEFINITION ( 'international standard', 'config_control_design', 1994, #2347 ) ;
#256 = DIRECTION ( 'NONE',  ( -0.000000000000000000, -1.000000000000000000, -0.000000000000000000 ) ) ;
#257 = EDGE_CURVE ( 'NONE', #1308, #2923, #881, .T. ) ;
#258 = EDGE_LOOP ( 'NONE', ( #1958, #315, #859, #3419 ) ) ;
#259 = CARTESIAN_POINT ( 'NONE',  ( 32.99999999999998579, 99.12500000000000000, -12.00000000000005151 ) ) ;
#260 = ORIENTED_EDGE ( 'NONE', *, *, #3213, .F. ) ;
#261 =( REPRESENTATION_RELATIONSHIP ('NONE','NONE', #989, #3394 ) REPRESENTATION_RELATIONSHIP_WITH_TRANSFORMATION ( #1102 )SHAPE_REPRESENTATION_RELATIONSHIP( ) );
#262 = DIRECTION ( 'NONE',  ( 0.000000000000000000, 0.000000000000000000, -1.000000000000000000 ) ) ;
#263 = APPROVAL_ROLE ( '' ) ;
#264 = DIRECTION ( 'NONE',  ( -0.000000000000000000, -1.000000000000000000, -0.000000000000000000 ) ) ;
#265 = UNCERTAINTY_MEASURE_WITH_UNIT (LENGTH_MEASURE( 1.000000000000000082E-05 ), #2501, 'distance_accuracy_value', 'NONE');
#266 = EDGE_LOOP ( 'NONE', ( #3316, #285, #2090, #2943 ) ) ;
#267 = DIRECTION ( 'NONE',  ( 0.000000000000000000, -0.000000000000000000, -1.000000000000000000 ) ) ;
#268 = DIRECTION ( 'NONE',  ( 0.7071067811865474617, -0.7071067811865474617, 0.000000000000000000 ) ) ;
#269 = CLOSED_SHELL ( 'NONE', ( #2570, #2407, #592, #552, #679, #1908 ) ) ;
#270 = EDGE_LOOP ( 'NONE', ( #3586, #2846, #3617, #1816 ) ) ;
#271 = DIRECTION ( 'NONE',  ( 0.000000000000000000, 0.000000000000000000, -1.000000000000000000 ) ) ;
#272 =( LENGTH_UNIT ( ) NAMED_UNIT ( * ) SI_UNIT ( $, .METRE. ) );
#273 = AXIS2_PLACEMENT_3D ( 'NONE', #3105, #1286, #654 ) ;
#274 = CALENDAR_DATE ( 2026, 25, 3 ) ;
#275 = FACE_OUTER_BOUND ( 'NONE', #1742, .T. ) ;
#276 = VECTOR ( 'NONE', #3208, 39.37007874015748143 ) ;
#277 = DIRECTION ( 'NONE',  ( -0.5972064818366790151, 0.8020875376492619946, 0.000000000000000000 ) ) ;
#278 = EDGE_CURVE ( 'NONE', #1227, #685, #1517, .T. ) ;
#279 = CARTESIAN_POINT ( 'NONE',  ( -22.58523515439430085, 16.81618052256532536, -10.49999999999999822 ) ) ;
#280 = PERSON_AND_ORGANIZATION_ROLE ( 'design_supplier' ) ;
#281 = PLANE ( 'NONE',  #3742 ) ;
#282 = VERTEX_POINT ( 'NONE', #3635 ) ;
#283 = DIRECTION ( 'NONE',  ( 0.000000000000000000, 0.000000000000000000, -1.000000000000000000 ) ) ;
#284 = EDGE_CURVE ( 'NONE', #3724, #1123, #4308, .T. ) ;
#285 = ORIENTED_EDGE ( 'NONE', *, *, #3106, .F. ) ;
#286 = PERSON_AND_ORGANIZATION_ROLE ( 'design_owner' ) ;
#287 = PERSON_AND_ORGANIZATION ( #3496, #2467 ) ;
#288 = APPROVAL_PERSON_ORGANIZATION ( #1173, #4442, #831 ) ;
#289 = CARTESIAN_POINT ( 'NONE',  ( 0.000000000000000000, 98.99999999999998579, 0.000000000000000000 ) ) ;
#290 = ORIENTED_EDGE ( 'NONE', *, *, #871, .F. ) ;
#291 = CARTESIAN_POINT ( 'NONE',  ( -1.749999999999986455, 49.49999999999998579, -10.49999999999999822 ) ) ;
#292 = DIRECTION ( 'NONE',  ( 0.000000000000000000, -1.000000000000000000, 0.000000000000000000 ) ) ;
#293 = ORIENTED_EDGE ( 'NONE', *, *, #3313, .T. ) ;
#294 = DIRECTION ( 'NONE',  ( 0.000000000000000000, 1.000000000000000000, 0.000000000000000000 ) ) ;
#295 = DATE_AND_TIME ( #3021, #8 ) ;
#296 = DIRECTION ( 'NONE',  ( -1.000000000000000000, 0.000000000000000000, -0.000000000000000000 ) ) ;
#297 = PRODUCT_RELATED_PRODUCT_CATEGORY ( 'detail', '', ( #4226 ) ) ;
#298 = EDGE_CURVE ( 'NONE', #4221, #1456, #2904, .T. ) ;
#299 = CC_DESIGN_PERSON_AND_ORGANIZATION_ASSIGNMENT ( #2689, #4042, ( #2079 ) ) ;
#300 = CARTESIAN_POINT ( 'NONE',  ( 36.00000000000000000, 97.50000000000001421, -11.99999999999999822 ) ) ;
#301 = VECTOR ( 'NONE', #2642, 39.37007874015748143 ) ;
#302 = APPROVAL_STATUS ( 'not_yet_approved' ) ;
#303 = PRODUCT_DEFINITION_SHAPE ( 'NONE', 'NONE',  #2102 ) ;
#304 = DIRECTION ( 'NONE',  ( 0.000000000000000000, 0.000000000000000000, 1.000000000000000000 ) ) ;
#305 = ORIENTED_EDGE ( 'NONE', *, *, #387, .F. ) ;
#306 = PLANE ( 'NONE',  #135 ) ;
#307 = PERSON ( 'NAUO-PER6', 'UNSPECIFIED', 'UNSPECIFIED', ('UNSPECIFIED'), ('UNSPECIFIED'), ('UNSPECIFIED') ) ;
#308 = ORIENTED_EDGE ( 'NONE', *, *, #1355, .F. ) ;
#309 = CARTESIAN_POINT ( 'NONE',  ( -37.50000000000000711, 97.50000000000001421, 12.00000000000000355 ) ) ;
#310 = AXIS2_PLACEMENT_3D ( 'NONE', #2237, #4290, #2278 ) ;
#311 = DATE_AND_TIME ( #3479, #2130 ) ;
#312 = LINE ( 'NONE', #632, #3168 ) ;
#313 = UNCERTAINTY_MEASURE_WITH_UNIT (LENGTH_MEASURE( 1.000000000000000082E-05 ), #92, 'distance_accuracy_value', 'NONE');
#314 = VECTOR ( 'NONE', #910, 39.37007874015748143 ) ;
#315 = ORIENTED_EDGE ( 'NONE', *, *, #622, .T. ) ;
#316 = PLANE ( 'NONE',  #1111 ) ;
#317 = CARTESIAN_POINT ( 'NONE',  ( -36.00000000000000711, 97.50000000000001421, -11.99999999999999822 ) ) ;
#318 = ORIENTED_EDGE ( 'NONE', *, *, #1725, .T. ) ;
#319 = PLANE ( 'NONE',  #3339 ) ;
#320 = LENGTH_MEASURE_WITH_UNIT ( LENGTH_MEASURE( 0.02539999999999999897 ), #1386 );
#321 = PERSON_AND_ORGANIZATION ( #3496, #2467 ) ;
#322 = APPROVAL_PERSON_ORGANIZATION ( #1810, #141, #2611 ) ;
#323 = CARTESIAN_POINT ( 'NONE',  ( -36.00000000000000711, 1.500000000000000222, 8.500000000000012434 ) ) ;
#324 = EDGE_LOOP ( 'NONE', ( #3961, #1715, #2990, #200 ) ) ;
#325 =( REPRESENTATION_RELATIONSHIP ('NONE','NONE', #989, #3256 ) REPRESENTATION_RELATIONSHIP_WITH_TRANSFORMATION ( #402 )SHAPE_REPRESENTATION_RELATIONSHIP( ) );
#326 = FACE_OUTER_BOUND ( 'NONE', #2036, .T. ) ;
#327 = LINE ( 'NONE', #1713, #3281 ) ;
#328 = LOCAL_TIME ( 22, 35, 5.000000000000000000, #392 ) ;
#330 = EDGE_CURVE ( 'NONE', #3609, #2673, #863, .T. ) ;
#329 = DIRECTION ( 'NONE',  ( 1.000000000000000000, 0.000000000000000000, 0.000000000000000000 ) ) ;
#331 = CALENDAR_DATE ( 2026, 25, 3 ) ;
#332 = DIRECTION ( 'NONE',  ( -0.7071067811865474617, 0.7071067811865474617, 0.000000000000000000 ) ) ;
#333 = ORIENTED_EDGE ( 'NONE', *, *, #3791, .T. ) ;
#334 = PRODUCT_RELATED_PRODUCT_CATEGORY ( 'detail', '', ( #3299 ) ) ;
#335 = FACE_OUTER_BOUND ( 'NONE', #3922, .T. ) ;
#337 = EDGE_CURVE ( 'NONE', #3558, #1604, #3527, .T. ) ;
#336 = CARTESIAN_POINT ( 'NONE',  ( -36.00000000000000711, 97.50000000000001421, -11.99999999999999822 ) ) ;
#338 = PERSON_AND_ORGANIZATION ( #848, #1126 ) ;
#339 = CARTESIAN_POINT ( 'NONE',  ( -33.00000000000000711, 98.99999999999998579, 11.99999999999999822 ) ) ;
#340 = VERTEX_POINT ( 'NONE', #1586 ) ;
#341 = DIRECTION ( 'NONE',  ( -1.000000000000000000, 0.000000000000000000, 1.589438832677390029E-15 ) ) ;
#342 = DIRECTION ( 'NONE',  ( -0.000000000000000000, -0.000000000000000000, -1.000000000000000000 ) ) ;
#343 = EDGE_LOOP ( 'NONE', ( #3902, #2120, #3176, #1647 ) ) ;
#344 = PRODUCT_DEFINITION_SHAPE ( 'NONE', 'NONE',  #3641 ) ;
#345 = CARTESIAN_POINT ( 'NONE',  ( 16.99390334559011961, 98.99999999999998579, 12.00000000000000355 ) ) ;
#346 = ADVANCED_FACE ( 'NONE', ( #3987 ), #903, .T. ) ;
#347 = PERSON_AND_ORGANIZATION ( #3496, #2467 ) ;
#348 = VECTOR ( 'NONE', #4286, 39.37007874015748143 ) ;
#349 = CARTESIAN_POINT ( 'NONE',  ( -36.00000000000000711, 95.49999999999998579, -10.49999999999999822 ) ) ;
#350 = ORIENTED_EDGE ( 'NONE', *, *, #2717, .T. ) ;
#351 = VECTOR ( 'NONE', #1629, 39.37007874015748143 ) ;
#352 = DIRECTION ( 'NONE',  ( 1.000000000000000000, 0.000000000000000000, 0.000000000000000000 ) ) ;
#353 = VECTOR ( 'NONE', #2847, 39.37007874015748854 ) ;
#354 =( NAMED_UNIT ( * ) PLANE_ANGLE_UNIT ( ) SI_UNIT ( $, .RADIAN. ) );
#355 = PERSON_AND_ORGANIZATION ( #3496, #2467 ) ;
#356 = ORIENTED_EDGE ( 'NONE', *, *, #3312, .F. ) ;
#357 = CARTESIAN_POINT ( 'NONE',  ( -37.50000000000000711, 97.50000000000001421, 12.00000000000000355 ) ) ;
#358 = EDGE_LOOP ( 'NONE', ( #2011, #3789, #3663, #2068 ) ) ;
#359 = LINE ( 'NONE', #3102, #2048 ) ;
#360 = COORDINATED_UNIVERSAL_TIME_OFFSET ( 8, 0, .BEHIND. ) ;
#361 = DIRECTION ( 'NONE',  ( 0.000000000000000000, -0.000000000000000000, -1.000000000000000000 ) ) ;
#362 = EDGE_CURVE ( 'NONE', #3558, #2626, #564, .T. ) ;
#363 = EDGE_CURVE ( 'NONE', #2807, #1727, #2300, .T. ) ;
#364 = ORIENTED_EDGE ( 'NONE', *, *, #589, .F. ) ;
#365 = CC_DESIGN_DATE_AND_TIME_ASSIGNMENT ( #2554, #2202, ( #3572 ) ) ;
#366 = LINE ( 'NONE', #2405, #930 ) ;
#367 = LINE ( 'NONE', #2457, #2634 ) ;
#368 = PERSON_AND_ORGANIZATION ( #3496, #2467 ) ;
#369 = CARTESIAN_POINT ( 'NONE',  ( 39.97487373415291501, 76.01902961143720461, 12.00000000000000355 ) ) ;
#370 = VERTEX_POINT ( 'NONE', #3698 ) ;
#371 = DIRECTION ( 'NONE',  ( 0.8020875376492621056, 0.5972064818366790151, 0.000000000000000000 ) ) ;
#372 = CALENDAR_DATE ( 2026, 25, 3 ) ;
#373 = ORIENTED_EDGE ( 'NONE', *, *, #3047, .T. ) ;
#374 = CARTESIAN_POINT ( 'NONE',  ( 0.000000000000000000, 3.500000000000000000, -10.49999999999999822 ) ) ;
#375 = ORIENTED_EDGE ( 'NONE', *, *, #2810, .T. ) ;
#376 = DIRECTION ( 'NONE',  ( 0.000000000000000000, 1.000000000000000000, 0.000000000000000000 ) ) ;
#377 = DATE_AND_TIME ( #3409, #3083 ) ;
#378 = VECTOR ( 'NONE', #1184, 39.37007874015748143 ) ;
#379 = CARTESIAN_POINT ( 'NONE',  ( 36.00000000000000000, 3.500000000000000000, 12.00000000000000355 ) ) ;
#380 = ORIENTED_EDGE ( 'NONE', *, *, #4150, .F. ) ;
#381 = VERTEX_POINT ( 'NONE', #4399 ) ;
#382 = CC_DESIGN_PERSON_AND_ORGANIZATION_ASSIGNMENT ( #3923, #842, ( #1139 ) ) ;
#383 = VECTOR ( 'NONE', #1391, 39.37007874015748143 ) ;
#384 = LINE ( 'NONE', #2146, #2995 ) ;
#385 = DIRECTION ( 'NONE',  ( 0.000000000000000000, 0.000000000000000000, 1.000000000000000000 ) ) ;
#386 = AXIS2_PLACEMENT_3D ( 'NONE', #1851, #2914, #1128 ) ;
#387 = EDGE_CURVE ( 'NONE', #1635, #2749, #3719, .T. ) ;
#388 = LINE ( 'NONE', #2550, #4272 ) ;
#389 = VERTEX_POINT ( 'NONE', #1334 ) ;
#390 = FACE_OUTER_BOUND ( 'NONE', #1271, .T. ) ;
#391 = DIRECTION ( 'NONE',  ( 1.274862397043323821E-15, 0.000000000000000000, 1.000000000000000000 ) ) ;
#392 = COORDINATED_UNIVERSAL_TIME_OFFSET ( 8, 0, .BEHIND. ) ;
#393 = VERTEX_POINT ( 'NONE', #2401 ) ;
#394 = DIRECTION ( 'NONE',  ( 1.000000000000000000, 0.000000000000000000, 0.000000000000000000 ) ) ;
#395 = VERTEX_POINT ( 'NONE', #586 ) ;
#396 = SECURITY_CLASSIFICATION ( '', '', #2697 ) ;
#397 = APPROVAL_PERSON_ORGANIZATION ( #625, #2587, #2092 ) ;
#398 = CARTESIAN_POINT ( 'NONE',  ( 37.50000000000000000, 1.500000000000000222, 12.00000000000001243 ) ) ;
#399 = EDGE_CURVE ( 'NONE', #4096, #718, #1, .T. ) ;
#400 = DATE_AND_TIME ( #786, #152 ) ;
#401 = LOCAL_TIME ( 22, 35, 5.000000000000000000, #3939 ) ;
#402 = ITEM_DEFINED_TRANSFORMATION ( 'NONE', 'NONE', #1809,  #2426 ) ;
#403 = PLANE ( 'NONE',  #3525 ) ;
#404 = ORIENTED_EDGE ( 'NONE', *, *, #2104, .T. ) ;
#405 = CARTESIAN_POINT ( 'NONE',  ( 0.000000000000000000, 1.500000000000000222, 0.000000000000000000 ) ) ;
#406 = FACE_OUTER_BOUND ( 'NONE', #1787, .T. ) ;
#407 =( LENGTH_UNIT ( ) NAMED_UNIT ( * ) SI_UNIT ( $, .METRE. ) );
#408 = FACE_OUTER_BOUND ( 'NONE', #1420, .T. ) ;
#409 = ORIENTED_EDGE ( 'NONE', *, *, #3457, .F. ) ;
#410 = LINE ( 'NONE', #3199, #1906 ) ;
#411 = APPROVAL ( #2604, 'UNKNOWN' ) ;
#412 = CLOSED_SHELL ( 'NONE', ( #4287, #3343, #1091, #2301, #2446, #3328, #3367, #3860, #346, #3509, #4368, #3652, #2021, #1870 ) ) ;
#413 = MECHANICAL_CONTEXT ( 'NONE', #4271, 'mechanical' ) ;
#414 = ORIENTED_EDGE ( 'NONE', *, *, #1857, .T. ) ;
#415 = DIRECTION ( 'NONE',  ( 1.000000000000000000, 0.000000000000000000, -0.000000000000000000 ) ) ;
#416 = ORIENTED_EDGE ( 'NONE', *, *, #1642, .T. ) ;
#417 = VECTOR ( 'NONE', #2429, 39.37007874015748143 ) ;
#418 = EDGE_CURVE ( 'NONE', #3919, #2481, #949, .T. ) ;
#419 = CARTESIAN_POINT ( 'NONE',  ( 36.00000000000000000, 1.500000000000000222, -11.99999999999999822 ) ) ;
#420 = CALENDAR_DATE ( 2026, 25, 3 ) ;
#421 = VECTOR ( 'NONE', #3917, 39.37007874015748143 ) ;
#422 = VECTOR ( 'NONE', #671, 39.37007874015748143 ) ;
#423 = PLANE ( 'NONE',  #1202 ) ;
#424 = APPROVAL_ROLE ( '' ) ;
#425 = VERTEX_POINT ( 'NONE', #339 ) ;
#426 = LINE ( 'NONE', #86, #714 ) ;
#427 = EDGE_CURVE ( 'NONE', #4415, #2753, #2009, .T. ) ;
#428 = ORIENTED_EDGE ( 'NONE', *, *, #2556, .T. ) ;
#429 = LINE ( 'NONE', #2171, #3238 ) ;
#430 = LINE ( 'NONE', #2525, #746 ) ;
#431 = DIRECTION ( 'NONE',  ( 0.000000000000000000, -0.000000000000000000, -1.000000000000000000 ) ) ;
#432 =( GEOMETRIC_REPRESENTATION_CONTEXT ( 3 ) GLOBAL_UNCERTAINTY_ASSIGNED_CONTEXT ( ( #2723 ) ) GLOBAL_UNIT_ASSIGNED_CONTEXT ( ( #752, #2527, #1141 ) ) REPRESENTATION_CONTEXT ( 'NONE', 'WORKASPACE' ) );
#433 = VERTEX_POINT ( 'NONE', #1675 ) ;
#434 = DIRECTION ( 'NONE',  ( 0.000000000000000000, 0.000000000000000000, -1.000000000000000000 ) ) ;
#435 = PERSON_AND_ORGANIZATION ( #3496, #2467 ) ;
#436 = ORIENTED_EDGE ( 'NONE', *, *, #3031, .T. ) ;
#437 = CC_DESIGN_DATE_AND_TIME_ASSIGNMENT ( #3314, #2288, ( #2992 ) ) ;
#438 = PLANE ( 'NONE',  #2108 ) ;
#439 = EDGE_CURVE ( 'NONE', #2403, #3779, #1354, .T. ) ;
#440 = ORIENTED_EDGE ( 'NONE', *, *, #1611, .T. ) ;
#441 = CC_DESIGN_PERSON_AND_ORGANIZATION_ASSIGNMENT ( #4364, #509, ( #3131 ) ) ;
#442 = PLANE ( 'NONE',  #386 ) ;
#443 = PERSON_AND_ORGANIZATION_ROLE ( 'design_supplier' ) ;
#444 = PLANE ( 'NONE',  #1293 ) ;
#445 = APPROVAL_DATE_TIME ( #2518, #605 ) ;
#446 = EDGE_LOOP ( 'NONE', ( #2447, #1473, #1692, #1500 ) ) ;
#447 = PLANE ( 'NONE',  #2888 ) ;
#448 = VERTEX_POINT ( 'NONE', #1985 ) ;
#449 = COORDINATED_UNIVERSAL_TIME_OFFSET ( 8, 0, .BEHIND. ) ;
#450 = CARTESIAN_POINT ( 'NONE',  ( -33.00000000000001421, 99.12500000000000000, -12.00000000000000355 ) ) ;
#451 = VECTOR ( 'NONE', #2127, 39.37007874015748143 ) ;
#452 = LINE ( 'NONE', #1072, #1044 ) ;
#453 = EDGE_CURVE ( 'NONE', #3768, #4415, #3364, .T. ) ;
#454 = VECTOR ( 'NONE', #3042, 39.37007874015748143 ) ;
#455 = CARTESIAN_POINT ( 'NONE',  ( -33.00000000000001421, 100.6250000000000000, -12.00000000000000355 ) ) ;
#456 = ORIENTED_EDGE ( 'NONE', *, *, #622, .F. ) ;
#457 = CARTESIAN_POINT ( 'NONE',  ( 37.50000000000000000, 97.50000000000001421, -11.99999999999999822 ) ) ;
#458 = VECTOR ( 'NONE', #277, 39.37007874015748143 ) ;
#459 = PERSON_AND_ORGANIZATION_ROLE ( 'classification_officer' ) ;
#460 = CARTESIAN_POINT ( 'NONE',  ( 35.99999999999998579, 95.49999999999998579, -10.49999999999999822 ) ) ;
#461 = ORIENTED_EDGE ( 'NONE', *, *, #2002, .F. ) ;
#462 = CARTESIAN_POINT ( 'NONE',  ( 22.75000000000000711, 98.99999999999998579, -12.00000000000001243 ) ) ;
#463 = APPROVAL_STATUS ( 'not_yet_approved' ) ;
#464 = CC_DESIGN_DATE_AND_TIME_ASSIGNMENT ( #3808, #44, ( #4217 ) ) ;
#465 = CARTESIAN_POINT ( 'NONE',  ( 36.00000000000000000, 3.500000000000000000, -11.99999999999999822 ) ) ;
#466 = CALENDAR_DATE ( 2026, 25, 3 ) ;
#467 = ORIENTED_EDGE ( 'NONE', *, *, #3291, .F. ) ;
#468 = APPROVAL_PERSON_ORGANIZATION ( #796, #3912, #2170 ) ;
#469 = DIRECTION ( 'NONE',  ( 0.7071067811865455743, 0.7071067811865493491, -0.000000000000000000 ) ) ;
#470 = LOCAL_TIME ( 22, 35, 5.000000000000000000, #3798 ) ;
#471 = APPLICATION_CONTEXT ( 'configuration controlled 3d designs of mechanical parts and assemblies' ) ;
#472 = EDGE_CURVE ( 'NONE', #3359, #2231, #3387, .T. ) ;
#473 = ORIENTED_EDGE ( 'NONE', *, *, #1957, .T. ) ;
#474 = SECURITY_CLASSIFICATION ( '', '', #2313 ) ;
#475 = PERSON_AND_ORGANIZATION ( #3496, #2467 ) ;
#476 = LINE ( 'NONE', #3506, #998 ) ;
#477 = EDGE_CURVE ( 'NONE', #2454, #425, #3035, .T. ) ;
#478 = CARTESIAN_POINT ( 'NONE',  ( 27.49999999999998934, 99.12500000000000000, -12.00000000000004263 ) ) ;
#479 = ADVANCED_BREP_SHAPE_REPRESENTATION ( '', ( #3809, #2426 ), #4031 ) ;
#480 = CARTESIAN_POINT ( 'NONE',  ( 32.50000000000000711, 3.500000000000001332, -10.49999999999999822 ) ) ;
#481 = ORIENTED_EDGE ( 'NONE', *, *, #2701, .T. ) ;
#482 = ADVANCED_FACE ( 'NONE', ( #4055 ), #4079, .F. ) ;
#483 = DIRECTION ( 'NONE',  ( 0.000000000000000000, 0.000000000000000000, 1.000000000000000000 ) ) ;
#484 = APPROVAL_STATUS ( 'not_yet_approved' ) ;
#485 = DIRECTION ( 'NONE',  ( -0.000000000000000000, -1.000000000000000000, -0.000000000000000000 ) ) ;
#486 = CARTESIAN_POINT ( 'NONE',  ( 15.25000000000000888, 98.99999999999998579, -12.00000000000001243 ) ) ;
#487 = APPROVAL_STATUS ( 'not_yet_approved' ) ;
#488 = DIRECTION ( 'NONE',  ( 0.000000000000000000, 0.000000000000000000, -1.000000000000000000 ) ) ;
#489 = PERSON_AND_ORGANIZATION_ROLE ( 'classification_officer' ) ;
#490 = CLOSED_SHELL ( 'NONE', ( #1380, #1812, #615, #1414, #951, #522 ) ) ;
#491 = VERTEX_POINT ( 'NONE', #2698 ) ;
#492 = DIRECTION ( 'NONE',  ( -1.000000000000000000, 0.000000000000000000, -0.000000000000000000 ) ) ;
#493 = AXIS2_PLACEMENT_3D ( 'NONE', #3920, #1920, #537 ) ;
#494 = EDGE_LOOP ( 'NONE', ( #89, #4349, #38, #4395 ) ) ;
#495 = VECTOR ( 'NONE', #2555, 39.37007874015748143 ) ;
#496 = DATE_TIME_ROLE ( 'creation_date' ) ;
#497 = CC_DESIGN_DATE_AND_TIME_ASSIGNMENT ( #107, #2226, ( #1770 ) ) ;
#498 = DIRECTION ( 'NONE',  ( -0.000000000000000000, -1.000000000000000000, -0.000000000000000000 ) ) ;
#499 = EDGE_CURVE ( 'NONE', #1025, #2682, #2054, .T. ) ;
#500 = UNCERTAINTY_MEASURE_WITH_UNIT (LENGTH_MEASURE( 1.000000000000000082E-05 ), #3732, 'distance_accuracy_value', 'NONE');
#501 =( REPRESENTATION_RELATIONSHIP ('NONE','NONE', #989, #2566 ) REPRESENTATION_RELATIONSHIP_WITH_TRANSFORMATION ( #3187 )SHAPE_REPRESENTATION_RELATIONSHIP( ) );
#502 = CC_DESIGN_PERSON_AND_ORGANIZATION_ASSIGNMENT ( #2177, #1818, ( #3927 ) ) ;
#503 = DIRECTION ( 'NONE',  ( 0.000000000000000000, 0.000000000000000000, -1.000000000000000000 ) ) ;
#504 = CARTESIAN_POINT ( 'NONE',  ( 33.00000000000001421, 99.12500000000000000, 11.99999999999993783 ) ) ;
#505 = ADVANCED_FACE ( 'NONE', ( #2379 ), #2722, .F. ) ;
#506 = ORIENTED_EDGE ( 'NONE', *, *, #2942, .T. ) ;
#507 = CARTESIAN_POINT ( 'NONE',  ( 27.49999999999998934, 100.8750000000000000, -12.00000000000004263 ) ) ;
#508 = APPROVAL_PERSON_ORGANIZATION ( #129, #3773, #2491 ) ;
#509 = PERSON_AND_ORGANIZATION_ROLE ( 'creator' ) ;
#510 = DIRECTION ( 'NONE',  ( -1.000000000000000000, 0.000000000000000000, -0.000000000000000000 ) ) ;
#511 = CARTESIAN_POINT ( 'NONE',  ( 36.00000000000000000, 0.000000000000000000, 12.00000000000001243 ) ) ;
#512 = APPLICATION_PROTOCOL_DEFINITION ( 'international standard', 'config_control_design', 1994, #2962 ) ;
#513 = DIRECTION ( 'NONE',  ( -1.274862397043324019E-15, 0.000000000000000000, -1.000000000000000000 ) ) ;
#514 = APPROVAL_ROLE ( '' ) ;
#515 = ORIENTED_EDGE ( 'NONE', *, *, #363, .T. ) ;
#516 = CARTESIAN_POINT ( 'NONE',  ( 37.50000000000000000, 97.50000000000001421, 12.00000000000000355 ) ) ;
#517 = EDGE_LOOP ( 'NONE', ( #404, #1030, #1800, #3638 ) ) ;
#518 = VERTEX_POINT ( 'NONE', #2352 ) ;
#519 = DATE_AND_TIME ( #816, #2721 ) ;
#520 = DIRECTION ( 'NONE',  ( -1.000000000000000000, 0.000000000000000000, 0.000000000000000000 ) ) ;
#521 = DIRECTION ( 'NONE',  ( -0.000000000000000000, -1.000000000000000000, -0.000000000000000000 ) ) ;
#522 = ADVANCED_FACE ( 'NONE', ( #4123 ), #4422, .F. ) ;
#523 = SHAPE_REPRESENTATION ( 'Cross Bracing^Wooden Assembly Actual', ( #2426 ), #4031 ) ;
#524 = CC_DESIGN_DATE_AND_TIME_ASSIGNMENT ( #1685, #2066, ( #1409 ) ) ;
#525 = VERTEX_POINT ( 'NONE', #995 ) ;
#526 = CARTESIAN_POINT ( 'NONE',  ( -33.00000000000000711, 100.6250000000000000, 11.99999999999999822 ) ) ;
#527 = VECTOR ( 'NONE', #865, 39.37007874015748143 ) ;
#528 = APPROVAL_DATE_TIME ( #3600, #2860 ) ;
#529 = CARTESIAN_POINT ( 'NONE',  ( 36.00000000000000000, 97.50000000000001421, -11.99999999999999822 ) ) ;
#530 = VECTOR ( 'NONE', #1526, 39.37007874015748143 ) ;
#531 = LINE ( 'NONE', #3401, #3775 ) ;
#532 = DATE_TIME_ROLE ( 'classification_date' ) ;
#533 = AXIS2_PLACEMENT_3D ( 'NONE', #873, #1575, #3669 ) ;
#534 = CARTESIAN_POINT ( 'NONE',  ( -33.00000000000001421, 100.6250000000000000, -12.00000000000000355 ) ) ;
#535 = PERSON_AND_ORGANIZATION ( #1662, #1776 ) ;
#536 = ORIENTED_EDGE ( 'NONE', *, *, #2543, .T. ) ;
#537 = DIRECTION ( 'NONE',  ( 0.000000000000000000, 0.000000000000000000, 1.000000000000000000 ) ) ;
#538 = EDGE_CURVE ( 'NONE', #2787, #1123, #312, .T. ) ;
#539 = ORIENTED_EDGE ( 'NONE', *, *, #2284, .F. ) ;
#540 = APPROVAL_STATUS ( 'not_yet_approved' ) ;
#541 = CARTESIAN_POINT ( 'NONE',  ( 15.25000000000001243, 98.99999999999998579, 11.99999999999999467 ) ) ;
#542 = CC_DESIGN_APPROVAL ( #2255, ( #1919 ) ) ;
#543 = APPROVAL_PERSON_ORGANIZATION ( #3728, #4269, #2685 ) ;
#544 = LINE ( 'NONE', #478, #527 ) ;
#545 = ORGANIZATION ( 'NAUO-ORG4', 'UNSPECIFIED', 'UNSPECIFIED' ) ;
#546 = VECTOR ( 'NONE', #394, 39.37007874015748143 ) ;
#547 = ORIENTED_EDGE ( 'NONE', *, *, #2272, .T. ) ;
#548 = ORGANIZATION ( 'NAUO-ORG12', 'UNSPECIFIED', 'UNSPECIFIED' ) ;
#549 = CARTESIAN_POINT ( 'NONE',  ( -27.50000000000001066, 100.6250000000000000, 11.99999999999999822 ) ) ;
#550 = DATE_AND_TIME ( #2598, #1107 ) ;
#551 = CARTESIAN_POINT ( 'NONE',  ( -27.50000000000001421, 99.12500000000000000, -12.00000000000000355 ) ) ;
#552 = ADVANCED_FACE ( 'NONE', ( #241 ), #1698, .F. ) ;
#553 = EDGE_CURVE ( 'NONE', #3682, #953, #1021, .T. ) ;
#554 = PRODUCT_DEFINITION_SHAPE ( 'NONE', 'NONE',  #4462 ) ;
#555 = CARTESIAN_POINT ( 'NONE',  ( -22.75000000000000711, 99.12500000000000000, -12.00000000000000533 ) ) ;
#556 = COORDINATED_UNIVERSAL_TIME_OFFSET ( 8, 0, .BEHIND. ) ;
#557 = DIRECTION ( 'NONE',  ( -0.000000000000000000, -1.000000000000000000, -0.000000000000000000 ) ) ;
#558 = APPROVAL_ROLE ( '' ) ;
#559 = VERTEX_POINT ( 'NONE', #769 ) ;
#560 = CARTESIAN_POINT ( 'NONE',  ( 33.00000000000001421, 100.6250000000000000, 11.99999999999993783 ) ) ;
#561 = ORIENTED_EDGE ( 'NONE', *, *, #3575, .F. ) ;
#562 = ORIENTED_EDGE ( 'NONE', *, *, #4173, .F. ) ;
#563 = CALENDAR_DATE ( 2026, 25, 3 ) ;
#564 = LINE ( 'NONE', #925, #2665 ) ;
#565 = EDGE_CURVE ( 'NONE', #393, #4050, #1807, .T. ) ;
#566 = VECTOR ( 'NONE', #3737, 39.37007874015748143 ) ;
#567 = LINE ( 'NONE', #1944, #4276 ) ;
#568 = VECTOR ( 'NONE', #156, 39.37007874015748143 ) ;
#569 = DIMENSIONAL_EXPONENTS ( 1.000000000000000000, 0.000000000000000000, 0.000000000000000000, 0.000000000000000000, 0.000000000000000000, 0.000000000000000000, 0.000000000000000000 ) ;
#570 = ORIENTED_EDGE ( 'NONE', *, *, #3735, .T. ) ;
#571 = LINE ( 'NONE', #3599, #3916 ) ;
#572 = COORDINATED_UNIVERSAL_TIME_OFFSET ( 8, 0, .BEHIND. ) ;
#573 = CARTESIAN_POINT ( 'NONE',  ( 36.00000000000000000, 1.500000000000000222, 12.00000000000001243 ) ) ;
#575 = EDGE_CURVE ( 'NONE', #381, #1829, #2880, .T. ) ;
#574 = FACE_OUTER_BOUND ( 'NONE', #3029, .T. ) ;
#576 = ADVANCED_FACE ( 'NONE', ( #2451 ), #447, .F. ) ;
#577 = CALENDAR_DATE ( 2026, 25, 3 ) ;
#578 = PLANE ( 'NONE',  #866 ) ;
#579 = PERSON_AND_ORGANIZATION_ROLE ( 'classification_officer' ) ;
#580 = ORIENTED_EDGE ( 'NONE', *, *, #3144, .T. ) ;
#581 = CC_DESIGN_PERSON_AND_ORGANIZATION_ASSIGNMENT ( #2442, #2806, ( #980 ) ) ;
#582 = DIRECTION ( 'NONE',  ( -0.000000000000000000, -0.000000000000000000, -1.000000000000000000 ) ) ;
#583 = ORIENTED_EDGE ( 'NONE', *, *, #1505, .F. ) ;
#584 = DIRECTION ( 'NONE',  ( 1.000000000000000000, 0.000000000000000000, 0.000000000000000000 ) ) ;
#585 = APPROVAL_STATUS ( 'not_yet_approved' ) ;
#586 = CARTESIAN_POINT ( 'NONE',  ( -33.00000000000000711, 99.12500000000000000, 11.99999999999999822 ) ) ;
#587 = UNCERTAINTY_MEASURE_WITH_UNIT (LENGTH_MEASURE( 1.000000000000000082E-05 ), #2065, 'distance_accuracy_value', 'NONE');
#588 = FACE_OUTER_BOUND ( 'NONE', #1109, .T. ) ;
#589 = EDGE_CURVE ( 'NONE', #56, #2725, #426, .T. ) ;
#590 = ORIENTED_EDGE ( 'NONE', *, *, #2701, .F. ) ;
#591 = DIRECTION ( 'NONE',  ( 0.000000000000000000, -0.000000000000000000, 1.000000000000000000 ) ) ;
#592 = ADVANCED_FACE ( 'NONE', ( #3849 ), #403, .F. ) ;
#593 = APPROVAL_STATUS ( 'not_yet_approved' ) ;
#594 = VECTOR ( 'NONE', #1029, 39.37007874015748143 ) ;
#595 = PLANE ( 'NONE',  #3268 ) ;
#596 = DIMENSIONAL_EXPONENTS ( 1.000000000000000000, 0.000000000000000000, 0.000000000000000000, 0.000000000000000000, 0.000000000000000000, 0.000000000000000000, 0.000000000000000000 ) ;
#597 = AXIS2_PLACEMENT_3D ( 'NONE', #1143, #3529, #3931 ) ;
#598 = CARTESIAN_POINT ( 'NONE',  ( 37.50000000000000000, 1.500000000000000222, -11.99999999999998934 ) ) ;
#599 = APPROVAL_ROLE ( '' ) ;
#600 = FACE_OUTER_BOUND ( 'NONE', #3444, .T. ) ;
#601 = ORIENTED_EDGE ( 'NONE', *, *, #4137, .F. ) ;
#602 = VECTOR ( 'NONE', #3130, 39.37007874015748143 ) ;
#603 = PLANE ( 'NONE',  #1075 ) ;
#604 = VERTEX_POINT ( 'NONE', #3166 ) ;
#605 = APPROVAL ( #84, 'UNKNOWN' ) ;
#606 = VECTOR ( 'NONE', #3491, 39.37007874015748143 ) ;
#607 = CARTESIAN_POINT ( 'NONE',  ( 0.000000000000000000, 0.000000000000000000, 0.000000000000000000 ) ) ;
#608 = ORIENTED_EDGE ( 'NONE', *, *, #3224, .F. ) ;
#609 = APPROVAL_ROLE ( '' ) ;
#610 = CARTESIAN_POINT ( 'NONE',  ( -37.50000000000000711, 73.54415587728428250, 13.50000000000000355 ) ) ;
#611 = EDGE_CURVE ( 'NONE', #604, #1975, #1134, .T. ) ;
#612 = CARTESIAN_POINT ( 'NONE',  ( 32.99999999999998579, 99.12500000000000000, -12.00000000000005151 ) ) ;
#613 = LINE ( 'NONE', #2384, #2296 ) ;
#614 = LOCAL_TIME ( 22, 35, 5.000000000000000000, #3965 ) ;
#615 = ADVANCED_FACE ( 'NONE', ( #3878 ), #1490, .F. ) ;
#616 = ORIENTED_EDGE ( 'NONE', *, *, #3079, .F. ) ;
#617 = CC_DESIGN_APPROVAL ( #4165, ( #116 ) ) ;
#618 = CARTESIAN_POINT ( 'NONE',  ( -36.00000000000000711, 3.500000000000000000, -11.99999999999999822 ) ) ;
#619 = CC_DESIGN_APPROVAL ( #3720, ( #4439 ) ) ;
#620 = PERSON_AND_ORGANIZATION_ROLE ( 'classification_officer' ) ;
#621 = CARTESIAN_POINT ( 'NONE',  ( 37.50000000000000711, 73.54415587728428250, 13.50000000000000355 ) ) ;
#622 = EDGE_CURVE ( 'NONE', #1556, #2608, #45, .T. ) ;
#623 = CARTESIAN_POINT ( 'NONE',  ( 16.99390334559011961, 99.00000000000002842, 12.00000000000000355 ) ) ;
#624 = LINE ( 'NONE', #555, #2710 ) ;
#625 = PERSON_AND_ORGANIZATION ( #3496, #2467 ) ;
#626 = CARTESIAN_POINT ( 'NONE',  ( -37.50000000000000711, 97.50000000000001421, -11.99999999999999822 ) ) ;
#627 = DATE_AND_TIME ( #2649, #701 ) ;
#628 = ORIENTED_EDGE ( 'NONE', *, *, #278, .T. ) ;
#629 = DIRECTION ( 'NONE',  ( 1.821231995776175479E-16, 0.000000000000000000, 1.000000000000000000 ) ) ;
#630 = VERTEX_POINT ( 'NONE', #4191 ) ;
#631 = COORDINATED_UNIVERSAL_TIME_OFFSET ( 8, 0, .BEHIND. ) ;
#632 = CARTESIAN_POINT ( 'NONE',  ( -22.75000000000000355, 98.99999999999998579, 11.99999999999999822 ) ) ;
#633 = CLOSED_SHELL ( 'NONE', ( #1931, #4331, #1106, #3411, #3812, #2636 ) ) ;
#634 = ORIENTED_EDGE ( 'NONE', *, *, #2430, .T. ) ;
#635 = DIRECTION ( 'NONE',  ( 1.821231995776175725E-16, 0.000000000000000000, 1.000000000000000000 ) ) ;
#636 = CC_DESIGN_PERSON_AND_ORGANIZATION_ASSIGNMENT ( #2006, #286, ( #4226 ) ) ;
#637 = CARTESIAN_POINT ( 'NONE',  ( 36.00000000000000711, 97.50000000000001421, 8.500000000000012434 ) ) ;
#638 = VECTOR ( 'NONE', #283, 39.37007874015748143 ) ;
#639 = CC_DESIGN_DATE_AND_TIME_ASSIGNMENT ( #2395, #3757, ( #1960 ) ) ;
#640 = ORIENTED_EDGE ( 'NONE', *, *, #1381, .F. ) ;
#641 = CARTESIAN_POINT ( 'NONE',  ( -37.50000000000000711, 1.500000000000000222, -11.99999999999999822 ) ) ;
#642 = VECTOR ( 'NONE', #1804, 39.37007874015748143 ) ;
#643 = PERSON_AND_ORGANIZATION ( #3496, #2467 ) ;
#644 = LINE ( 'NONE', #1752, #4417 ) ;
#645 = FACE_OUTER_BOUND ( 'NONE', #2318, .T. ) ;
#646 = PERSON_AND_ORGANIZATION ( #3496, #2467 ) ;
#647 = CARTESIAN_POINT ( 'NONE',  ( -15.25000000000000888, 99.12500000000000000, -12.00000000000000711 ) ) ;
#648 = ORIENTED_EDGE ( 'NONE', *, *, #913, .F. ) ;
#649 = DIRECTION ( 'NONE',  ( -1.000000000000000000, 0.000000000000000000, 1.821231995776174986E-16 ) ) ;
#650 = VERTEX_POINT ( 'NONE', #1068 ) ;
#651 = DATE_AND_TIME ( #3739, #149 ) ;
#652 = COORDINATED_UNIVERSAL_TIME_OFFSET ( 8, 0, .BEHIND. ) ;
#653 =( GEOMETRIC_REPRESENTATION_CONTEXT ( 3 ) GLOBAL_UNCERTAINTY_ASSIGNED_CONTEXT ( ( #313 ) ) GLOBAL_UNIT_ASSIGNED_CONTEXT ( ( #92, #3219, #1863 ) ) REPRESENTATION_CONTEXT ( 'NONE', 'WORKASPACE' ) );
#654 = DIRECTION ( 'NONE',  ( 1.000000000000000000, 0.000000000000000000, -1.589438832677390029E-15 ) ) ;
#655 = PRODUCT_DEFINITION_FORMATION_WITH_SPECIFIED_SOURCE ( 'ANY', '', #1316, .NOT_KNOWN. ) ;
#656 = VERTEX_POINT ( 'NONE', #1085 ) ;
#657 = CARTESIAN_POINT ( 'NONE',  ( 36.00000000000000000, 97.50000000000001421, -8.500000000000008882 ) ) ;
#658 = DIRECTION ( 'NONE',  ( 0.000000000000000000, -0.000000000000000000, -1.000000000000000000 ) ) ;
#659 = ORIENTED_EDGE ( 'NONE', *, *, #2016, .T. ) ;
#660 = ADVANCED_FACE ( 'NONE', ( #111 ), #4239, .T. ) ;
#661 = LINE ( 'NONE', #1317, #2567 ) ;
#662 = APPROVAL ( #2053, 'UNKNOWN' ) ;
#663 = CALENDAR_DATE ( 2026, 25, 3 ) ;
#664 = DIRECTION ( 'NONE',  ( -0.000000000000000000, -0.000000000000000000, -1.000000000000000000 ) ) ;
#665 = ORIENTED_EDGE ( 'NONE', *, *, #565, .T. ) ;
#666 = ADVANCED_FACE ( 'NONE', ( #2078 ), #2520, .T. ) ;
#667 = CARTESIAN_POINT ( 'NONE',  ( -36.00000000000000711, 1.500000000000000222, -11.99999999999999822 ) ) ;
#668 = VECTOR ( 'NONE', #485, 39.37007874015748143 ) ;
#669 =( NAMED_UNIT ( * ) PLANE_ANGLE_UNIT ( ) SI_UNIT ( $, .RADIAN. ) );
#670 = CALENDAR_DATE ( 2026, 25, 3 ) ;
#671 = DIRECTION ( 'NONE',  ( 1.274862397043323821E-15, 0.000000000000000000, 1.000000000000000000 ) ) ;
#672 = VERTEX_POINT ( 'NONE', #726 ) ;
#673 = CARTESIAN_POINT ( 'NONE',  ( -36.00000000000000711, 1.500000000000000222, -11.99999999999999822 ) ) ;
#674 = EDGE_CURVE ( 'NONE', #1125, #2753, #1104, .T. ) ;
#675 = DIRECTION ( 'NONE',  ( 0.000000000000000000, -0.000000000000000000, 1.000000000000000000 ) ) ;
#676 = VECTOR ( 'NONE', #3285, 39.37007874015748143 ) ;
#677 = SECURITY_CLASSIFICATION_LEVEL ( 'unclassified' ) ;
#678 = CARTESIAN_POINT ( 'NONE',  ( 22.58523515439430085, 16.81618052256532536, -11.99999999999999822 ) ) ;
#679 = ADVANCED_FACE ( 'NONE', ( #1745 ), #1831, .F. ) ;
#680 = VECTOR ( 'NONE', #4314, 39.37007874015748143 ) ;
#681 = ORIENTED_EDGE ( 'NONE', *, *, #2607, .T. ) ;
#682 = CARTESIAN_POINT ( 'NONE',  ( 0.000000000000000000, 3.500000000000000000, 0.000000000000000000 ) ) ;
#683 = VECTOR ( 'NONE', #3005, 39.37007874015748143 ) ;
#684 = DIRECTION ( 'NONE',  ( -1.000000000000000000, 0.000000000000000000, -0.000000000000000000 ) ) ;
#685 = VERTEX_POINT ( 'NONE', #1765 ) ;
#686 = DIRECTION ( 'NONE',  ( 5.827942386483749700E-15, 0.000000000000000000, -1.000000000000000000 ) ) ;
#687 = APPROVAL_DATE_TIME ( #2038, #935 ) ;
#688 = LOCAL_TIME ( 22, 35, 5.000000000000000000, #1942 ) ;
#689 = LINE ( 'NONE', #2088, #2631 ) ;
#690 = VERTEX_POINT ( 'NONE', #2813 ) ;
#691 = VECTOR ( 'NONE', #2648, 39.37007874015748143 ) ;
#692 = PLANE ( 'NONE',  #3770 ) ;
#693 = LOCAL_TIME ( 22, 35, 5.000000000000000000, #1122 ) ;
#694 =( CONVERSION_BASED_UNIT ( 'INCH', #2369 ) LENGTH_UNIT ( ) NAMED_UNIT ( #4021 ) );
#695 = CALENDAR_DATE ( 2026, 25, 3 ) ;
#696 = ORIENTED_EDGE ( 'NONE', *, *, #1536, .T. ) ;
#697 = EDGE_CURVE ( 'NONE', #780, #2807, #3502, .T. ) ;
#698 = CARTESIAN_POINT ( 'NONE',  ( 33.00000000000001421, 100.8750000000000000, 11.99999999999993783 ) ) ;
#699 = EDGE_CURVE ( 'NONE', #4141, #525, #4170, .T. ) ;
#700 = ORIENTED_EDGE ( 'NONE', *, *, #3442, .T. ) ;
#701 = LOCAL_TIME ( 22, 35, 5.000000000000000000, #2625 ) ;
#702 = CC_DESIGN_PERSON_AND_ORGANIZATION_ASSIGNMENT ( #1660, #3422, ( #2772 ) ) ;
#703 = FACE_OUTER_BOUND ( 'NONE', #180, .T. ) ;
#704 = CALENDAR_DATE ( 2026, 25, 3 ) ;
#705 = DIRECTION ( 'NONE',  ( 1.589438832677390818E-15, -0.000000000000000000, 1.000000000000000000 ) ) ;
#706 = ORIENTED_EDGE ( 'NONE', *, *, #3871, .T. ) ;
#707 = ADVANCED_FACE ( 'NONE', ( #744 ), #837, .F. ) ;
#708 = DIRECTION ( 'NONE',  ( 0.000000000000000000, -0.000000000000000000, -1.000000000000000000 ) ) ;
#709 = DIRECTION ( 'NONE',  ( -0.000000000000000000, -1.000000000000000000, -0.000000000000000000 ) ) ;
#710 = COORDINATED_UNIVERSAL_TIME_OFFSET ( 8, 0, .BEHIND. ) ;
#711 = VECTOR ( 'NONE', #3548, 39.37007874015748143 ) ;
#712 = CARTESIAN_POINT ( 'NONE',  ( -33.00000000000001421, 100.8750000000000000, -12.00000000000000355 ) ) ;
#713 = VERTEX_POINT ( 'NONE', #1599 ) ;
#714 = VECTOR ( 'NONE', #3788, 39.37007874015748143 ) ;
#715 = DIRECTION ( 'NONE',  ( 1.000000000000000000, 0.000000000000000000, -0.000000000000000000 ) ) ;
#716 = AXIS2_PLACEMENT_3D ( 'NONE', #4071, #988, #304 ) ;
#717 = COORDINATED_UNIVERSAL_TIME_OFFSET ( 8, 0, .BEHIND. ) ;
#718 = VERTEX_POINT ( 'NONE', #560 ) ;
#719 = DIRECTION ( 'NONE',  ( -0.5972064818366790151, -0.8020875376492619946, 0.000000000000000000 ) ) ;
#720 = AXIS2_PLACEMENT_3D ( 'NONE', #2702, #2358, #684 ) ;
#721 = ORIENTED_EDGE ( 'NONE', *, *, #1690, .F. ) ;
#722 = EDGE_CURVE ( 'NONE', #2855, #4360, #3254, .T. ) ;
#723 = LINE ( 'NONE', #4146, #4279 ) ;
#724 = CC_DESIGN_PERSON_AND_ORGANIZATION_ASSIGNMENT ( #475, #2522, ( #2609 ) ) ;
#725 = COORDINATED_UNIVERSAL_TIME_OFFSET ( 8, 0, .BEHIND. ) ;
#726 = CARTESIAN_POINT ( 'NONE',  ( 37.50000000000000000, 1.500000000000000222, 12.00000000000000355 ) ) ;
#727 = EDGE_CURVE ( 'NONE', #4163, #4050, #2944, .T. ) ;
#728 = ORIENTED_EDGE ( 'NONE', *, *, #2060, .F. ) ;
#729 = CC_DESIGN_APPROVAL ( #1060, ( #2772 ) ) ;
#730 = LINE ( 'NONE', #2547, #2952 ) ;
#731 = DIRECTION ( 'NONE',  ( -0.000000000000000000, -1.000000000000000000, -0.000000000000000000 ) ) ;
#732 = APPLICATION_CONTEXT ( 'configuration controlled 3d designs of mechanical parts and assemblies' ) ;
#733 = DIRECTION ( 'NONE',  ( -1.000000000000000000, -0.000000000000000000, -0.000000000000000000 ) ) ;
#734 = ORIENTED_EDGE ( 'NONE', *, *, #4383, .F. ) ;
#735 = ADVANCED_FACE ( 'NONE', ( #4303 ), #4348, .T. ) ;
#736 = FACE_OUTER_BOUND ( 'NONE', #1865, .T. ) ;
#737 = APPROVAL_STATUS ( 'not_yet_approved' ) ;
#738 = EDGE_LOOP ( 'NONE', ( #2809, #2025, #1378, #2638 ) ) ;
#739 = PLANE ( 'NONE',  #1289 ) ;
#740 = EDGE_LOOP ( 'NONE', ( #3862, #640, #2827, #947 ) ) ;
#741 = CARTESIAN_POINT ( 'NONE',  ( -33.00000000000001421, 100.6250000000000000, -12.00000000000000355 ) ) ;
#742 = APPROVAL_PERSON_ORGANIZATION ( #1572, #3776, #1188 ) ;
#743 = PERSON_AND_ORGANIZATION_ROLE ( 'classification_officer' ) ;
#744 = FACE_OUTER_BOUND ( 'NONE', #2247, .T. ) ;
#745 = ORIENTED_EDGE ( 'NONE', *, *, #3046, .F. ) ;
#746 = VECTOR ( 'NONE', #49, 39.37007874015748143 ) ;
#747 = EDGE_CURVE ( 'NONE', #3611, #2345, #1940, .T. ) ;
#748 = DIRECTION ( 'NONE',  ( 0.000000000000000000, -1.000000000000000000, 0.000000000000000000 ) ) ;
#749 = EDGE_CURVE ( 'NONE', #1314, #3609, #2211, .T. ) ;
#750 = AXIS2_PLACEMENT_3D ( 'NONE', #3838, #3907, #824 ) ;
#751 = LINE ( 'NONE', #4154, #602 ) ;
#752 =( CONVERSION_BASED_UNIT ( 'INCH', #4176 ) LENGTH_UNIT ( ) NAMED_UNIT ( #569 ) );
#753 = AXIS2_PLACEMENT_3D ( 'NONE', #2287, #1595, #1233 ) ;
#754 = CARTESIAN_POINT ( 'NONE',  ( 36.00000000000000000, 0.000000000000000000, -11.99999999999999822 ) ) ;
#755 = ORIENTED_EDGE ( 'NONE', *, *, #2817, .F. ) ;
#756 = LINE ( 'NONE', #549, #1836 ) ;
#757 = PERSON_AND_ORGANIZATION_ROLE ( 'classification_officer' ) ;
#758 = EDGE_LOOP ( 'NONE', ( #4028, #1887, #1537, #1515 ) ) ;
#759 = DIRECTION ( 'NONE',  ( 1.274862397043323624E-15, 0.000000000000000000, 1.000000000000000000 ) ) ;
#760 = EDGE_CURVE ( 'NONE', #2551, #1393, #1217, .T. ) ;
#761 = ORIENTED_EDGE ( 'NONE', *, *, #2951, .T. ) ;
#762 = CC_DESIGN_SECURITY_CLASSIFICATION ( #2576, ( #4460 ) ) ;
#763 = CC_DESIGN_PERSON_AND_ORGANIZATION_ASSIGNMENT ( #4369, #2264, ( #1983 ) ) ;
#764 = CC_DESIGN_SECURITY_CLASSIFICATION ( #980, ( #3709 ) ) ;
#765 = CARTESIAN_POINT ( 'NONE',  ( -27.50000000000001066, 100.6250000000000000, 11.99999999999999822 ) ) ;
#766 = PERSON_AND_ORGANIZATION ( #3496, #2467 ) ;
#767 = SECURITY_CLASSIFICATION ( '', '', #3209 ) ;
#768 = SECURITY_CLASSIFICATION_LEVEL ( 'unclassified' ) ;
#769 = CARTESIAN_POINT ( 'NONE',  ( 32.99999999999998579, 99.12500000000000000, -12.00000000000005151 ) ) ;
#770 = ORIENTED_EDGE ( 'NONE', *, *, #3106, .T. ) ;
#771 = EDGE_LOOP ( 'NONE', ( #2413, #1579, #3689, #2474 ) ) ;
#772 = FACE_OUTER_BOUND ( 'NONE', #2218, .T. ) ;
#773 = ADVANCED_FACE ( 'NONE', ( #4258 ), #3898, .F. ) ;
#774 = CC_DESIGN_PERSON_AND_ORGANIZATION_ASSIGNMENT ( #2222, #2619, ( #2102 ) ) ;
#775 = CARTESIAN_POINT ( 'NONE',  ( 27.50000000000001776, 100.8750000000000000, 11.99999999999993783 ) ) ;
#776 = ORIENTED_EDGE ( 'NONE', *, *, #1218, .T. ) ;
#777 = FACE_OUTER_BOUND ( 'NONE', #3056, .T. ) ;
#778 = VECTOR ( 'NONE', #1835, 39.37007874015748143 ) ;
#779 = DATE_TIME_ROLE ( 'classification_date' ) ;
#780 = VERTEX_POINT ( 'NONE', #215 ) ;
#781 = CARTESIAN_POINT ( 'NONE',  ( 36.00000000000000000, 0.000000000000000000, -11.99999999999999822 ) ) ;
#782 = VERTEX_POINT ( 'NONE', #857 ) ;
#783 = AXIS2_PLACEMENT_3D ( 'NONE', #840, #1040, #1374 ) ;
#784 = EDGE_CURVE ( 'NONE', #433, #4141, #2230, .T. ) ;
#785 = DIRECTION ( 'NONE',  ( 0.5972064818366790151, -0.8020875376492619946, 0.000000000000000000 ) ) ;
#786 = CALENDAR_DATE ( 2026, 25, 3 ) ;
#787 = AXIS2_PLACEMENT_3D ( 'NONE', #2680, #292, #708 ) ;
#788 = DIRECTION ( 'NONE',  ( 1.000000000000000000, 0.000000000000000000, -1.274862397043324019E-15 ) ) ;
#789 = DATE_AND_TIME ( #1805, #401 ) ;
#790 = ORIENTED_EDGE ( 'NONE', *, *, #3806, .F. ) ;
#791 = CARTESIAN_POINT ( 'NONE',  ( -36.00000000000000711, 3.500000000000000000, -11.99999999999999822 ) ) ;
#792 = APPLICATION_CONTEXT ( 'configuration controlled 3d designs of mechanical parts and assemblies' ) ;
#793 = ADVANCED_FACE ( 'NONE', ( #179 ), #2606, .F. ) ;
#794 = ORIENTED_EDGE ( 'NONE', *, *, #3224, .T. ) ;
#795 = MANIFOLD_SOLID_BREP ( 'Boss-Extrude1[1]', #4164 ) ;
#796 = PERSON_AND_ORGANIZATION ( #3496, #2467 ) ;
#797 = CARTESIAN_POINT ( 'NONE',  ( 22.75000000000000711, 99.12500000000000000, -12.00000000000001243 ) ) ;
#798 = CARTESIAN_POINT ( 'NONE',  ( -36.00000000000000000, 3.500000000000000000, 10.50000000000000000 ) ) ;
#799 = DIRECTION ( 'NONE',  ( 1.000000000000000000, 0.000000000000000000, 0.000000000000000000 ) ) ;
#800 = PLANE ( 'NONE',  #3695 ) ;
#801 = VERTEX_POINT ( 'NONE', #2248 ) ;
#802 = CC_DESIGN_PERSON_AND_ORGANIZATION_ASSIGNMENT ( #2632, #3014, ( #110 ) ) ;
#803 = CARTESIAN_POINT ( 'NONE',  ( 24.83694061757718785, 18.49272209026128166, -10.49999999999999822 ) ) ;
#804 = APPROVAL_ROLE ( '' ) ;
#805 = CARTESIAN_POINT ( 'NONE',  ( 0.000000000000000000, 0.000000000000000000, 0.000000000000000000 ) ) ;
#806 = EDGE_LOOP ( 'NONE', ( #3276, #2168, #2257, #2073 ) ) ;
#807 = EDGE_CURVE ( 'NONE', #1479, #3611, #2188, .T. ) ;
#808 = CARTESIAN_POINT ( 'NONE',  ( -37.50000000000000711, 97.50000000000001421, 8.500000000000012434 ) ) ;
#809 = APPROVAL_DATE_TIME ( #2138, #4442 ) ;
#810 = PLANE ( 'NONE',  #3463 ) ;
#811 = VERTEX_POINT ( 'NONE', #3631 ) ;
#812 = DIRECTION ( 'NONE',  ( -0.000000000000000000, -0.000000000000000000, -1.000000000000000000 ) ) ;
#813 = VERTEX_POINT ( 'NONE', #3981 ) ;
#814 = MANIFOLD_SOLID_BREP ( 'Boss-Extrude1[1]', #2080 ) ;
#815 = AXIS2_PLACEMENT_3D ( 'NONE', #2019, #4134, #3114 ) ;
#816 = CALENDAR_DATE ( 2026, 25, 3 ) ;
#817 = PLANE ( 'NONE',  #2375 ) ;
#818 = ADVANCED_FACE ( 'NONE', ( #2900 ), #2921, .F. ) ;
#819 = VECTOR ( 'NONE', #3861, 39.37007874015748143 ) ;
#820 = CARTESIAN_POINT ( 'NONE',  ( -33.00000000000000711, 100.8750000000000000, 11.99999999999999822 ) ) ;
#821 = VECTOR ( 'NONE', #2615, 39.37007874015748143 ) ;
#822 = DIRECTION ( 'NONE',  ( 0.000000000000000000, 0.000000000000000000, -1.000000000000000000 ) ) ;
#823 = ORIENTED_EDGE ( 'NONE', *, *, #1957, .F. ) ;
#824 = DIRECTION ( 'NONE',  ( 0.000000000000000000, -0.000000000000000000, -1.000000000000000000 ) ) ;
#825 = AXIS2_PLACEMENT_3D ( 'NONE', #3796, #2392, #3376 ) ;
#826 = APPROVAL_DATE_TIME ( #2132, #2911 ) ;
#827 = PLANE ( 'NONE',  #2798 ) ;
#828 = VECTOR ( 'NONE', #2894, 39.37007874015748143 ) ;
#830 = CARTESIAN_POINT ( 'NONE',  ( 36.00000000000000000, 1.500000000000000222, 12.00000000000001243 ) ) ;
#829 = APPROVAL ( #2719, 'UNSPECIFIED' ) ;
#831 = APPROVAL_ROLE ( '' ) ;
#832 = CARTESIAN_POINT ( 'NONE',  ( 32.99999999999998579, 100.6250000000000000, -12.00000000000005151 ) ) ;
#833 = DATE_TIME_ROLE ( 'classification_date' ) ;
#834 = ORIENTED_EDGE ( 'NONE', *, *, #2076, .T. ) ;
#835 = CC_DESIGN_PERSON_AND_ORGANIZATION_ASSIGNMENT ( #1388, #4088, ( #2972 ) ) ;
#836 = CC_DESIGN_APPROVAL ( #3206, ( #1409 ) ) ;
#837 = PLANE ( 'NONE',  #1507 ) ;
#838 = APPROVAL_PERSON_ORGANIZATION ( #987, #1110, #3427 ) ;
#839 = ORIENTED_EDGE ( 'NONE', *, *, #4052, .F. ) ;
#840 = CARTESIAN_POINT ( 'NONE',  ( 37.50000000000000000, 97.50000000000001421, -11.99999999999999822 ) ) ;
#841 = MANIFOLD_SOLID_BREP ( 'Cut-Extrude1[1]', #2221 ) ;
#842 = PERSON_AND_ORGANIZATION_ROLE ( 'creator' ) ;
#843 = DIRECTION ( 'NONE',  ( 0.000000000000000000, -0.000000000000000000, 1.000000000000000000 ) ) ;
#844 = LINE ( 'NONE', #1312, #4053 ) ;
#845 = FACE_OUTER_BOUND ( 'NONE', #4457, .T. ) ;
#846 = VERTEX_POINT ( 'NONE', #1200 ) ;
#847 = CARTESIAN_POINT ( 'NONE',  ( 36.00000000000000000, 3.500000000000000000, 12.00000000000000355 ) ) ;
#848 = PERSON ( 'NAUO-PER3', 'UNSPECIFIED', 'UNSPECIFIED', ('UNSPECIFIED'), ('UNSPECIFIED'), ('UNSPECIFIED') ) ;
#849 = APPLICATION_PROTOCOL_DEFINITION ( 'international standard', 'config_control_design', 1994, #2592 ) ;
#850 = LINE ( 'NONE', #1529, #495 ) ;
#851 = MANIFOLD_SOLID_BREP ( 'Boss-Extrude1[3]', #633 ) ;
#852 = CARTESIAN_POINT ( 'NONE',  ( 0.000000000000000000, 3.500000000000000000, -10.49999999999999822 ) ) ;
#853 = APPROVAL_DATE_TIME ( #3937, #3910 ) ;
#854 = FACE_OUTER_BOUND ( 'NONE', #2589, .T. ) ;
#855 = COORDINATED_UNIVERSAL_TIME_OFFSET ( 8, 0, .BEHIND. ) ;
#856 = EDGE_LOOP ( 'NONE', ( #333, #2126, #4373, #4 ) ) ;
#857 = CARTESIAN_POINT ( 'NONE',  ( -37.50000000000000711, 97.50000000000001421, 8.500000000000012434 ) ) ;
#858 = VECTOR ( 'NONE', #2834, 39.37007874015748143 ) ;
#859 = ORIENTED_EDGE ( 'NONE', *, *, #2468, .T. ) ;
#860 = APPROVAL ( #88, 'UNSPECIFIED' ) ;
#861 = EDGE_LOOP ( 'NONE', ( #375, #1236, #364, #506 ) ) ;
#862 = PERSON_AND_ORGANIZATION ( #3496, #2467 ) ;
#863 = LINE ( 'NONE', #2234, #3662 ) ;
#864 = DESIGN_CONTEXT ( 'detailed design', #2592, 'design' ) ;
#865 = DIRECTION ( 'NONE',  ( -0.000000000000000000, -1.000000000000000000, -0.000000000000000000 ) ) ;
#866 = AXIS2_PLACEMENT_3D ( 'NONE', #4370, #3315, #233 ) ;
#867 = ORIENTED_EDGE ( 'NONE', *, *, #2212, .T. ) ;
#868 = CARTESIAN_POINT ( 'NONE',  ( -16.99390334559012317, 98.99999999999998579, 13.50000000000000355 ) ) ;
#869 = PERSON_AND_ORGANIZATION ( #3496, #2467 ) ;
#870 = FACE_OUTER_BOUND ( 'NONE', #2762, .T. ) ;
#871 = EDGE_CURVE ( 'NONE', #1811, #3141, #199, .T. ) ;
#872 = MANIFOLD_SOLID_BREP ( 'Boss-Extrude1[2]', #269 ) ;
#873 = CARTESIAN_POINT ( 'NONE',  ( -36.00000000000000711, 97.50000000000001421, 12.00000000000000355 ) ) ;
#874 = SECURITY_CLASSIFICATION_LEVEL ( 'unclassified' ) ;
#875 = DIRECTION ( 'NONE',  ( -0.000000000000000000, 0.000000000000000000, -1.000000000000000000 ) ) ;
#876 = ORIENTED_EDGE ( 'NONE', *, *, #257, .T. ) ;
#877 = CARTESIAN_POINT ( 'NONE',  ( -27.50000000000001421, 100.8750000000000000, -12.00000000000000355 ) ) ;
#878 = PRODUCT_DEFINITION_SHAPE ( 'NONE', 'NONE',  #4461 ) ;
#879 = ORIENTED_EDGE ( 'NONE', *, *, #80, .F. ) ;
#880 = PERSON_AND_ORGANIZATION ( #3496, #2467 ) ;
#881 = LINE ( 'NONE', #4010, #1867 ) ;
#882 = DIRECTION ( 'NONE',  ( -1.000000000000000000, 0.000000000000000000, 1.589438832677390029E-15 ) ) ;
#883 = VECTOR ( 'NONE', #191, 39.37007874015748854 ) ;
#884 = MANIFOLD_SOLID_BREP ( 'Boss-Extrude1[1]', #1357 ) ;
#885 = ORIENTED_EDGE ( 'NONE', *, *, #1191, .T. ) ;
#886 = LINE ( 'NONE', #2258, #314 ) ;
#887 = VECTOR ( 'NONE', #3260, 39.37007874015748143 ) ;
#888 = APPROVAL_ROLE ( '' ) ;
#889 = DIRECTION ( 'NONE',  ( 0.000000000000000000, -0.000000000000000000, 1.000000000000000000 ) ) ;
#890 = VECTOR ( 'NONE', #3157, 39.37007874015748143 ) ;
#891 = LINE ( 'NONE', #2263, #3070 ) ;
#892 = EDGE_CURVE ( 'NONE', #3696, #518, #3298, .T. ) ;
#893 = DATE_TIME_ROLE ( 'classification_date' ) ;
#894 = LINE ( 'NONE', #2265, #3152 ) ;
#895 = CONTEXT_DEPENDENT_SHAPE_REPRESENTATION ( #4246, #2980 ) ;
#896 = VERTEX_POINT ( 'NONE', #1514 ) ;
#897 = CARTESIAN_POINT ( 'NONE',  ( 39.97487373415291501, 76.01902961143720461, 12.00000000000000355 ) ) ;
#898 = VERTEX_POINT ( 'NONE', #2966 ) ;
#899 = DIRECTION ( 'NONE',  ( 1.000000000000000000, 0.000000000000000000, 0.000000000000000000 ) ) ;
#900 = PRODUCT_DEFINITION_FORMATION_WITH_SPECIFIED_SOURCE ( 'ANY', '', #3299, .NOT_KNOWN. ) ;
#901 = ORIENTED_EDGE ( 'NONE', *, *, #892, .T. ) ;
#902 = PERSON_AND_ORGANIZATION ( #3496, #2467 ) ;
#903 = PLANE ( 'NONE',  #1726 ) ;
#904 = LOCAL_TIME ( 22, 35, 5.000000000000000000, #855 ) ;
#905 = LOCAL_TIME ( 22, 35, 5.000000000000000000, #3556 ) ;
#906 = LINE ( 'NONE', #3989, #3559 ) ;
#907 = MANIFOLD_SOLID_BREP ( 'Boss-Extrude1[1]', #3947 ) ;
#908 = ORIENTED_EDGE ( 'NONE', *, *, #2482, .F. ) ;
#909 = ADVANCED_FACE ( 'NONE', ( #2269 ), #2627, .F. ) ;
#910 = DIRECTION ( 'NONE',  ( -1.000000000000000000, 0.000000000000000000, 0.000000000000000000 ) ) ;
#911 = COORDINATED_UNIVERSAL_TIME_OFFSET ( 8, 0, .BEHIND. ) ;
#912 = LINE ( 'NONE', #3352, #1315 ) ;
#913 = EDGE_CURVE ( 'NONE', #3554, #3388, #2716, .T. ) ;
#914 = CARTESIAN_POINT ( 'NONE',  ( -27.50000000000001421, 99.12500000000000000, -12.00000000000000355 ) ) ;
#915 = COORDINATED_UNIVERSAL_TIME_OFFSET ( 8, 0, .BEHIND. ) ;
#916 = CARTESIAN_POINT ( 'NONE',  ( -32.50000000000003553, 95.50000000000000000, -10.49999999999999822 ) ) ;
#917 = DATE_AND_TIME ( #4320, #46 ) ;
#918 = ORIENTED_EDGE ( 'NONE', *, *, #4245, .T. ) ;
#919 = CARTESIAN_POINT ( 'NONE',  ( -36.00000000000000711, 97.50000000000001421, 12.00000000000000355 ) ) ;
#920 = EDGE_CURVE ( 'NONE', #123, #2510, #1956, .T. ) ;
#921 = ORIENTED_EDGE ( 'NONE', *, *, #1499, .F. ) ;
#922 = DIRECTION ( 'NONE',  ( 0.000000000000000000, 0.000000000000000000, 1.000000000000000000 ) ) ;
#923 = AXIS2_PLACEMENT_3D ( 'NONE', #2816, #1088, #4194 ) ;
#924 = APPROVAL_DATE_TIME ( #3657, #3076 ) ;
#925 = CARTESIAN_POINT ( 'NONE',  ( -36.00000000000000711, 1.500000000000000222, -11.99999999999999822 ) ) ;
#926 = EDGE_CURVE ( 'NONE', #2280, #2693, #4048, .T. ) ;
#927 = VECTOR ( 'NONE', #3827, 39.37007874015748143 ) ;
#928 = VECTOR ( 'NONE', #3269, 39.37007874015748143 ) ;
#929 = DIRECTION ( 'NONE',  ( 0.000000000000000000, -0.000000000000000000, 1.000000000000000000 ) ) ;
#930 = VECTOR ( 'NONE', #3766, 39.37007874015748854 ) ;
#931 = EDGE_LOOP ( 'NONE', ( #4153, #2907, #237, #3985 ) ) ;
#932 = DIRECTION ( 'NONE',  ( 0.7071067811865455743, -0.7071067811865493491, 0.000000000000000000 ) ) ;
#933 = APPROVAL_STATUS ( 'not_yet_approved' ) ;
#934 = LINE ( 'NONE', #3956, #2986 ) ;
#935 = APPROVAL ( #957, 'UNSPECIFIED' ) ;
#936 = FACE_OUTER_BOUND ( 'NONE', #3121, .T. ) ;
#937 = PERSON_AND_ORGANIZATION ( #3496, #2467 ) ;
#938 = ADVANCED_FACE ( 'NONE', ( #1260 ), #2738, .F. ) ;
#939 = DIRECTION ( 'NONE',  ( 0.000000000000000000, 0.000000000000000000, -1.000000000000000000 ) ) ;
#940 = DATE_TIME_ROLE ( 'classification_date' ) ;
#941 = ADVANCED_FACE ( 'NONE', ( #2316 ), #603, .F. ) ;
#942 = EDGE_LOOP ( 'NONE', ( #4306, #2436, #1897, #1261 ) ) ;
#943 = DIRECTION ( 'NONE',  ( 1.000000000000000000, -0.000000000000000000, -0.000000000000000000 ) ) ;
#944 = ORIENTED_EDGE ( 'NONE', *, *, #3990, .T. ) ;
#945 = DIRECTION ( 'NONE',  ( 1.000000000000000000, 0.000000000000000000, 0.000000000000000000 ) ) ;
#946 = DIMENSIONAL_EXPONENTS ( 1.000000000000000000, 0.000000000000000000, 0.000000000000000000, 0.000000000000000000, 0.000000000000000000, 0.000000000000000000, 0.000000000000000000 ) ;
#947 = ORIENTED_EDGE ( 'NONE', *, *, #1189, .F. ) ;
#948 = PERSON_AND_ORGANIZATION_ROLE ( 'classification_officer' ) ;
#949 = LINE ( 'NONE', #4446, #2669 ) ;
#950 = PLANE ( 'NONE',  #962 ) ;
#951 = ADVANCED_FACE ( 'NONE', ( #4441 ), #1351, .T. ) ;
#952 = CARTESIAN_POINT ( 'NONE',  ( -1.749999999999986455, 49.49999999999998579, -10.49999999999999822 ) ) ;
#953 = VERTEX_POINT ( 'NONE', #3055 ) ;
#954 = CARTESIAN_POINT ( 'NONE',  ( -39.97487373415291501, 76.01902961143720461, 12.00000000000000355 ) ) ;
#955 = SHAPE_REPRESENTATION_RELATIONSHIP ( 'NONE' , 'NONE' ,  #2295, #1506 ) ;
#956 = CC_DESIGN_SECURITY_CLASSIFICATION ( #3572, ( #3927 ) ) ;
#957 = APPROVAL_STATUS ( 'not_yet_approved' ) ;
#958 = VECTOR ( 'NONE', #932, 39.37007874015748854 ) ;
#959 = LINE ( 'NONE', #2241, #1682 ) ;
#960 = APPLICATION_CONTEXT ( 'configuration controlled 3d designs of mechanical parts and assemblies' ) ;
#961 = DIRECTION ( 'NONE',  ( 0.000000000000000000, -1.000000000000000000, -0.000000000000000000 ) ) ;
#962 = AXIS2_PLACEMENT_3D ( 'NONE', #1964, #1989, #2012 ) ;
#963 = FACE_OUTER_BOUND ( 'NONE', #3449, .T. ) ;
#964 = APPROVAL_ROLE ( '' ) ;
#965 = CARTESIAN_POINT ( 'NONE',  ( -22.75000000000000711, 98.99999999999998579, -12.00000000000000533 ) ) ;
#966 = ORIENTED_EDGE ( 'NONE', *, *, #4426, .T. ) ;
#967 = AXIS2_PLACEMENT_3D ( 'NONE', #2338, #3426, #3731 ) ;
#968 = DIRECTION ( 'NONE',  ( 0.000000000000000000, -0.000000000000000000, 1.000000000000000000 ) ) ;
#969 = CC_DESIGN_PERSON_AND_ORGANIZATION_ASSIGNMENT ( #1509, #2516, ( #1770 ) ) ;
#970 = VERTEX_POINT ( 'NONE', #3100 ) ;
#971 = VECTOR ( 'NONE', #3184, 39.37007874015748143 ) ;
#972 =( NAMED_UNIT ( * ) SI_UNIT ( $, .STERADIAN. ) SOLID_ANGLE_UNIT ( ) );
#973 = COORDINATED_UNIVERSAL_TIME_OFFSET ( 8, 0, .BEHIND. ) ;
#974 = DIRECTION ( 'NONE',  ( -0.000000000000000000, -1.000000000000000000, -0.000000000000000000 ) ) ;
#975 = ORIENTED_EDGE ( 'NONE', *, *, #387, .T. ) ;
#976 = LINE ( 'NONE', #291, #1614 ) ;
#977 = CARTESIAN_POINT ( 'NONE',  ( -32.50000000000003553, 95.50000000000000000, -10.49999999999999822 ) ) ;
#978 = APPROVAL_PERSON_ORGANIZATION ( #880, #193, #609 ) ;
#979 = ORIENTED_EDGE ( 'NONE', *, *, #1083, .F. ) ;
#980 = SECURITY_CLASSIFICATION ( '', '', #1063 ) ;
#981 = CARTESIAN_POINT ( 'NONE',  ( -22.75000000000000711, 99.12500000000000000, -12.00000000000000533 ) ) ;
#982 = ORIENTED_EDGE ( 'NONE', *, *, #3086, .T. ) ;
#983 = COORDINATED_UNIVERSAL_TIME_OFFSET ( 8, 0, .BEHIND. ) ;
#984 = LINE ( 'NONE', #2709, #1181 ) ;
#985 = PLANE ( 'NONE',  #967 ) ;
#986 =( LENGTH_UNIT ( ) NAMED_UNIT ( * ) SI_UNIT ( $, .METRE. ) );
#987 = PERSON_AND_ORGANIZATION ( #3496, #2467 ) ;
#988 = DIRECTION ( 'NONE',  ( -1.000000000000000000, 0.000000000000000000, 0.000000000000000000 ) ) ;
#989 = SHAPE_REPRESENTATION ( 'Wooden Assembly Actual', ( #1665, #1592, #2614, #3747, #1809, #4033, #2169, #3608, #1948, #1882 ), #4323 ) ;
#990 = EDGE_LOOP ( 'NONE', ( #2464, #3037, #32, #885 ) ) ;
#991 = CARTESIAN_POINT ( 'NONE',  ( 0.000000000000000000, 100.6250000000000000, 0.000000000000000000 ) ) ;
#992 = ORIENTED_EDGE ( 'NONE', *, *, #2151, .F. ) ;
#993 = APPROVAL_ROLE ( '' ) ;
#994 = SHAPE_DEFINITION_REPRESENTATION ( #3616, #3256 ) ;
#995 = CARTESIAN_POINT ( 'NONE',  ( 36.00000000000000711, 97.50000000000001421, 8.500000000000012434 ) ) ;
#996 = PRODUCT ( 'Metal Blue Motor Mount^Blue Motor Mount Assem_Wooden Assembly Actual', 'Metal Blue Motor Mount^Blue Motor Mount Assem_Wooden Assembly Actual', '', ( #1714 ) ) ;
#997 = CC_DESIGN_DATE_AND_TIME_ASSIGNMENT ( #3363, #1961, ( #396 ) ) ;
#998 = VECTOR ( 'NONE', #748, 39.37007874015748143 ) ;
#999 = VERTEX_POINT ( 'NONE', #2026 ) ;
#1000 = CARTESIAN_POINT ( 'NONE',  ( -37.50000000000000711, 0.000000000000000000, 12.00000000000000355 ) ) ;
#1001 = PLANE ( 'NONE',  #720 ) ;
#1002 = AXIS2_PLACEMENT_3D ( 'NONE', #3462, #2166, #2494 ) ;
#1003 = EDGE_LOOP ( 'NONE', ( #2947, #2823, #918, #1412 ) ) ;
#1004 = FACE_OUTER_BOUND ( 'NONE', #931, .T. ) ;
#1005 =( LENGTH_UNIT ( ) NAMED_UNIT ( * ) SI_UNIT ( $, .METRE. ) );
#1006 = VECTOR ( 'NONE', #2227, 39.37007874015748143 ) ;
#1007 = VECTOR ( 'NONE', #2808, 39.37007874015748143 ) ;
#1008 = COORDINATED_UNIVERSAL_TIME_OFFSET ( 8, 0, .BEHIND. ) ;
#1009 = CARTESIAN_POINT ( 'NONE',  ( -37.50000000000000711, 97.50000000000001421, 12.00000000000000355 ) ) ;
#1010 = ORIENTED_EDGE ( 'NONE', *, *, #453, .F. ) ;
#1011 = CARTESIAN_POINT ( 'NONE',  ( -33.00000000000000711, 100.8750000000000000, 11.99999999999999822 ) ) ;
#1012 =( LENGTH_UNIT ( ) NAMED_UNIT ( * ) SI_UNIT ( $, .METRE. ) );
#1013 = APPROVAL_ROLE ( '' ) ;
#1014 = DIRECTION ( 'NONE',  ( -0.000000000000000000, -1.000000000000000000, -0.000000000000000000 ) ) ;
#1015 = ADVANCED_FACE ( 'NONE', ( #2374 ), #3405, .T. ) ;
#1016 = ORIENTED_EDGE ( 'NONE', *, *, #4245, .F. ) ;
#1017 = LINE ( 'NONE', #3336, #4309 ) ;
#1018 = FACE_OUTER_BOUND ( 'NONE', #1732, .T. ) ;
#1019 = SECURITY_CLASSIFICATION_LEVEL ( 'unclassified' ) ;
#1020 = AXIS2_PLACEMENT_3D ( 'NONE', #2838, #4225, #2195 ) ;
#1021 = LINE ( 'NONE', #2677, #3595 ) ;
#1022 = EDGE_LOOP ( 'NONE', ( #1463, #3523, #2314, #416 ) ) ;
#1023 = DIRECTION ( 'NONE',  ( 0.000000000000000000, 1.000000000000000000, 0.000000000000000000 ) ) ;
#1024 = LINE ( 'NONE', #2082, #4311 ) ;
#1025 = VERTEX_POINT ( 'NONE', #919 ) ;
#1026 = CARTESIAN_POINT ( 'NONE',  ( 22.75000000000000711, 99.12500000000000000, -12.00000000000001243 ) ) ;
#1027 = ADVANCED_FACE ( 'NONE', ( #4098 ), #306, .F. ) ;
#1028 = COORDINATED_UNIVERSAL_TIME_OFFSET ( 8, 0, .BEHIND. ) ;
#1029 = DIRECTION ( 'NONE',  ( -0.000000000000000000, -1.000000000000000000, -0.000000000000000000 ) ) ;
#1030 = ORIENTED_EDGE ( 'NONE', *, *, #1521, .F. ) ;
#1031 = FACE_OUTER_BOUND ( 'NONE', #3210, .T. ) ;
#1032 = EDGE_CURVE ( 'NONE', #2373, #4415, #2344, .T. ) ;
#1033 = VECTOR ( 'NONE', #2979, 39.37007874015748143 ) ;
#1034 =( LENGTH_UNIT ( ) NAMED_UNIT ( * ) SI_UNIT ( $, .METRE. ) );
#1035 = PERSON_AND_ORGANIZATION_ROLE ( 'creator' ) ;
#1036 = VERTEX_POINT ( 'NONE', #3361 ) ;
#1037 = LINE ( 'NONE', #1349, #422 ) ;
#1038 = CC_DESIGN_APPROVAL ( #2780, ( #2102 ) ) ;
#1039 = EDGE_LOOP ( 'NONE', ( #1081, #207, #67, #975 ) ) ;
#1040 = DIRECTION ( 'NONE',  ( -1.000000000000000000, 0.000000000000000000, 0.000000000000000000 ) ) ;
#1041 = VECTOR ( 'NONE', #3469, 39.37007874015748143 ) ;
#1042 = ADVANCED_FACE ( 'NONE', ( #1671 ), #3011, .F. ) ;
#1043 = CARTESIAN_POINT ( 'NONE',  ( 0.000000000000000000, 98.99999999999998579, 0.000000000000000000 ) ) ;
#1044 = VECTOR ( 'NONE', #1449, 39.37007874015748143 ) ;
#1045 = COORDINATED_UNIVERSAL_TIME_OFFSET ( 8, 0, .BEHIND. ) ;
#1046 = DIRECTION ( 'NONE',  ( 0.000000000000000000, -0.000000000000000000, 1.000000000000000000 ) ) ;
#1047 = VECTOR ( 'NONE', #1721, 39.37007874015748143 ) ;
#1048 = ORIENTED_EDGE ( 'NONE', *, *, #1611, .F. ) ;
#1049 = CARTESIAN_POINT ( 'NONE',  ( 22.75000000000001421, 99.12500000000000000, 11.99999999999999289 ) ) ;
#1050 = ORIENTED_EDGE ( 'NONE', *, *, #2814, .T. ) ;
#1051 = CARTESIAN_POINT ( 'NONE',  ( -27.50000000000001066, 100.8750000000000000, 11.99999999999999822 ) ) ;
#1052 =( NAMED_UNIT ( * ) SI_UNIT ( $, .STERADIAN. ) SOLID_ANGLE_UNIT ( ) );
#1053 = CC_DESIGN_SECURITY_CLASSIFICATION ( #2972, ( #2772 ) ) ;
#1054 = APPLICATION_PROTOCOL_DEFINITION ( 'international standard', 'config_control_design', 1994, #3048 ) ;
#1055 = LOCAL_TIME ( 22, 35, 5.000000000000000000, #973 ) ;
#1056 = FACE_OUTER_BOUND ( 'NONE', #2422, .T. ) ;
#1057 = SECURITY_CLASSIFICATION ( '', '', #55 ) ;
#1058 = EDGE_CURVE ( 'NONE', #2675, #370, #1017, .T. ) ;
#1059 = ORIENTED_EDGE ( 'NONE', *, *, #1387, .F. ) ;
#1060 = APPROVAL ( #593, 'UNSPECIFIED' ) ;
#1061 = LOCAL_TIME ( 22, 35, 5.000000000000000000, #360 ) ;
#1062 = CARTESIAN_POINT ( 'NONE',  ( 22.58523515439430085, 16.81618052256532536, -10.49999999999999822 ) ) ;
#1063 = SECURITY_CLASSIFICATION_LEVEL ( 'unclassified' ) ;
#1064 = EDGE_LOOP ( 'NONE', ( #2562, #4402, #1048, #4257 ) ) ;
#1065 = LINE ( 'NONE', #647, #3951 ) ;
#1066 = ORIENTED_EDGE ( 'NONE', *, *, #784, .T. ) ;
#1067 = CARTESIAN_POINT ( 'NONE',  ( -36.00000000000000711, 0.000000000000000000, -11.99999999999999822 ) ) ;
#1068 = CARTESIAN_POINT ( 'NONE',  ( -33.00000000000001421, 99.12500000000000000, -12.00000000000000355 ) ) ;
#1069 = ORIENTED_EDGE ( 'NONE', *, *, #3864, .T. ) ;
#1070 = DIRECTION ( 'NONE',  ( 0.000000000000000000, -0.000000000000000000, -1.000000000000000000 ) ) ;
#1071 = EDGE_CURVE ( 'NONE', #4260, #2749, #3760, .T. ) ;
#1072 = CARTESIAN_POINT ( 'NONE',  ( -37.50000000000000711, 97.50000000000001421, -11.99999999999999822 ) ) ;
#1073 = LINE ( 'NONE', #2458, #4340 ) ;
#1074 = ORIENTED_EDGE ( 'NONE', *, *, #197, .F. ) ;
#1075 = AXIS2_PLACEMENT_3D ( 'NONE', #3030, #1623, #2004 ) ;
#1076 = DIRECTION ( 'NONE',  ( 1.000000000000000000, 0.000000000000000000, 0.000000000000000000 ) ) ;
#1077 = PERSON_AND_ORGANIZATION_ROLE ( 'creator' ) ;
#1078 = ORIENTED_EDGE ( 'NONE', *, *, #3031, .F. ) ;
#1079 = DIRECTION ( 'NONE',  ( 1.000000000000000000, -0.000000000000000000, -0.000000000000000000 ) ) ;
#1080 = VECTOR ( 'NONE', #3466, 39.37007874015748143 ) ;
#1081 = ORIENTED_EDGE ( 'NONE', *, *, #2320, .T. ) ;
#1083 = EDGE_CURVE ( 'NONE', #1966, #2544, #1646, .T. ) ;
#1082 = DIRECTION ( 'NONE',  ( -0.000000000000000000, -1.000000000000000000, -0.000000000000000000 ) ) ;
#1084 = CALENDAR_DATE ( 2026, 25, 3 ) ;
#1085 = CARTESIAN_POINT ( 'NONE',  ( -36.00000000000000000, 0.000000000000000000, -10.50000000000000000 ) ) ;
#1086 = ORIENTED_EDGE ( 'NONE', *, *, #2810, .F. ) ;
#1087 = LOCAL_TIME ( 22, 35, 5.000000000000000000, #3351 ) ;
#1088 = DIRECTION ( 'NONE',  ( 0.000000000000000000, 0.000000000000000000, -1.000000000000000000 ) ) ;
#1089 = DIRECTION ( 'NONE',  ( 0.000000000000000000, -0.000000000000000000, 1.000000000000000000 ) ) ;
#1090 = LENGTH_MEASURE_WITH_UNIT ( LENGTH_MEASURE( 0.02539999999999999897 ), #1838 );
#1091 = ADVANCED_FACE ( 'NONE', ( #335 ), #4372, .T. ) ;
#1092 = PLANE ( 'NONE',  #2989 ) ;
#1093 = ORIENTED_EDGE ( 'NONE', *, *, #4338, .F. ) ;
#1094 = DIRECTION ( 'NONE',  ( 0.7071067811865476838, 0.7071067811865472397, 0.000000000000000000 ) ) ;
#1095 = COORDINATED_UNIVERSAL_TIME_OFFSET ( 8, 0, .BEHIND. ) ;
#1096 = ORIENTED_EDGE ( 'NONE', *, *, #2027, .F. ) ;
#1097 = FACE_OUTER_BOUND ( 'NONE', #3818, .T. ) ;
#1098 = VERTEX_POINT ( 'NONE', #3690 ) ;
#1099 = VECTOR ( 'NONE', #102, 39.37007874015748143 ) ;
#1100 = CARTESIAN_POINT ( 'NONE',  ( -33.00000000000001421, 100.6250000000000000, -12.00000000000000355 ) ) ;
#1101 = SECURITY_CLASSIFICATION_LEVEL ( 'unclassified' ) ;
#1102 = ITEM_DEFINED_TRANSFORMATION ( 'NONE', 'NONE', #4033,  #2426 ) ;
#1103 = VECTOR ( 'NONE', #2365, 39.37007874015748143 ) ;
#1104 = LINE ( 'NONE', #22, #4385 ) ;
#1105 = CC_DESIGN_PERSON_AND_ORGANIZATION_ASSIGNMENT ( #3847, #1485, ( #1524 ) ) ;
#1106 = ADVANCED_FACE ( 'NONE', ( #4119 ), #2424, .F. ) ;
#1107 = LOCAL_TIME ( 22, 35, 5.000000000000000000, #911 ) ;
#1108 = APPLICATION_CONTEXT ( 'configuration controlled 3d designs of mechanical parts and assemblies' ) ;
#1109 = EDGE_LOOP ( 'NONE', ( #3822, #1645, #4109, #3736 ) ) ;
#1110 = APPROVAL ( #2507, 'UNSPECIFIED' ) ;
#1111 = AXIS2_PLACEMENT_3D ( 'NONE', #4448, #1023, #929 ) ;
#1112 = PLANE ( 'NONE',  #2594 ) ;
#1113 = AXIS2_PLACEMENT_3D ( 'NONE', #1909, #3287, #1248 ) ;
#1114 = ADVANCED_FACE ( 'NONE', ( #2766 ), #3443, .F. ) ;
#1115 = LINE ( 'NONE', #4196, #1183 ) ;
#1116 = DIRECTION ( 'NONE',  ( 1.000000000000000000, 0.000000000000000000, 0.000000000000000000 ) ) ;
#1117 = VECTOR ( 'NONE', #3025, 39.37007874015748143 ) ;
#1118 = CARTESIAN_POINT ( 'NONE',  ( 33.00000000000001421, 98.99999999999998579, 11.99999999999993783 ) ) ;
#1119 = ORIENTED_EDGE ( 'NONE', *, *, #337, .F. ) ;
#1120 = LINE ( 'NONE', #1434, #4056 ) ;
#1121 = PERSON ( 'NAUO-PER12', 'UNSPECIFIED', 'UNSPECIFIED', ('UNSPECIFIED'), ('UNSPECIFIED'), ('UNSPECIFIED') ) ;
#1122 = COORDINATED_UNIVERSAL_TIME_OFFSET ( 8, 0, .BEHIND. ) ;
#1123 = VERTEX_POINT ( 'NONE', #2035 ) ;
#1124 = DIRECTION ( 'NONE',  ( 0.000000000000000000, -1.000000000000000000, 0.000000000000000000 ) ) ;
#1125 = VERTEX_POINT ( 'NONE', #2013 ) ;
#1126 = ORGANIZATION ( 'NAUO-ORG3', 'UNSPECIFIED', 'UNSPECIFIED' ) ;
#1127 = CC_DESIGN_APPROVAL ( #2994, ( #980 ) ) ;
#1128 = DIRECTION ( 'NONE',  ( -1.000000000000000000, 0.000000000000000000, 0.000000000000000000 ) ) ;
#1129 = APPROVAL_ROLE ( '' ) ;
#1130 = ORGANIZATION ( 'NAUO-ORG6', 'UNSPECIFIED', 'UNSPECIFIED' ) ;
#1131 = FACE_OUTER_BOUND ( 'NONE', #343, .T. ) ;
#1132 = PERSON_AND_ORGANIZATION ( #2089, #2651 ) ;
#1133 = ORIENTED_EDGE ( 'NONE', *, *, #418, .F. ) ;
#1134 = LINE ( 'NONE', #2119, #1578 ) ;
#1135 = ORIENTED_EDGE ( 'NONE', *, *, #2922, .F. ) ;
#1136 = EDGE_CURVE ( 'NONE', #1782, #2510, #3087, .T. ) ;
#1137 = PERSON_AND_ORGANIZATION ( #3496, #2467 ) ;
#1138 = ORIENTED_EDGE ( 'NONE', *, *, #4451, .F. ) ;
#1139 = PRODUCT_DEFINITION ( 'UNKNOWN', '', #900, #1676 ) ;
#1140 = DIRECTION ( 'NONE',  ( 0.7071067811865474617, -0.7071067811865474617, 0.000000000000000000 ) ) ;
#1141 =( NAMED_UNIT ( * ) SI_UNIT ( $, .STERADIAN. ) SOLID_ANGLE_UNIT ( ) );
#1142 = EDGE_CURVE ( 'NONE', #3738, #3837, #4083, .T. ) ;
#1143 = CARTESIAN_POINT ( 'NONE',  ( 0.000000000000000000, 95.49999999999998579, -10.49999999999999822 ) ) ;
#1144 = ORIENTED_EDGE ( 'NONE', *, *, #3549, .T. ) ;
#1145 = CARTESIAN_POINT ( 'NONE',  ( -37.50000000000000711, 1.500000000000000222, 12.00000000000000355 ) ) ;
#1146 = VECTOR ( 'NONE', #3259, 39.37007874015748854 ) ;
#1147 = APPROVAL_ROLE ( '' ) ;
#1148 = DIRECTION ( 'NONE',  ( -1.000000000000000000, 0.000000000000000000, 0.000000000000000000 ) ) ;
#1149 = ORIENTED_EDGE ( 'NONE', *, *, #1258, .F. ) ;
#1150 = VECTOR ( 'NONE', #2049, 39.37007874015748143 ) ;
#1151 = AXIS2_PLACEMENT_3D ( 'NONE', #2223, #3890, #510 ) ;
#1152 = LINE ( 'NONE', #3540, #1471 ) ;
#1153 = EDGE_CURVE ( 'NONE', #23, #4135, #3417, .T. ) ;
#1154 = PERSON_AND_ORGANIZATION_ROLE ( 'design_owner' ) ;
#1155 = AXIS2_PLACEMENT_3D ( 'NONE', #2853, #788, #513 ) ;
#1156 = FACE_OUTER_BOUND ( 'NONE', #990, .T. ) ;
#1157 = DATE_AND_TIME ( #2878, #1709 ) ;
#1158 = ORIENTED_EDGE ( 'NONE', *, *, #1963, .T. ) ;
#1159 = DIRECTION ( 'NONE',  ( -0.000000000000000000, -1.000000000000000000, -0.000000000000000000 ) ) ;
#1160 = ORIENTED_EDGE ( 'NONE', *, *, #3886, .T. ) ;
#1161 = MECHANICAL_CONTEXT ( 'NONE', #2502, 'mechanical' ) ;
#1162 = FACE_OUTER_BOUND ( 'NONE', #2829, .T. ) ;
#1163 = PLANE ( 'NONE',  #310 ) ;
#1164 = CARTESIAN_POINT ( 'NONE',  ( -36.00000000000000711, 3.500000000000000000, -11.99999999999999822 ) ) ;
#1165 = CC_DESIGN_APPROVAL ( #829, ( #1770 ) ) ;
#1166 = ORIENTED_EDGE ( 'NONE', *, *, #3372, .T. ) ;
#1167 = CC_DESIGN_PERSON_AND_ORGANIZATION_ASSIGNMENT ( #2939, #2646, ( #1983 ) ) ;
#1168 = DIRECTION ( 'NONE',  ( -1.248844797103666538E-15, -0.000000000000000000, 1.000000000000000000 ) ) ;
#1169 = CC_DESIGN_PERSON_AND_ORGANIZATION_ASSIGNMENT ( #3052, #280, ( #3709 ) ) ;
#1170 = PERSON_AND_ORGANIZATION_ROLE ( 'creator' ) ;
#1171 = PLANE ( 'NONE',  #2154 ) ;
#1172 = PLANE ( 'NONE',  #2927 ) ;
#1173 = PERSON_AND_ORGANIZATION ( #3496, #2467 ) ;
#1174 = DIRECTION ( 'NONE',  ( -1.000000000000000000, 0.000000000000000000, 0.000000000000000000 ) ) ;
#1175 = APPROVAL_DATE_TIME ( #789, #2885 ) ;
#1176 = ORIENTED_EDGE ( 'NONE', *, *, #4091, .F. ) ;
#1177 = DIRECTION ( 'NONE',  ( -1.274862397043323821E-15, 0.000000000000000000, -1.000000000000000000 ) ) ;
#1178 = ORIENTED_EDGE ( 'NONE', *, *, #4006, .F. ) ;
#1179 = APPROVAL_STATUS ( 'not_yet_approved' ) ;
#1180 = LINE ( 'NONE', #3323, #1934 ) ;
#1181 = VECTOR ( 'NONE', #4456, 39.37007874015748143 ) ;
#1182 = DIRECTION ( 'NONE',  ( 0.000000000000000000, 0.000000000000000000, -1.000000000000000000 ) ) ;
#1183 = VECTOR ( 'NONE', #1814, 39.37007874015748143 ) ;
#1184 = DIRECTION ( 'NONE',  ( 0.5972064818366790151, -0.8020875376492619946, 0.000000000000000000 ) ) ;
#1185 = ORIENTED_EDGE ( 'NONE', *, *, #18, .T. ) ;
#1186 = CARTESIAN_POINT ( 'NONE',  ( -36.00000000000000000, 3.500000000000000000, -10.50000000000000000 ) ) ;
#1187 = VECTOR ( 'NONE', #2183, 39.37007874015748143 ) ;
#1188 = APPROVAL_ROLE ( '' ) ;
#1189 = EDGE_CURVE ( 'NONE', #3075, #718, #1382, .T. ) ;
#1190 = CARTESIAN_POINT ( 'NONE',  ( -27.50000000000001421, 100.6250000000000000, -12.00000000000000355 ) ) ;
#1191 = EDGE_CURVE ( 'NONE', #448, #2273, #613, .T. ) ;
#1192 = PRODUCT_DEFINITION ( 'UNKNOWN', '', #2262, #1903 ) ;
#1193 = FACE_OUTER_BOUND ( 'NONE', #494, .T. ) ;
#1194 = APPROVAL_STATUS ( 'not_yet_approved' ) ;
#1195 =( REPRESENTATION_RELATIONSHIP ('NONE','NONE', #2566, #1448 ) REPRESENTATION_RELATIONSHIP_WITH_TRANSFORMATION ( #2266 )SHAPE_REPRESENTATION_RELATIONSHIP( ) );
#1196 = DIRECTION ( 'NONE',  ( -0.000000000000000000, -1.000000000000000000, -0.000000000000000000 ) ) ;
#1197 = APPROVAL_STATUS ( 'not_yet_approved' ) ;
#1198 = ORIENTED_EDGE ( 'NONE', *, *, #565, .F. ) ;
#1199 = APPROVAL_PERSON_ORGANIZATION ( #902, #3856, #263 ) ;
#1200 = CARTESIAN_POINT ( 'NONE',  ( -32.50000000000000711, 3.500000000000001332, -10.49999999999999822 ) ) ;
#1201 = ORIENTED_EDGE ( 'NONE', *, *, #4383, .T. ) ;
#1202 = AXIS2_PLACEMENT_3D ( 'NONE', #2584, #83, #2163 ) ;
#1203 = PERSON_AND_ORGANIZATION_ROLE ( 'creator' ) ;
#1204 = DIRECTION ( 'NONE',  ( 0.000000000000000000, 0.000000000000000000, 1.000000000000000000 ) ) ;
#1205 = LINE ( 'NONE', #3903, #2849 ) ;
#1206 = ADVANCED_FACE ( 'NONE', ( #3039 ), #1703, .F. ) ;
#1207 = ORIENTED_EDGE ( 'NONE', *, *, #3853, .F. ) ;
#1208 = LINE ( 'NONE', #2596, #3067 ) ;
#1209 = PERSON_AND_ORGANIZATION_ROLE ( 'design_owner' ) ;
#1210 = CARTESIAN_POINT ( 'NONE',  ( -36.00000000000000000, 3.500000000000000000, 10.50000000000000000 ) ) ;
#1211 = CARTESIAN_POINT ( 'NONE',  ( 33.00000000000001421, 100.8750000000000000, 11.99999999999993783 ) ) ;
#1212 = CALENDAR_DATE ( 2026, 25, 3 ) ;
#1213 = PLANE ( 'NONE',  #2532 ) ;
#1214 = COORDINATED_UNIVERSAL_TIME_OFFSET ( 8, 0, .BEHIND. ) ;
#1215 = VECTOR ( 'NONE', #582, 39.37007874015748143 ) ;
#1216 = ORIENTED_EDGE ( 'NONE', *, *, #1521, .T. ) ;
#1217 = LINE ( 'NONE', #3607, #63 ) ;
#1218 = EDGE_CURVE ( 'NONE', #1125, #491, #4060, .T. ) ;
#1219 = ADVANCED_FACE ( 'NONE', ( #1749 ), #3746, .F. ) ;
#1220 = VECTOR ( 'NONE', #3959, 39.37007874015748143 ) ;
#1221 = ORIENTED_EDGE ( 'NONE', *, *, #363, .F. ) ;
#1222 = CC_DESIGN_PERSON_AND_ORGANIZATION_ASSIGNMENT ( #535, #3672, ( #3220 ) ) ;
#1223 = EDGE_LOOP ( 'NONE', ( #3993, #1672, #9, #3538 ) ) ;
#1224 = DATE_AND_TIME ( #2568, #2643 ) ;
#1225 = DIRECTION ( 'NONE',  ( 1.000000000000000000, -0.000000000000000000, -0.000000000000000000 ) ) ;
#1226 = LINE ( 'NONE', #4310, #3418 ) ;
#1227 = VERTEX_POINT ( 'NONE', #1729 ) ;
#1228 = ADVANCED_FACE ( 'NONE', ( #4035 ), #4107, .F. ) ;
#1229 = CARTESIAN_POINT ( 'NONE',  ( -37.50000000000000711, 97.50000000000001421, 12.00000000000000355 ) ) ;
#1230 = AXIS2_PLACEMENT_3D ( 'NONE', #2125, #4197, #1116 ) ;
#1231 = APPROVAL_DATE_TIME ( #1637, #3460 ) ;
#1232 = DIRECTION ( 'NONE',  ( -1.000000000000000000, -0.000000000000000000, -0.000000000000000000 ) ) ;
#1233 = DIRECTION ( 'NONE',  ( 1.000000000000000000, 0.000000000000000000, -1.589438832677390029E-15 ) ) ;
#1234 = SHAPE_DEFINITION_REPRESENTATION ( #3725, #2566 ) ;
#1235 = DIRECTION ( 'NONE',  ( 0.000000000000000000, 0.000000000000000000, 1.000000000000000000 ) ) ;
#1236 = ORIENTED_EDGE ( 'NONE', *, *, #4201, .F. ) ;
#1237 = DIRECTION ( 'NONE',  ( -1.000000000000000000, 0.000000000000000000, 1.589438832677390029E-15 ) ) ;
#1238 = PRODUCT_DEFINITION_SHAPE ( 'NONE', 'NONE',  #4467 ) ;
#1239 = VERTEX_POINT ( 'NONE', #952 ) ;
#1240 = DIRECTION ( 'NONE',  ( 0.000000000000000000, 0.000000000000000000, 1.000000000000000000 ) ) ;
#1241 = CARTESIAN_POINT ( 'NONE',  ( -14.51902961143720994, 96.52512626584707789, 12.00000000000000355 ) ) ;
#1242 = CC_DESIGN_PERSON_AND_ORGANIZATION_ASSIGNMENT ( #1797, #3620, ( #2776 ) ) ;
#1243 = CARTESIAN_POINT ( 'NONE',  ( 16.99390334559011961, 98.99999999999998579, 12.00000000000000355 ) ) ;
#1244 = VECTOR ( 'NONE', #1148, 39.37007874015748143 ) ;
#1245 = LOCAL_TIME ( 22, 35, 5.000000000000000000, #572 ) ;
#1246 = ADVANCED_FACE ( 'NONE', ( #7 ), #4380, .T. ) ;
#1247 = ORIENTED_EDGE ( 'NONE', *, *, #2887, .F. ) ;
#1248 = DIRECTION ( 'NONE',  ( 0.000000000000000000, 0.000000000000000000, -1.000000000000000000 ) ) ;
#1249 =( REPRESENTATION_RELATIONSHIP ('NONE','NONE', #989, #523 ) REPRESENTATION_RELATIONSHIP_WITH_TRANSFORMATION ( #4300 )SHAPE_REPRESENTATION_RELATIONSHIP( ) );
#1250 = SECURITY_CLASSIFICATION_LEVEL ( 'unclassified' ) ;
#1251 = CARTESIAN_POINT ( 'NONE',  ( -36.00000000000000711, 95.49999999999998579, -10.49999999999999822 ) ) ;
#1252 = VECTOR ( 'NONE', #2783, 39.37007874015748143 ) ;
#1253 = LINE ( 'NONE', #2644, #175 ) ;
#1254 = APPROVAL_DATE_TIME ( #2982, #2309 ) ;
#1255 = VECTOR ( 'NONE', #2136, 39.37007874015748143 ) ;
#1256 = LINE ( 'NONE', #3712, #1563 ) ;
#1257 = APPROVAL_DATE_TIME ( #917, #411 ) ;
#1258 = EDGE_CURVE ( 'NONE', #672, #2675, #1024, .T. ) ;
#1259 = ORIENTED_EDGE ( 'NONE', *, *, #3464, .T. ) ;
#1260 = FACE_OUTER_BOUND ( 'NONE', #3475, .T. ) ;
#1261 = ORIENTED_EDGE ( 'NONE', *, *, #3995, .T. ) ;
#1262 = DIRECTION ( 'NONE',  ( 1.000000000000000000, 0.000000000000000000, 0.000000000000000000 ) ) ;
#1263 = FACE_OUTER_BOUND ( 'NONE', #771, .T. ) ;
#1264 = ORIENTED_EDGE ( 'NONE', *, *, #2366, .T. ) ;
#1265 = PERSON_AND_ORGANIZATION_ROLE ( 'classification_officer' ) ;
#1266 = FACE_OUTER_BOUND ( 'NONE', #4159, .T. ) ;
#1267 = CC_DESIGN_SECURITY_CLASSIFICATION ( #3220, ( #4469 ) ) ;
#1268 = LOCAL_TIME ( 22, 35, 5.000000000000000000, #3006 ) ;
#1269 = DIRECTION ( 'NONE',  ( 1.274862397043323821E-15, 0.000000000000000000, 1.000000000000000000 ) ) ;
#1270 = APPROVAL ( #2561, 'UNKNOWN' ) ;
#1271 = EDGE_LOOP ( 'NONE', ( #2475, #3407, #1305, #634 ) ) ;
#1272 = LINE ( 'NONE', #2200, #680 ) ;
#1273 = EDGE_CURVE ( 'NONE', #713, #3693, #366, .T. ) ;
#1274 = COORDINATED_UNIVERSAL_TIME_OFFSET ( 8, 0, .BEHIND. ) ;
#1275 = CARTESIAN_POINT ( 'NONE',  ( 15.25000000000001243, 99.12500000000000000, 11.99999999999999467 ) ) ;
#1276 = DIRECTION ( 'NONE',  ( -1.000000000000000000, 0.000000000000000000, -0.000000000000000000 ) ) ;
#1277 = CALENDAR_DATE ( 2026, 25, 3 ) ;
#1278 = CARTESIAN_POINT ( 'NONE',  ( -36.00000000000000711, 0.000000000000000000, 12.00000000000000355 ) ) ;
#1279 = VERTEX_POINT ( 'NONE', #977 ) ;
#1280 = CARTESIAN_POINT ( 'NONE',  ( -24.83694061757718785, 18.49272209026128166, -10.49999999999999822 ) ) ;
#1281 = ADVANCED_FACE ( 'NONE', ( #1313 ), #1001, .F. ) ;
#1282 = ORIENTED_EDGE ( 'NONE', *, *, #3995, .F. ) ;
#1283 = DIRECTION ( 'NONE',  ( 0.000000000000000000, 0.000000000000000000, 1.000000000000000000 ) ) ;
#1284 = VECTOR ( 'NONE', #520, 39.37007874015748143 ) ;
#1285 = DATE_AND_TIME ( #563, #3926 ) ;
#1286 = DIRECTION ( 'NONE',  ( 1.589438832677390029E-15, -0.000000000000000000, 1.000000000000000000 ) ) ;
#1287 = ADVANCED_BREP_SHAPE_REPRESENTATION ( '', ( #884, #3797, #2426 ), #2236 ) ;
#1288 = VECTOR ( 'NONE', #1425, 39.37007874015748143 ) ;
#1289 = AXIS2_PLACEMENT_3D ( 'NONE', #2113, #2024, #3098 ) ;
#1290 = LINE ( 'NONE', #657, #1322 ) ;
#1291 = CARTESIAN_POINT ( 'NONE',  ( 27.50000000000001776, 100.6250000000000000, 11.99999999999993783 ) ) ;
#1292 = ORIENTED_EDGE ( 'NONE', *, *, #4222, .F. ) ;
#1293 = AXIS2_PLACEMENT_3D ( 'NONE', #1826, #108, #875 ) ;
#1294 = LINE ( 'NONE', #2330, #454 ) ;
#1295 = APPROVAL_ROLE ( '' ) ;
#1296 = LINE ( 'NONE', #621, #883 ) ;
#1297 = ADVANCED_FACE ( 'NONE', ( #2059 ), #3723, .F. ) ;
#1298 = ADVANCED_FACE ( 'NONE', ( #1338 ), #1895, .F. ) ;
#1299 = APPROVAL ( #4408, 'UNSPECIFIED' ) ;
#1300 = DIRECTION ( 'NONE',  ( 0.7071067811865455743, -0.7071067811865493491, 0.000000000000000000 ) ) ;
#1301 = PLANE ( 'NONE',  #533 ) ;
#1302 = MECHANICAL_CONTEXT ( 'NONE', #732, 'mechanical' ) ;
#1303 = LINE ( 'NONE', #2983, #2459 ) ;
#1304 = APPROVAL_STATUS ( 'not_yet_approved' ) ;
#1305 = ORIENTED_EDGE ( 'NONE', *, *, #2415, .F. ) ;
#1306 = DIRECTION ( 'NONE',  ( -1.000000000000000000, 0.000000000000000000, 0.000000000000000000 ) ) ;
#1307 = EDGE_CURVE ( 'NONE', #4360, #1858, #3895, .T. ) ;
#1308 = VERTEX_POINT ( 'NONE', #2209 ) ;
#1309 = CALENDAR_DATE ( 2026, 25, 3 ) ;
#1310 = DIRECTION ( 'NONE',  ( 0.000000000000000000, -0.000000000000000000, 1.000000000000000000 ) ) ;
#1311 = ORIENTED_EDGE ( 'NONE', *, *, #3353, .T. ) ;
#1312 = CARTESIAN_POINT ( 'NONE',  ( -33.00000000000001421, 100.8750000000000000, -12.00000000000000355 ) ) ;
#1313 = FACE_OUTER_BOUND ( 'NONE', #3982, .T. ) ;
#1314 = VERTEX_POINT ( 'NONE', #2897 ) ;
#1315 = VECTOR ( 'NONE', #252, 39.37007874015748143 ) ;
#1316 = PRODUCT ( 'Blue Motor Mount Assem^Wooden Assembly Actual', 'Blue Motor Mount Assem^Wooden Assembly Actual', '', ( #4235 ) ) ;
#1317 = CARTESIAN_POINT ( 'NONE',  ( -27.50000000000001421, 100.6250000000000000, -12.00000000000000355 ) ) ;
#1318 = CALENDAR_DATE ( 2026, 25, 3 ) ;
#1319 = VECTOR ( 'NONE', #2906, 39.37007874015748143 ) ;
#1320 = CARTESIAN_POINT ( 'NONE',  ( 27.49999999999998934, 100.6250000000000000, -12.00000000000004263 ) ) ;
#1321 = DIRECTION ( 'NONE',  ( 0.000000000000000000, 0.000000000000000000, 1.000000000000000000 ) ) ;
#1322 = VECTOR ( 'NONE', #2357, 39.37007874015748143 ) ;
#1324 = ADVANCED_FACE ( 'NONE', ( #1156 ), #810, .F. ) ;
#1323 = PLANE ( 'NONE',  #4354 ) ;
#1325 = COORDINATED_UNIVERSAL_TIME_OFFSET ( 8, 0, .BEHIND. ) ;
#1326 = DIRECTION ( 'NONE',  ( 0.000000000000000000, 1.000000000000000000, -0.000000000000000000 ) ) ;
#1327 = ORIENTED_EDGE ( 'NONE', *, *, #1191, .F. ) ;
#1328 = CC_DESIGN_PERSON_AND_ORGANIZATION_ASSIGNMENT ( #2730, #1734, ( #3800 ) ) ;
#1329 = VECTOR ( 'NONE', #2711, 39.37007874015748143 ) ;
#1330 = CARTESIAN_POINT ( 'NONE',  ( -36.00000000000000711, 0.000000000000000000, 12.00000000000000355 ) ) ;
#1331 = ORIENTED_EDGE ( 'NONE', *, *, #747, .T. ) ;
#1332 = PERSON_AND_ORGANIZATION ( #3496, #2467 ) ;
#1333 = DATE_AND_TIME ( #1627, #2058 ) ;
#1334 = CARTESIAN_POINT ( 'NONE',  ( -33.00000000000000711, 100.6250000000000000, 11.99999999999999822 ) ) ;
#1335 = EDGE_LOOP ( 'NONE', ( #3944, #1525, #3297, #1010, #198, #4429, #4004, #2969, #2815, #2879, #3455, #823 ) ) ;
#1336 = CARTESIAN_POINT ( 'NONE',  ( 39.97487373415291501, 76.01902961143720461, 13.50000000000000355 ) ) ;
#1337 = EDGE_CURVE ( 'NONE', #2229, #3193, #2185, .T. ) ;
#1338 = FACE_OUTER_BOUND ( 'NONE', #3223, .T. ) ;
#1339 = APPROVAL_PERSON_ORGANIZATION ( #3717, #3, #4030 ) ;
#1340 = VERTEX_POINT ( 'NONE', #2539 ) ;
#1341 = SECURITY_CLASSIFICATION ( '', '', #1101 ) ;
#1342 = LINE ( 'NONE', #345, #2484 ) ;
#1343 = ADVANCED_FACE ( 'NONE', ( #2517 ), #423, .T. ) ;
#1344 = APPROVAL_PERSON_ORGANIZATION ( #4148, #3720, #1697 ) ;
#1345 = CALENDAR_DATE ( 2026, 25, 3 ) ;
#1346 = PLANE ( 'NONE',  #2844 ) ;
#1347 = CARTESIAN_POINT ( 'NONE',  ( -22.75000000000000355, 99.12500000000000000, 11.99999999999999822 ) ) ;
#1348 = APPROVAL_ROLE ( '' ) ;
#1349 = CARTESIAN_POINT ( 'NONE',  ( 27.49999999999998934, 100.6250000000000000, -12.00000000000004263 ) ) ;
#1350 = ORIENTED_EDGE ( 'NONE', *, *, #1633, .F. ) ;
#1351 = PLANE ( 'NONE',  #204 ) ;
#1352 = LINE ( 'NONE', #3805, #4132 ) ;
#1353 = COORDINATED_UNIVERSAL_TIME_OFFSET ( 8, 0, .BEHIND. ) ;
#1354 = LINE ( 'NONE', #610, #1652 ) ;
#1355 = EDGE_CURVE ( 'NONE', #2565, #559, #130, .T. ) ;
#1356 = ADVANCED_FACE ( 'NONE', ( #854 ), #1487, .F. ) ;
#1357 = CLOSED_SHELL ( 'NONE', ( #1356, #122, #2425, #1824, #1984, #482 ) ) ;
#1358 = ORIENTED_EDGE ( 'NONE', *, *, #3851, .F. ) ;
#1359 = CARTESIAN_POINT ( 'NONE',  ( -37.50000000000000711, 1.500000000000000222, 8.500000000000012434 ) ) ;
#1360 = CARTESIAN_POINT ( 'NONE',  ( 24.83694061757718785, 18.49272209026128166, -10.49999999999999822 ) ) ;
#1361 = AXIS2_PLACEMENT_3D ( 'NONE', #2327, #4404, #2773 ) ;
#1362 = ORIENTED_EDGE ( 'NONE', *, *, #2060, .T. ) ;
#1363 = CARTESIAN_POINT ( 'NONE',  ( 37.50000000000000000, 1.500000000000000222, -11.99999999999999822 ) ) ;
#1364 = SHAPE_REPRESENTATION_RELATIONSHIP ( 'NONE' , 'NONE' ,  #2180, #3921 ) ;
#1365 = PERSON_AND_ORGANIZATION_ROLE ( 'design_supplier' ) ;
#1366 = LINE ( 'NONE', #1686, #2563 ) ;
#1367 = EDGE_CURVE ( 'NONE', #2626, #1570, #1853, .T. ) ;
#1368 = ORIENTED_EDGE ( 'NONE', *, *, #2167, .T. ) ;
#1369 = DIRECTION ( 'NONE',  ( 0.000000000000000000, 0.000000000000000000, 1.000000000000000000 ) ) ;
#1370 = DATE_AND_TIME ( #670, #1921 ) ;
#1371 = ORIENTED_EDGE ( 'NONE', *, *, #2415, .T. ) ;
#1372 = PLANE ( 'NONE',  #3171 ) ;
#1373 = ORIENTED_EDGE ( 'NONE', *, *, #2887, .T. ) ;
#1374 = DIRECTION ( 'NONE',  ( 0.000000000000000000, 0.000000000000000000, 1.000000000000000000 ) ) ;
#1375 = LINE ( 'NONE', #2490, #1693 ) ;
#1376 = CALENDAR_DATE ( 2026, 25, 3 ) ;
#1377 = CARTESIAN_POINT ( 'NONE',  ( -27.50000000000001421, 100.8750000000000000, -12.00000000000000355 ) ) ;
#1378 = ORIENTED_EDGE ( 'NONE', *, *, #2027, .T. ) ;
#1379 = FACE_OUTER_BOUND ( 'NONE', #2062, .T. ) ;
#1380 = ADVANCED_FACE ( 'NONE', ( #4236 ), #1213, .F. ) ;
#1381 = EDGE_CURVE ( 'NONE', #2770, #1858, #1511, .T. ) ;
#1382 = LINE ( 'NONE', #1291, #4240 ) ;
#1383 = PRODUCT_DEFINITION ( 'UNKNOWN', '', #2772, #4329 ) ;
#1384 = ORIENTED_EDGE ( 'NONE', *, *, #697, .T. ) ;
#1385 = CARTESIAN_POINT ( 'NONE',  ( 33.00000000000001421, 99.12500000000000000, 11.99999999999993783 ) ) ;
#1386 =( LENGTH_UNIT ( ) NAMED_UNIT ( * ) SI_UNIT ( $, .METRE. ) );
#1387 = EDGE_CURVE ( 'NONE', #3675, #3064, #2560, .T. ) ;
#1388 = PERSON_AND_ORGANIZATION ( #3496, #2467 ) ;
#1389 = LINE ( 'NONE', #1009, #229 ) ;
#1390 = EDGE_LOOP ( 'NONE', ( #3515, #1761, #2629, #3979 ) ) ;
#1391 = DIRECTION ( 'NONE',  ( -1.274862397043323624E-15, -0.000000000000000000, -1.000000000000000000 ) ) ;
#1392 = DATE_TIME_ROLE ( 'creation_date' ) ;
#1393 = VERTEX_POINT ( 'NONE', #3251 ) ;
#1394 = PRODUCT_DEFINITION_SHAPE ( 'NONE', 'NONE',  #1383 ) ;
#1395 = DIRECTION ( 'NONE',  ( 0.000000000000000000, -0.000000000000000000, -1.000000000000000000 ) ) ;
#1396 = ORIENTED_EDGE ( 'NONE', *, *, #3929, .F. ) ;
#1397 = AXIS2_PLACEMENT_3D ( 'NONE', #3089, #294, #591 ) ;
#1398 = DIRECTION ( 'NONE',  ( 0.000000000000000000, 1.000000000000000000, 0.000000000000000000 ) ) ;
#1399 = EDGE_CURVE ( 'NONE', #425, #3795, #3542, .T. ) ;
#1400 = VECTOR ( 'NONE', #1269, 39.37007874015748143 ) ;
#1401 = APPROVAL_ROLE ( '' ) ;
#1402 = DIRECTION ( 'NONE',  ( 0.000000000000000000, -1.000000000000000000, 0.000000000000000000 ) ) ;
#1403 = AXIS2_PLACEMENT_3D ( 'NONE', #99, #54, #434 ) ;
#1404 = ORIENTED_EDGE ( 'NONE', *, *, #4059, .T. ) ;
#1405 = FACE_OUTER_BOUND ( 'NONE', #3536, .T. ) ;
#1406 = DIRECTION ( 'NONE',  ( -0.000000000000000000, -1.000000000000000000, -0.000000000000000000 ) ) ;
#1407 = SHAPE_REPRESENTATION_RELATIONSHIP ( 'NONE' , 'NONE' ,  #4101, #3172 ) ;
#1408 = CC_DESIGN_PERSON_AND_ORGANIZATION_ASSIGNMENT ( #3252, #1533, ( #2937 ) ) ;
#1409 = SECURITY_CLASSIFICATION ( '', '', #4064 ) ;
#1410 = DIRECTION ( 'NONE',  ( 0.5972064818366789041, -0.8020875376492619946, 0.000000000000000000 ) ) ;
#1411 = APPROVAL_PERSON_ORGANIZATION ( #1643, #3639, #964 ) ;
#1412 = ORIENTED_EDGE ( 'NONE', *, *, #2121, .T. ) ;
#1413 = EDGE_CURVE ( 'NONE', #2510, #4135, #1532, .T. ) ;
#1414 = ADVANCED_FACE ( 'NONE', ( #3605 ), #4280, .F. ) ;
#1415 = CC_DESIGN_APPROVAL ( #3533, ( #4217 ) ) ;
#1416 = LINE ( 'NONE', #3819, #890 ) ;
#1417 = PERSON_AND_ORGANIZATION_ROLE ( 'creator' ) ;
#1418 = ORIENTED_EDGE ( 'NONE', *, *, #674, .F. ) ;
#1419 = CARTESIAN_POINT ( 'NONE',  ( 39.97487373415291501, 76.01902961143720461, 13.50000000000000355 ) ) ;
#1420 = EDGE_LOOP ( 'NONE', ( #2160, #700, #1373, #3900 ) ) ;
#1421 = AXIS2_PLACEMENT_3D ( 'NONE', #4414, #1326, #1235 ) ;
#1422 = EDGE_CURVE ( 'NONE', #2536, #1239, #2940, .T. ) ;
#1423 = PLANE ( 'NONE',  #4350 ) ;
#1424 = PERSON_AND_ORGANIZATION_ROLE ( 'classification_officer' ) ;
#1425 = DIRECTION ( 'NONE',  ( 1.000000000000000000, 0.000000000000000000, 0.000000000000000000 ) ) ;
#1426 = ADVANCED_FACE ( 'NONE', ( #1131 ), #444, .T. ) ;
#1427 = EDGE_LOOP ( 'NONE', ( #47, #1133, #1358, #1059 ) ) ;
#1428 = PLANE ( 'NONE',  #923 ) ;
#1429 = LINE ( 'NONE', #1051, #2043 ) ;
#1430 = CLOSED_SHELL ( 'NONE', ( #909, #707, #2621, #3155, #1737, #2055 ) ) ;
#1431 = CARTESIAN_POINT ( 'NONE',  ( -33.00000000000000711, 100.6250000000000000, 11.99999999999999822 ) ) ;
#1432 = ORIENTED_EDGE ( 'NONE', *, *, #1559, .F. ) ;
#1433 = VECTOR ( 'NONE', #134, 39.37007874015748143 ) ;
#1434 = CARTESIAN_POINT ( 'NONE',  ( -37.50000000000000711, 73.54415587728428250, 12.00000000000000355 ) ) ;
#1435 = DATE_AND_TIME ( #3909, #2578 ) ;
#1436 = ORIENTED_EDGE ( 'NONE', *, *, #1750, .F. ) ;
#1437 = ADVANCED_FACE ( 'NONE', ( #1597 ), #2714, .T. ) ;
#1438 = DIRECTION ( 'NONE',  ( -0.7071067811865474617, 0.7071067811865474617, 0.000000000000000000 ) ) ;
#1439 = EDGE_LOOP ( 'NONE', ( #1981, #3135, #456, #1069 ) ) ;
#1440 = CC_DESIGN_PERSON_AND_ORGANIZATION_ASSIGNMENT ( #3733, #2023, ( #3641 ) ) ;
#1441 = CARTESIAN_POINT ( 'NONE',  ( -36.00000000000000711, 97.50000000000001421, 8.500000000000012434 ) ) ;
#1442 = APPROVAL_DATE_TIME ( #2538, #3773 ) ;
#1443 = PERSON_AND_ORGANIZATION ( #307, #1130 ) ;
#1444 = DIRECTION ( 'NONE',  ( -1.000000000000000000, -0.000000000000000000, -0.000000000000000000 ) ) ;
#1445 = ORIENTED_EDGE ( 'NONE', *, *, #2272, .F. ) ;
#1446 = CC_DESIGN_APPROVAL ( #4442, ( #2444 ) ) ;
#1447 = CARTESIAN_POINT ( 'NONE',  ( 36.00000000000000000, 1.500000000000000222, -11.99999999999999822 ) ) ;
#1448 = SHAPE_REPRESENTATION ( 'Metal Sandwich Blue Motor Moutn^Blue Motor Mount Assem_Wooden Assembly Actual', ( #2426 ), #4253 ) ;
#1449 = DIRECTION ( 'NONE',  ( 0.000000000000000000, 0.000000000000000000, 1.000000000000000000 ) ) ;
#1450 = CARTESIAN_POINT ( 'NONE',  ( 0.000000000000000000, 97.50000000000001421, 0.000000000000000000 ) ) ;
#1451 = ORIENTED_EDGE ( 'NONE', *, *, #3312, .T. ) ;
#1452 = PLANE ( 'NONE',  #1403 ) ;
#1453 = CALENDAR_DATE ( 2026, 25, 3 ) ;
#1454 = EDGE_LOOP ( 'NONE', ( #2267, #1396, #4193, #2737 ) ) ;
#1455 = LINE ( 'NONE', #3227, #353 ) ;
#1456 = VERTEX_POINT ( 'NONE', #3671 ) ;
#1457 = EDGE_CURVE ( 'NONE', #340, #3075, #1303, .T. ) ;
#1458 = DIRECTION ( 'NONE',  ( -0.7071067811865473507, 0.7071067811865477948, 0.000000000000000000 ) ) ;
#1459 = SECURITY_CLASSIFICATION_LEVEL ( 'unclassified' ) ;
#1460 = CC_DESIGN_PERSON_AND_ORGANIZATION_ASSIGNMENT ( #338, #2428, ( #1919 ) ) ;
#1461 = CARTESIAN_POINT ( 'NONE',  ( -36.00000000000000711, 1.500000000000000222, 12.00000000000000355 ) ) ;
#1462 = DATE_TIME_ROLE ( 'classification_date' ) ;
#1463 = ORIENTED_EDGE ( 'NONE', *, *, #1381, .T. ) ;
#1464 = DIRECTION ( 'NONE',  ( -1.000000000000000000, 0.000000000000000000, 0.000000000000000000 ) ) ;
#1465 = ORIENTED_EDGE ( 'NONE', *, *, #362, .F. ) ;
#1466 = VECTOR ( 'NONE', #2037, 39.37007874015748854 ) ;
#1467 = CALENDAR_DATE ( 2026, 25, 3 ) ;
#1468 = ORIENTED_EDGE ( 'NONE', *, *, #871, .T. ) ;
#1469 = VECTOR ( 'NONE', #2239, 39.37007874015748143 ) ;
#1470 = CARTESIAN_POINT ( 'NONE',  ( 36.00000000000000000, 1.500000000000000222, 12.00000000000000355 ) ) ;
#1471 = VECTOR ( 'NONE', #3603, 39.37007874015748143 ) ;
#1472 = LINE ( 'NONE', #1815, #1830 ) ;
#1473 = ORIENTED_EDGE ( 'NONE', *, *, #2167, .F. ) ;
#1474 = EDGE_CURVE ( 'NONE', #3193, #813, #4002, .T. ) ;
#1475 = DIRECTION ( 'NONE',  ( -0.000000000000000000, -1.000000000000000000, -0.000000000000000000 ) ) ;
#1476 = APPROVAL_PERSON_ORGANIZATION ( #3044, #935, #2335 ) ;
#1477 = CALENDAR_DATE ( 2026, 25, 3 ) ;
#1478 = CARTESIAN_POINT ( 'NONE',  ( 36.00000000000000000, 97.50000000000001421, -11.99999999999999822 ) ) ;
#1479 = VERTEX_POINT ( 'NONE', #4344 ) ;
#1480 = APPLICATION_CONTEXT ( 'configuration controlled 3d designs of mechanical parts and assemblies' ) ;
#1481 = SECURITY_CLASSIFICATION ( '', '', #2941 ) ;
#1482 = SHAPE_REPRESENTATION ( 'Metal Blue Motor Mount^Blue Motor Mount Assem_Wooden Assembly Actual', ( #2426 ), #2236 ) ;
#1483 = LOCAL_TIME ( 22, 35, 5.000000000000000000, #556 ) ;
#1484 = CARTESIAN_POINT ( 'NONE',  ( -36.00000000000000000, 0.000000000000000000, -10.50000000000000000 ) ) ;
#1485 = PERSON_AND_ORGANIZATION_ROLE ( 'classification_officer' ) ;
#1486 = APPROVAL_PERSON_ORGANIZATION ( #3334, #411, #558 ) ;
#1487 = PLANE ( 'NONE',  #2820 ) ;
#1488 = SECURITY_CLASSIFICATION_LEVEL ( 'unclassified' ) ;
#1489 = ORIENTED_EDGE ( 'NONE', *, *, #4232, .F. ) ;
#1490 = PLANE ( 'NONE',  #2224 ) ;
#1491 = ORIENTED_EDGE ( 'NONE', *, *, #3953, .F. ) ;
#1492 = COORDINATED_UNIVERSAL_TIME_OFFSET ( 8, 0, .BEHIND. ) ;
#1493 = ADVANCED_FACE ( 'NONE', ( #3027 ), #578, .F. ) ;
#1494 = FACE_OUTER_BOUND ( 'NONE', #942, .T. ) ;
#1495 = CC_DESIGN_DATE_AND_TIME_ASSIGNMENT ( #3296, #940, ( #3220 ) ) ;
#1496 = CC_DESIGN_PERSON_AND_ORGANIZATION_ASSIGNMENT ( #869, #3289, ( #3131 ) ) ;
#1497 = DIRECTION ( 'NONE',  ( 1.000000000000000000, 0.000000000000000000, 0.000000000000000000 ) ) ;
#1498 = LINE ( 'NONE', #2174, #3133 ) ;
#1499 = EDGE_CURVE ( 'NONE', #395, #425, #2341, .T. ) ;
#1500 = ORIENTED_EDGE ( 'NONE', *, *, #553, .T. ) ;
#1501 = DIRECTION ( 'NONE',  ( 0.000000000000000000, 0.000000000000000000, 1.000000000000000000 ) ) ;
#1502 = AXIS2_PLACEMENT_3D ( 'NONE', #203, #3967, #1204 ) ;
#1503 = APPROVAL_ROLE ( '' ) ;
#1504 = FACE_OUTER_BOUND ( 'NONE', #4382, .T. ) ;
#1505 = EDGE_CURVE ( 'NONE', #3234, #4163, #213, .T. ) ;
#1506 = ADVANCED_BREP_SHAPE_REPRESENTATION ( '', ( #841, #2324, #2426 ), #242 ) ;
#1507 = AXIS2_PLACEMENT_3D ( 'NONE', #877, #3278, #3587 ) ;
#1508 = LINE ( 'NONE', #2938, #3499 ) ;
#1509 = PERSON_AND_ORGANIZATION ( #3496, #2467 ) ;
#1510 = VECTOR ( 'NONE', #4211, 39.37007874015748143 ) ;
#1511 = LINE ( 'NONE', #832, #276 ) ;
#1512 = CALENDAR_DATE ( 2026, 25, 3 ) ;
#1513 = ORIENTED_EDGE ( 'NONE', *, *, #1071, .F. ) ;
#1514 = CARTESIAN_POINT ( 'NONE',  ( 37.50000000000000000, 0.000000000000000000, 12.00000000000001243 ) ) ;
#1515 = ORIENTED_EDGE ( 'NONE', *, *, #2744, .F. ) ;
#1516 = APPLICATION_PROTOCOL_DEFINITION ( 'international standard', 'config_control_design', 1994, #2502 ) ;
#1517 = LINE ( 'NONE', #2591, #4013 ) ;
#1518 = APPROVAL_PERSON_ORGANIZATION ( #3684, #1060, #1969 ) ;
#1519 = CARTESIAN_POINT ( 'NONE',  ( 32.99999999999998579, 99.12500000000000000, -12.00000000000005151 ) ) ;
#1521 = EDGE_CURVE ( 'NONE', #3882, #650, #1621, .T. ) ;
#1520 = DIRECTION ( 'NONE',  ( 1.000000000000000000, 0.000000000000000000, 0.000000000000000000 ) ) ;
#1522 = PRODUCT_RELATED_PRODUCT_CATEGORY ( 'detail', '', ( #4086 ) ) ;
#1523 = LINE ( 'NONE', #775, #1319 ) ;
#1524 = SECURITY_CLASSIFICATION ( '', '', #1459 ) ;
#1525 = ORIENTED_EDGE ( 'NONE', *, *, #2353, .F. ) ;
#1526 = DIRECTION ( 'NONE',  ( -1.000000000000000000, -0.000000000000000000, -0.000000000000000000 ) ) ;
#1527 = EDGE_CURVE ( 'NONE', #4249, #2787, #3379, .T. ) ;
#1528 = CALENDAR_DATE ( 2026, 25, 3 ) ;
#1529 = CARTESIAN_POINT ( 'NONE',  ( -36.00000000000000711, 1.500000000000000222, -11.99999999999999822 ) ) ;
#1530 = DIRECTION ( 'NONE',  ( 2.913971193241880766E-16, -0.000000000000000000, 1.000000000000000000 ) ) ;
#1531 = PERSON_AND_ORGANIZATION ( #3496, #2467 ) ;
#1532 = LINE ( 'NONE', #2917, #1006 ) ;
#1533 = PERSON_AND_ORGANIZATION_ROLE ( 'classification_officer' ) ;
#1534 = ORIENTED_EDGE ( 'NONE', *, *, #4160, .T. ) ;
#1535 = CARTESIAN_POINT ( 'NONE',  ( 27.49999999999998934, 99.12500000000000000, -12.00000000000004263 ) ) ;
#1536 = EDGE_CURVE ( 'NONE', #1279, #3392, #2691, .T. ) ;
#1537 = ORIENTED_EDGE ( 'NONE', *, *, #3344, .F. ) ;
#1538 = PERSON_AND_ORGANIZATION ( #3496, #2467 ) ;
#1539 = DIRECTION ( 'NONE',  ( 0.000000000000000000, 1.000000000000000000, 0.000000000000000000 ) ) ;
#1540 = SECURITY_CLASSIFICATION ( '', '', #1250 ) ;
#1541 = DESIGN_CONTEXT ( 'detailed design', #2414, 'design' ) ;
#1542 = VECTOR ( 'NONE', #3173, 39.37007874015748143 ) ;
#1543 = CARTESIAN_POINT ( 'NONE',  ( -36.00000000000000711, 1.500000000000000222, 12.00000000000000355 ) ) ;
#1544 = VECTOR ( 'NONE', #1168, 39.37007874015748143 ) ;
#1545 = VERTEX_POINT ( 'NONE', #2312 ) ;
#1546 = CARTESIAN_POINT ( 'NONE',  ( 0.000000000000000000, 97.50000000000001421, 0.000000000000000000 ) ) ;
#1547 = VECTOR ( 'NONE', #124, 39.37007874015748143 ) ;
#1548 = APPROVAL_STATUS ( 'not_yet_approved' ) ;
#1549 = LINE ( 'NONE', #551, #301 ) ;
#1550 = ADVANCED_FACE ( 'NONE', ( #4319 ), #281, .F. ) ;
#1551 = PERSON ( 'NAUO-PER4', 'UNSPECIFIED', 'UNSPECIFIED', ('UNSPECIFIED'), ('UNSPECIFIED'), ('UNSPECIFIED') ) ;
#1552 = CARTESIAN_POINT ( 'NONE',  ( 32.99999999999998579, 100.6250000000000000, -12.00000000000005151 ) ) ;
#1553 = CALENDAR_DATE ( 2026, 25, 3 ) ;
#1554 = CARTESIAN_POINT ( 'NONE',  ( 27.50000000000001776, 100.6250000000000000, 11.99999999999993783 ) ) ;
#1555 = APPROVAL_DATE_TIME ( #177, #2346 ) ;
#1556 = VERTEX_POINT ( 'NONE', #4043 ) ;
#1557 = APPROVAL_PERSON_ORGANIZATION ( #1880, #2123, #181 ) ;
#1558 = CARTESIAN_POINT ( 'NONE',  ( 0.000000000000000000, 0.000000000000000000, 12.00000000000000355 ) ) ;
#1559 = EDGE_CURVE ( 'NONE', #2496, #381, #1256, .T. ) ;
#1560 = CC_DESIGN_SECURITY_CLASSIFICATION ( #1341, ( #655 ) ) ;
#1561 = ORIENTED_EDGE ( 'NONE', *, *, #2526, .F. ) ;
#1562 = LOCAL_TIME ( 22, 35, 5.000000000000000000, #652 ) ;
#1563 = VECTOR ( 'NONE', #3333, 39.37007874015748143 ) ;
#1564 = ORIENTED_EDGE ( 'NONE', *, *, #2874, .T. ) ;
#1565 = MECHANICAL_CONTEXT ( 'NONE', #2173, 'mechanical' ) ;
#1566 = PLANE ( 'NONE',  #3456 ) ;
#1567 = ADVANCED_FACE ( 'NONE', ( #3295 ), #196, .F. ) ;
#1568 = CARTESIAN_POINT ( 'NONE',  ( -36.00000000000000711, 0.000000000000000000, -11.99999999999999822 ) ) ;
#1569 = PRODUCT_DEFINITION_SHAPE ( 'NONE', 'NONE',  #4460 ) ;
#1570 = VERTEX_POINT ( 'NONE', #1278 ) ;
#1571 = CARTESIAN_POINT ( 'NONE',  ( 27.49999999999998934, 100.6250000000000000, -12.00000000000004263 ) ) ;
#1572 = PERSON_AND_ORGANIZATION ( #3496, #2467 ) ;
#1573 = LINE ( 'NONE', #3667, #2249 ) ;
#1575 = DIRECTION ( 'NONE',  ( -1.000000000000000000, 0.000000000000000000, 0.000000000000000000 ) ) ;
#1574 = CC_DESIGN_PERSON_AND_ORGANIZATION_ASSIGNMENT ( #82, #3915, ( #3679 ) ) ;
#1576 = APPROVAL_DATE_TIME ( #2960, #4165 ) ;
#1577 = DIRECTION ( 'NONE',  ( -0.7071067811865494601, 0.7071067811865456854, 0.000000000000000000 ) ) ;
#1578 = VECTOR ( 'NONE', #1444, 39.37007874015748143 ) ;
#1579 = ORIENTED_EDGE ( 'NONE', *, *, #553, .F. ) ;
#1580 = APPROVAL ( #484, 'UNSPECIFIED' ) ;
#1581 = DIRECTION ( 'NONE',  ( -0.000000000000000000, -1.000000000000000000, -0.000000000000000000 ) ) ;
#1582 = AXIS2_PLACEMENT_3D ( 'NONE', #3274, #3230, #4299 ) ;
#1583 = ORIENTED_EDGE ( 'NONE', *, *, #2868, .F. ) ;
#1584 = VECTOR ( 'NONE', #2094, 39.37007874015748143 ) ;
#1585 = PERSON_AND_ORGANIZATION ( #3496, #2467 ) ;
#1586 = CARTESIAN_POINT ( 'NONE',  ( 27.50000000000001776, 100.8750000000000000, 11.99999999999993783 ) ) ;
#1587 = UNCERTAINTY_MEASURE_WITH_UNIT (LENGTH_MEASURE( 1.000000000000000082E-05 ), #3655, 'distance_accuracy_value', 'NONE');
#1588 = CARTESIAN_POINT ( 'NONE',  ( 37.50000000000000000, 97.50000000000001421, 12.00000000000000355 ) ) ;
#1589 = ORIENTED_EDGE ( 'NONE', *, *, #154, .F. ) ;
#1590 = CARTESIAN_POINT ( 'NONE',  ( -36.00000000000000711, 97.50000000000001421, -11.99999999999999822 ) ) ;
#1591 = ADVANCED_FACE ( 'NONE', ( #600 ), #2668, .T. ) ;
#1592 = AXIS2_PLACEMENT_3D ( 'NONE', #2630, #922, #945 ) ;
#1593 = MECHANICAL_CONTEXT ( 'NONE', #1108, 'mechanical' ) ;
#1594 = CARTESIAN_POINT ( 'NONE',  ( 36.00000000000000000, 1.500000000000000222, -11.99999999999999822 ) ) ;
#1595 = DIRECTION ( 'NONE',  ( 1.589438832677390029E-15, -0.000000000000000000, 1.000000000000000000 ) ) ;
#1596 = APPROVAL_ROLE ( '' ) ;
#1597 = FACE_OUTER_BOUND ( 'NONE', #1992, .T. ) ;
#1598 = ORIENTED_EDGE ( 'NONE', *, *, #3854, .F. ) ;
#1599 = CARTESIAN_POINT ( 'NONE',  ( -14.51902961143721171, 96.52512626584707789, 13.50000000000000355 ) ) ;
#1600 = ORIENTED_EDGE ( 'NONE', *, *, #3854, .T. ) ;
#1601 = CC_DESIGN_PERSON_AND_ORGANIZATION_ASSIGNMENT ( #4219, #3569, ( #4288 ) ) ;
#1602 = CARTESIAN_POINT ( 'NONE',  ( 0.000000000000000000, 0.000000000000000000, 0.000000000000000000 ) ) ;
#1603 = LOCAL_TIME ( 22, 35, 5.000000000000000000, #150 ) ;
#1604 = VERTEX_POINT ( 'NONE', #3053 ) ;
#1605 = APPROVAL_ROLE ( '' ) ;
#1606 = DIRECTION ( 'NONE',  ( 0.8020875376492621056, -0.5972064818366790151, 0.000000000000000000 ) ) ;
#1607 = ADVANCED_FACE ( 'NONE', ( #1974 ), #3358, .F. ) ;
#1608 = CARTESIAN_POINT ( 'NONE',  ( 32.50000000000000711, 95.49999999999998579, -10.49999999999999822 ) ) ;
#1609 = VECTOR ( 'NONE', #1661, 39.37007874015748143 ) ;
#1610 = AXIS2_PLACEMENT_3D ( 'NONE', #2573, #3221, #121 ) ;
#1611 = EDGE_CURVE ( 'NONE', #2725, #2187, #894, .T. ) ;
#1612 = ORIENTED_EDGE ( 'NONE', *, *, #1337, .F. ) ;
#1613 = LINE ( 'NONE', #526, #3701 ) ;
#1614 = VECTOR ( 'NONE', #3389, 39.37007874015748143 ) ;
#1615 = DATE_AND_TIME ( #2978, #1245 ) ;
#1616 = CARTESIAN_POINT ( 'NONE',  ( 0.000000000000000000, 100.6250000000000000, 0.000000000000000000 ) ) ;
#1617 = EDGE_CURVE ( 'NONE', #999, #970, #3140, .T. ) ;
#1618 = AXIS2_PLACEMENT_3D ( 'NONE', #1043, #1398, #3784 ) ;
#1619 = CARTESIAN_POINT ( 'NONE',  ( -22.75000000000000711, 98.99999999999998579, -12.00000000000000533 ) ) ;
#1620 = DATE_AND_TIME ( #1212, #2433 ) ;
#1621 = LINE ( 'NONE', #534, #3531 ) ;
#1622 = ORIENTED_EDGE ( 'NONE', *, *, #3815, .T. ) ;
#1623 = DIRECTION ( 'NONE',  ( 0.7071067811865475727, -0.7071067811865475727, 0.000000000000000000 ) ) ;
#1624 = ORIENTED_EDGE ( 'NONE', *, *, #206, .F. ) ;
#1625 = DIRECTION ( 'NONE',  ( 1.000000000000000000, 0.000000000000000000, 0.000000000000000000 ) ) ;
#1626 = LOCAL_TIME ( 22, 35, 5.000000000000000000, #3194 ) ;
#1627 = CALENDAR_DATE ( 2026, 25, 3 ) ;
#1628 = APPROVAL_PERSON_ORGANIZATION ( #2340, #2286, #1348 ) ;
#1629 = DIRECTION ( 'NONE',  ( -0.000000000000000000, -1.000000000000000000, -0.000000000000000000 ) ) ;
#1630 = UNCERTAINTY_MEASURE_WITH_UNIT (LENGTH_MEASURE( 1.000000000000000082E-05 ), #694, 'distance_accuracy_value', 'NONE');
#1631 = ORGANIZATION ( 'NAUO-ORG7', 'UNSPECIFIED', 'UNSPECIFIED' ) ;
#1632 = LINE ( 'NONE', #3700, #235 ) ;
#1633 = EDGE_CURVE ( 'NONE', #813, #2670, #3734, .T. ) ;
#1634 = CC_DESIGN_PERSON_AND_ORGANIZATION_ASSIGNMENT ( #35, #1417, ( #2128 ) ) ;
#1635 = VERTEX_POINT ( 'NONE', #2072 ) ;
#1636 = CARTESIAN_POINT ( 'NONE',  ( 37.50000000000000000, 1.500000000000000222, -8.500000000000008882 ) ) ;
#1637 = DATE_AND_TIME ( #3666, #94 ) ;
#1638 = CARTESIAN_POINT ( 'NONE',  ( -32.50000000000000711, 3.500000000000001332, -11.99999999999999822 ) ) ;
#1639 = DIMENSIONAL_EXPONENTS ( 1.000000000000000000, 0.000000000000000000, 0.000000000000000000, 0.000000000000000000, 0.000000000000000000, 0.000000000000000000, 0.000000000000000000 ) ;
#1640 = LINE ( 'NONE', #2091, #1329 ) ;
#1641 = CARTESIAN_POINT ( 'NONE',  ( -37.50000000000000711, 73.54415587728428250, 13.50000000000000355 ) ) ;
#1642 = EDGE_CURVE ( 'NONE', #2855, #2770, #17, .T. ) ;
#1643 = PERSON_AND_ORGANIZATION ( #3496, #2467 ) ;
#1644 = DIRECTION ( 'NONE',  ( 0.000000000000000000, 0.000000000000000000, 1.000000000000000000 ) ) ;
#1645 = ORIENTED_EDGE ( 'NONE', *, *, #257, .F. ) ;
#1646 = LINE ( 'NONE', #3432, #2378 ) ;
#1647 = ORIENTED_EDGE ( 'NONE', *, *, #206, .T. ) ;
#1648 =( LENGTH_UNIT ( ) NAMED_UNIT ( * ) SI_UNIT ( $, .METRE. ) );
#1649 = CLOSED_SHELL ( 'NONE', ( #3020, #3942, #4259, #3561, #3303, #93 ) ) ;
#1650 = ITEM_DEFINED_TRANSFORMATION ( 'NONE', 'NONE', #1592,  #2426 ) ;
#1651 = DIRECTION ( 'NONE',  ( 1.000000000000000000, 0.000000000000000000, 0.000000000000000000 ) ) ;
#1652 = VECTOR ( 'NONE', #3763, 39.37007874015748143 ) ;
#1653 = ORIENTED_EDGE ( 'NONE', *, *, #760, .F. ) ;
#1654 = CARTESIAN_POINT ( 'NONE',  ( 0.000000000000000000, 99.12500000000000000, 0.000000000000000000 ) ) ;
#1655 = DIRECTION ( 'NONE',  ( 0.000000000000000000, 0.000000000000000000, -1.000000000000000000 ) ) ;
#1656 = EDGE_LOOP ( 'NONE', ( #1384, #1178, #4334, #3868 ) ) ;
#1657 = EDGE_CURVE ( 'NONE', #3724, #3682, #1065, .T. ) ;
#1658 = CARTESIAN_POINT ( 'NONE',  ( 37.50000000000000000, 1.500000000000000222, 8.500000000000012434 ) ) ;
#1659 = CC_DESIGN_PERSON_AND_ORGANIZATION_ASSIGNMENT ( #1443, #1424, ( #4217 ) ) ;
#1660 = PERSON_AND_ORGANIZATION ( #3496, #2467 ) ;
#1661 = DIRECTION ( 'NONE',  ( -1.248844797103666538E-15, -0.000000000000000000, 1.000000000000000000 ) ) ;
#1662 = PERSON ( 'NAUO-PER11', 'UNSPECIFIED', 'UNSPECIFIED', ('UNSPECIFIED'), ('UNSPECIFIED'), ('UNSPECIFIED') ) ;
#1663 = ADVANCED_FACE ( 'NONE', ( #3823 ), #1372, .T. ) ;
#1664 = CARTESIAN_POINT ( 'NONE',  ( -33.00000000000000711, 99.12500000000000000, 11.99999999999999822 ) ) ;
#1665 = AXIS2_PLACEMENT_3D ( 'NONE', #1602, #2988, #3033 ) ;
#1666 = PLANE ( 'NONE',  #753 ) ;
#1667 = APPROVAL_STATUS ( 'not_yet_approved' ) ;
#1668 = DIRECTION ( 'NONE',  ( -1.000000000000000000, 0.000000000000000000, 0.000000000000000000 ) ) ;
#1669 = ITEM_DEFINED_TRANSFORMATION ( 'NONE', 'NONE', #3892,  #2426 ) ;
#1670 = ORIENTED_EDGE ( 'NONE', *, *, #1457, .T. ) ;
#1671 = FACE_OUTER_BOUND ( 'NONE', #4418, .T. ) ;
#1672 = ORIENTED_EDGE ( 'NONE', *, *, #28, .F. ) ;
#1673 = DIRECTION ( 'NONE',  ( 0.000000000000000000, 0.000000000000000000, 1.000000000000000000 ) ) ;
#1674 = CALENDAR_DATE ( 2026, 25, 3 ) ;
#1675 = CARTESIAN_POINT ( 'NONE',  ( 37.50000000000000000, 97.50000000000001421, 12.00000000000000355 ) ) ;
#1676 = DESIGN_CONTEXT ( 'detailed design', #3191, 'design' ) ;
#1677 = ADVANCED_FACE ( 'NONE', ( #3120 ), #3454, .F. ) ;
#1678 = ORIENTED_EDGE ( 'NONE', *, *, #3615, .F. ) ;
#1679 = CARTESIAN_POINT ( 'NONE',  ( 36.00000000000000000, 97.50000000000001421, -8.500000000000008882 ) ) ;
#1680 = DIRECTION ( 'NONE',  ( 0.000000000000000000, 0.000000000000000000, 1.000000000000000000 ) ) ;
#1681 = ORIENTED_EDGE ( 'NONE', *, *, #127, .T. ) ;
#1682 = VECTOR ( 'NONE', #3999, 39.37007874015748143 ) ;
#1683 = LINE ( 'NONE', #1707, #2328 ) ;
#1684 = APPROVAL_PERSON_ORGANIZATION ( #3329, #2780, #888 ) ;
#1685 = DATE_AND_TIME ( #3068, #2795 ) ;
#1686 = CARTESIAN_POINT ( 'NONE',  ( -36.00000000000000711, 97.50000000000001421, -11.99999999999999822 ) ) ;
#1687 = LINE ( 'NONE', #2416, #2852 ) ;
#1688 = VECTOR ( 'NONE', #1497, 39.37007874015748143 ) ;
#1689 = DATE_AND_TIME ( #695, #4068 ) ;
#1690 = EDGE_CURVE ( 'NONE', #1308, #3558, #4142, .T. ) ;
#1691 = CARTESIAN_POINT ( 'NONE',  ( 22.75000000000001421, 99.12500000000000000, 11.99999999999999289 ) ) ;
#1692 = ORIENTED_EDGE ( 'NONE', *, *, #4275, .F. ) ;
#1693 = VECTOR ( 'NONE', #1743, 39.37007874015748143 ) ;
#1694 = CARTESIAN_POINT ( 'NONE',  ( -22.75000000000000711, 99.12500000000000000, -12.00000000000000533 ) ) ;
#1695 = AXIS2_PLACEMENT_3D ( 'NONE', #3249, #1458, #3936 ) ;
#1696 = DIRECTION ( 'NONE',  ( 1.821231995776174986E-16, 0.000000000000000000, 1.000000000000000000 ) ) ;
#1697 = APPROVAL_ROLE ( '' ) ;
#1698 = PLANE ( 'NONE',  #2955 ) ;
#1699 = EDGE_LOOP ( 'NONE', ( #4447, #539, #2890, #1780 ) ) ;
#1700 = CARTESIAN_POINT ( 'NONE',  ( 36.00000000000000000, 1.500000000000000222, -11.99999999999999822 ) ) ;
#1701 = LOCAL_TIME ( 22, 35, 5.000000000000000000, #1834 ) ;
#1702 = EDGE_CURVE ( 'NONE', #3169, #4221, #3476, .T. ) ;
#1703 = PLANE ( 'NONE',  #66 ) ;
#1704 = APPROVAL_PERSON_ORGANIZATION ( #3447, #3206, #3113 ) ;
#1705 = EDGE_LOOP ( 'NONE', ( #3494, #3054, #2695, #3404 ) ) ;
#1706 = LOCAL_TIME ( 22, 35, 5.000000000000000000, #4024 ) ;
#1707 = CARTESIAN_POINT ( 'NONE',  ( -36.00000000000000711, 97.50000000000001421, -8.500000000000008882 ) ) ;
#1708 =( NAMED_UNIT ( * ) PLANE_ANGLE_UNIT ( ) SI_UNIT ( $, .RADIAN. ) );
#1709 = LOCAL_TIME ( 22, 35, 5.000000000000000000, #2585 ) ;
#1710 = APPROVAL_DATE_TIME ( #295, #1299 ) ;
#1711 = LINE ( 'NONE', #2756, #3691 ) ;
#1712 = VERTEX_POINT ( 'NONE', #3801 ) ;
#1713 = CARTESIAN_POINT ( 'NONE',  ( 32.99999999999998579, 99.12500000000000000, -12.00000000000005151 ) ) ;
#1714 = MECHANICAL_CONTEXT ( 'NONE', #792, 'mechanical' ) ;
#1715 = ORIENTED_EDGE ( 'NONE', *, *, #2857, .T. ) ;
#1716 = CARTESIAN_POINT ( 'NONE',  ( 32.99999999999998579, 100.8750000000000000, -12.00000000000005151 ) ) ;
#1717 = ORIENTED_EDGE ( 'NONE', *, *, #2468, .F. ) ;
#1718 = DIRECTION ( 'NONE',  ( -0.8020875376492621056, 0.5972064818366790151, 0.000000000000000000 ) ) ;
#1719 = EDGE_CURVE ( 'NONE', #1858, #3075, #1037, .T. ) ;
#1720 = EDGE_CURVE ( 'NONE', #3768, #1966, #2465, .T. ) ;
#1721 = DIRECTION ( 'NONE',  ( 1.821231995776175725E-16, 0.000000000000000000, 1.000000000000000000 ) ) ;
#1722 = CC_DESIGN_PERSON_AND_ORGANIZATION_ASSIGNMENT ( #1890, #3934, ( #1540 ) ) ;
#1723 = CARTESIAN_POINT ( 'NONE',  ( -36.00000000000000711, 97.50000000000001421, 12.00000000000000355 ) ) ;
#1724 = PRODUCT_DEFINITION_SHAPE ( 'NONE', 'NONE',  #2992 ) ;
#1725 = EDGE_CURVE ( 'NONE', #2373, #1125, #2736, .T. ) ;
#1726 = AXIS2_PLACEMENT_3D ( 'NONE', #2277, #1606, #3658 ) ;
#1727 = VERTEX_POINT ( 'NONE', #1758 ) ;
#1728 = CARTESIAN_POINT ( 'NONE',  ( 22.58523515439430085, 16.81618052256532536, -10.49999999999999822 ) ) ;
#1729 = CARTESIAN_POINT ( 'NONE',  ( -39.97487373415291501, 76.01902961143720461, 13.50000000000000355 ) ) ;
#1730 = ADVANCED_BREP_SHAPE_REPRESENTATION ( '', ( #907, #3888, #851, #3875, #2426 ), #3000 ) ;
#1731 = VECTOR ( 'NONE', #2564, 39.37007874015748143 ) ;
#1732 = EDGE_LOOP ( 'NONE', ( #3503, #2157, #1717, #4282 ) ) ;
#1733 = LINE ( 'NONE', #1026, #3623 ) ;
#1734 = PERSON_AND_ORGANIZATION_ROLE ( 'design_owner' ) ;
#1735 = DIRECTION ( 'NONE',  ( 1.000000000000000000, 0.000000000000000000, 0.000000000000000000 ) ) ;
#1736 = ORIENTED_EDGE ( 'NONE', *, *, #1189, .T. ) ;
#1737 = ADVANCED_FACE ( 'NONE', ( #4161 ), #739, .T. ) ;
#1738 = DIRECTION ( 'NONE',  ( -0.000000000000000000, -1.000000000000000000, -0.000000000000000000 ) ) ;
#1739 = CALENDAR_DATE ( 2026, 25, 3 ) ;
#1740 = ORIENTED_EDGE ( 'NONE', *, *, #1136, .T. ) ;
#1741 = CARTESIAN_POINT ( 'NONE',  ( 36.00000000000000000, 1.500000000000000222, -8.500000000000008882 ) ) ;
#1742 = EDGE_LOOP ( 'NONE', ( #2028, #178, #1747, #681 ) ) ;
#1743 = DIRECTION ( 'NONE',  ( -1.000000000000000000, 0.000000000000000000, 0.000000000000000000 ) ) ;
#1744 = CALENDAR_DATE ( 2026, 25, 3 ) ;
#1745 = FACE_OUTER_BOUND ( 'NONE', #3009, .T. ) ;
#1746 = CC_DESIGN_DATE_AND_TIME_ASSIGNMENT ( #2077, #2743, ( #4359 ) ) ;
#1747 = ORIENTED_EDGE ( 'NONE', *, *, #2582, .T. ) ;
#1748 = ADVANCED_FACE ( 'NONE', ( #2372 ), #3495, .F. ) ;
#1749 = FACE_OUTER_BOUND ( 'NONE', #4057, .T. ) ;
#1750 = EDGE_CURVE ( 'NONE', #2345, #3365, #3160, .T. ) ;
#1751 = LINE ( 'NONE', #3814, #169 ) ;
#1752 = CARTESIAN_POINT ( 'NONE',  ( 24.83694061757718785, 18.49272209026128166, -11.99999999999999822 ) ) ;
#1753 = ORIENTED_EDGE ( 'NONE', *, *, #2746, .F. ) ;
#1754 = DIRECTION ( 'NONE',  ( 0.5972064818366789041, -0.8020875376492619946, 0.000000000000000000 ) ) ;
#1755 = AXIS2_PLACEMENT_3D ( 'NONE', #3310, #2336, #4388 ) ;
#1756 = DATE_AND_TIME ( #372, #2505 ) ;
#1757 = ORIENTED_EDGE ( 'NONE', *, *, #284, .F. ) ;
#1758 = CARTESIAN_POINT ( 'NONE',  ( -27.50000000000001421, 99.12500000000000000, -12.00000000000000355 ) ) ;
#1759 = ADVANCED_FACE ( 'NONE', ( #1263 ), #3758, .F. ) ;
#1760 = LOCAL_TIME ( 22, 35, 5.000000000000000000, #3955 ) ;
#1761 = ORIENTED_EDGE ( 'NONE', *, *, #2482, .T. ) ;
#1762 = DIRECTION ( 'NONE',  ( 0.000000000000000000, 0.000000000000000000, -1.000000000000000000 ) ) ;
#1763 = VECTOR ( 'NONE', #3636, 39.37007874015748143 ) ;
#1764 = APPROVAL_DATE_TIME ( #377, #3533 ) ;
#1765 = CARTESIAN_POINT ( 'NONE',  ( -39.97487373415291501, 76.01902961143720461, 12.00000000000000355 ) ) ;
#1766 = VECTOR ( 'NONE', #1866, 39.37007874015748143 ) ;
#1767 = ORIENTED_EDGE ( 'NONE', *, *, #80, .T. ) ;
#1768 = DIRECTION ( 'NONE',  ( 0.000000000000000000, -1.000000000000000000, 0.000000000000000000 ) ) ;
#1769 = CARTESIAN_POINT ( 'NONE',  ( -37.50000000000000711, 0.000000000000000000, -11.99999999999999822 ) ) ;
#1770 = PRODUCT_DEFINITION ( 'UNKNOWN', '', #3679, #142 ) ;
#1771 = CC_DESIGN_DATE_AND_TIME_ASSIGNMENT ( #1689, #1392, ( #3641 ) ) ;
#1772 = CC_DESIGN_APPROVAL ( #3912, ( #2609 ) ) ;
#1773 = LINE ( 'NONE', #1164, #3414 ) ;
#1774 = CC_DESIGN_SECURITY_CLASSIFICATION ( #116, ( #1983 ) ) ;
#1775 = ORIENTED_EDGE ( 'NONE', *, *, #2137, .T. ) ;
#1776 = ORGANIZATION ( 'NAUO-ORG11', 'UNSPECIFIED', 'UNSPECIFIED' ) ;
#1777 = CARTESIAN_POINT ( 'NONE',  ( -27.50000000000001421, 100.6250000000000000, -12.00000000000000355 ) ) ;
#1778 =( CONVERSION_BASED_UNIT ( 'INCH', #2805 ) LENGTH_UNIT ( ) NAMED_UNIT ( #245 ) );
#1779 = APPROVAL_STATUS ( 'not_yet_approved' ) ;
#1780 = ORIENTED_EDGE ( 'NONE', *, *, #2499, .T. ) ;
#1781 = DIRECTION ( 'NONE',  ( -1.000000000000000000, 0.000000000000000000, 1.274862397043323624E-15 ) ) ;
#1782 = VERTEX_POINT ( 'NONE', #1691 ) ;
#1783 = PLANE ( 'NONE',  #2193 ) ;
#1784 = PERSON_AND_ORGANIZATION ( #3496, #2467 ) ;
#1785 = APPROVAL_DATE_TIME ( #2768, #662 ) ;
#1786 = DIRECTION ( 'NONE',  ( 0.000000000000000000, 0.000000000000000000, 1.000000000000000000 ) ) ;
#1787 = EDGE_LOOP ( 'NONE', ( #761, #3322, #3257, #3880 ) ) ;
#1788 = EDGE_LOOP ( 'NONE', ( #2420, #3781, #356, #2453 ) ) ;
#1789 = CLOSED_SHELL ( 'NONE', ( #1027, #59, #1759, #4136, #190, #4063 ) ) ;
#1790 = LINE ( 'NONE', #4224, #2703 ) ;
#1791 = AXIS2_PLACEMENT_3D ( 'NONE', #259, #2652, #4005 ) ;
#1792 = DIRECTION ( 'NONE',  ( 0.000000000000000000, -1.000000000000000000, 0.000000000000000000 ) ) ;
#1793 = EDGE_CURVE ( 'NONE', #3754, #1340, #4437, .T. ) ;
#1794 = EDGE_LOOP ( 'NONE', ( #4301, #373, #4143, #1311 ) ) ;
#1795 = CC_DESIGN_PERSON_AND_ORGANIZATION_ASSIGNMENT ( #1982, #3677, ( #900 ) ) ;
#1796 = PLANE ( 'NONE',  #172 ) ;
#1797 = PERSON_AND_ORGANIZATION ( #3496, #2467 ) ;
#1798 = ORIENTED_EDGE ( 'NONE', *, *, #6, .F. ) ;
#1799 = FACE_OUTER_BOUND ( 'NONE', #3512, .T. ) ;
#1800 = ORIENTED_EDGE ( 'NONE', *, *, #2556, .F. ) ;
#1801 = APPLICATION_CONTEXT ( 'configuration controlled 3d designs of mechanical parts and assemblies' ) ;
#1802 = DIRECTION ( 'NONE',  ( -0.000000000000000000, -0.000000000000000000, -1.000000000000000000 ) ) ;
#1803 = CALENDAR_DATE ( 2026, 25, 3 ) ;
#1804 = DIRECTION ( 'NONE',  ( -1.274862397043323624E-15, 0.000000000000000000, -1.000000000000000000 ) ) ;
#1805 = CALENDAR_DATE ( 2026, 25, 3 ) ;
#1806 = VERTEX_POINT ( 'NONE', #3780 ) ;
#1807 = LINE ( 'NONE', #3545, #3807 ) ;
#1808 = ORIENTED_EDGE ( 'NONE', *, *, #926, .F. ) ;
#1809 = AXIS2_PLACEMENT_3D ( 'NONE', #2030, #144, #899 ) ;
#1810 = PERSON_AND_ORGANIZATION ( #3496, #2467 ) ;
#1811 = VERTEX_POINT ( 'NONE', #2396 ) ;
#1812 = ADVANCED_FACE ( 'NONE', ( #4184 ), #1171, .F. ) ;
#1813 = LOCAL_TIME ( 22, 35, 5.000000000000000000, #2583 ) ;
#1814 = DIRECTION ( 'NONE',  ( -0.000000000000000000, -0.000000000000000000, -1.000000000000000000 ) ) ;
#1815 = CARTESIAN_POINT ( 'NONE',  ( -36.00000000000000711, 97.50000000000001421, -8.500000000000008882 ) ) ;
#1816 = ORIENTED_EDGE ( 'NONE', *, *, #2002, .T. ) ;
#1817 = FACE_OUTER_BOUND ( 'NONE', #517, .T. ) ;
#1818 = PERSON_AND_ORGANIZATION_ROLE ( 'design_supplier' ) ;
#1819 = ORIENTED_EDGE ( 'NONE', *, *, #3188, .F. ) ;
#1820 = PLANE ( 'NONE',  #2480 ) ;
#1821 = ORIENTED_EDGE ( 'NONE', *, *, #2332, .T. ) ;
#1823 = EDGE_CURVE ( 'NONE', #2481, #3675, #4274, .T. ) ;
#1822 = CARTESIAN_POINT ( 'NONE',  ( -33.00000000000001421, 99.12500000000000000, -12.00000000000000355 ) ) ;
#1824 = ADVANCED_FACE ( 'NONE', ( #1097 ), #2487, .F. ) ;
#1825 = DATE_AND_TIME ( #420, #3473 ) ;
#1826 = CARTESIAN_POINT ( 'NONE',  ( 37.50000000000000000, 1.500000000000000222, -11.99999999999998934 ) ) ;
#1827 = CONTEXT_DEPENDENT_SHAPE_REPRESENTATION ( #501, #1238 ) ;
#1828 = CC_DESIGN_PERSON_AND_ORGANIZATION_ASSIGNMENT ( #3848, #3960, ( #3010 ) ) ;
#1829 = VERTEX_POINT ( 'NONE', #2579 ) ;
#1830 = VECTOR ( 'NONE', #2504, 39.37007874015748143 ) ;
#1831 = PLANE ( 'NONE',  #3380 ) ;
#1832 = EDGE_LOOP ( 'NONE', ( #2460, #1221, #4036, #3099 ) ) ;
#1833 = AXIS2_PLACEMENT_3D ( 'NONE', #820, #1182, #2572 ) ;
#1834 = COORDINATED_UNIVERSAL_TIME_OFFSET ( 8, 0, .BEHIND. ) ;
#1835 = DIRECTION ( 'NONE',  ( 1.821231995776175725E-16, 0.000000000000000000, 1.000000000000000000 ) ) ;
#1836 = VECTOR ( 'NONE', #2575, 39.37007874015748143 ) ;
#1837 = DIRECTION ( 'NONE',  ( 1.000000000000000000, 0.000000000000000000, -0.000000000000000000 ) ) ;
#1838 =( LENGTH_UNIT ( ) NAMED_UNIT ( * ) SI_UNIT ( $, .METRE. ) );
#1839 = ADVANCED_FACE ( 'NONE', ( #1799 ), #827, .F. ) ;
#1840 = AXIS2_PLACEMENT_3D ( 'NONE', #194, #4391, #1276 ) ;
#1841 = FACE_OUTER_BOUND ( 'NONE', #1039, .T. ) ;
#1842 = SHAPE_REPRESENTATION ( 'Vertical Supports^Wooden Assembly Actual', ( #2426 ), #3000 ) ;
#1843 = ORIENTED_EDGE ( 'NONE', *, *, #3261, .F. ) ;
#1844 = DIRECTION ( 'NONE',  ( -0.8020875376492621056, -0.5972064818366790151, 0.000000000000000000 ) ) ;
#1845 = CC_DESIGN_SECURITY_CLASSIFICATION ( #396, ( #900 ) ) ;
#1846 = CALENDAR_DATE ( 2026, 25, 3 ) ;
#1847 = CC_DESIGN_APPROVAL ( #2233, ( #1341 ) ) ;
#1848 = LINE ( 'NONE', #3181, #2293 ) ;
#1849 = CC_DESIGN_APPROVAL ( #2155, ( #3220 ) ) ;
#1850 = CC_DESIGN_APPROVAL ( #3968, ( #1960 ) ) ;
#1851 = CARTESIAN_POINT ( 'NONE',  ( 0.000000000000000000, 0.000000000000000000, 13.50000000000000355 ) ) ;
#1852 = DATE_AND_TIME ( #3205, #3255 ) ;
#1853 = LINE ( 'NONE', #1461, #1220 ) ;
#1854 = CALENDAR_DATE ( 2026, 25, 3 ) ;
#1855 = ORIENTED_EDGE ( 'NONE', *, *, #3602, .T. ) ;
#1856 = CARTESIAN_POINT ( 'NONE',  ( 36.00000000000000000, 3.500000000000000000, 12.00000000000000355 ) ) ;
#1857 = EDGE_CURVE ( 'NONE', #3388, #4163, #850, .T. ) ;
#1858 = VERTEX_POINT ( 'NONE', #2535 ) ;
#1859 = CC_DESIGN_DATE_AND_TIME_ASSIGNMENT ( #4017, #4294, ( #1383 ) ) ;
#1860 = CALENDAR_DATE ( 2026, 25, 3 ) ;
#1861 = FACE_OUTER_BOUND ( 'NONE', #324, .T. ) ;
#1862 = CARTESIAN_POINT ( 'NONE',  ( -36.00000000000000711, 97.50000000000001421, 8.500000000000012434 ) ) ;
#1863 =( NAMED_UNIT ( * ) SI_UNIT ( $, .STERADIAN. ) SOLID_ANGLE_UNIT ( ) );
#1864 = DIRECTION ( 'NONE',  ( -1.000000000000000000, 0.000000000000000000, -0.000000000000000000 ) ) ;
#1865 = EDGE_LOOP ( 'NONE', ( #234, #1198, #1247, #147 ) ) ;
#1866 = DIRECTION ( 'NONE',  ( 1.000000000000000000, 0.000000000000000000, 0.000000000000000000 ) ) ;
#1867 = VECTOR ( 'NONE', #2252, 39.37007874015748143 ) ;
#1868 = COORDINATED_UNIVERSAL_TIME_OFFSET ( 8, 0, .BEHIND. ) ;
#1869 = CARTESIAN_POINT ( 'NONE',  ( 33.00000000000001421, 100.6250000000000000, 11.99999999999993783 ) ) ;
#1870 = ADVANCED_FACE ( 'NONE', ( #2134 ), #3935, .T. ) ;
#1871 = VECTOR ( 'NONE', #1651, 39.37007874015748143 ) ;
#1872 = AXIS2_PLACEMENT_3D ( 'NONE', #698, #1781, #3403 ) ;
#1873 = PLANE ( 'NONE',  #1695 ) ;
#1874 = APPROVAL_DATE_TIME ( #1825, #4296 ) ;
#1875 = AXIS2_PLACEMENT_3D ( 'NONE', #2727, #4127, #268 ) ;
#1876 = CARTESIAN_POINT ( 'NONE',  ( 32.99999999999998579, 98.99999999999998579, -12.00000000000005151 ) ) ;
#1877 = EDGE_LOOP ( 'NONE', ( #3428, #1166, #3012, #3963 ) ) ;
#1878 = DIRECTION ( 'NONE',  ( 0.000000000000000000, 0.000000000000000000, -1.000000000000000000 ) ) ;
#1879 = VERTEX_POINT ( 'NONE', #460 ) ;
#1880 = PERSON_AND_ORGANIZATION ( #3496, #2467 ) ;
#1881 = CARTESIAN_POINT ( 'NONE',  ( 37.50000000000000000, 1.500000000000000222, -11.99999999999999822 ) ) ;
#1882 = AXIS2_PLACEMENT_3D ( 'NONE', #4374, #2319, #1520 ) ;
#1883 = CARTESIAN_POINT ( 'NONE',  ( 32.50000000000000711, 95.49999999999998579, -10.49999999999999822 ) ) ;
#1884 = EDGE_CURVE ( 'NONE', #448, #1556, #1848, .T. ) ;
#1885 = EDGE_CURVE ( 'NONE', #3161, #3611, #1455, .T. ) ;
#1886 = DIRECTION ( 'NONE',  ( 1.000000000000000000, -0.000000000000000000, 5.827942386483749700E-15 ) ) ;
#1887 = ORIENTED_EDGE ( 'NONE', *, *, #3625, .F. ) ;
#1888 = LINE ( 'NONE', #3246, #3839 ) ;
#1889 = APPLICATION_CONTEXT ( 'configuration controlled 3d designs of mechanical parts and assemblies' ) ;
#1890 = PERSON_AND_ORGANIZATION ( #3496, #2467 ) ;
#1891 = DIRECTION ( 'NONE',  ( -0.000000000000000000, -0.000000000000000000, -1.000000000000000000 ) ) ;
#1892 = DIRECTION ( 'NONE',  ( -1.000000000000000000, 0.000000000000000000, 1.589438832677390029E-15 ) ) ;
#1893 = EDGE_CURVE ( 'NONE', #4141, #2675, #4206, .T. ) ;
#1894 = PERSON_AND_ORGANIZATION ( #3496, #2467 ) ;
#1895 = PLANE ( 'NONE',  #1582 ) ;
#1896 = PERSON_AND_ORGANIZATION_ROLE ( 'classification_officer' ) ;
#1897 = ORIENTED_EDGE ( 'NONE', *, *, #2764, .F. ) ;
#1898 = CARTESIAN_POINT ( 'NONE',  ( 37.50000000000000000, 97.50000000000001421, -11.99999999999999822 ) ) ;
#1899 = VERTEX_POINT ( 'NONE', #1190 ) ;
#1900 = PERSON_AND_ORGANIZATION_ROLE ( 'design_supplier' ) ;
#1901 = DIRECTION ( 'NONE',  ( -0.000000000000000000, -1.000000000000000000, -0.000000000000000000 ) ) ;
#1902 = CC_DESIGN_APPROVAL ( #3776, ( #1540 ) ) ;
#1903 = DESIGN_CONTEXT ( 'detailed design', #3048, 'design' ) ;
#1904 = AXIS2_PLACEMENT_3D ( 'NONE', #682, #4105, #4425 ) ;
#1905 = LINE ( 'NONE', #1568, #676 ) ;
#1906 = VECTOR ( 'NONE', #1475, 39.37007874015748143 ) ;
#1907 = ORIENTED_EDGE ( 'NONE', *, *, #4052, .T. ) ;
#1908 = ADVANCED_FACE ( 'NONE', ( #1504 ), #2828, .T. ) ;
#1909 = CARTESIAN_POINT ( 'NONE',  ( 0.000000000000000000, 3.500000000000000000, -10.49999999999999822 ) ) ;
#1910 = VECTOR ( 'NONE', #785, 39.37007874015748143 ) ;
#1911 = CC_DESIGN_PERSON_AND_ORGANIZATION_ASSIGNMENT ( #435, #1170, ( #3927 ) ) ;
#1912 = APPROVAL_ROLE ( '' ) ;
#1913 = CARTESIAN_POINT ( 'NONE',  ( 36.00000000000000000, 0.000000000000000000, 12.00000000000000355 ) ) ;
#1914 = EDGE_CURVE ( 'NONE', #2112, #2551, #3867, .T. ) ;
#1915 = CARTESIAN_POINT ( 'NONE',  ( -36.00000000000000000, 0.000000000000000000, 10.50000000000000000 ) ) ;
#1916 = SHAPE_DEFINITION_REPRESENTATION ( #1724, #1448 ) ;
#1917 = DIRECTION ( 'NONE',  ( 1.000000000000000000, 0.000000000000000000, -0.000000000000000000 ) ) ;
#1918 = ORIENTED_EDGE ( 'NONE', *, *, #3079, .T. ) ;
#1919 = SECURITY_CLASSIFICATION ( '', '', #4078 ) ;
#1920 = DIRECTION ( 'NONE',  ( -1.000000000000000000, 0.000000000000000000, 0.000000000000000000 ) ) ;
#1921 = LOCAL_TIME ( 22, 35, 5.000000000000000000, #4436 ) ;
#1922 = ORIENTED_EDGE ( 'NONE', *, *, #1387, .T. ) ;
#1923 = LOCAL_TIME ( 22, 35, 5.000000000000000000, #2164 ) ;
#1924 = CALENDAR_DATE ( 2026, 25, 3 ) ;
#1925 = CARTESIAN_POINT ( 'NONE',  ( -15.25000000000000888, 99.12500000000000000, 11.99999999999999822 ) ) ;
#1926 = DIRECTION ( 'NONE',  ( -0.000000000000000000, -1.000000000000000000, -0.000000000000000000 ) ) ;
#1927 = PRODUCT_DEFINITION_SHAPE ( 'NONE', 'NONE',  #4470 ) ;
#1928 = EDGE_LOOP ( 'NONE', ( #4116, #3337, #4238, #1368 ) ) ;
#1929 = CARTESIAN_POINT ( 'NONE',  ( -27.50000000000001066, 98.99999999999998579, 11.99999999999999822 ) ) ;
#1930 = APPROVAL_DATE_TIME ( #550, #3776 ) ;
#1931 = ADVANCED_FACE ( 'NONE', ( #2893 ), #1820, .F. ) ;
#1932 = CARTESIAN_POINT ( 'NONE',  ( 37.50000000000000000, 1.500000000000000222, -11.99999999999998934 ) ) ;
#1933 = CC_DESIGN_DATE_AND_TIME_ASSIGNMENT ( #4122, #3165, ( #4439 ) ) ;
#1934 = VECTOR ( 'NONE', #1225, 39.37007874015748143 ) ;
#1935 = DIRECTION ( 'NONE',  ( 0.8020875376492621056, -0.5972064818366790151, 0.000000000000000000 ) ) ;
#1936 = APPROVAL_DATE_TIME ( #1620, #3639 ) ;
#1937 = DIRECTION ( 'NONE',  ( -1.000000000000000000, 0.000000000000000000, -5.827942386483758377E-15 ) ) ;
#1938 = VECTOR ( 'NONE', #4377, 39.37007874015748143 ) ;
#1939 = ORIENTED_EDGE ( 'NONE', *, *, #4106, .T. ) ;
#1940 = LINE ( 'NONE', #897, #2148 ) ;
#1941 = VERTEX_POINT ( 'NONE', #3248 ) ;
#1942 = COORDINATED_UNIVERSAL_TIME_OFFSET ( 8, 0, .BEHIND. ) ;
#1943 = DIRECTION ( 'NONE',  ( -0.000000000000000000, -0.000000000000000000, -1.000000000000000000 ) ) ;
#1944 = CARTESIAN_POINT ( 'NONE',  ( 39.97487373415291501, 76.01902961143720461, 13.50000000000000355 ) ) ;
#1945 = ADVANCED_FACE ( 'NONE', ( #2204 ), #438, .F. ) ;
#1946 = ORIENTED_EDGE ( 'NONE', *, *, #1337, .T. ) ;
#1947 = DIRECTION ( 'NONE',  ( -0.000000000000000000, -1.000000000000000000, -0.000000000000000000 ) ) ;
#1948 = AXIS2_PLACEMENT_3D ( 'NONE', #607, #2674, #1262 ) ;
#1949 = PERSON_AND_ORGANIZATION ( #3496, #2467 ) ;
#1950 = LINE ( 'NONE', #3330, #1609 ) ;
#1951 = CARTESIAN_POINT ( 'NONE',  ( 36.00000000000000000, 1.500000000000000222, 12.00000000000000355 ) ) ;
#1952 = PERSON_AND_ORGANIZATION ( #3496, #2467 ) ;
#1953 = CARTESIAN_POINT ( 'NONE',  ( 36.00000000000000000, 1.500000000000000222, -11.99999999999999822 ) ) ;
#1954 = CONTEXT_DEPENDENT_SHAPE_REPRESENTATION ( #1195, #1927 ) ;
#1955 = EDGE_LOOP ( 'NONE', ( #1331, #1798, #4179, #3245 ) ) ;
#1956 = LINE ( 'NONE', #3715, #1150 ) ;
#1957 = EDGE_CURVE ( 'NONE', #3384, #630, #4252, .T. ) ;
#1958 = ORIENTED_EDGE ( 'NONE', *, *, #1884, .T. ) ;
#1959 = CARTESIAN_POINT ( 'NONE',  ( 0.000000000000000000, 99.00000000000001421, 1.311287036958846345E-14 ) ) ;
#1960 = PRODUCT_DEFINITION ( 'UNKNOWN', '', #3709, #4103 ) ;
#1961 = DATE_TIME_ROLE ( 'classification_date' ) ;
#1962 = DIRECTION ( 'NONE',  ( 0.000000000000000000, 1.000000000000000000, 0.000000000000000000 ) ) ;
#1963 = EDGE_CURVE ( 'NONE', #3830, #656, #3911, .T. ) ;
#1964 = CARTESIAN_POINT ( 'NONE',  ( -36.00000000000000711, 1.500000000000000222, -11.99999999999999822 ) ) ;
#1965 = VECTOR ( 'NONE', #1970, 39.37007874015748143 ) ;
#1966 = VERTEX_POINT ( 'NONE', #1638 ) ;
#1967 = DIRECTION ( 'NONE',  ( -0.000000000000000000, -0.000000000000000000, -1.000000000000000000 ) ) ;
#1968 = AXIS2_PLACEMENT_3D ( 'NONE', #2865, #961, #1996 ) ;
#1969 = APPROVAL_ROLE ( '' ) ;
#1970 = DIRECTION ( 'NONE',  ( -0.5972064818366790151, -0.8020875376492619946, 0.000000000000000000 ) ) ;
#1971 = AXIS2_PLACEMENT_3D ( 'NONE', #1777, #4229, #2843 ) ;
#1972 = CARTESIAN_POINT ( 'NONE',  ( 27.49999999999998934, 100.8750000000000000, -12.00000000000004263 ) ) ;
#1973 = PERSON_AND_ORGANIZATION ( #3496, #2467 ) ;
#1974 = FACE_OUTER_BOUND ( 'NONE', #1832, .T. ) ;
#1975 = VERTEX_POINT ( 'NONE', #1210 ) ;
#1976 = DIRECTION ( 'NONE',  ( 0.000000000000000000, 1.000000000000000000, -0.000000000000000000 ) ) ;
#1977 = ORIENTED_EDGE ( 'NONE', *, *, #3188, .T. ) ;
#1978 = LENGTH_MEASURE_WITH_UNIT ( LENGTH_MEASURE( 0.02539999999999999897 ), #1648 );
#1979 = DIMENSIONAL_EXPONENTS ( 1.000000000000000000, 0.000000000000000000, 0.000000000000000000, 0.000000000000000000, 0.000000000000000000, 0.000000000000000000, 0.000000000000000000 ) ;
#1980 = CC_DESIGN_APPROVAL ( #3856, ( #396 ) ) ;
#1981 = ORIENTED_EDGE ( 'NONE', *, *, #4150, .T. ) ;
#1982 = PERSON_AND_ORGANIZATION ( #3496, #2467 ) ;
#1983 = PRODUCT_DEFINITION_FORMATION_WITH_SPECIFIED_SOURCE ( 'ANY', '', #3097, .NOT_KNOWN. ) ;
#1984 = ADVANCED_FACE ( 'NONE', ( #3022 ), #3002, .T. ) ;
#1985 = CARTESIAN_POINT ( 'NONE',  ( 36.00000000000000000, 3.500000000000000000, -10.50000000000000000 ) ) ;
#1986 = EDGE_CURVE ( 'NONE', #518, #811, #3290, .T. ) ;
#1987 = CC_DESIGN_PERSON_AND_ORGANIZATION_ASSIGNMENT ( #3771, #11, ( #1192 ) ) ;
#1988 = CC_DESIGN_APPROVAL ( #2346, ( #3010 ) ) ;
#1989 = DIRECTION ( 'NONE',  ( -0.000000000000000000, 0.000000000000000000, -1.000000000000000000 ) ) ;
#1990 = CARTESIAN_POINT ( 'NONE',  ( 0.000000000000000000, 97.50000000000001421, 0.000000000000000000 ) ) ;
#1991 = EDGE_CURVE ( 'NONE', #1456, #1479, #1296, .T. ) ;
#1992 = EDGE_LOOP ( 'NONE', ( #1653, #2586, #1259, #2946 ) ) ;
#1993 = CARTESIAN_POINT ( 'NONE',  ( 6.556435184794231724E-15, 47.14963503649634902, -10.49999999999999822 ) ) ;
#1994 = CALENDAR_DATE ( 2026, 25, 3 ) ;
#1995 = FACE_OUTER_BOUND ( 'NONE', #2093, .T. ) ;
#1996 = DIRECTION ( 'NONE',  ( 0.000000000000000000, 0.000000000000000000, -1.000000000000000000 ) ) ;
#1997 = LINE ( 'NONE', #3377, #2790 ) ;
#1998 = CALENDAR_DATE ( 2026, 25, 3 ) ;
#1999 = PRODUCT_DEFINITION_SHAPE ( 'NONE', 'NONE',  #1770 ) ;
#2000 = DIRECTION ( 'NONE',  ( 0.000000000000000000, 0.000000000000000000, -1.000000000000000000 ) ) ;
#2001 = DATE_AND_TIME ( #2342, #2435 ) ;
#2002 = EDGE_CURVE ( 'NONE', #3609, #2229, #2599, .T. ) ;
#2003 = ORIENTED_EDGE ( 'NONE', *, *, #298, .F. ) ;
#2004 = DIRECTION ( 'NONE',  ( 0.7071067811865474617, 0.7071067811865474617, 0.000000000000000000 ) ) ;
#2005 = ORIENTED_EDGE ( 'NONE', *, *, #3086, .F. ) ;
#2006 = PERSON_AND_ORGANIZATION ( #3496, #2467 ) ;
#2007 = AXIS2_PLACEMENT_3D ( 'NONE', #1558, #1878, #4283 ) ;
#2008 = CONTEXT_DEPENDENT_SHAPE_REPRESENTATION ( #39, #1569 ) ;
#2009 = LINE ( 'NONE', #2323, #1871 ) ;
#2010 = VECTOR ( 'NONE', #943, 39.37007874015748143 ) ;
#2011 = ORIENTED_EDGE ( 'NONE', *, *, #1413, .F. ) ;
#2012 = DIRECTION ( 'NONE',  ( -1.000000000000000000, 0.000000000000000000, 0.000000000000000000 ) ) ;
#2013 = CARTESIAN_POINT ( 'NONE',  ( 35.99999999999999289, 3.499999999999999112, -10.49999999999999822 ) ) ;
#2014 = EDGE_LOOP ( 'NONE', ( #481, #3748, #1050, #221 ) ) ;
#2015 = PLANE ( 'NONE',  #3270 ) ;
#2016 = EDGE_CURVE ( 'NONE', #2626, #801, #1573, .T. ) ;
#2017 = SHAPE_REPRESENTATION_RELATIONSHIP ( 'NONE' , 'NONE' ,  #1482, #1287 ) ;
#2018 = APPROVAL_DATE_TIME ( #2438, #4269 ) ;
#2019 = CARTESIAN_POINT ( 'NONE',  ( 0.000000000000000000, 100.6250000000000000, 0.000000000000000000 ) ) ;
#2020 = LINE ( 'NONE', #1664, #2571 ) ;
#2021 = ADVANCED_FACE ( 'NONE', ( #1995 ), #2686, .F. ) ;
#2022 = LENGTH_MEASURE_WITH_UNIT ( LENGTH_MEASURE( 0.02539999999999999897 ), #986 );
#2023 = PERSON_AND_ORGANIZATION_ROLE ( 'creator' ) ;
#2024 = DIRECTION ( 'NONE',  ( 0.000000000000000000, 1.000000000000000000, 0.000000000000000000 ) ) ;
#2025 = ORIENTED_EDGE ( 'NONE', *, *, #2430, .F. ) ;
#2026 = CARTESIAN_POINT ( 'NONE',  ( -37.50000000000000711, 97.50000000000001421, 12.00000000000000355 ) ) ;
#2027 = EDGE_CURVE ( 'NONE', #2610, #846, #4018, .T. ) ;
#2028 = ORIENTED_EDGE ( 'NONE', *, *, #4357, .T. ) ;
#2029 = APPLICATION_CONTEXT ( 'configuration controlled 3d designs of mechanical parts and assemblies' ) ;
#2030 = CARTESIAN_POINT ( 'NONE',  ( 0.000000000000000000, 98.99999999999998579, 4.370956789862821150E-15 ) ) ;
#2031 = DIRECTION ( 'NONE',  ( -1.821231995776175725E-16, 0.000000000000000000, -1.000000000000000000 ) ) ;
#2032 = DESIGN_CONTEXT ( 'detailed design', #2732, 'design' ) ;
#2033 = ORIENTED_EDGE ( 'NONE', *, *, #1617, .T. ) ;
#2034 = FACE_OUTER_BOUND ( 'NONE', #2014, .T. ) ;
#2035 = CARTESIAN_POINT ( 'NONE',  ( -15.25000000000000888, 98.99999999999998579, 11.99999999999999822 ) ) ;
#2036 = EDGE_LOOP ( 'NONE', ( #414, #583, #2523, #73 ) ) ;
#2037 = DIRECTION ( 'NONE',  ( -0.7071067811865474617, -0.7071067811865474617, -0.000000000000000000 ) ) ;
#2038 = DATE_AND_TIME ( #663, #3148 ) ;
#2039 = FACE_OUTER_BOUND ( 'NONE', #740, .T. ) ;
#2040 = EDGE_LOOP ( 'NONE', ( #3964, #440, #1534, #1264 ) ) ;
#2041 = PRODUCT_RELATED_PRODUCT_CATEGORY ( 'detail', '', ( #4124 ) ) ;
#2042 = PLANE ( 'NONE',  #2423 ) ;
#2043 = VECTOR ( 'NONE', #4175, 39.37007874015748143 ) ;
#2044 =( NAMED_UNIT ( * ) SI_UNIT ( $, .STERADIAN. ) SOLID_ANGLE_UNIT ( ) );
#2045 = PERSON_AND_ORGANIZATION_ROLE ( 'creator' ) ;
#2046 = CARTESIAN_POINT ( 'NONE',  ( -36.00000000000000711, 1.500000000000000222, -11.99999999999999822 ) ) ;
#2047 = VERTEX_POINT ( 'NONE', #1275 ) ;
#2048 = VECTOR ( 'NONE', #1762, 39.37007874015748143 ) ;
#2049 = DIRECTION ( 'NONE',  ( 1.000000000000000000, -0.000000000000000000, -2.913971193241880766E-16 ) ) ;
#2050 = EDGE_CURVE ( 'NONE', #214, #713, #934, .T. ) ;
#2051 = VECTOR ( 'NONE', #2558, 39.37007874015748143 ) ;
#2052 = PLANE ( 'NONE',  #3142 ) ;
#2053 = APPROVAL_STATUS ( 'not_yet_approved' ) ;
#2054 = LINE ( 'NONE', #1723, #2291 ) ;
#2055 = ADVANCED_FACE ( 'NONE', ( #3685 ), #595, .F. ) ;
#2056 = VERTEX_POINT ( 'NONE', #1251 ) ;
#2057 = PLANE ( 'NONE',  #2333 ) ;
#2058 = LOCAL_TIME ( 22, 35, 5.000000000000000000, #4327 ) ;
#2059 = FACE_OUTER_BOUND ( 'NONE', #2953, .T. ) ;
#2060 = EDGE_CURVE ( 'NONE', #3795, #898, #912, .T. ) ;
#2061 = LOCAL_TIME ( 22, 35, 5.000000000000000000, #3585 ) ;
#2062 = EDGE_LOOP ( 'NONE', ( #2292, #1819, #2862, #1821 ) ) ;
#2063 = CC_DESIGN_SECURITY_CLASSIFICATION ( #1057, ( #2128 ) ) ;
#2064 = CARTESIAN_POINT ( 'NONE',  ( -39.97487373415291501, 76.01902961143720461, 13.50000000000000355 ) ) ;
#2065 =( CONVERSION_BASED_UNIT ( 'INCH', #3727 ) LENGTH_UNIT ( ) NAMED_UNIT ( #946 ) );
#2066 = DATE_TIME_ROLE ( 'classification_date' ) ;
#2067 = LINE ( 'NONE', #349, #1041 ) ;
#2068 = ORIENTED_EDGE ( 'NONE', *, *, #3718, .F. ) ;
#2069 = DIRECTION ( 'NONE',  ( 0.000000000000000000, -0.000000000000000000, -1.000000000000000000 ) ) ;
#2070 = APPROVAL_DATE_TIME ( #1370, #2994 ) ;
#2071 = ORIENTED_EDGE ( 'NONE', *, *, #1702, .T. ) ;
#2072 = CARTESIAN_POINT ( 'NONE',  ( -36.00000000000000711, 3.500000000000000000, 12.00000000000000355 ) ) ;
#2073 = ORIENTED_EDGE ( 'NONE', *, *, #3929, .T. ) ;
#2074 = CC_DESIGN_PERSON_AND_ORGANIZATION_ASSIGNMENT ( #3231, #1896, ( #1481 ) ) ;
#2076 = EDGE_CURVE ( 'NONE', #491, #3897, #210, .T. ) ;
#2075 = DIRECTION ( 'NONE',  ( -0.000000000000000000, -1.000000000000000000, -0.000000000000000000 ) ) ;
#2077 = DATE_AND_TIME ( #704, #1562 ) ;
#2078 = FACE_OUTER_BOUND ( 'NONE', #1427, .T. ) ;
#2079 = PRODUCT ( 'Blue Motor Mount Sandwich^Blue Motor Mount Assem_Wooden Assembly Actual', 'Blue Motor Mount Sandwich^Blue Motor Mount Assem_Wooden Assembly Actual', '', ( #1302 ) ) ;
#2080 = CLOSED_SHELL ( 'NONE', ( #1343, #3167, #240, #4084, #1677, #3660 ) ) ;
#2081 = ORIENTED_EDGE ( 'NONE', *, *, #1719, .T. ) ;
#2082 = CARTESIAN_POINT ( 'NONE',  ( 37.50000000000000000, 1.500000000000000222, 12.00000000000000355 ) ) ;
#2083 = AXIS2_PLACEMENT_3D ( 'NONE', #2398, #649, #4074 ) ;
#2084 = AXIS2_PLACEMENT_3D ( 'NONE', #4117, #2421, #1395 ) ;
#2085 = DIRECTION ( 'NONE',  ( 1.000000000000000000, -0.000000000000000000, -2.913971193241880766E-16 ) ) ;
#2086 = EDGE_CURVE ( 'NONE', #3932, #656, #959, .T. ) ;
#2087 = APPROVAL_DATE_TIME ( #3373, #3206 ) ;
#2088 = CARTESIAN_POINT ( 'NONE',  ( -36.00000000000000711, 0.000000000000000000, 12.00000000000000355 ) ) ;
#2089 = PERSON ( 'NAUO-PER9', 'UNSPECIFIED', 'UNSPECIFIED', ('UNSPECIFIED'), ('UNSPECIFIED'), ('UNSPECIFIED') ) ;
#2090 = ORIENTED_EDGE ( 'NONE', *, *, #4426, .F. ) ;
#2091 = CARTESIAN_POINT ( 'NONE',  ( -36.00000000000000711, 97.50000000000001421, -11.99999999999999822 ) ) ;
#2092 = APPROVAL_ROLE ( '' ) ;
#2093 = EDGE_LOOP ( 'NONE', ( #2213, #2574, #290, #2765, #1404, #4405, #3482, #3877, #1096, #1371, #318, #776 ) ) ;
#2094 = DIRECTION ( 'NONE',  ( -0.000000000000000000, -1.000000000000000000, -0.000000000000000000 ) ) ;
#2095 = ORIENTED_EDGE ( 'NONE', *, *, #2817, .T. ) ;
#2096 = AXIS2_PLACEMENT_3D ( 'NONE', #3241, #2106, #2147 ) ;
#2097 = DIRECTION ( 'NONE',  ( -5.827942386483766266E-15, 0.000000000000000000, -1.000000000000000000 ) ) ;
#2098 = ITEM_DEFINED_TRANSFORMATION ( 'NONE', 'NONE', #2169,  #2426 ) ;
#2099 = DIRECTION ( 'NONE',  ( 0.000000000000000000, 0.000000000000000000, -1.000000000000000000 ) ) ;
#2100 = ADVANCED_FACE ( 'NONE', ( #870 ), #3374, .F. ) ;
#2101 = VERTEX_POINT ( 'NONE', #3645 ) ;
#2102 = PRODUCT_DEFINITION ( 'UNKNOWN', '', #3131, #864 ) ;
#2103 = LINE ( 'NONE', #118, #711 ) ;
#2104 = EDGE_CURVE ( 'NONE', #1727, #650, #1549, .T. ) ;
#2105 = LINE ( 'NONE', #120, #3699 ) ;
#2106 = DIRECTION ( 'NONE',  ( 0.000000000000000000, 0.000000000000000000, 1.000000000000000000 ) ) ;
#2107 = LINE ( 'NONE', #1320, #3908 ) ;
#2108 = AXIS2_PLACEMENT_3D ( 'NONE', #2179, #3201, #4231 ) ;
#2109 = VERTEX_POINT ( 'NONE', #2935 ) ;
#2110 = CARTESIAN_POINT ( 'NONE',  ( 37.50000000000000711, 73.54415587728428250, 12.00000000000000355 ) ) ;
#2111 = PERSON_AND_ORGANIZATION ( #3496, #2467 ) ;
#2112 = VERTEX_POINT ( 'NONE', #4295 ) ;
#2113 = CARTESIAN_POINT ( 'NONE',  ( 0.000000000000000000, 100.8750000000000000, 0.000000000000000000 ) ) ;
#2114 = VERTEX_POINT ( 'NONE', #1932 ) ;
#2115 = VECTOR ( 'NONE', #2726, 39.37007874015748143 ) ;
#2116 = DIRECTION ( 'NONE',  ( 0.000000000000000000, 0.000000000000000000, -1.000000000000000000 ) ) ;
#2117 = VECTOR ( 'NONE', #2441, 39.37007874015748143 ) ;
#2118 = CONTEXT_DEPENDENT_SHAPE_REPRESENTATION ( #4330, #3653 ) ;
#2119 = CARTESIAN_POINT ( 'NONE',  ( -36.00000000000000000, 3.500000000000000000, 10.50000000000000000 ) ) ;
#2120 = ORIENTED_EDGE ( 'NONE', *, *, #2512, .F. ) ;
#2121 = EDGE_CURVE ( 'NONE', #87, #2551, #230, .T. ) ;
#2122 = ORIENTED_EDGE ( 'NONE', *, *, #2868, .T. ) ;
#2123 = APPROVAL ( #1179, 'UNSPECIFIED' ) ;
#2124 = CARTESIAN_POINT ( 'NONE',  ( 27.50000000000001776, 99.12500000000000000, 11.99999999999993783 ) ) ;
#2125 = CARTESIAN_POINT ( 'NONE',  ( 0.000000000000000000, 0.000000000000000000, 0.000000000000000000 ) ) ;
#2126 = ORIENTED_EDGE ( 'NONE', *, *, #1642, .F. ) ;
#2127 = DIRECTION ( 'NONE',  ( 0.000000000000000000, 0.000000000000000000, -1.000000000000000000 ) ) ;
#2128 = PRODUCT_DEFINITION_FORMATION_WITH_SPECIFIED_SOURCE ( 'ANY', '', #996, .NOT_KNOWN. ) ;
#2129 = ORIENTED_EDGE ( 'NONE', *, *, #3399, .F. ) ;
#2130 = LOCAL_TIME ( 22, 35, 5.000000000000000000, #2792 ) ;
#2131 = DIRECTION ( 'NONE',  ( 1.000000000000000000, 0.000000000000000000, -0.000000000000000000 ) ) ;
#2132 = DATE_AND_TIME ( #2485, #328 ) ;
#2133 = VERTEX_POINT ( 'NONE', #573 ) ;
#2134 = FACE_OUTER_BOUND ( 'NONE', #1335, .T. ) ;
#2135 = ORIENTED_EDGE ( 'NONE', *, *, #278, .F. ) ;
#2136 = DIRECTION ( 'NONE',  ( -1.000000000000000000, -0.000000000000000000, -0.000000000000000000 ) ) ;
#2137 = EDGE_CURVE ( 'NONE', #525, #2238, #1950, .T. ) ;
#2138 = DATE_AND_TIME ( #3250, #3391 ) ;
#2139 = DIRECTION ( 'NONE',  ( 1.000000000000000000, 0.000000000000000000, -1.821231995776175479E-16 ) ) ;
#2140 = CONTEXT_DEPENDENT_SHAPE_REPRESENTATION ( #1249, #3970 ) ;
#2141 = DIRECTION ( 'NONE',  ( 1.000000000000000000, 0.000000000000000000, 0.000000000000000000 ) ) ;
#2142 = PERSON ( 'NAUO-PER1', 'UNSPECIFIED', 'UNSPECIFIED', ('UNSPECIFIED'), ('UNSPECIFIED'), ('UNSPECIFIED') ) ;
#2143 = ORIENTED_EDGE ( 'NONE', *, *, #538, .T. ) ;
#2144 = EDGE_LOOP ( 'NONE', ( #2321, #1327, #562, #1158 ) ) ;
#2145 = CLOSED_SHELL ( 'NONE', ( #1042, #505, #773, #793, #3471, #666 ) ) ;
#2146 = CARTESIAN_POINT ( 'NONE',  ( 36.00000000000000000, 3.500000000000000000, 10.50000000000000000 ) ) ;
#2147 = DIRECTION ( 'NONE',  ( 1.000000000000000000, 0.000000000000000000, 0.000000000000000000 ) ) ;
#2148 = VECTOR ( 'NONE', #469, 39.37007874015748854 ) ;
#2149 = CARTESIAN_POINT ( 'NONE',  ( -27.50000000000001421, 99.12500000000000000, -12.00000000000000355 ) ) ;
#2150 = ORIENTED_EDGE ( 'NONE', *, *, #3348, .F. ) ;
#2151 = EDGE_CURVE ( 'NONE', #782, #999, #1389, .T. ) ;
#2152 = ADVANCED_FACE ( 'NONE', ( #2039 ), #2390, .F. ) ;
#2153 = CARTESIAN_POINT ( 'NONE',  ( -36.00000000000000711, 1.500000000000000222, -8.500000000000008882 ) ) ;
#2154 = AXIS2_PLACEMENT_3D ( 'NONE', #1869, #3843, #759 ) ;
#2155 = APPROVAL ( #1304, 'UNKNOWN' ) ;
#2156 = DATE_AND_TIME ( #75, #693 ) ;
#2157 = ORIENTED_EDGE ( 'NONE', *, *, #1963, .F. ) ;
#2158 = DIRECTION ( 'NONE',  ( 1.000000000000000000, 0.000000000000000000, 0.000000000000000000 ) ) ;
#2159 = VECTOR ( 'NONE', #3627, 39.37007874015748143 ) ;
#2160 = ORIENTED_EDGE ( 'NONE', *, *, #1142, .T. ) ;
#2161 = LINE ( 'NONE', #511, #1255 ) ;
#2162 = APPROVAL_ROLE ( '' ) ;
#2163 = DIRECTION ( 'NONE',  ( -0.000000000000000000, 0.000000000000000000, -1.000000000000000000 ) ) ;
#2164 = COORDINATED_UNIVERSAL_TIME_OFFSET ( 8, 0, .BEHIND. ) ;
#2165 = EDGE_LOOP ( 'NONE', ( #1465, #721, #4061, #2835 ) ) ;
#2166 = DIRECTION ( 'NONE',  ( 0.000000000000000000, -1.000000000000000000, 0.000000000000000000 ) ) ;
#2167 = EDGE_CURVE ( 'NONE', #1941, #4249, #4090, .T. ) ;
#2168 = ORIENTED_EDGE ( 'NONE', *, *, #472, .F. ) ;
#2169 = AXIS2_PLACEMENT_3D ( 'NONE', #3321, #1673, #1625 ) ;
#2170 = APPROVAL_ROLE ( '' ) ;
#2171 = CARTESIAN_POINT ( 'NONE',  ( 39.97487373415291501, 76.01902961143720461, 13.50000000000000355 ) ) ;
#2172 = CARTESIAN_POINT ( 'NONE',  ( -22.75000000000000355, 98.99999999999998579, 11.99999999999999822 ) ) ;
#2173 = APPLICATION_CONTEXT ( 'configuration controlled 3d designs of mechanical parts and assemblies' ) ;
#2174 = CARTESIAN_POINT ( 'NONE',  ( 36.00000000000000000, 1.500000000000000222, 12.00000000000001243 ) ) ;
#2175 = ORIENTED_EDGE ( 'NONE', *, *, #2151, .T. ) ;
#2176 = DIRECTION ( 'NONE',  ( -0.5972064818366789041, 0.8020875376492619946, 0.000000000000000000 ) ) ;
#2177 = PERSON_AND_ORGANIZATION ( #3496, #2467 ) ;
#2178 = CC_DESIGN_PERSON_AND_ORGANIZATION_ASSIGNMENT ( #3648, #4318, ( #2992 ) ) ;
#2179 = CARTESIAN_POINT ( 'NONE',  ( -39.97487373415291501, 76.01902961143720461, 13.50000000000000355 ) ) ;
#2180 = SHAPE_REPRESENTATION ( 'Gear Box Mount^Wooden Assembly Actual', ( #2426 ), #2196 ) ;
#2181 = ORIENTED_EDGE ( 'NONE', *, *, #4106, .F. ) ;
#2182 = PRODUCT_RELATED_PRODUCT_CATEGORY ( 'detail', '', ( #2776 ) ) ;
#2183 = DIRECTION ( 'NONE',  ( -1.000000000000000000, -0.000000000000000000, -0.000000000000000000 ) ) ;
#2184 = PERSON_AND_ORGANIZATION ( #3496, #2467 ) ;
#2185 = LINE ( 'NONE', #2877, #140 ) ;
#2186 = APPROVAL_ROLE ( '' ) ;
#2187 = VERTEX_POINT ( 'NONE', #12 ) ;
#2188 = LINE ( 'NONE', #2985, #60 ) ;
#2189 = VERTEX_POINT ( 'NONE', #323 ) ;
#2190 = AXIS2_PLACEMENT_3D ( 'NONE', #1654, #3680, #3413 ) ;
#2191 = APPROVAL_DATE_TIME ( #1224, #2123 ) ;
#2192 = CARTESIAN_POINT ( 'NONE',  ( 22.75000000000001421, 99.12500000000000000, 11.99999999999999289 ) ) ;
#2193 = AXIS2_PLACEMENT_3D ( 'NONE', #3122, #3846, #4234 ) ;
#2194 = FACE_OUTER_BOUND ( 'NONE', #4156, .T. ) ;
#2195 = DIRECTION ( 'NONE',  ( 1.000000000000000000, 0.000000000000000000, 0.000000000000000000 ) ) ;
#2196 =( GEOMETRIC_REPRESENTATION_CONTEXT ( 3 ) GLOBAL_UNCERTAINTY_ASSIGNED_CONTEXT ( ( #3925 ) ) GLOBAL_UNIT_ASSIGNED_CONTEXT ( ( #4181, #4453, #3446 ) ) REPRESENTATION_CONTEXT ( 'NONE', 'WORKASPACE' ) );
#2197 = EDGE_CURVE ( 'NONE', #1123, #953, #3398, .T. ) ;
#2198 = CARTESIAN_POINT ( 'NONE',  ( 6.556435184794231724E-15, 47.14963503649634902, -10.49999999999999822 ) ) ;
#2199 = EDGE_LOOP ( 'NONE', ( #1086, #2987, #3424, #308 ) ) ;
#2200 = CARTESIAN_POINT ( 'NONE',  ( 36.00000000000000000, 3.500000000000000000, -11.99999999999999822 ) ) ;
#2201 = CC_DESIGN_APPROVAL ( #3, ( #2576 ) ) ;
#2202 = DATE_TIME_ROLE ( 'classification_date' ) ;
#2203 = CC_DESIGN_APPROVAL ( #2911, ( #4022 ) ) ;
#2204 = FACE_OUTER_BOUND ( 'NONE', #2859, .T. ) ;
#2205 = CC_DESIGN_APPROVAL ( #2885, ( #1481 ) ) ;
#2206 = CARTESIAN_POINT ( 'NONE',  ( 37.50000000000000000, 97.50000000000001421, 8.500000000000012434 ) ) ;
#2207 = COORDINATED_UNIVERSAL_TIME_OFFSET ( 8, 0, .BEHIND. ) ;
#2208 = CC_DESIGN_PERSON_AND_ORGANIZATION_ASSIGNMENT ( #4445, #743, ( #4359 ) ) ;
#2209 = CARTESIAN_POINT ( 'NONE',  ( -37.50000000000000711, 1.500000000000000222, -11.99999999999999822 ) ) ;
#2210 = ORIENTED_EDGE ( 'NONE', *, *, #3236, .F. ) ;
#2211 = LINE ( 'NONE', #1898, #1731 ) ;
#2212 = EDGE_CURVE ( 'NONE', #2280, #3919, #1711, .T. ) ;
#2213 = ORIENTED_EDGE ( 'NONE', *, *, #4413, .F. ) ;
#2214 = CALENDAR_DATE ( 2026, 25, 3 ) ;
#2215 = LINE ( 'NONE', #3946, #3101 ) ;
#2216 = LINE ( 'NONE', #2886, #887 ) ;
#2217 = PLANE ( 'NONE',  #3975 ) ;
#2218 = EDGE_LOOP ( 'NONE', ( #85, #734, #3125, #2699 ) ) ;
#2219 = ADVANCED_FACE ( 'NONE', ( #275 ), #4065, .F. ) ;
#2220 = LINE ( 'NONE', #507, #1469 ) ;
#2221 = CLOSED_SHELL ( 'NONE', ( #1567, #576, #1493, #4121, #1591, #2973 ) ) ;
#2222 = PERSON_AND_ORGANIZATION ( #3496, #2467 ) ;
#2223 = CARTESIAN_POINT ( 'NONE',  ( 0.000000000000000000, 0.000000000000000000, -11.99999999999999822 ) ) ;
#2224 = AXIS2_PLACEMENT_3D ( 'NONE', #65, #705, #3810 ) ;
#2225 = DIRECTION ( 'NONE',  ( -1.000000000000000000, -0.000000000000000000, -0.000000000000000000 ) ) ;
#2226 = DATE_TIME_ROLE ( 'creation_date' ) ;
#2227 = DIRECTION ( 'NONE',  ( -1.821231995776174986E-16, -0.000000000000000000, -1.000000000000000000 ) ) ;
#2228 = CONTEXT_DEPENDENT_SHAPE_REPRESENTATION ( #95, #192 ) ;
#2229 = VERTEX_POINT ( 'NONE', #3045 ) ;
#2230 = LINE ( 'NONE', #516, #2455 ) ;
#2231 = VERTEX_POINT ( 'NONE', #2439 ) ;
#2232 = COORDINATED_UNIVERSAL_TIME_OFFSET ( 8, 0, .BEHIND. ) ;
#2233 = APPROVAL ( #4298, 'UNSPECIFIED' ) ;
#2234 = CARTESIAN_POINT ( 'NONE',  ( 37.50000000000000000, 97.50000000000001421, -11.99999999999999822 ) ) ;
#2235 = CC_DESIGN_PERSON_AND_ORGANIZATION_ASSIGNMENT ( #646, #4115, ( #996 ) ) ;
#2236 =( GEOMETRIC_REPRESENTATION_CONTEXT ( 3 ) GLOBAL_UNCERTAINTY_ASSIGNED_CONTEXT ( ( #3342 ) ) GLOBAL_UNIT_ASSIGNED_CONTEXT ( ( #2706, #3066, #2331 ) ) REPRESENTATION_CONTEXT ( 'NONE', 'WORKASPACE' ) );
#2237 = CARTESIAN_POINT ( 'NONE',  ( -37.50000000000000711, 97.50000000000001421, 12.00000000000000355 ) ) ;
#2238 = VERTEX_POINT ( 'NONE', #3753 ) ;
#2239 = DIRECTION ( 'NONE',  ( 1.274862397043323821E-15, 0.000000000000000000, 1.000000000000000000 ) ) ;
#2240 = DATE_AND_TIME ( #170, #4045 ) ;
#2241 = CARTESIAN_POINT ( 'NONE',  ( -36.00000000000000711, 0.000000000000000000, -11.99999999999999822 ) ) ;
#2242 = PRODUCT_DEFINITION_SHAPE ( 'NONE', 'NONE',  #2609 ) ;
#2243 = DIRECTION ( 'NONE',  ( -0.000000000000000000, -1.000000000000000000, -0.000000000000000000 ) ) ;
#2244 = PERSON_AND_ORGANIZATION_ROLE ( 'classification_officer' ) ;
#2245 = DIRECTION ( 'NONE',  ( -0.000000000000000000, -1.000000000000000000, -0.000000000000000000 ) ) ;
#2246 = CALENDAR_DATE ( 2026, 25, 3 ) ;
#2247 = EDGE_LOOP ( 'NONE', ( #350, #4233, #4007, #201 ) ) ;
#2248 = CARTESIAN_POINT ( 'NONE',  ( -37.50000000000000711, 1.500000000000000222, 12.00000000000000355 ) ) ;
#2249 = VECTOR ( 'NONE', #2261, 39.37007874015748143 ) ;
#2250 = EDGE_LOOP ( 'NONE', ( #473, #467, #561, #2654 ) ) ;
#2251 = DATE_TIME_ROLE ( 'creation_date' ) ;
#2252 = DIRECTION ( 'NONE',  ( 0.000000000000000000, -1.000000000000000000, 0.000000000000000000 ) ) ;
#2253 = APPROVAL_PERSON_ORGANIZATION ( #189, #3460, #251 ) ;
#2254 = LINE ( 'NONE', #162, #1763 ) ;
#2255 = APPROVAL ( #540, 'UNKNOWN' ) ;
#2256 = VECTOR ( 'NONE', #2931, 39.37007874015748143 ) ;
#2257 = ORIENTED_EDGE ( 'NONE', *, *, #2967, .F. ) ;
#2258 = CARTESIAN_POINT ( 'NONE',  ( 22.75000000000000711, 98.99999999999998579, -12.00000000000001243 ) ) ;
#2259 = EDGE_CURVE ( 'NONE', #3119, #4346, #4112, .T. ) ;
#2260 = APPROVAL_DATE_TIME ( #3973, #2780 ) ;
#2261 = DIRECTION ( 'NONE',  ( -1.000000000000000000, 0.000000000000000000, 0.000000000000000000 ) ) ;
#2262 = PRODUCT_DEFINITION_FORMATION_WITH_SPECIFIED_SOURCE ( 'ANY', '', #3800, .NOT_KNOWN. ) ;
#2263 = CARTESIAN_POINT ( 'NONE',  ( -36.00000000000000711, 3.500000000000000000, -11.99999999999999822 ) ) ;
#2264 = PERSON_AND_ORGANIZATION_ROLE ( 'design_supplier' ) ;
#2265 = CARTESIAN_POINT ( 'NONE',  ( 33.00000000000001421, 100.6250000000000000, 11.99999999999993783 ) ) ;
#2266 = ITEM_DEFINED_TRANSFORMATION ( 'NONE', 'NONE', #1230,  #2426 ) ;
#2267 = ORIENTED_EDGE ( 'NONE', *, *, #575, .T. ) ;
#2268 = CC_DESIGN_SECURITY_CLASSIFICATION ( #4359, ( #4462 ) ) ;
#2269 = FACE_OUTER_BOUND ( 'NONE', #806, .T. ) ;
#2270 = MANIFOLD_SOLID_BREP ( 'Boss-Extrude1[2]', #490 ) ;
#2271 = APPROVAL_PERSON_ORGANIZATION ( #2111, #2911, #1503 ) ;
#2272 = EDGE_CURVE ( 'NONE', #2715, #970, #984, .T. ) ;
#2273 = VERTEX_POINT ( 'NONE', #3816 ) ;
#2274 = LOCAL_TIME ( 22, 35, 5.000000000000000000, #4281 ) ;
#2275 = EDGE_LOOP ( 'NONE', ( #2071, #2794, #3431, #580 ) ) ;
#2276 = COORDINATED_UNIVERSAL_TIME_OFFSET ( 8, 0, .BEHIND. ) ;
#2277 = CARTESIAN_POINT ( 'NONE',  ( -22.58523515439430085, 16.81618052256532536, -10.49999999999999822 ) ) ;
#2278 = DIRECTION ( 'NONE',  ( 0.000000000000000000, 0.000000000000000000, -1.000000000000000000 ) ) ;
#2279 = PRODUCT_DEFINITION_SHAPE ( 'NONE', 'NONE',  #4463 ) ;
#2280 = VERTEX_POINT ( 'NONE', #3448 ) ;
#2281 = DIRECTION ( 'NONE',  ( 1.000000000000000000, 0.000000000000000000, 0.000000000000000000 ) ) ;
#2282 = PERSON_AND_ORGANIZATION ( #3496, #2467 ) ;
#2283 = DIRECTION ( 'NONE',  ( 0.000000000000000000, 0.000000000000000000, -1.000000000000000000 ) ) ;
#2284 = EDGE_CURVE ( 'NONE', #3837, #3388, #1366, .T. ) ;
#2285 = CLOSED_SHELL ( 'NONE', ( #3539, #1298, #2497, #1839, #1015, #1607 ) ) ;
#2286 = APPROVAL ( #302, 'UNSPECIFIED' ) ;
#2287 = CARTESIAN_POINT ( 'NONE',  ( 32.99999999999998579, 100.8750000000000000, -12.00000000000005151 ) ) ;
#2288 = DATE_TIME_ROLE ( 'creation_date' ) ;
#2289 = CARTESIAN_POINT ( 'NONE',  ( 36.00000000000000000, 1.500000000000000222, -11.99999999999999822 ) ) ;
#2290 = DATE_TIME_ROLE ( 'classification_date' ) ;
#2291 = VECTOR ( 'NONE', #974, 39.37007874015748143 ) ;
#2292 = ORIENTED_EDGE ( 'NONE', *, *, #4192, .T. ) ;
#2293 = VECTOR ( 'NONE', #1891, 39.37007874015748143 ) ;
#2294 = DIRECTION ( 'NONE',  ( -1.821231995776174986E-16, 0.000000000000000000, -1.000000000000000000 ) ) ;
#2295 = SHAPE_REPRESENTATION ( 'Gussets^Wooden Assembly Actual', ( #2426 ), #242 ) ;
#2296 = VECTOR ( 'NONE', #3790, 39.37007874015748143 ) ;
#2297 = EDGE_LOOP ( 'NONE', ( #1681, #3198, #3465, #3264 ) ) ;
#2298 = CARTESIAN_POINT ( 'NONE',  ( 0.000000000000000000, 0.000000000000000000, 0.000000000000000000 ) ) ;
#2299 = DATE_AND_TIME ( #1309, #3571 ) ;
#2300 = LINE ( 'NONE', #3678, #3804 ) ;
#2301 = ADVANCED_FACE ( 'NONE', ( #1056 ), #1346, .F. ) ;
#2302 = DIRECTION ( 'NONE',  ( -0.000000000000000000, -1.000000000000000000, -0.000000000000000000 ) ) ;
#2303 = PERSON ( 'NAUO-PER8', 'UNSPECIFIED', 'UNSPECIFIED', ('UNSPECIFIED'), ('UNSPECIFIED'), ('UNSPECIFIED') ) ;
#2304 = VERTEX_POINT ( 'NONE', #712 ) ;
#2305 = CARTESIAN_POINT ( 'NONE',  ( -33.00000000000001421, 100.8750000000000000, -12.00000000000000355 ) ) ;
#2306 = LOCAL_TIME ( 22, 35, 5.000000000000000000, #4255 ) ;
#2307 = COORDINATED_UNIVERSAL_TIME_OFFSET ( 8, 0, .BEHIND. ) ;
#2308 = DIRECTION ( 'NONE',  ( -0.000000000000000000, -0.000000000000000000, 1.000000000000000000 ) ) ;
#2310 = DIRECTION ( 'NONE',  ( 1.000000000000000000, -0.000000000000000000, 1.248844797103666735E-15 ) ) ;
#2309 = APPROVAL ( #4001, 'UNSPECIFIED' ) ;
#2311 = APPROVAL_STATUS ( 'not_yet_approved' ) ;
#2312 = CARTESIAN_POINT ( 'NONE',  ( -27.50000000000001066, 100.8750000000000000, 11.99999999999999822 ) ) ;
#2313 = SECURITY_CLASSIFICATION_LEVEL ( 'unclassified' ) ;
#2314 = ORIENTED_EDGE ( 'NONE', *, *, #722, .F. ) ;
#2315 = CC_DESIGN_PERSON_AND_ORGANIZATION_ASSIGNMENT ( #1132, #489, ( #767 ) ) ;
#2316 = FACE_OUTER_BOUND ( 'NONE', #4438, .T. ) ;
#2317 = MANIFOLD_SOLID_BREP ( 'Boss-Extrude1[1]', #2285 ) ;
#2318 = EDGE_LOOP ( 'NONE', ( #157, #1491, #3578, #1977 ) ) ;
#2319 = DIRECTION ( 'NONE',  ( 0.000000000000000000, 0.000000000000000000, 1.000000000000000000 ) ) ;
#2320 = EDGE_CURVE ( 'NONE', #2749, #518, #689, .T. ) ;
#2321 = ORIENTED_EDGE ( 'NONE', *, *, #4222, .T. ) ;
#2322 = APPROVAL_DATE_TIME ( #1333, #3856 ) ;
#2323 = CARTESIAN_POINT ( 'NONE',  ( 0.000000000000000000, 3.500000000000000000, -11.99999999999999822 ) ) ;
#2324 = MANIFOLD_SOLID_BREP ( 'Cut-Extrude1[2]', #2739 ) ;
#2325 = LINE ( 'NONE', #1608, #3345 ) ;
#2326 = VECTOR ( 'NONE', #3263, 39.37007874015748143 ) ;
#2327 = CARTESIAN_POINT ( 'NONE',  ( 0.000000000000000000, 0.000000000000000000, 0.000000000000000000 ) ) ;
#2328 = VECTOR ( 'NONE', #3704, 39.37007874015748143 ) ;
#2329 = ORIENTED_EDGE ( 'NONE', *, *, #2259, .F. ) ;
#2330 = CARTESIAN_POINT ( 'NONE',  ( -22.58523515439430085, 16.81618052256532536, -11.99999999999999822 ) ) ;
#2331 =( NAMED_UNIT ( * ) SI_UNIT ( $, .STERADIAN. ) SOLID_ANGLE_UNIT ( ) );
#2332 = EDGE_CURVE ( 'NONE', #2056, #3286, #2067, .T. ) ;
#2333 = AXIS2_PLACEMENT_3D ( 'NONE', #4058, #3744, #267 ) ;
#2334 = MANIFOLD_SOLID_BREP ( 'Boss-Extrude1[1]', #1789 ) ;
#2335 = APPROVAL_ROLE ( '' ) ;
#2336 = DIRECTION ( 'NONE',  ( 0.000000000000000000, 1.000000000000000000, 0.000000000000000000 ) ) ;
#2337 = VECTOR ( 'NONE', #1082, 39.37007874015748143 ) ;
#2338 = CARTESIAN_POINT ( 'NONE',  ( -24.83694061757718785, 18.49272209026128166, -10.49999999999999822 ) ) ;
#2339 = DIRECTION ( 'NONE',  ( 1.248844797103666735E-15, 0.000000000000000000, -1.000000000000000000 ) ) ;
#2340 = PERSON_AND_ORGANIZATION ( #3496, #2467 ) ;
#2341 = LINE ( 'NONE', #4025, #3174 ) ;
#2342 = CALENDAR_DATE ( 2026, 25, 3 ) ;
#2343 = ORIENTED_EDGE ( 'NONE', *, *, #4160, .F. ) ;
#2344 = LINE ( 'NONE', #3674, #638 ) ;
#2345 = VERTEX_POINT ( 'NONE', #369 ) ;
#2346 = APPROVAL ( #1197, 'UNKNOWN' ) ;
#2347 = APPLICATION_CONTEXT ( 'configuration controlled 3d designs of mechanical parts and assemblies' ) ;
#2348 = MECHANICAL_CONTEXT ( 'NONE', #471, 'mechanical' ) ;
#2349 = APPROVAL_PERSON_ORGANIZATION ( #2883, #860, #2861 ) ;
#2350 = DATE_TIME_ROLE ( 'classification_date' ) ;
#2351 = LOCAL_TIME ( 22, 35, 5.000000000000000000, #915 ) ;
#2352 = CARTESIAN_POINT ( 'NONE',  ( 36.00000000000000000, 0.000000000000000000, 12.00000000000000355 ) ) ;
#2353 = EDGE_CURVE ( 'NONE', #2753, #3897, #644, .T. ) ;
#2354 = EDGE_CURVE ( 'NONE', #2544, #2899, #3134, .T. ) ;
#2355 = CC_DESIGN_SECURITY_CLASSIFICATION ( #767, ( #4467 ) ) ;
#2356 = EDGE_LOOP ( 'NONE', ( #4183, #187, #1074, #1350 ) ) ;
#2357 = DIRECTION ( 'NONE',  ( 1.000000000000000000, 0.000000000000000000, 0.000000000000000000 ) ) ;
#2358 = DIRECTION ( 'NONE',  ( 0.000000000000000000, 0.000000000000000000, -1.000000000000000000 ) ) ;
#2359 = EDGE_CURVE ( 'NONE', #2673, #3193, #1073, .T. ) ;
#2360 = ORIENTED_EDGE ( 'NONE', *, *, #1058, .F. ) ;
#2361 = DIRECTION ( 'NONE',  ( 1.000000000000000000, 0.000000000000000000, -1.821231995776175479E-16 ) ) ;
#2362 =( CONVERSION_BASED_UNIT ( 'INCH', #2409 ) LENGTH_UNIT ( ) NAMED_UNIT ( #596 ) );
#2363 = MANIFOLD_SOLID_BREP ( 'Boss-Extrude1[2]', #4089 ) ;
#2364 = PERSON_AND_ORGANIZATION_ROLE ( 'design_supplier' ) ;
#2365 = DIRECTION ( 'NONE',  ( 0.5972064818366790151, 0.8020875376492619946, 0.000000000000000000 ) ) ;
#2366 = EDGE_CURVE ( 'NONE', #3754, #56, #2107, .T. ) ;
#2367 = DIMENSIONAL_EXPONENTS ( 1.000000000000000000, 0.000000000000000000, 0.000000000000000000, 0.000000000000000000, 0.000000000000000000, 0.000000000000000000, 0.000000000000000000 ) ;
#2368 = CARTESIAN_POINT ( 'NONE',  ( -27.50000000000001421, 100.8750000000000000, -12.00000000000000355 ) ) ;
#2369 = LENGTH_MEASURE_WITH_UNIT ( LENGTH_MEASURE( 0.02539999999999999897 ), #1012 );
#2370 = CALENDAR_DATE ( 2026, 25, 3 ) ;
#2371 = PRODUCT_DEFINITION_SHAPE ( 'NONE', 'NONE',  #1960 ) ;
#2372 = FACE_OUTER_BOUND ( 'NONE', #856, .T. ) ;
#2373 = VERTEX_POINT ( 'NONE', #480 ) ;
#2374 = FACE_OUTER_BOUND ( 'NONE', #2836, .T. ) ;
#2375 = AXIS2_PLACEMENT_3D ( 'NONE', #2192, #3170, #3570 ) ;
#2376 = ORIENTED_EDGE ( 'NONE', *, *, #3828, .T. ) ;
#2377 = COORDINATED_UNIVERSAL_TIME_OFFSET ( 8, 0, .BEHIND. ) ;
#2378 = VECTOR ( 'NONE', #1306, 39.37007874015748143 ) ;
#2379 = FACE_OUTER_BOUND ( 'NONE', #78, .T. ) ;
#2380 = MANIFOLD_SOLID_BREP ( 'Boss-Extrude1[2]', #4381 ) ;
#2381 = EDGE_LOOP ( 'NONE', ( #2386, #305, #133, #1564 ) ) ;
#2382 = FACE_OUTER_BOUND ( 'NONE', #258, .T. ) ;
#2383 = CC_DESIGN_PERSON_AND_ORGANIZATION_ASSIGNMENT ( #2184, #1154, ( #1316 ) ) ;
#2384 = CARTESIAN_POINT ( 'NONE',  ( 36.00000000000000000, 3.500000000000000000, -10.50000000000000000 ) ) ;
#2385 = CC_DESIGN_PERSON_AND_ORGANIZATION_ASSIGNMENT ( #101, #459, ( #3572 ) ) ;
#2386 = ORIENTED_EDGE ( 'NONE', *, *, #1071, .T. ) ;
#2387 = CARTESIAN_POINT ( 'NONE',  ( 27.49999999999998934, 99.12500000000000000, -12.00000000000004263 ) ) ;
#2388 = EDGE_CURVE ( 'NONE', #2133, #2112, #1498, .T. ) ;
#2389 = SHAPE_DEFINITION_REPRESENTATION ( #1394, #2180 ) ;
#2390 = PLANE ( 'NONE',  #815 ) ;
#2391 = EDGE_LOOP ( 'NONE', ( #1362, #3606, #2329, #4213 ) ) ;
#2392 = DIRECTION ( 'NONE',  ( 0.000000000000000000, 0.000000000000000000, -1.000000000000000000 ) ) ;
#2393 = AXIS2_PLACEMENT_3D ( 'NONE', #2298, #4351, #4008 ) ;
#2394 = CARTESIAN_POINT ( 'NONE',  ( 0.000000000000000000, 0.000000000000000000, 0.000000000000000000 ) ) ;
#2395 = DATE_AND_TIME ( #1739, #4361 ) ;
#2396 = CARTESIAN_POINT ( 'NONE',  ( 8.741913579725642299E-15, 51.85036496350362967, -10.49999999999999822 ) ) ;
#2397 = ORIENTED_EDGE ( 'NONE', *, *, #1823, .T. ) ;
#2398 = CARTESIAN_POINT ( 'NONE',  ( 22.75000000000000711, 99.12500000000000000, -12.00000000000001243 ) ) ;
#2399 = DIRECTION ( 'NONE',  ( 1.000000000000000000, 0.000000000000000000, -5.827942386483766266E-15 ) ) ;
#2400 = APPROVAL_DATE_TIME ( #3436, #2255 ) ;
#2401 = CARTESIAN_POINT ( 'NONE',  ( -37.50000000000000711, 97.50000000000001421, -8.500000000000008882 ) ) ;
#2402 = DESIGN_CONTEXT ( 'detailed design', #2647, 'design' ) ;
#2403 = VERTEX_POINT ( 'NONE', #4227 ) ;
#2404 = CARTESIAN_POINT ( 'NONE',  ( -36.00000000000000711, 95.49999999999998579, -11.99999999999999822 ) ) ;
#2405 = CARTESIAN_POINT ( 'NONE',  ( 41.00304832720492954, 41.00304832720492954, 13.50000000000000355 ) ) ;
#2406 = ORIENTED_EDGE ( 'NONE', *, *, #4169, .T. ) ;
#2407 = ADVANCED_FACE ( 'NONE', ( #1841 ), #3511, .F. ) ;
#2408 = DIRECTION ( 'NONE',  ( -1.821231995776174986E-16, -0.000000000000000000, -1.000000000000000000 ) ) ;
#2409 = LENGTH_MEASURE_WITH_UNIT ( LENGTH_MEASURE( 0.02539999999999999897 ), #1005 );
#2410 = PRODUCT_RELATED_PRODUCT_CATEGORY ( 'detail', '', ( #3800 ) ) ;
#2411 = MECHANICAL_CONTEXT ( 'NONE', #960, 'mechanical' ) ;
#2412 = CARTESIAN_POINT ( 'NONE',  ( 0.000000000000000000, 0.000000000000000000, 13.50000000000000355 ) ) ;
#2413 = ORIENTED_EDGE ( 'NONE', *, *, #2197, .T. ) ;
#2414 = APPLICATION_CONTEXT ( 'configuration controlled 3d designs of mechanical parts and assemblies' ) ;
#2415 = EDGE_CURVE ( 'NONE', #2610, #2373, #3153, .T. ) ;
#2416 = CARTESIAN_POINT ( 'NONE',  ( 36.00000000000000000, 1.500000000000000222, -11.99999999999999822 ) ) ;
#2417 = VECTOR ( 'NONE', #521, 39.37007874015748143 ) ;
#2418 =( NAMED_UNIT ( * ) PLANE_ANGLE_UNIT ( ) SI_UNIT ( $, .RADIAN. ) );
#2419 = COORDINATED_UNIVERSAL_TIME_OFFSET ( 8, 0, .BEHIND. ) ;
#2420 = ORIENTED_EDGE ( 'NONE', *, *, #3851, .T. ) ;
#2421 = DIRECTION ( 'NONE',  ( 0.000000000000000000, -1.000000000000000000, 0.000000000000000000 ) ) ;
#2422 = EDGE_LOOP ( 'NONE', ( #1160, #19, #2129, #3381 ) ) ;
#2423 = AXIS2_PLACEMENT_3D ( 'NONE', #4114, #1321, #715 ) ;
#2424 = PLANE ( 'NONE',  #783 ) ;
#2425 = ADVANCED_FACE ( 'NONE', ( #3197 ), #4248, .F. ) ;
#2426 = AXIS2_PLACEMENT_3D ( 'NONE', #2394, #3095, #329 ) ;
#2427 = CARTESIAN_POINT ( 'NONE',  ( 1.750000000000001776, 49.49999999999999289, -11.99999999999999822 ) ) ;
#2428 = PERSON_AND_ORGANIZATION_ROLE ( 'classification_officer' ) ;
#2429 = DIRECTION ( 'NONE',  ( -0.000000000000000000, -1.000000000000000000, -0.000000000000000000 ) ) ;
#2430 = EDGE_CURVE ( 'NONE', #2610, #3768, #4199, .T. ) ;
#2431 = ORIENTED_EDGE ( 'NONE', *, *, #418, .T. ) ;
#2432 = APPROVAL_PERSON_ORGANIZATION ( #338, #2255, #1401 ) ;
#2433 = LOCAL_TIME ( 22, 35, 5.000000000000000000, #3604 ) ;
#2434 = DIRECTION ( 'NONE',  ( 0.000000000000000000, 0.000000000000000000, 1.000000000000000000 ) ) ;
#2435 = LOCAL_TIME ( 22, 35, 5.000000000000000000, #1214 ) ;
#2436 = ORIENTED_EDGE ( 'NONE', *, *, #1136, .F. ) ;
#2437 = LINE ( 'NONE', #3528, #3980 ) ;
#2438 = DATE_AND_TIME ( #1318, #2452 ) ;
#2439 = CARTESIAN_POINT ( 'NONE',  ( -27.50000000000001421, 100.6250000000000000, -12.00000000000000355 ) ) ;
#2440 = EDGE_LOOP ( 'NONE', ( #3544, #3349, #4026, #2095 ) ) ;
#2441 = DIRECTION ( 'NONE',  ( 0.5972064818366790151, -0.8020875376492619946, 0.000000000000000000 ) ) ;
#2442 = PERSON_AND_ORGANIZATION ( #3496, #2467 ) ;
#2443 = EDGE_LOOP ( 'NONE', ( #3470, #1418, #4267, #3565 ) ) ;
#2444 = PRODUCT_DEFINITION ( 'UNKNOWN', '', #655, #2032 ) ;
#2445 = CARTESIAN_POINT ( 'NONE',  ( 0.000000000000000000, 1.500000000000000222, 0.000000000000000000 ) ) ;
#2446 = ADVANCED_FACE ( 'NONE', ( #845 ), #3553, .F. ) ;
#2447 = ORIENTED_EDGE ( 'NONE', *, *, #3046, .T. ) ;
#2448 = CC_DESIGN_PERSON_AND_ORGANIZATION_ASSIGNMENT ( #2282, #1209, ( #4086 ) ) ;
#2449 = PLANE ( 'NONE',  #3983 ) ;
#2450 = APPROVAL_STATUS ( 'not_yet_approved' ) ;
#2451 = FACE_OUTER_BOUND ( 'NONE', #1390, .T. ) ;
#2452 = LOCAL_TIME ( 22, 35, 5.000000000000000000, #1028 ) ;
#2453 = ORIENTED_EDGE ( 'NONE', *, *, #3090, .T. ) ;
#2454 = VERTEX_POINT ( 'NONE', #50 ) ;
#2455 = VECTOR ( 'NONE', #3233, 39.37007874015748143 ) ;
#2456 = VECTOR ( 'NONE', #719, 39.37007874015748143 ) ;
#2457 = CARTESIAN_POINT ( 'NONE',  ( 15.25000000000000888, 99.12500000000000000, -12.00000000000001243 ) ) ;
#2458 = CARTESIAN_POINT ( 'NONE',  ( 36.00000000000000000, 1.500000000000000222, -11.99999999999999822 ) ) ;
#2459 = VECTOR ( 'NONE', #2245, 39.37007874015748143 ) ;
#2460 = ORIENTED_EDGE ( 'NONE', *, *, #2104, .F. ) ;
#2461 = PLANE ( 'NONE',  #3347 ) ;
#2462 = DATE_AND_TIME ( #1528, #1603 ) ;
#2463 = VECTOR ( 'NONE', #4393, 39.37007874015748143 ) ;
#2464 = ORIENTED_EDGE ( 'NONE', *, *, #2778, .T. ) ;
#2465 = LINE ( 'NONE', #3074, #2456 ) ;
#2466 = ORIENTED_EDGE ( 'NONE', *, *, #1218, .F. ) ;
#2467 = ORGANIZATION ( 'UNSPECIFIED', 'UNSPECIFIED', '' ) ;
#2468 = EDGE_CURVE ( 'NONE', #2608, #3830, #1773, .T. ) ;
#2469 = DIRECTION ( 'NONE',  ( 1.000000000000000000, 0.000000000000000000, -0.000000000000000000 ) ) ;
#2470 = CC_DESIGN_DATE_AND_TIME_ASSIGNMENT ( #4421, #2350, ( #2576 ) ) ;
#2471 = CONTEXT_DEPENDENT_SHAPE_REPRESENTATION ( #325, #554 ) ;
#2472 = CARTESIAN_POINT ( 'NONE',  ( 36.00000000000000711, 97.50000000000001421, 8.500000000000012434 ) ) ;
#2473 = ADVANCED_FACE ( 'NONE', ( #408 ), #800, .F. ) ;
#2474 = ORIENTED_EDGE ( 'NONE', *, *, #284, .T. ) ;
#2475 = ORIENTED_EDGE ( 'NONE', *, *, #453, .T. ) ;
#2476 = CC_DESIGN_APPROVAL ( #3910, ( #655 ) ) ;
#2477 = LINE ( 'NONE', #3834, #2920 ) ;
#2478 =( NAMED_UNIT ( * ) PLANE_ANGLE_UNIT ( ) SI_UNIT ( $, .RADIAN. ) );
#2479 = CARTESIAN_POINT ( 'NONE',  ( -35.99999999999999289, 3.499999999999999112, -11.99999999999999822 ) ) ;
#2480 = AXIS2_PLACEMENT_3D ( 'NONE', #1478, #2158, #3537 ) ;
#2481 = VERTEX_POINT ( 'NONE', #1118 ) ;
#2482 = EDGE_CURVE ( 'NONE', #3365, #4221, #388, .T. ) ;
#2483 = PLANE ( 'NONE',  #2637 ) ;
#2484 = VECTOR ( 'NONE', #3395, 39.37007874015748143 ) ;
#2485 = CALENDAR_DATE ( 2026, 25, 3 ) ;
#2486 = ORIENTED_EDGE ( 'NONE', *, *, #399, .F. ) ;
#2487 = PLANE ( 'NONE',  #2742 ) ;
#2488 = ORIENTED_EDGE ( 'NONE', *, *, #1986, .T. ) ;
#2489 = VECTOR ( 'NONE', #341, 39.37007874015748143 ) ;
#2490 = CARTESIAN_POINT ( 'NONE',  ( 0.000000000000000000, 95.49999999999998579, -10.49999999999999822 ) ) ;
#2491 = APPROVAL_ROLE ( '' ) ;
#2492 = VECTOR ( 'NONE', #148, 39.37007874015748143 ) ;
#2493 = APPROVAL_ROLE ( '' ) ;
#2494 = DIRECTION ( 'NONE',  ( 0.000000000000000000, -0.000000000000000000, -1.000000000000000000 ) ) ;
#2495 = VECTOR ( 'NONE', #2622, 39.37007874015748854 ) ;
#2496 = VERTEX_POINT ( 'NONE', #455 ) ;
#2497 = ADVANCED_FACE ( 'NONE', ( #3905 ), #1092, .F. ) ;
#2498 = DIRECTION ( 'NONE',  ( -1.000000000000000000, 0.000000000000000000, -0.000000000000000000 ) ) ;
#2499 = EDGE_CURVE ( 'NONE', #3738, #3554, #1472, .T. ) ;
#2500 = LINE ( 'NONE', #3487, #96 ) ;
#2501 =( CONVERSION_BASED_UNIT ( 'INCH', #71 ) LENGTH_UNIT ( ) NAMED_UNIT ( #220 ) );
#2502 = APPLICATION_CONTEXT ( 'configuration controlled 3d designs of mechanical parts and assemblies' ) ;
#2503 = CC_DESIGN_SECURITY_CLASSIFICATION ( #1919, ( #4461 ) ) ;
#2504 = DIRECTION ( 'NONE',  ( -0.000000000000000000, -1.000000000000000000, -0.000000000000000000 ) ) ;
#2505 = LOCAL_TIME ( 22, 35, 5.000000000000000000, #717 ) ;
#2506 = VERTEX_POINT ( 'NONE', #3489 ) ;
#2507 = APPROVAL_STATUS ( 'not_yet_approved' ) ;
#2508 = CARTESIAN_POINT ( 'NONE',  ( 22.58523515439430085, 16.81618052256532536, -10.49999999999999822 ) ) ;
#2509 = PERSON_AND_ORGANIZATION ( #3496, #2467 ) ;
#2510 = VERTEX_POINT ( 'NONE', #3243 ) ;
#2511 = DIRECTION ( 'NONE',  ( 0.000000000000000000, -0.000000000000000000, -1.000000000000000000 ) ) ;
#2512 = EDGE_CURVE ( 'NONE', #2114, #1393, #97, .T. ) ;
#2513 = ORIENTED_EDGE ( 'NONE', *, *, #3107, .F. ) ;
#2514 = PRODUCT ( 'Bottom Frame Width^Wooden Assembly Actual', 'Bottom Frame Width^Wooden Assembly Actual', '', ( #1565 ) ) ;
#2515 = LINE ( 'NONE', #3914, #104 ) ;
#2516 = PERSON_AND_ORGANIZATION_ROLE ( 'creator' ) ;
#2517 = FACE_OUTER_BOUND ( 'NONE', #247, .T. ) ;
#2518 = DATE_AND_TIME ( #1854, #2061 ) ;
#2519 = ORIENTED_EDGE ( 'NONE', *, *, #3483, .T. ) ;
#2520 = PLANE ( 'NONE',  #1002 ) ;
#2521 = ORIENTED_EDGE ( 'NONE', *, *, #2789, .F. ) ;
#2522 = PERSON_AND_ORGANIZATION_ROLE ( 'creator' ) ;
#2523 = ORIENTED_EDGE ( 'NONE', *, *, #3442, .F. ) ;
#2524 = VECTOR ( 'NONE', #1943, 39.37007874015748143 ) ;
#2525 = CARTESIAN_POINT ( 'NONE',  ( 27.50000000000001776, 100.6250000000000000, 11.99999999999993783 ) ) ;
#2526 = EDGE_CURVE ( 'NONE', #2506, #3693, #3175, .T. ) ;
#2527 =( NAMED_UNIT ( * ) PLANE_ANGLE_UNIT ( ) SI_UNIT ( $, .RADIAN. ) );
#2528 = AXIS2_PLACEMENT_3D ( 'NONE', #3651, #4416, #629 ) ;
#2529 = CC_DESIGN_PERSON_AND_ORGANIZATION_ASSIGNMENT ( #3889, #1077, ( #4022 ) ) ;
#2530 = CARTESIAN_POINT ( 'NONE',  ( 22.58523515439430085, 16.81618052256532536, -10.49999999999999822 ) ) ;
#2531 = ORIENTED_EDGE ( 'NONE', *, *, #2526, .T. ) ;
#2532 = AXIS2_PLACEMENT_3D ( 'NONE', #1554, #488, #3938 ) ;
#2533 = DIRECTION ( 'NONE',  ( -1.274862397043323821E-15, 0.000000000000000000, -1.000000000000000000 ) ) ;
#2534 = PERSON_AND_ORGANIZATION ( #3496, #2467 ) ;
#2535 = CARTESIAN_POINT ( 'NONE',  ( 27.49999999999998934, 100.6250000000000000, -12.00000000000004263 ) ) ;
#2536 = VERTEX_POINT ( 'NONE', #4177 ) ;
#2537 = LINE ( 'NONE', #1484, #3845 ) ;
#2538 = DATE_AND_TIME ( #1803, #4178 ) ;
#2539 = CARTESIAN_POINT ( 'NONE',  ( 27.49999999999998934, 99.12500000000000000, -12.00000000000004263 ) ) ;
#2540 = DATE_AND_TIME ( #4237, #2274 ) ;
#2541 = ORIENTED_EDGE ( 'NONE', *, *, #699, .T. ) ;
#2542 = DIRECTION ( 'NONE',  ( 0.000000000000000000, 0.000000000000000000, -1.000000000000000000 ) ) ;
#2543 = EDGE_CURVE ( 'NONE', #340, #4096, #1523, .T. ) ;
#2544 = VERTEX_POINT ( 'NONE', #2479 ) ;
#2545 = LOCAL_TIME ( 22, 35, 5.000000000000000000, #4038 ) ;
#2546 = PERSON_AND_ORGANIZATION ( #3496, #2467 ) ;
#2547 = CARTESIAN_POINT ( 'NONE',  ( -37.50000000000000711, 0.000000000000000000, -11.99999999999999822 ) ) ;
#2548 = LINE ( 'NONE', #3949, #2417 ) ;
#2549 =( NAMED_UNIT ( * ) SI_UNIT ( $, .STERADIAN. ) SOLID_ANGLE_UNIT ( ) );
#2550 = CARTESIAN_POINT ( 'NONE',  ( 16.99390334559011961, 98.99999999999998579, 12.00000000000000355 ) ) ;
#2551 = VERTEX_POINT ( 'NONE', #754 ) ;
#2552 = CC_DESIGN_PERSON_AND_ORGANIZATION_ASSIGNMENT ( #3717, #948, ( #2576 ) ) ;
#2553 = PLANE ( 'NONE',  #750 ) ;
#2554 = DATE_AND_TIME ( #1477, #248 ) ;
#2555 = DIRECTION ( 'NONE',  ( -1.000000000000000000, 0.000000000000000000, 0.000000000000000000 ) ) ;
#2556 = EDGE_CURVE ( 'NONE', #1899, #3882, #4265, .T. ) ;
#2557 = AXIS2_PLACEMENT_3D ( 'NONE', #3622, #4316, #889 ) ;
#2558 = DIRECTION ( 'NONE',  ( -1.000000000000000000, -0.000000000000000000, -0.000000000000000000 ) ) ;
#2559 = COORDINATED_UNIVERSAL_TIME_OFFSET ( 8, 0, .BEHIND. ) ;
#2560 = LINE ( 'NONE', #1876, #421 ) ;
#2561 = APPROVAL_STATUS ( 'not_yet_approved' ) ;
#2562 = ORIENTED_EDGE ( 'NONE', *, *, #1355, .T. ) ;
#2563 = VECTOR ( 'NONE', #3729, 39.37007874015748143 ) ;
#2564 = DIRECTION ( 'NONE',  ( -0.000000000000000000, -0.000000000000000000, -1.000000000000000000 ) ) ;
#2565 = VERTEX_POINT ( 'NONE', #504 ) ;
#2566 = SHAPE_REPRESENTATION ( 'Blue Motor Mount Assem^Wooden Assembly Actual', ( #1020, #2096, #3892, #1230 ), #432 ) ;
#2567 = VECTOR ( 'NONE', #2683, 39.37007874015748143 ) ;
#2568 = CALENDAR_DATE ( 2026, 25, 3 ) ;
#2569 = CARTESIAN_POINT ( 'NONE',  ( 27.49999999999998934, 99.12500000000000000, -12.00000000000004263 ) ) ;
#2570 = ADVANCED_FACE ( 'NONE', ( #164 ), #2217, .F. ) ;
#2571 = VECTOR ( 'NONE', #3708, 39.37007874015748143 ) ;
#2572 = DIRECTION ( 'NONE',  ( -1.000000000000000000, 0.000000000000000000, -0.000000000000000000 ) ) ;
#2573 = CARTESIAN_POINT ( 'NONE',  ( -36.00000000000000711, 3.500000000000000000, 12.00000000000000355 ) ) ;
#2574 = ORIENTED_EDGE ( 'NONE', *, *, #3575, .T. ) ;
#2575 = DIRECTION ( 'NONE',  ( -1.821231995776175725E-16, 0.000000000000000000, -1.000000000000000000 ) ) ;
#2576 = SECURITY_CLASSIFICATION ( '', '', #4398 ) ;
#2577 = CALENDAR_DATE ( 2026, 25, 3 ) ;
#2578 = LOCAL_TIME ( 22, 35, 5.000000000000000000, #1095 ) ;
#2579 = CARTESIAN_POINT ( 'NONE',  ( -27.50000000000001066, 100.6250000000000000, 11.99999999999999822 ) ) ;
#2580 = APPROVAL_PERSON_ORGANIZATION ( #3848, #2346, #2493 ) ;
#2582 = EDGE_CURVE ( 'NONE', #3693, #1227, #3726, .T. ) ;
#2581 = DIRECTION ( 'NONE',  ( -0.000000000000000000, -1.000000000000000000, -0.000000000000000000 ) ) ;
#2583 = COORDINATED_UNIVERSAL_TIME_OFFSET ( 8, 0, .BEHIND. ) ;
#2584 = CARTESIAN_POINT ( 'NONE',  ( -36.00000000000000711, 1.500000000000000222, -11.99999999999999822 ) ) ;
#2585 = COORDINATED_UNIVERSAL_TIME_OFFSET ( 8, 0, .BEHIND. ) ;
#2586 = ORIENTED_EDGE ( 'NONE', *, *, #2121, .F. ) ;
#2587 = APPROVAL ( #2784, 'UNSPECIFIED' ) ;
#2588 = CARTESIAN_POINT ( 'NONE',  ( -24.83694061757718785, 18.49272209026128166, -10.49999999999999822 ) ) ;
#2589 = EDGE_LOOP ( 'NONE', ( #4352, #921, #2848, #1600 ) ) ;
#2590 = APPLICATION_PROTOCOL_DEFINITION ( 'international standard', 'config_control_design', 1994, #2173 ) ;
#2591 = CARTESIAN_POINT ( 'NONE',  ( -39.97487373415291501, 76.01902961143720461, 13.50000000000000355 ) ) ;
#2592 = APPLICATION_CONTEXT ( 'configuration controlled 3d designs of mechanical parts and assemblies' ) ;
#2593 = DIRECTION ( 'NONE',  ( 0.7071067811865465735, -0.7071067811865485719, 0.000000000000000000 ) ) ;
#2594 = AXIS2_PLACEMENT_3D ( 'NONE', #3813, #3216, #2498 ) ;
#2595 = EDGE_LOOP ( 'NONE', ( #2431, #608, #1808, #867 ) ) ;
#2596 = CARTESIAN_POINT ( 'NONE',  ( -33.00000000000001421, 99.12500000000000000, -12.00000000000000355 ) ) ;
#2597 = AXIS2_PLACEMENT_3D ( 'NONE', #991, #1976, #2694 ) ;
#2598 = CALENDAR_DATE ( 2026, 25, 3 ) ;
#2599 = LINE ( 'NONE', #529, #163 ) ;
#2600 = AXIS2_PLACEMENT_3D ( 'NONE', #317, #3368, #2434 ) ;
#2601 = LINE ( 'NONE', #1552, #3492 ) ;
#2602 = DATE_AND_TIME ( #3357, #1706 ) ;
#2603 = CARTESIAN_POINT ( 'NONE',  ( -24.83694061757718785, 18.49272209026128166, -10.49999999999999822 ) ) ;
#2604 = APPROVAL_STATUS ( 'not_yet_approved' ) ;
#2605 = VERTEX_POINT ( 'NONE', #2387 ) ;
#2606 = PLANE ( 'NONE',  #3950 ) ;
#2607 = EDGE_CURVE ( 'NONE', #1227, #2403, #2777, .T. ) ;
#2608 = VERTEX_POINT ( 'NONE', #618 ) ;
#2609 = PRODUCT_DEFINITION ( 'UNKNOWN', '', #3992, #2402 ) ;
#2610 = VERTEX_POINT ( 'NONE', #1993 ) ;
#2611 = APPROVAL_ROLE ( '' ) ;
#2612 = PLANE ( 'NONE',  #4455 ) ;
#2613 = EDGE_CURVE ( 'NONE', #1941, #2101, #10, .T. ) ;
#2614 = AXIS2_PLACEMENT_3D ( 'NONE', #4077, #1283, #3013 ) ;
#2615 = DIRECTION ( 'NONE',  ( 1.000000000000000000, -0.000000000000000000, -0.000000000000000000 ) ) ;
#2616 = EDGE_CURVE ( 'NONE', #393, #3738, #1683, .T. ) ;
#2617 = ORIENTED_EDGE ( 'NONE', *, *, #3761, .F. ) ;
#2618 = LINE ( 'NONE', #3972, #29 ) ;
#2619 = PERSON_AND_ORGANIZATION_ROLE ( 'creator' ) ;
#2620 = DIRECTION ( 'NONE',  ( 0.000000000000000000, 0.000000000000000000, -1.000000000000000000 ) ) ;
#2621 = ADVANCED_FACE ( 'NONE', ( #1004 ), #319, .F. ) ;
#2622 = DIRECTION ( 'NONE',  ( 0.7071067811865476838, 0.7071067811865472397, 0.000000000000000000 ) ) ;
#2623 = MECHANICAL_CONTEXT ( 'NONE', #3869, 'mechanical' ) ;
#2624 = CARTESIAN_POINT ( 'NONE',  ( -36.00000000000000711, 3.500000000000000000, -11.99999999999999822 ) ) ;
#2625 = COORDINATED_UNIVERSAL_TIME_OFFSET ( 8, 0, .BEHIND. ) ;
#2626 = VERTEX_POINT ( 'NONE', #3683 ) ;
#2627 = PLANE ( 'NONE',  #2528 ) ;
#2628 = CC_DESIGN_PERSON_AND_ORGANIZATION_ASSIGNMENT ( #195, #2244, ( #116 ) ) ;
#2629 = ORIENTED_EDGE ( 'NONE', *, *, #1702, .F. ) ;
#2630 = CARTESIAN_POINT ( 'NONE',  ( 0.000000000000000000, 0.000000000000000000, 0.000000000000000000 ) ) ;
#2631 = VECTOR ( 'NONE', #1735, 39.37007874015748143 ) ;
#2632 = PERSON_AND_ORGANIZATION ( #2142, #4066 ) ;
#2633 = CARTESIAN_POINT ( 'NONE',  ( -36.00000000000000711, 1.500000000000000222, -11.99999999999999822 ) ) ;
#2634 = VECTOR ( 'NONE', #91, 39.37007874015748143 ) ;
#2635 = LINE ( 'NONE', #1862, #3630 ) ;
#2636 = ADVANCED_FACE ( 'NONE', ( #3749 ), #2729, .F. ) ;
#2637 = AXIS2_PLACEMENT_3D ( 'NONE', #803, #1844, #1754 ) ;
#2638 = ORIENTED_EDGE ( 'NONE', *, *, #2789, .T. ) ;
#2639 = CARTESIAN_POINT ( 'NONE',  ( -15.25000000000000888, 99.12500000000000000, 11.99999999999999822 ) ) ;
#2640 = VECTOR ( 'NONE', #1802, 39.37007874015748143 ) ;
#2641 = DATE_TIME_ROLE ( 'classification_date' ) ;
#2642 = DIRECTION ( 'NONE',  ( -1.000000000000000000, 0.000000000000000000, 0.000000000000000000 ) ) ;
#2643 = LOCAL_TIME ( 22, 35, 5.000000000000000000, #2232 ) ;
#2644 = CARTESIAN_POINT ( 'NONE',  ( -22.58523515439430085, 16.81618052256532536, -10.49999999999999822 ) ) ;
#2645 = EDGE_CURVE ( 'NONE', #801, #1308, #4452, .T. ) ;
#2646 = PERSON_AND_ORGANIZATION_ROLE ( 'creator' ) ;
#2647 = APPLICATION_CONTEXT ( 'configuration controlled 3d designs of mechanical parts and assemblies' ) ;
#2648 = DIRECTION ( 'NONE',  ( 0.000000000000000000, 0.000000000000000000, 1.000000000000000000 ) ) ;
#2649 = CALENDAR_DATE ( 2026, 25, 3 ) ;
#2650 = EDGE_LOOP ( 'NONE', ( #3802, #1918, #1451, #4118 ) ) ;
#2651 = ORGANIZATION ( 'NAUO-ORG9', 'UNSPECIFIED', 'UNSPECIFIED' ) ;
#2652 = DIRECTION ( 'NONE',  ( -1.000000000000000000, 0.000000000000000000, 1.274862397043323624E-15 ) ) ;
#2653 = LOCAL_TIME ( 22, 35, 5.000000000000000000, #1325 ) ;
#2654 = ORIENTED_EDGE ( 'NONE', *, *, #3497, .T. ) ;
#2655 = CALENDAR_DATE ( 2026, 25, 3 ) ;
#2656 = DIRECTION ( 'NONE',  ( 1.000000000000000000, 0.000000000000000000, -1.821231995776174986E-16 ) ) ;
#2657 = LINE ( 'NONE', #4034, #4128 ) ;
#2658 = ORIENTED_EDGE ( 'NONE', *, *, #3132, .T. ) ;
#2659 = CC_DESIGN_PERSON_AND_ORGANIZATION_ASSIGNMENT ( #766, #3687, ( #1341 ) ) ;
#2660 = DIRECTION ( 'NONE',  ( -0.000000000000000000, -1.000000000000000000, -0.000000000000000000 ) ) ;
#2661 = CC_DESIGN_PERSON_AND_ORGANIZATION_ASSIGNMENT ( #1949, #4273, ( #1383 ) ) ;
#2662 = CALENDAR_DATE ( 2026, 25, 3 ) ;
#2663 = DIRECTION ( 'NONE',  ( -1.000000000000000000, 0.000000000000000000, -0.000000000000000000 ) ) ;
#2664 = ADVANCED_FACE ( 'NONE', ( #3445 ), #2015, .F. ) ;
#2665 = VECTOR ( 'NONE', #2993, 39.37007874015748143 ) ;
#2666 = DIRECTION ( 'NONE',  ( 0.000000000000000000, -0.000000000000000000, 1.000000000000000000 ) ) ;
#2667 = PERSON_AND_ORGANIZATION ( #3496, #2467 ) ;
#2668 = PLANE ( 'NONE',  #3439 ) ;
#2669 = VECTOR ( 'NONE', #3741, 39.37007874015748143 ) ;
#2670 = VERTEX_POINT ( 'NONE', #1636 ) ;
#2671 = VECTOR ( 'NONE', #1438, 39.37007874015748854 ) ;
#2672 = CARTESIAN_POINT ( 'NONE',  ( 33.00000000000001421, 99.12500000000000000, 11.99999999999993783 ) ) ;
#2673 = VERTEX_POINT ( 'NONE', #1363 ) ;
#2674 = DIRECTION ( 'NONE',  ( 0.000000000000000000, 0.000000000000000000, 1.000000000000000000 ) ) ;
#2675 = VERTEX_POINT ( 'NONE', #1658 ) ;
#2676 = APPROVAL_DATE_TIME ( #1285, #3 ) ;
#2677 = CARTESIAN_POINT ( 'NONE',  ( -15.25000000000000888, 99.12500000000000000, -12.00000000000000711 ) ) ;
#2678 = EDGE_CURVE ( 'NONE', #4096, #2855, #2754, .T. ) ;
#2679 = DIRECTION ( 'NONE',  ( 0.000000000000000000, 0.000000000000000000, -1.000000000000000000 ) ) ;
#2680 = CARTESIAN_POINT ( 'NONE',  ( 0.000000000000000000, 98.99999999999998579, 0.000000000000000000 ) ) ;
#2681 = CC_DESIGN_APPROVAL ( #4296, ( #3679 ) ) ;
#2682 = VERTEX_POINT ( 'NONE', #4110 ) ;
#2683 = DIRECTION ( 'NONE',  ( -1.000000000000000000, 0.000000000000000000, 0.000000000000000000 ) ) ;
#2684 = SHAPE_REPRESENTATION_RELATIONSHIP ( 'NONE' , 'NONE' ,  #523, #479 ) ;
#2685 = APPROVAL_ROLE ( '' ) ;
#2686 = PLANE ( 'NONE',  #3058 ) ;
#2687 = LINE ( 'NONE', #2733, #383 ) ;
#2688 = LINE ( 'NONE', #1641, #2495 ) ;
#2689 = PERSON_AND_ORGANIZATION ( #3496, #2467 ) ;
#2690 = EDGE_CURVE ( 'NONE', #3161, #3365, #1342, .T. ) ;
#2691 = LINE ( 'NONE', #916, #3319 ) ;
#2692 = COORDINATED_UNIVERSAL_TIME_OFFSET ( 8, 0, .BEHIND. ) ;
#2693 = VERTEX_POINT ( 'NONE', #1385 ) ;
#2694 = DIRECTION ( 'NONE',  ( 0.000000000000000000, 0.000000000000000000, 1.000000000000000000 ) ) ;
#2695 = ORIENTED_EDGE ( 'NONE', *, *, #784, .F. ) ;
#2696 = APPLICATION_PROTOCOL_DEFINITION ( 'international standard', 'config_control_design', 1994, #471 ) ;
#2697 = SECURITY_CLASSIFICATION_LEVEL ( 'unclassified' ) ;
#2698 = CARTESIAN_POINT ( 'NONE',  ( 1.750000000000001776, 49.49999999999999289, -10.49999999999999822 ) ) ;
#2699 = ORIENTED_EDGE ( 'NONE', *, *, #1153, .T. ) ;
#2700 = LINE ( 'NONE', #1359, #4420 ) ;
#2701 = EDGE_CURVE ( 'NONE', #1782, #23, #1733, .T. ) ;
#2702 = CARTESIAN_POINT ( 'NONE',  ( -36.00000000000000711, 97.50000000000001421, -8.500000000000008882 ) ) ;
#2703 = VECTOR ( 'NONE', #731, 39.37007874015748143 ) ;
#2704 = EDGE_LOOP ( 'NONE', ( #436, #982, #1185, #3656 ) ) ;
#2705 = LINE ( 'NONE', #4062, #4347 ) ;
#2706 =( CONVERSION_BASED_UNIT ( 'INCH', #320 ) LENGTH_UNIT ( ) NAMED_UNIT ( #1979 ) );
#2707 = AXIS2_PLACEMENT_3D ( 'NONE', #3513, #4180, #1076 ) ;
#2708 = APPROVAL_STATUS ( 'not_yet_approved' ) ;
#2709 = CARTESIAN_POINT ( 'NONE',  ( -37.50000000000000711, 1.500000000000000222, 12.00000000000000355 ) ) ;
#2710 = VECTOR ( 'NONE', #3311, 39.37007874015748143 ) ;
#2711 = DIRECTION ( 'NONE',  ( -1.000000000000000000, 0.000000000000000000, 0.000000000000000000 ) ) ;
#2712 = DIRECTION ( 'NONE',  ( 0.5972064818366789041, 0.8020875376492619946, 0.000000000000000000 ) ) ;
#2713 = DATE_AND_TIME ( #1998, #2653 ) ;
#2714 = PLANE ( 'NONE',  #2822 ) ;
#2715 = VERTEX_POINT ( 'NONE', #3112 ) ;
#2716 = LINE ( 'NONE', #673, #1215 ) ;
#2717 = EDGE_CURVE ( 'NONE', #2231, #2496, #661, .T. ) ;
#2718 = ORIENTED_EDGE ( 'NONE', *, *, #1893, .T. ) ;
#2719 = APPROVAL_STATUS ( 'not_yet_approved' ) ;
#2720 = CC_DESIGN_PERSON_AND_ORGANIZATION_ASSIGNMENT ( #2534, #4182, ( #4124 ) ) ;
#2721 = LOCAL_TIME ( 22, 35, 5.000000000000000000, #449 ) ;
#2722 = PLANE ( 'NONE',  #273 ) ;
#2723 = UNCERTAINTY_MEASURE_WITH_UNIT (LENGTH_MEASURE( 1.000000000000000082E-05 ), #752, 'distance_accuracy_value', 'NONE');
#2724 = CC_DESIGN_APPROVAL ( #1270, ( #2937 ) ) ;
#2725 = VERTEX_POINT ( 'NONE', #4087 ) ;
#2726 = DIRECTION ( 'NONE',  ( -0.000000000000000000, -1.000000000000000000, -0.000000000000000000 ) ) ;
#2727 = CARTESIAN_POINT ( 'NONE',  ( -16.99390334559012317, 98.99999999999998579, 12.00000000000000355 ) ) ;
#2728 = ORIENTED_EDGE ( 'NONE', *, *, #1153, .F. ) ;
#2729 = PLANE ( 'NONE',  #1397 ) ;
#2730 = PERSON_AND_ORGANIZATION ( #3496, #2467 ) ;
#2731 = DIRECTION ( 'NONE',  ( 0.000000000000000000, 0.000000000000000000, -1.000000000000000000 ) ) ;
#2732 = APPLICATION_CONTEXT ( 'configuration controlled 3d designs of mechanical parts and assemblies' ) ;
#2733 = CARTESIAN_POINT ( 'NONE',  ( 32.99999999999998579, 99.12500000000000000, -12.00000000000005151 ) ) ;
#2734 = SHAPE_REPRESENTATION_RELATIONSHIP ( 'NONE' , 'NONE' ,  #3394, #3551 ) ;
#2735 = DATE_TIME_ROLE ( 'classification_date' ) ;
#2736 = LINE ( 'NONE', #374, #1007 ) ;
#2737 = ORIENTED_EDGE ( 'NONE', *, *, #2839, .T. ) ;
#2738 = PLANE ( 'NONE',  #2083 ) ;
#2739 = CLOSED_SHELL ( 'NONE', ( #941, #1945, #4220, #2219, #735, #1219 ) ) ;
#2740 = DIRECTION ( 'NONE',  ( -0.5972064818366790151, 0.8020875376492619946, 0.000000000000000000 ) ) ;
#2741 = AXIS2_PLACEMENT_3D ( 'NONE', #1280, #1718, #4027 ) ;
#2742 = AXIS2_PLACEMENT_3D ( 'NONE', #3516, #3601, #415 ) ;
#2743 = DATE_TIME_ROLE ( 'classification_date' ) ;
#2744 = EDGE_CURVE ( 'NONE', #2506, #685, #4384, .T. ) ;
#2745 = DIRECTION ( 'NONE',  ( 1.000000000000000000, 0.000000000000000000, 0.000000000000000000 ) ) ;
#2746 = EDGE_CURVE ( 'NONE', #3384, #3897, #1294, .T. ) ;
#2747 = CC_DESIGN_DATE_AND_TIME_ASSIGNMENT ( #2540, #1462, ( #1481 ) ) ;
#2748 = VECTOR ( 'NONE', #2913, 39.37007874015748143 ) ;
#2749 = VERTEX_POINT ( 'NONE', #3420 ) ;
#2750 = CARTESIAN_POINT ( 'NONE',  ( -37.50000000000000711, 97.50000000000001421, -11.99999999999999822 ) ) ;
#2751 = PERSON ( 'NAUO-PER7', 'UNSPECIFIED', 'UNSPECIFIED', ('UNSPECIFIED'), ('UNSPECIFIED'), ('UNSPECIFIED') ) ;
#2752 = DIRECTION ( 'NONE',  ( 1.000000000000000000, 0.000000000000000000, 0.000000000000000000 ) ) ;
#2753 = VERTEX_POINT ( 'NONE', #4406 ) ;
#2754 = LINE ( 'NONE', #3769, #3833 ) ;
#2755 = APPROVAL_DATE_TIME ( #4454, #1060 ) ;
#2756 = CARTESIAN_POINT ( 'NONE',  ( 27.50000000000001776, 99.12500000000000000, 11.99999999999993783 ) ) ;
#2757 = ORIENTED_EDGE ( 'NONE', *, *, #4413, .T. ) ;
#2758 = CARTESIAN_POINT ( 'NONE',  ( -39.97487373415291501, 76.01902961143720461, 12.00000000000000355 ) ) ;
#2759 = LOCAL_TIME ( 22, 35, 5.000000000000000000, #1008 ) ;
#2760 =( NAMED_UNIT ( * ) SI_UNIT ( $, .STERADIAN. ) SOLID_ANGLE_UNIT ( ) );
#2761 = COORDINATED_UNIVERSAL_TIME_OFFSET ( 8, 0, .BEHIND. ) ;
#2762 = EDGE_LOOP ( 'NONE', ( #3743, #3202, #570, #4228 ) ) ;
#2763 = DIRECTION ( 'NONE',  ( 0.000000000000000000, -1.000000000000000000, 0.000000000000000000 ) ) ;
#2764 = EDGE_CURVE ( 'NONE', #2047, #1782, #2705, .T. ) ;
#2765 = ORIENTED_EDGE ( 'NONE', *, *, #3399, .T. ) ;
#2766 = FACE_OUTER_BOUND ( 'NONE', #3335, .T. ) ;
#2767 = FACE_OUTER_BOUND ( 'NONE', #3362, .T. ) ;
#2768 = DATE_AND_TIME ( #1744, #1061 ) ;
#2769 = DIRECTION ( 'NONE',  ( -0.000000000000000000, 1.000000000000000000, 0.000000000000000000 ) ) ;
#2770 = VERTEX_POINT ( 'NONE', #3883 ) ;
#2771 = PLANE ( 'NONE',  #3913 ) ;
#2772 = PRODUCT_DEFINITION_FORMATION_WITH_SPECIFIED_SOURCE ( 'ANY', '', #4086, .NOT_KNOWN. ) ;
#2773 = DIRECTION ( 'NONE',  ( 0.000000000000000000, -0.000000000000000000, 1.000000000000000000 ) ) ;
#2774 = ORIENTED_EDGE ( 'NONE', *, *, #4091, .T. ) ;
#2775 = VECTOR ( 'NONE', #4366, 39.37007874015748143 ) ;
#2776 = PRODUCT ( 'Gussets^Wooden Assembly Actual', 'Gussets^Wooden Assembly Actual', '', ( #413 ) ) ;
#2777 = LINE ( 'NONE', #2064, #958 ) ;
#2778 = EDGE_CURVE ( 'NONE', #2273, #1712, #1115, .T. ) ;
#2779 = DATE_AND_TIME ( #274, #2759 ) ;
#2780 = APPROVAL ( #209, 'UNSPECIFIED' ) ;
#2781 = CARTESIAN_POINT ( 'NONE',  ( -27.50000000000001421, 99.12500000000000000, -12.00000000000000355 ) ) ;
#2782 = ORIENTED_EDGE ( 'NONE', *, *, #4006, .T. ) ;
#2783 = DIRECTION ( 'NONE',  ( -0.000000000000000000, -1.000000000000000000, -0.000000000000000000 ) ) ;
#2784 = APPROVAL_STATUS ( 'not_yet_approved' ) ;
#2785 = EDGE_LOOP ( 'NONE', ( #2882, #879, #3703, #876 ) ) ;
#2786 = DIRECTION ( 'NONE',  ( -0.000000000000000000, -0.000000000000000000, -1.000000000000000000 ) ) ;
#2787 = VERTEX_POINT ( 'NONE', #2172 ) ;
#2788 = AXIS2_PLACEMENT_3D ( 'NONE', #3177, #33, #2533 ) ;
#2789 = EDGE_CURVE ( 'NONE', #846, #1966, #2500, .T. ) ;
#2790 = VECTOR ( 'NONE', #2243, 39.37007874015748143 ) ;
#2791 = CARTESIAN_POINT ( 'NONE',  ( 27.50000000000001776, 98.99999999999998579, 11.99999999999993783 ) ) ;
#2792 = COORDINATED_UNIVERSAL_TIME_OFFSET ( 8, 0, .BEHIND. ) ;
#2793 = DIRECTION ( 'NONE',  ( -1.000000000000000000, 0.000000000000000000, 0.000000000000000000 ) ) ;
#2794 = ORIENTED_EDGE ( 'NONE', *, *, #298, .T. ) ;
#2795 = LOCAL_TIME ( 22, 35, 5.000000000000000000, #983 ) ;
#2796 = APPROVAL_PERSON_ORGANIZATION ( #3580, #1580, #3247 ) ;
#2797 = PLANE ( 'NONE',  #3305 ) ;
#2798 = AXIS2_PLACEMENT_3D ( 'NONE', #77, #2872, #3557 ) ;
#2799 = CARTESIAN_POINT ( 'NONE',  ( -27.50000000000001066, 99.12500000000000000, 11.99999999999999822 ) ) ;
#2800 = DIRECTION ( 'NONE',  ( -0.5972064818366790151, 0.8020875376492619946, 0.000000000000000000 ) ) ;
#2801 = EDGE_CURVE ( 'NONE', #1098, #630, #2437, .T. ) ;
#2802 = ORIENTED_EDGE ( 'NONE', *, *, #1499, .T. ) ;
#2803 = CC_DESIGN_PERSON_AND_ORGANIZATION_ASSIGNMENT ( #1538, #1203, ( #3992 ) ) ;
#2804 = FACE_OUTER_BOUND ( 'NONE', #3589, .T. ) ;
#2805 = LENGTH_MEASURE_WITH_UNIT ( LENGTH_MEASURE( 0.02539999999999999897 ), #1034 );
#2806 = PERSON_AND_ORGANIZATION_ROLE ( 'classification_officer' ) ;
#2807 = VERTEX_POINT ( 'NONE', #2799 ) ;
#2808 = DIRECTION ( 'NONE',  ( 1.000000000000000000, 0.000000000000000000, 0.000000000000000000 ) ) ;
#2809 = ORIENTED_EDGE ( 'NONE', *, *, #1720, .F. ) ;
#2810 = EDGE_CURVE ( 'NONE', #690, #2565, #2819, .T. ) ;
#2811 = CARTESIAN_POINT ( 'NONE',  ( 15.25000000000001243, 99.12500000000000000, 11.99999999999999467 ) ) ;
#2812 = DATE_AND_TIME ( #1084, #3080 ) ;
#2813 = CARTESIAN_POINT ( 'NONE',  ( 27.50000000000001776, 99.12500000000000000, 11.99999999999993783 ) ) ;
#2814 = EDGE_CURVE ( 'NONE', #3116, #2047, #367, .T. ) ;
#2815 = ORIENTED_EDGE ( 'NONE', *, *, #3828, .F. ) ;
#2816 = CARTESIAN_POINT ( 'NONE',  ( -33.00000000000000711, 99.12500000000000000, 11.99999999999999822 ) ) ;
#2817 = EDGE_CURVE ( 'NONE', #604, #811, #384, .T. ) ;
#2818 = AXIS2_PLACEMENT_3D ( 'NONE', #289, #1962, #1310 ) ;
#2819 = LINE ( 'NONE', #2124, #1542 ) ;
#2820 = AXIS2_PLACEMENT_3D ( 'NONE', #3564, #2139, #3584 ) ;
#2821 = CARTESIAN_POINT ( 'NONE',  ( 37.50000000000000000, 1.500000000000000222, -11.99999999999998934 ) ) ;
#2822 = AXIS2_PLACEMENT_3D ( 'NONE', #2289, #3007, #1937 ) ;
#2823 = ORIENTED_EDGE ( 'NONE', *, *, #2388, .F. ) ;
#2824 = PLANE ( 'NONE',  #2788 ) ;
#2825 = LENGTH_MEASURE_WITH_UNIT ( LENGTH_MEASURE( 0.02539999999999999897 ), #4069 );
#2826 = SECURITY_CLASSIFICATION_LEVEL ( 'unclassified' ) ;
#2827 = ORIENTED_EDGE ( 'NONE', *, *, #3791, .F. ) ;
#2828 = PLANE ( 'NONE',  #3610 ) ;
#2829 = EDGE_LOOP ( 'NONE', ( #2143, #1757, #36, #2519 ) ) ;
#2831 = ADVANCED_FACE ( 'NONE', ( #406 ), #3151, .F. ) ;
#2830 = CARTESIAN_POINT ( 'NONE',  ( -27.50000000000001066, 100.8750000000000000, 11.99999999999999822 ) ) ;
#2832 = COORDINATED_UNIVERSAL_TIME_OFFSET ( 8, 0, .BEHIND. ) ;
#2833 = ITEM_DEFINED_TRANSFORMATION ( 'NONE', 'NONE', #3608,  #2426 ) ;
#2834 = DIRECTION ( 'NONE',  ( -1.000000000000000000, -0.000000000000000000, -0.000000000000000000 ) ) ;
#2835 = ORIENTED_EDGE ( 'NONE', *, *, #2016, .F. ) ;
#2836 = EDGE_LOOP ( 'NONE', ( #428, #1907, #3111, #706 ) ) ;
#2837 = CARTESIAN_POINT ( 'NONE',  ( 32.99999999999998579, 100.8750000000000000, -12.00000000000005151 ) ) ;
#2838 = CARTESIAN_POINT ( 'NONE',  ( 0.000000000000000000, 0.000000000000000000, 0.000000000000000000 ) ) ;
#2839 = EDGE_CURVE ( 'NONE', #3440, #381, #1751, .T. ) ;
#2840 = DIRECTION ( 'NONE',  ( 0.000000000000000000, -1.000000000000000000, 0.000000000000000000 ) ) ;
#2841 = ORIENTED_EDGE ( 'NONE', *, *, #4186, .T. ) ;
#2842 = CC_DESIGN_APPROVAL ( #2860, ( #3131 ) ) ;
#2843 = DIRECTION ( 'NONE',  ( 1.000000000000000000, 0.000000000000000000, -0.000000000000000000 ) ) ;
#2844 = AXIS2_PLACEMENT_3D ( 'NONE', #3794, #3069, #1410 ) ;
#2845 = DATE_AND_TIME ( #1846, #4218 ) ;
#2846 = ORIENTED_EDGE ( 'NONE', *, *, #3261, .T. ) ;
#2847 = DIRECTION ( 'NONE',  ( 0.7071067811865476838, -0.7071067811865472397, -0.000000000000000000 ) ) ;
#2848 = ORIENTED_EDGE ( 'NONE', *, *, #51, .F. ) ;
#2849 = VECTOR ( 'NONE', #4244, 39.37007874015748143 ) ;
#2850 = LINE ( 'NONE', #106, #3988 ) ;
#2851 = APPLICATION_PROTOCOL_DEFINITION ( 'international standard', 'config_control_design', 1994, #4011 ) ;
#2852 = VECTOR ( 'NONE', #3450, 39.37007874015748143 ) ;
#2853 = CARTESIAN_POINT ( 'NONE',  ( 27.49999999999998934, 100.6250000000000000, -12.00000000000004263 ) ) ;
#2854 = APPROVAL_DATE_TIME ( #3521, #1270 ) ;
#2855 = VERTEX_POINT ( 'NONE', #2837 ) ;
#2856 = CARTESIAN_POINT ( 'NONE',  ( 36.00000000000000000, 1.500000000000000222, -11.99999999999999822 ) ) ;
#2857 = EDGE_CURVE ( 'NONE', #2101, #3724, #751, .T. ) ;
#2858 =( GEOMETRIC_REPRESENTATION_CONTEXT ( 3 ) GLOBAL_UNCERTAINTY_ASSIGNED_CONTEXT ( ( #1630 ) ) GLOBAL_UNIT_ASSIGNED_CONTEXT ( ( #694, #354, #2760 ) ) REPRESENTATION_CONTEXT ( 'NONE', 'WORKASPACE' ) );
#2859 = EDGE_LOOP ( 'NONE', ( #4325, #103, #3232, #628 ) ) ;
#2860 = APPROVAL ( #2956, 'UNSPECIFIED' ) ;
#2861 = APPROVAL_ROLE ( '' ) ;
#2862 = ORIENTED_EDGE ( 'NONE', *, *, #3485, .F. ) ;
#2863 = LOCAL_TIME ( 22, 35, 5.000000000000000000, #3215 ) ;
#2864 = DIRECTION ( 'NONE',  ( 0.000000000000000000, 0.000000000000000000, -1.000000000000000000 ) ) ;
#2865 = CARTESIAN_POINT ( 'NONE',  ( 0.000000000000000000, 95.49999999999998579, -10.49999999999999822 ) ) ;
#2866 = DIRECTION ( 'NONE',  ( 1.821231995776175479E-16, 0.000000000000000000, 1.000000000000000000 ) ) ;
#2867 = CC_DESIGN_APPROVAL ( #3510, ( #1057 ) ) ;
#2868 = EDGE_CURVE ( 'NONE', #525, #370, #1790, .T. ) ;
#2869 = ORIENTED_EDGE ( 'NONE', *, *, #1885, .F. ) ;
#2870 = FACE_OUTER_BOUND ( 'NONE', #3824, .T. ) ;
#2871 = PERSON_AND_ORGANIZATION_ROLE ( 'design_supplier' ) ;
#2872 = DIRECTION ( 'NONE',  ( -1.000000000000000000, 0.000000000000000000, 1.821231995776175479E-16 ) ) ;
#2873 = ORIENTED_EDGE ( 'NONE', *, *, #2320, .F. ) ;
#2874 = EDGE_CURVE ( 'NONE', #1975, #4260, #3196, .T. ) ;
#2875 = LINE ( 'NONE', #1822, #971 ) ;
#2876 = PERSON_AND_ORGANIZATION_ROLE ( 'creator' ) ;
#2877 = CARTESIAN_POINT ( 'NONE',  ( 36.00000000000000000, 97.50000000000001421, -11.99999999999999822 ) ) ;
#2878 = CALENDAR_DATE ( 2026, 25, 3 ) ;
#2879 = ORIENTED_EDGE ( 'NONE', *, *, #3886, .F. ) ;
#2880 = LINE ( 'NONE', #3480, #4167 ) ;
#2881 =( REPRESENTATION_RELATIONSHIP ('NONE','NONE', #2566, #4101 ) REPRESENTATION_RELATIONSHIP_WITH_TRANSFORMATION ( #1669 )SHAPE_REPRESENTATION_RELATIONSHIP( ) );
#2882 = ORIENTED_EDGE ( 'NONE', *, *, #18, .F. ) ;
#2883 = PERSON_AND_ORGANIZATION ( #3496, #2467 ) ;
#2884 = ORIENTED_EDGE ( 'NONE', *, *, #1986, .F. ) ;
#2885 = APPROVAL ( #2898, 'UNKNOWN' ) ;
#2886 = CARTESIAN_POINT ( 'NONE',  ( -27.50000000000001421, 99.12500000000000000, -12.00000000000000355 ) ) ;
#2887 = EDGE_CURVE ( 'NONE', #3234, #393, #452, .T. ) ;
#2888 = AXIS2_PLACEMENT_3D ( 'NONE', #3190, #3524, #4149 ) ;
#2889 = DIRECTION ( 'NONE',  ( -1.000000000000000000, 0.000000000000000000, 1.821231995776175479E-16 ) ) ;
#2890 = ORIENTED_EDGE ( 'NONE', *, *, #1142, .F. ) ;
#2891 = PLANE ( 'NONE',  #2707 ) ;
#2892 = PERSON_AND_ORGANIZATION ( #3496, #2467 ) ;
#2893 = FACE_OUTER_BOUND ( 'NONE', #4085, .T. ) ;
#2894 = DIRECTION ( 'NONE',  ( -1.000000000000000000, 0.000000000000000000, 0.000000000000000000 ) ) ;
#2895 = ADVANCED_FACE ( 'NONE', ( #772 ), #3792, .F. ) ;
#2896 = DATE_TIME_ROLE ( 'classification_date' ) ;
#2897 = CARTESIAN_POINT ( 'NONE',  ( 37.50000000000000000, 97.50000000000001421, -8.500000000000008882 ) ) ;
#2898 = APPROVAL_STATUS ( 'not_yet_approved' ) ;
#2899 = VERTEX_POINT ( 'NONE', #3218 ) ;
#2900 = FACE_OUTER_BOUND ( 'NONE', #1705, .T. ) ;
#2901 = ORIENTED_EDGE ( 'NONE', *, *, #2951, .F. ) ;
#2902 = APPROVAL_PERSON_ORGANIZATION ( #3562, #4296, #1129 ) ;
#2903 = PERSON_AND_ORGANIZATION_ROLE ( 'design_owner' ) ;
#2904 = LINE ( 'NONE', #223, #1146 ) ;
#2905 = PLANE ( 'NONE',  #3063 ) ;
#2906 = DIRECTION ( 'NONE',  ( 1.000000000000000000, 0.000000000000000000, 0.000000000000000000 ) ) ;
#2907 = ORIENTED_EDGE ( 'NONE', *, *, #2839, .F. ) ;
#2908 = CC_DESIGN_PERSON_AND_ORGANIZATION_ASSIGNMENT ( #1784, #3164, ( #655 ) ) ;
#2909 = ADVANCED_BREP_SHAPE_REPRESENTATION ( '', ( #3840, #2380, #2426 ), #4253 ) ;
#2910 = LINE ( 'NONE', #3265, #530 ) ;
#2911 = APPROVAL ( #737, 'UNSPECIFIED' ) ;
#2912 = MECHANICAL_CONTEXT ( 'NONE', #1480, 'mechanical' ) ;
#2913 = DIRECTION ( 'NONE',  ( -1.274862397043323624E-15, -0.000000000000000000, -1.000000000000000000 ) ) ;
#2914 = DIRECTION ( 'NONE',  ( 0.000000000000000000, 0.000000000000000000, -1.000000000000000000 ) ) ;
#2915 = PERSON_AND_ORGANIZATION_ROLE ( 'creator' ) ;
#2916 = LOCAL_TIME ( 22, 35, 5.000000000000000000, #3643 ) ;
#2917 = CARTESIAN_POINT ( 'NONE',  ( 22.75000000000000711, 98.99999999999998579, -12.00000000000001243 ) ) ;
#2918 = DATE_AND_TIME ( #3543, #3996 ) ;
#2919 = ORIENTED_EDGE ( 'NONE', *, *, #4169, .F. ) ;
#2920 = VECTOR ( 'NONE', #3928, 39.37007874015748143 ) ;
#2921 = PLANE ( 'NONE',  #493 ) ;
#2922 = EDGE_CURVE ( 'NONE', #2506, #214, #2105, .T. ) ;
#2923 = VERTEX_POINT ( 'NONE', #1769 ) ;
#2924 = VECTOR ( 'NONE', #352, 39.37007874015748143 ) ;
#2925 = DATE_TIME_ROLE ( 'classification_date' ) ;
#2926 = LINE ( 'NONE', #2569, #3876 ) ;
#2927 = AXIS2_PLACEMENT_3D ( 'NONE', #3272, #1530, #3228 ) ;
#2928 = LINE ( 'NONE', #3594, #821 ) ;
#2929 = CC_DESIGN_APPROVAL ( #1299, ( #2972 ) ) ;
#2930 = ORIENTED_EDGE ( 'NONE', *, *, #3279, .T. ) ;
#2931 = DIRECTION ( 'NONE',  ( -1.000000000000000000, 0.000000000000000000, 0.000000000000000000 ) ) ;
#2932 = CC_DESIGN_APPROVAL ( #935, ( #2262 ) ) ;
#2933 = APPLICATION_PROTOCOL_DEFINITION ( 'international standard', 'config_control_design', 1994, #1108 ) ;
#2934 = CC_DESIGN_APPROVAL ( #1110, ( #3641 ) ) ;
#2935 = CARTESIAN_POINT ( 'NONE',  ( -27.50000000000001066, 100.6250000000000000, 11.99999999999999822 ) ) ;
#2936 = PRODUCT_RELATED_PRODUCT_CATEGORY ( 'detail', '', ( #2514 ) ) ;
#2937 = SECURITY_CLASSIFICATION ( '', '', #768 ) ;
#2938 = CARTESIAN_POINT ( 'NONE',  ( -36.00000000000000711, 0.000000000000000000, -11.99999999999999822 ) ) ;
#2939 = PERSON_AND_ORGANIZATION ( #3496, #2467 ) ;
#2940 = LINE ( 'NONE', #2603, #1510 ) ;
#2941 = SECURITY_CLASSIFICATION_LEVEL ( 'unclassified' ) ;
#2942 = EDGE_CURVE ( 'NONE', #56, #690, #430, .T. ) ;
#2943 = ORIENTED_EDGE ( 'NONE', *, *, #499, .T. ) ;
#2944 = LINE ( 'NONE', #158, #1433 ) ;
#2945 = PRODUCT_DEFINITION_SHAPE ( 'NONE', 'NONE',  #4469 ) ;
#2946 = ORIENTED_EDGE ( 'NONE', *, *, #2512, .T. ) ;
#2947 = ORIENTED_EDGE ( 'NONE', *, *, #1914, .F. ) ;
#2948 = CALENDAR_DATE ( 2026, 25, 3 ) ;
#2949 = CARTESIAN_POINT ( 'NONE',  ( 0.000000000000000000, 99.12500000000000000, 0.000000000000000000 ) ) ;
#2950 = DIRECTION ( 'NONE',  ( -1.000000000000000000, 0.000000000000000000, 0.000000000000000000 ) ) ;
#2951 = EDGE_CURVE ( 'NONE', #4313, #672, #4130, .T. ) ;
#2952 = VECTOR ( 'NONE', #3195, 39.37007874015748143 ) ;
#2953 = EDGE_LOOP ( 'NONE', ( #3971, #1583, #4046, #2718 ) ) ;
#2954 = LINE ( 'NONE', #1229, #1766 ) ;
#2955 = AXIS2_PLACEMENT_3D ( 'NONE', #3082, #4102, #4032 ) ;
#2956 = APPROVAL_STATUS ( 'not_yet_approved' ) ;
#2957 = CARTESIAN_POINT ( 'NONE',  ( 0.000000000000000000, 0.000000000000000000, -10.49999999999999822 ) ) ;
#2958 = PERSON ( 'NAUO-PER2', 'UNSPECIFIED', 'UNSPECIFIED', ('UNSPECIFIED'), ('UNSPECIFIED'), ('UNSPECIFIED') ) ;
#2959 = FACE_OUTER_BOUND ( 'NONE', #1022, .T. ) ;
#2960 = DATE_AND_TIME ( #3026, #3852 ) ;
#2961 = CC_DESIGN_DATE_AND_TIME_ASSIGNMENT ( #627, #2290, ( #474 ) ) ;
#2962 = APPLICATION_CONTEXT ( 'configuration controlled 3d designs of mechanical parts and assemblies' ) ;
#2963 = CARTESIAN_POINT ( 'NONE',  ( 0.000000000000000000, 0.000000000000000000, 12.00000000000000355 ) ) ;
#2964 = APPROVAL_ROLE ( '' ) ;
#2965 = EDGE_LOOP ( 'NONE', ( #547, #3147, #992, #1622 ) ) ;
#2966 = CARTESIAN_POINT ( 'NONE',  ( -27.50000000000001421, 98.99999999999998579, -12.00000000000000355 ) ) ;
#2967 = EDGE_CURVE ( 'NONE', #1545, #3359, #1429, .T. ) ;
#2968 = EDGE_CURVE ( 'NONE', #650, #780, #2477, .T. ) ;
#2969 = ORIENTED_EDGE ( 'NONE', *, *, #4192, .F. ) ;
#2970 = APPROVAL_STATUS ( 'not_yet_approved' ) ;
#2971 = CARTESIAN_POINT ( 'NONE',  ( 15.25000000000000888, 99.12500000000000000, -12.00000000000001243 ) ) ;
#2972 = SECURITY_CLASSIFICATION ( '', '', #4431 ) ;
#2973 = ADVANCED_FACE ( 'NONE', ( #2194 ), #2905, .F. ) ;
#2974 = CARTESIAN_POINT ( 'NONE',  ( 15.25000000000000888, 99.12500000000000000, -12.00000000000001243 ) ) ;
#2975 = ORIENTED_EDGE ( 'NONE', *, *, #3236, .T. ) ;
#2976 = EDGE_CURVE ( 'NONE', #4346, #898, #2216, .T. ) ;
#2977 = CARTESIAN_POINT ( 'NONE',  ( 33.00000000000001421, 100.6250000000000000, 11.99999999999993783 ) ) ;
#2978 = CALENDAR_DATE ( 2026, 25, 3 ) ;
#2979 = DIRECTION ( 'NONE',  ( 0.000000000000000000, -1.000000000000000000, 0.000000000000000000 ) ) ;
#2980 = PRODUCT_DEFINITION_SHAPE ( 'NONE', 'NONE',  #4468 ) ;
#2981 = LINE ( 'NONE', #4000, #3284 ) ;
#2982 = DATE_AND_TIME ( #3958, #3998 ) ;
#2983 = CARTESIAN_POINT ( 'NONE',  ( 27.50000000000001776, 100.8750000000000000, 11.99999999999993783 ) ) ;
#2984 = ORIENTED_EDGE ( 'NONE', *, *, #2197, .F. ) ;
#2985 = CARTESIAN_POINT ( 'NONE',  ( 37.50000000000000711, 73.54415587728428250, 13.50000000000000355 ) ) ;
#2986 = VECTOR ( 'NONE', #2308, 39.37007874015748143 ) ;
#2987 = ORIENTED_EDGE ( 'NONE', *, *, #127, .F. ) ;
#2988 = DIRECTION ( 'NONE',  ( 0.000000000000000000, 0.000000000000000000, 1.000000000000000000 ) ) ;
#2989 = AXIS2_PLACEMENT_3D ( 'NONE', #1431, #822, #1864 ) ;
#2990 = ORIENTED_EDGE ( 'NONE', *, *, #1657, .T. ) ;
#2991 = ITEM_DEFINED_TRANSFORMATION ( 'NONE', 'NONE', #2614,  #2426 ) ;
#2992 = PRODUCT_DEFINITION ( 'UNKNOWN', '', #1983, #2 ) ;
#2993 = DIRECTION ( 'NONE',  ( 0.000000000000000000, 0.000000000000000000, 1.000000000000000000 ) ) ;
#2994 = APPROVAL ( #1667, 'UNSPECIFIED' ) ;
#2995 = VECTOR ( 'NONE', #709, 39.37007874015748143 ) ;
#2996 = DIRECTION ( 'NONE',  ( 0.000000000000000000, -0.000000000000000000, -1.000000000000000000 ) ) ;
#2997 = VECTOR ( 'NONE', #3078, 39.37007874015748143 ) ;
#2998 = ORIENTED_EDGE ( 'NONE', *, *, #2678, .T. ) ;
#2999 = PLANE ( 'NONE',  #3421 ) ;
#3000 =( GEOMETRIC_REPRESENTATION_CONTEXT ( 3 ) GLOBAL_UNCERTAINTY_ASSIGNED_CONTEXT ( ( #4378 ) ) GLOBAL_UNIT_ASSIGNED_CONTEXT ( ( #1778, #669, #2044 ) ) REPRESENTATION_CONTEXT ( 'NONE', 'WORKASPACE' ) );
#3001 = COORDINATED_UNIVERSAL_TIME_OFFSET ( 8, 0, .BEHIND. ) ;
#3002 = PLANE ( 'NONE',  #1755 ) ;
#3003 = CC_DESIGN_APPROVAL ( #141, ( #3992 ) ) ;
#3004 = APPROVAL_PERSON_ORGANIZATION ( #937, #4165, #599 ) ;
#3005 = DIRECTION ( 'NONE',  ( -0.000000000000000000, -1.000000000000000000, -0.000000000000000000 ) ) ;
#3006 = COORDINATED_UNIVERSAL_TIME_OFFSET ( 8, 0, .BEHIND. ) ;
#3007 = DIRECTION ( 'NONE',  ( 5.827942386483758377E-15, 0.000000000000000000, -1.000000000000000000 ) ) ;
#3008 = EDGE_CURVE ( 'NONE', #389, #780, #2548, .T. ) ;
#3009 = EDGE_LOOP ( 'NONE', ( #944, #165, #2930, #3154 ) ) ;
#3010 = SECURITY_CLASSIFICATION ( '', '', #1488 ) ;
#3011 = PLANE ( 'NONE',  #1791 ) ;
#3012 = ORIENTED_EDGE ( 'NONE', *, *, #2259, .T. ) ;
#3013 = DIRECTION ( 'NONE',  ( 1.000000000000000000, 0.000000000000000000, 0.000000000000000000 ) ) ;
#3014 = PERSON_AND_ORGANIZATION_ROLE ( 'classification_officer' ) ;
#3015 = CARTESIAN_POINT ( 'NONE',  ( 33.00000000000001421, 100.8750000000000000, 11.99999999999993783 ) ) ;
#3016 = LINE ( 'NONE', #4355, #1400 ) ;
#3017 = CC_DESIGN_DATE_AND_TIME_ASSIGNMENT ( #519, #2251, ( #2609 ) ) ;
#3018 = ORIENTED_EDGE ( 'NONE', *, *, #3497, .F. ) ;
#3019 = DIRECTION ( 'NONE',  ( -1.274862397043323624E-15, 0.000000000000000000, -1.000000000000000000 ) ) ;
#3020 = ADVANCED_FACE ( 'NONE', ( #185 ), #1163, .F. ) ;
#3021 = CALENDAR_DATE ( 2026, 25, 3 ) ;
#3022 = FACE_OUTER_BOUND ( 'NONE', #1877, .T. ) ;
#3023 = VECTOR ( 'NONE', #498, 39.37007874015748143 ) ;
#3024 = PLANE ( 'NONE',  #825 ) ;
#3025 = DIRECTION ( 'NONE',  ( 0.000000000000000000, 0.000000000000000000, -1.000000000000000000 ) ) ;
#3026 = CALENDAR_DATE ( 2026, 25, 3 ) ;
#3027 = FACE_OUTER_BOUND ( 'NONE', #1223, .T. ) ;
#3028 = VECTOR ( 'NONE', #4322, 39.37007874015748143 ) ;
#3029 = EDGE_LOOP ( 'NONE', ( #1753, #3018, #2757, #834 ) ) ;
#3030 = CARTESIAN_POINT ( 'NONE',  ( -39.97487373415291501, 76.01902961143720461, 13.50000000000000355 ) ) ;
#3031 = EDGE_CURVE ( 'NONE', #1604, #1570, #1905, .T. ) ;
#3032 = ORIENTED_EDGE ( 'NONE', *, *, #2353, .T. ) ;
#3033 = DIRECTION ( 'NONE',  ( 1.000000000000000000, 0.000000000000000000, 0.000000000000000000 ) ) ;
#3034 = DATE_TIME_ROLE ( 'classification_date' ) ;
#3035 = LINE ( 'NONE', #3438, #3665 ) ;
#3036 = DESIGN_CONTEXT ( 'detailed design', #1889, 'design' ) ;
#3037 = ORIENTED_EDGE ( 'NONE', *, *, #3864, .F. ) ;
#3038 = LINE ( 'NONE', #1679, #2115 ) ;
#3039 = FACE_OUTER_BOUND ( 'NONE', #3412, .T. ) ;
#3040 = CC_DESIGN_SECURITY_CLASSIFICATION ( #1524, ( #3679 ) ) ;
#3041 = ORIENTED_EDGE ( 'NONE', *, *, #2976, .T. ) ;
#3042 = DIRECTION ( 'NONE',  ( -0.5972064818366790151, -0.8020875376492619946, 0.000000000000000000 ) ) ;
#3043 =( NAMED_UNIT ( * ) PLANE_ANGLE_UNIT ( ) SI_UNIT ( $, .RADIAN. ) );
#3044 = PERSON_AND_ORGANIZATION ( #3496, #2467 ) ;
#3045 = CARTESIAN_POINT ( 'NONE',  ( 36.00000000000000000, 97.50000000000001421, -11.99999999999999822 ) ) ;
#3046 = EDGE_CURVE ( 'NONE', #953, #4249, #1205, .T. ) ;
#3047 = EDGE_CURVE ( 'NONE', #3359, #2304, #1226, .T. ) ;
#3048 = APPLICATION_CONTEXT ( 'configuration controlled 3d designs of mechanical parts and assemblies' ) ;
#3049 = PRODUCT_RELATED_PRODUCT_CATEGORY ( 'detail', '', ( #2079 ) ) ;
#3050 = FACE_OUTER_BOUND ( 'NONE', #4072, .T. ) ;
#3051 = DIRECTION ( 'NONE',  ( -0.000000000000000000, 1.000000000000000000, 0.000000000000000000 ) ) ;
#3052 = PERSON_AND_ORGANIZATION ( #3496, #2467 ) ;
#3053 = CARTESIAN_POINT ( 'NONE',  ( -36.00000000000000711, 0.000000000000000000, -11.99999999999999822 ) ) ;
#3054 = ORIENTED_EDGE ( 'NONE', *, *, #1893, .F. ) ;
#3055 = CARTESIAN_POINT ( 'NONE',  ( -15.25000000000000888, 98.99999999999998579, -12.00000000000000711 ) ) ;
#3056 = EDGE_LOOP ( 'NONE', ( #2081, #4075, #1207, #3370 ) ) ;
#3057 = APPLICATION_PROTOCOL_DEFINITION ( 'international standard', 'config_control_design', 1994, #1801 ) ;
#3058 = AXIS2_PLACEMENT_3D ( 'NONE', #2957, #2620, #2663 ) ;
#3059 = DIRECTION ( 'NONE',  ( 1.821231995776175725E-16, 0.000000000000000000, 1.000000000000000000 ) ) ;
#3060 = EDGE_LOOP ( 'NONE', ( #4152, #4029, #3093, #2841 ) ) ;
#3061 = PLANE ( 'NONE',  #1904 ) ;
#3062 = DIRECTION ( 'NONE',  ( -0.000000000000000000, -1.000000000000000000, -0.000000000000000000 ) ) ;
#3063 = AXIS2_PLACEMENT_3D ( 'NONE', #1243, #2593, #3614 ) ;
#3064 = VERTEX_POINT ( 'NONE', #3573 ) ;
#3065 = DIRECTION ( 'NONE',  ( -1.821231995776175479E-16, 0.000000000000000000, -1.000000000000000000 ) ) ;
#3066 =( NAMED_UNIT ( * ) PLANE_ANGLE_UNIT ( ) SI_UNIT ( $, .RADIAN. ) );
#3067 = VECTOR ( 'NONE', #3933, 39.37007874015748143 ) ;
#3068 = CALENDAR_DATE ( 2026, 25, 3 ) ;
#3069 = DIRECTION ( 'NONE',  ( -0.8020875376492621056, -0.5972064818366790151, 0.000000000000000000 ) ) ;
#3070 = VECTOR ( 'NONE', #3647, 39.37007874015748143 ) ;
#3071 = CARTESIAN_POINT ( 'NONE',  ( 0.000000000000000000, 99.12500000000000000, 0.000000000000000000 ) ) ;
#3072 = EDGE_CURVE ( 'NONE', #2923, #1604, #2928, .T. ) ;
#3073 = APPROVAL_DATE_TIME ( #2713, #2587 ) ;
#3074 = CARTESIAN_POINT ( 'NONE',  ( -22.58523515439430085, 16.81618052256532536, -11.99999999999999822 ) ) ;
#3075 = VERTEX_POINT ( 'NONE', #3969 ) ;
#3076 = APPROVAL ( #4009, 'UNKNOWN' ) ;
#3077 = DIRECTION ( 'NONE',  ( 1.000000000000000000, 0.000000000000000000, -1.821231995776174986E-16 ) ) ;
#3078 = DIRECTION ( 'NONE',  ( -0.000000000000000000, -1.000000000000000000, -0.000000000000000000 ) ) ;
#3079 = EDGE_CURVE ( 'NONE', #1036, #2605, #205, .T. ) ;
#3080 = LOCAL_TIME ( 22, 35, 5.000000000000000000, #1045 ) ;
#3081 = CC_DESIGN_APPROVAL ( #2286, ( #2128 ) ) ;
#3082 = CARTESIAN_POINT ( 'NONE',  ( -36.00000000000000000, 3.500000000000000000, 10.50000000000000000 ) ) ;
#3083 = LOCAL_TIME ( 22, 35, 5.000000000000000000, #725 ) ;
#3084 = ORIENTED_EDGE ( 'NONE', *, *, #4059, .F. ) ;
#3085 = FACE_OUTER_BOUND ( 'NONE', #4014, .T. ) ;
#3086 = EDGE_CURVE ( 'NONE', #1570, #3253, #2254, .T. ) ;
#3087 = LINE ( 'NONE', #1049, #3879 ) ;
#3088 = ORIENTED_EDGE ( 'NONE', *, *, #2050, .F. ) ;
#3089 = CARTESIAN_POINT ( 'NONE',  ( 0.000000000000000000, 1.500000000000000222, 0.000000000000000000 ) ) ;
#3090 = EDGE_CURVE ( 'NONE', #2605, #3064, #544, .T. ) ;
#3091 = PERSON_AND_ORGANIZATION ( #3496, #2467 ) ;
#3092 = DIRECTION ( 'NONE',  ( -1.821231995776175725E-16, -0.000000000000000000, -1.000000000000000000 ) ) ;
#3093 = ORIENTED_EDGE ( 'NONE', *, *, #749, .F. ) ;
#3094 = FACE_OUTER_BOUND ( 'NONE', #2250, .T. ) ;
#3095 = DIRECTION ( 'NONE',  ( 0.000000000000000000, 0.000000000000000000, 1.000000000000000000 ) ) ;
#3096 = PERSON_AND_ORGANIZATION ( #3496, #2467 ) ;
#3097 = PRODUCT ( 'Metal Sandwich Blue Motor Moutn^Blue Motor Mount Assem_Wooden Assembly Actual', 'Metal Sandwich Blue Motor Moutn^Blue Motor Mount Assem_Wooden Assembly Actual', '', ( #2623 ) ) ;
#3098 = DIRECTION ( 'NONE',  ( 0.000000000000000000, -0.000000000000000000, 1.000000000000000000 ) ) ;
#3099 = ORIENTED_EDGE ( 'NONE', *, *, #2968, .F. ) ;
#3100 = CARTESIAN_POINT ( 'NONE',  ( -37.50000000000000711, 1.500000000000000222, 12.00000000000000355 ) ) ;
#3101 = VECTOR ( 'NONE', #3592, 39.37007874015748143 ) ;
#3102 = CARTESIAN_POINT ( 'NONE',  ( -35.99999999999999289, 3.499999999999999112, -10.49999999999999822 ) ) ;
#3103 = VECTOR ( 'NONE', #3110, 39.37007874015748143 ) ;
#3104 = PERSON_AND_ORGANIZATION_ROLE ( 'classification_officer' ) ;
#3105 = CARTESIAN_POINT ( 'NONE',  ( 32.99999999999998579, 99.12500000000000000, -12.00000000000005151 ) ) ;
#3106 = EDGE_CURVE ( 'NONE', #3891, #2189, #2635, .T. ) ;
#3107 = EDGE_CURVE ( 'NONE', #2682, #2189, #3304, .T. ) ;
#3108 = ORIENTED_EDGE ( 'NONE', *, *, #3750, .F. ) ;
#3109 = DIRECTION ( 'NONE',  ( 0.8020875376492621056, 0.5972064818366790151, 0.000000000000000000 ) ) ;
#3110 = DIRECTION ( 'NONE',  ( -0.000000000000000000, -1.000000000000000000, -0.000000000000000000 ) ) ;
#3111 = ORIENTED_EDGE ( 'NONE', *, *, #3751, .T. ) ;
#3112 = CARTESIAN_POINT ( 'NONE',  ( -37.50000000000000711, 1.500000000000000222, 8.500000000000012434 ) ) ;
#3113 = APPROVAL_ROLE ( '' ) ;
#3114 = DIRECTION ( 'NONE',  ( 0.000000000000000000, -0.000000000000000000, 1.000000000000000000 ) ) ;
#3115 = EDGE_CURVE ( 'NONE', #433, #672, #143, .T. ) ;
#3116 = VERTEX_POINT ( 'NONE', #2974 ) ;
#3117 = LINE ( 'NONE', #1347, #1252 ) ;
#3118 = DATE_AND_TIME ( #331, #470 ) ;
#3119 = VERTEX_POINT ( 'NONE', #4332 ) ;
#3120 = FACE_OUTER_BOUND ( 'NONE', #2165, .T. ) ;
#3121 = EDGE_LOOP ( 'NONE', ( #1144, #3189, #3866, #2122 ) ) ;
#3122 = CARTESIAN_POINT ( 'NONE',  ( -36.00000000000000711, 1.500000000000000222, 12.00000000000000355 ) ) ;
#3123 = APPROVAL_STATUS ( 'not_yet_approved' ) ;
#3124 = DIRECTION ( 'NONE',  ( -0.000000000000000000, -1.000000000000000000, -0.000000000000000000 ) ) ;
#3125 = ORIENTED_EDGE ( 'NONE', *, *, #217, .F. ) ;
#3126 = CC_DESIGN_DATE_AND_TIME_ASSIGNMENT ( #3670, #893, ( #1341 ) ) ;
#3127 = LINE ( 'NONE', #450, #778 ) ;
#3128 = CC_DESIGN_DATE_AND_TIME_ASSIGNMENT ( #2918, #3874, ( #767 ) ) ;
#3129 = VECTOR ( 'NONE', #664, 39.37007874015748143 ) ;
#3130 = DIRECTION ( 'NONE',  ( 1.000000000000000000, 0.000000000000000000, 0.000000000000000000 ) ) ;
#3131 = PRODUCT_DEFINITION_FORMATION_WITH_SPECIFIED_SOURCE ( 'ANY', '', #2776, .NOT_KNOWN. ) ;
#3132 = EDGE_CURVE ( 'NONE', #2238, #433, #906, .T. ) ;
#3133 = VECTOR ( 'NONE', #2840, 39.37007874015748143 ) ;
#3134 = LINE ( 'NONE', #4155, #1103 ) ;
#3135 = ORIENTED_EDGE ( 'NONE', *, *, #4389, .F. ) ;
#3136 = LINE ( 'NONE', #3863, #1544 ) ;
#3137 = VECTOR ( 'NONE', #882, 39.37007874015748143 ) ;
#3138 = APPROVAL_DATE_TIME ( #1756, #2286 ) ;
#3139 = ORIENTED_EDGE ( 'NONE', *, *, #1367, .F. ) ;
#3140 = LINE ( 'NONE', #357, #4440 ) ;
#3141 = VERTEX_POINT ( 'NONE', #1883 ) ;
#3142 = AXIS2_PLACEMENT_3D ( 'NONE', #336, #3434, #2469 ) ;
#3143 = LINE ( 'NONE', #4187, #100 ) ;
#3144 = EDGE_CURVE ( 'NONE', #1479, #3169, #567, .T. ) ;
#3145 = APPROVAL_ROLE ( '' ) ;
#3146 = CARTESIAN_POINT ( 'NONE',  ( -33.00000000000000711, 99.12500000000000000, 11.99999999999999822 ) ) ;
#3147 = ORIENTED_EDGE ( 'NONE', *, *, #1617, .F. ) ;
#3148 = LOCAL_TIME ( 22, 35, 5.000000000000000000, #3397 ) ;
#3149 = DIRECTION ( 'NONE',  ( 1.000000000000000000, 0.000000000000000000, 0.000000000000000000 ) ) ;
#3150 = APPROVAL_PERSON_ORGANIZATION ( #1132, #605, #514 ) ;
#3151 = PLANE ( 'NONE',  #3767 ) ;
#3152 = VECTOR ( 'NONE', #3649, 39.37007874015748143 ) ;
#3153 = LINE ( 'NONE', #2530, #378 ) ;
#3154 = ORIENTED_EDGE ( 'NONE', *, *, #611, .T. ) ;
#3155 = ADVANCED_FACE ( 'NONE', ( #3325 ), #224, .F. ) ;
#3156 = EDGE_CURVE ( 'NONE', #2304, #3440, #844, .T. ) ;
#3157 = DIRECTION ( 'NONE',  ( 0.000000000000000000, 0.000000000000000000, -1.000000000000000000 ) ) ;
#3158 = APPROVAL_DATE_TIME ( #2462, #1580 ) ;
#3159 = ORIENTED_EDGE ( 'NONE', *, *, #575, .F. ) ;
#3160 = LINE ( 'NONE', #57, #2671 ) ;
#3161 = VERTEX_POINT ( 'NONE', #4403 ) ;
#3162 = ADVANCED_FACE ( 'NONE', ( #2382 ), #3061, .T. ) ;
#3163 = DIRECTION ( 'NONE',  ( -1.000000000000000000, 0.000000000000000000, -0.000000000000000000 ) ) ;
#3164 = PERSON_AND_ORGANIZATION_ROLE ( 'creator' ) ;
#3165 = DATE_TIME_ROLE ( 'classification_date' ) ;
#3166 = CARTESIAN_POINT ( 'NONE',  ( 36.00000000000000000, 3.500000000000000000, 10.50000000000000000 ) ) ;
#3167 = ADVANCED_FACE ( 'NONE', ( #588 ), #950, .T. ) ;
#3168 = VECTOR ( 'NONE', #2745, 39.37007874015748143 ) ;
#3169 = VERTEX_POINT ( 'NONE', #1336 ) ;
#3170 = DIRECTION ( 'NONE',  ( -2.913971193241880766E-16, 0.000000000000000000, -1.000000000000000000 ) ) ;
#3171 = AXIS2_PLACEMENT_3D ( 'NONE', #2445, #2763, #3430 ) ;
#3172 = ADVANCED_BREP_SHAPE_REPRESENTATION ( '', ( #2317, #2270, #2426 ), #653 ) ;
#3173 = DIRECTION ( 'NONE',  ( 1.000000000000000000, 0.000000000000000000, 0.000000000000000000 ) ) ;
#3174 = VECTOR ( 'NONE', #256, 39.37007874015748143 ) ;
#3175 = LINE ( 'NONE', #146, #4049 ) ;
#3176 = ORIENTED_EDGE ( 'NONE', *, *, #4338, .T. ) ;
#3177 = CARTESIAN_POINT ( 'NONE',  ( 27.49999999999998934, 100.8750000000000000, -12.00000000000004263 ) ) ;
#3178 = SHAPE_DEFINITION_REPRESENTATION ( #344, #1482 ) ;
#3179 = ORIENTED_EDGE ( 'NONE', *, *, #727, .F. ) ;
#3180 = CC_DESIGN_PERSON_AND_ORGANIZATION_ASSIGNMENT ( #1973, #212, ( #3097 ) ) ;
#3181 = CARTESIAN_POINT ( 'NONE',  ( 36.00000000000000000, 3.500000000000000000, -11.99999999999999822 ) ) ;
#3182 = ORIENTED_EDGE ( 'NONE', *, *, #145, .T. ) ;
#3183 = CC_DESIGN_DATE_AND_TIME_ASSIGNMENT ( #3226, #4204, ( #4022 ) ) ;
#3184 = DIRECTION ( 'NONE',  ( -1.000000000000000000, -0.000000000000000000, -0.000000000000000000 ) ) ;
#3185 = PERSON_AND_ORGANIZATION ( #3496, #2467 ) ;
#3186 = CARTESIAN_POINT ( 'NONE',  ( -33.00000000000000711, 98.99999999999998579, 11.99999999999999822 ) ) ;
#3187 = ITEM_DEFINED_TRANSFORMATION ( 'NONE', 'NONE', #1882,  #1020 ) ;
#3188 = EDGE_CURVE ( 'NONE', #1239, #2899, #976, .T. ) ;
#3189 = ORIENTED_EDGE ( 'NONE', *, *, #4324, .F. ) ;
#3190 = CARTESIAN_POINT ( 'NONE',  ( 39.97487373415291501, 76.01902961143720461, 13.50000000000000355 ) ) ;
#3191 = APPLICATION_CONTEXT ( 'configuration controlled 3d designs of mechanical parts and assemblies' ) ;
#3192 = PRODUCT_DEFINITION_SHAPE ( 'NONE', 'NONE',  #1192 ) ;
#3193 = VERTEX_POINT ( 'NONE', #1700 ) ;
#3194 = COORDINATED_UNIVERSAL_TIME_OFFSET ( 8, 0, .BEHIND. ) ;
#3195 = DIRECTION ( 'NONE',  ( -0.000000000000000000, -0.000000000000000000, -1.000000000000000000 ) ) ;
#3196 = LINE ( 'NONE', #798, #3277 ) ;
#3197 = FACE_OUTER_BOUND ( 'NONE', #2391, .T. ) ;
#3198 = ORIENTED_EDGE ( 'NONE', *, *, #2942, .F. ) ;
#3199 = CARTESIAN_POINT ( 'NONE',  ( 32.99999999999998579, 100.6250000000000000, -12.00000000000005151 ) ) ;
#3200 = PERSON_AND_ORGANIZATION ( #3496, #2467 ) ;
#3201 = DIRECTION ( 'NONE',  ( 0.7071067811865494601, 0.7071067811865456854, -0.000000000000000000 ) ) ;
#3202 = ORIENTED_EDGE ( 'NONE', *, *, #760, .T. ) ;
#3203 = VECTOR ( 'NONE', #4263, 39.37007874015748143 ) ;
#3204 = CARTESIAN_POINT ( 'NONE',  ( -37.50000000000000711, 1.500000000000000222, -11.99999999999999822 ) ) ;
#3205 = CALENDAR_DATE ( 2026, 25, 3 ) ;
#3206 = APPROVAL ( #3793, 'UNSPECIFIED' ) ;
#3207 = VECTOR ( 'NONE', #1947, 39.37007874015748143 ) ;
#3208 = DIRECTION ( 'NONE',  ( -1.000000000000000000, 0.000000000000000000, 1.589438832677390029E-15 ) ) ;
#3209 = SECURITY_CLASSIFICATION_LEVEL ( 'unclassified' ) ;
#3210 = EDGE_LOOP ( 'NONE', ( #1736, #2486, #3952, #1670 ) ) ;
#3211 = CARTESIAN_POINT ( 'NONE',  ( 0.000000000000000000, 3.500000000000000000, 0.000000000000000000 ) ) ;
#3212 = VECTOR ( 'NONE', #4023, 39.37007874015748143 ) ;
#3213 = EDGE_CURVE ( 'NONE', #2189, #2715, #2700, .T. ) ;
#3214 = ORIENTED_EDGE ( 'NONE', *, *, #1413, .T. ) ;
#3215 = COORDINATED_UNIVERSAL_TIME_OFFSET ( 8, 0, .BEHIND. ) ;
#3216 = DIRECTION ( 'NONE',  ( 0.000000000000000000, 0.000000000000000000, -1.000000000000000000 ) ) ;
#3217 = LOCAL_TIME ( 22, 35, 5.000000000000000000, #1353 ) ;
#3218 = CARTESIAN_POINT ( 'NONE',  ( -1.749999999999986455, 49.49999999999998579, -11.99999999999999822 ) ) ;
#3219 =( NAMED_UNIT ( * ) PLANE_ANGLE_UNIT ( ) SI_UNIT ( $, .RADIAN. ) );
#3220 = SECURITY_CLASSIFICATION ( '', '', #4345 ) ;
#3221 = DIRECTION ( 'NONE',  ( 0.000000000000000000, 0.000000000000000000, -1.000000000000000000 ) ) ;
#3222 = LOCAL_TIME ( 22, 35, 5.000000000000000000, #2761 ) ;
#3223 = EDGE_LOOP ( 'NONE', ( #3650, #58, #839, #1216 ) ) ;
#3224 = EDGE_CURVE ( 'NONE', #2693, #2481, #2657, .T. ) ;
#3225 = CARTESIAN_POINT ( 'NONE',  ( 0.000000000000000000, 95.49999999999998579, -10.49999999999999822 ) ) ;
#3226 = DATE_AND_TIME ( #1453, #905 ) ;
#3227 = CARTESIAN_POINT ( 'NONE',  ( 37.50000000000000711, 73.54415587728428250, 12.00000000000000355 ) ) ;
#3228 = DIRECTION ( 'NONE',  ( 1.000000000000000000, 0.000000000000000000, -2.913971193241880766E-16 ) ) ;
#3229 = CALENDAR_DATE ( 2026, 25, 3 ) ;
#3230 = DIRECTION ( 'NONE',  ( 1.000000000000000000, 0.000000000000000000, -1.821231995776175479E-16 ) ) ;
#3231 = PERSON_AND_ORGANIZATION ( #2751, #1631 ) ;
#3232 = ORIENTED_EDGE ( 'NONE', *, *, #2607, .F. ) ;
#3233 = DIRECTION ( 'NONE',  ( 0.000000000000000000, 0.000000000000000000, -1.000000000000000000 ) ) ;
#3234 = VERTEX_POINT ( 'NONE', #2750 ) ;
#3235 = SHAPE_DEFINITION_REPRESENTATION ( #3192, #1842 ) ;
#3236 = EDGE_CURVE ( 'NONE', #282, #813, #3038, .T. ) ;
#3237 = LINE ( 'NONE', #3613, #1284 ) ;
#3238 = VECTOR ( 'NONE', #4174, 39.37007874015748143 ) ;
#3239 = CC_DESIGN_DATE_AND_TIME_ASSIGNMENT ( #1615, #228, ( #2102 ) ) ;
#3240 = DIRECTION ( 'NONE',  ( 0.7071067811865455743, 0.7071067811865493491, -0.000000000000000000 ) ) ;
#3241 = CARTESIAN_POINT ( 'NONE',  ( 0.000000000000000000, 0.000000000000000000, 0.000000000000000000 ) ) ;
#3242 = VECTOR ( 'NONE', #1581, 39.37007874015748143 ) ;
#3243 = CARTESIAN_POINT ( 'NONE',  ( 22.75000000000001421, 98.99999999999998579, 11.99999999999999289 ) ) ;
#3244 = ADVANCED_FACE ( 'NONE', ( #4082 ), #2057, .T. ) ;
#3245 = ORIENTED_EDGE ( 'NONE', *, *, #807, .T. ) ;
#3246 = CARTESIAN_POINT ( 'NONE',  ( 37.50000000000000000, 0.000000000000000000, -11.99999999999998934 ) ) ;
#3247 = APPROVAL_ROLE ( '' ) ;
#3248 = CARTESIAN_POINT ( 'NONE',  ( -22.75000000000000711, 99.12500000000000000, -12.00000000000000533 ) ) ;
#3249 = CARTESIAN_POINT ( 'NONE',  ( -37.50000000000000711, 73.54415587728428250, 13.50000000000000355 ) ) ;
#3250 = CALENDAR_DATE ( 2026, 25, 3 ) ;
#3251 = CARTESIAN_POINT ( 'NONE',  ( 37.50000000000000000, 0.000000000000000000, -11.99999999999998934 ) ) ;
#3252 = PERSON_AND_ORGANIZATION ( #2303, #3507 ) ;
#3253 = VERTEX_POINT ( 'NONE', #1000 ) ;
#3254 = LINE ( 'NONE', #3962, #4016 ) ;
#3255 = LOCAL_TIME ( 22, 35, 5.000000000000000000, #2207 ) ;
#3256 = SHAPE_REPRESENTATION ( 'Bottom Frame^Wooden Assembly Actual', ( #2426 ), #2858 ) ;
#3257 = ORIENTED_EDGE ( 'NONE', *, *, #3132, .F. ) ;
#3258 = CALENDAR_DATE ( 2026, 25, 3 ) ;
#3259 = DIRECTION ( 'NONE',  ( -0.7071067811865484609, -0.7071067811865464625, 0.000000000000000000 ) ) ;
#3260 = DIRECTION ( 'NONE',  ( -0.000000000000000000, -1.000000000000000000, -0.000000000000000000 ) ) ;
#3261 = EDGE_CURVE ( 'NONE', #282, #1314, #1290, .T. ) ;
#3262 = CC_DESIGN_PERSON_AND_ORGANIZATION_ASSIGNMENT ( #1585, #1265, ( #396 ) ) ;
#3263 = DIRECTION ( 'NONE',  ( -1.000000000000000000, 0.000000000000000000, 0.000000000000000000 ) ) ;
#3264 = ORIENTED_EDGE ( 'NONE', *, *, #1793, .T. ) ;
#3265 = CARTESIAN_POINT ( 'NONE',  ( -36.00000000000000000, 0.000000000000000000, 10.50000000000000000 ) ) ;
#3266 = ADVANCED_FACE ( 'NONE', ( #2034 ), #4012, .F. ) ;
#3267 = CALENDAR_DATE ( 2026, 25, 3 ) ;
#3268 = AXIS2_PLACEMENT_3D ( 'NONE', #1616, #4039, #4337 ) ;
#3269 = DIRECTION ( 'NONE',  ( -0.000000000000000000, -1.000000000000000000, -0.000000000000000000 ) ) ;
#3270 = AXIS2_PLACEMENT_3D ( 'NONE', #4430, #271, #4037 ) ;
#3271 = ADVANCED_FACE ( 'NONE', ( #3085 ), #316, .T. ) ;
#3272 = CARTESIAN_POINT ( 'NONE',  ( -22.75000000000000711, 99.12500000000000000, -12.00000000000000533 ) ) ;
#3273 = APPROVAL_STATUS ( 'not_yet_approved' ) ;
#3274 = CARTESIAN_POINT ( 'NONE',  ( -33.00000000000001421, 100.6250000000000000, -12.00000000000000355 ) ) ;
#3275 = COORDINATED_UNIVERSAL_TIME_OFFSET ( 8, 0, .BEHIND. ) ;
#3276 = ORIENTED_EDGE ( 'NONE', *, *, #3681, .T. ) ;
#3277 = VECTOR ( 'NONE', #1406, 39.37007874015748143 ) ;
#3278 = DIRECTION ( 'NONE',  ( 0.000000000000000000, -0.000000000000000000, 1.000000000000000000 ) ) ;
#3279 = EDGE_CURVE ( 'NONE', #3696, #604, #1632, .T. ) ;
#3280 = EDGE_LOOP ( 'NONE', ( #4241, #2360, #1149, #2901 ) ) ;
#3281 = VECTOR ( 'NONE', #1738, 39.37007874015748143 ) ;
#3282 = DATE_AND_TIME ( #1860, #1626 ) ;
#3283 = DIRECTION ( 'NONE',  ( 0.000000000000000000, -1.000000000000000000, 0.000000000000000000 ) ) ;
#3284 = VECTOR ( 'NONE', #3624, 39.37007874015748143 ) ;
#3285 = DIRECTION ( 'NONE',  ( 0.000000000000000000, 0.000000000000000000, 1.000000000000000000 ) ) ;
#3286 = VERTEX_POINT ( 'NONE', #2404 ) ;
#3287 = DIRECTION ( 'NONE',  ( 0.000000000000000000, -1.000000000000000000, -0.000000000000000000 ) ) ;
#3288 = ORGANIZATION ( 'NAUO-ORG2', 'UNSPECIFIED', 'UNSPECIFIED' ) ;
#3289 = PERSON_AND_ORGANIZATION_ROLE ( 'design_supplier' ) ;
#3290 = LINE ( 'NONE', #1913, #2775 ) ;
#3291 = EDGE_CURVE ( 'NONE', #3141, #630, #2325, .T. ) ;
#3292 = APPROVAL_PERSON_ORGANIZATION ( #1443, #3533, #3145 ) ;
#3293 = PLANE ( 'NONE',  #4427 ) ;
#3294 = COORDINATED_UNIVERSAL_TIME_OFFSET ( 8, 0, .BEHIND. ) ;
#3295 = FACE_OUTER_BOUND ( 'NONE', #1955, .T. ) ;
#3296 = DATE_AND_TIME ( #2246, #4363 ) ;
#3297 = ORIENTED_EDGE ( 'NONE', *, *, #427, .F. ) ;
#3298 = LINE ( 'NONE', #1856, #3242 ) ;
#3299 = PRODUCT ( 'Bottom Frame^Wooden Assembly Actual', 'Bottom Frame^Wooden Assembly Actual', '', ( #1161 ) ) ;
#3300 = ORIENTED_EDGE ( 'NONE', *, *, #2717, .F. ) ;
#3301 = APPROVAL_STATUS ( 'not_yet_approved' ) ;
#3302 = DIRECTION ( 'NONE',  ( -1.821231995776174986E-16, 0.000000000000000000, -1.000000000000000000 ) ) ;
#3303 = ADVANCED_FACE ( 'NONE', ( #3346 ), #3765, .F. ) ;
#3304 = LINE ( 'NONE', #1543, #3488 ) ;
#3305 = AXIS2_PLACEMENT_3D ( 'NONE', #405, #1768, #1070 ) ;
#3306 = ORIENTED_EDGE ( 'NONE', *, *, #28, .T. ) ;
#3307 = DIRECTION ( 'NONE',  ( -0.000000000000000000, -1.000000000000000000, -0.000000000000000000 ) ) ;
#3308 = AXIS2_PLACEMENT_3D ( 'NONE', #1535, #3318, #1177 ) ;
#3309 = SHAPE_DEFINITION_REPRESENTATION ( #303, #2295 ) ;
#3310 = CARTESIAN_POINT ( 'NONE',  ( 0.000000000000000000, 99.12500000000000000, 0.000000000000000000 ) ) ;
#3312 = EDGE_CURVE ( 'NONE', #2605, #2280, #3016, .T. ) ;
#3311 = DIRECTION ( 'NONE',  ( -1.000000000000000000, -0.000000000000000000, 2.913971193241880766E-16 ) ) ;
#3313 = EDGE_CURVE ( 'NONE', #559, #1340, #4379, .T. ) ;
#3314 = DATE_AND_TIME ( #1553, #1483 ) ;
#3315 = DIRECTION ( 'NONE',  ( 0.7071067811865473507, 0.7071067811865477948, -0.000000000000000000 ) ) ;
#3316 = ORIENTED_EDGE ( 'NONE', *, *, #3107, .T. ) ;
#3317 = CC_DESIGN_PERSON_AND_ORGANIZATION_ASSIGNMENT ( #3096, #2045, ( #1960 ) ) ;
#3318 = DIRECTION ( 'NONE',  ( 1.000000000000000000, 0.000000000000000000, -1.274862397043323821E-15 ) ) ;
#3319 = VECTOR ( 'NONE', #939, 39.37007874015748143 ) ;
#3320 = ORIENTED_EDGE ( 'NONE', *, *, #2076, .F. ) ;
#3321 = CARTESIAN_POINT ( 'NONE',  ( 0.000000000000000000, 0.000000000000000000, 0.000000000000000000 ) ) ;
#3322 = ORIENTED_EDGE ( 'NONE', *, *, #3115, .F. ) ;
#3323 = CARTESIAN_POINT ( 'NONE',  ( -36.00000000000000711, 1.500000000000000222, -8.500000000000008882 ) ) ;
#3324 = APPROVAL_PERSON_ORGANIZATION ( #368, #1299, #1295 ) ;
#3325 = FACE_OUTER_BOUND ( 'NONE', #1454, .T. ) ;
#3326 = ORIENTED_EDGE ( 'NONE', *, *, #3681, .F. ) ;
#3327 = CARTESIAN_POINT ( 'NONE',  ( -27.50000000000001066, 99.12500000000000000, 11.99999999999999822 ) ) ;
#3328 = ADVANCED_FACE ( 'NONE', ( #1379 ), #2771, .F. ) ;
#3329 = PERSON_AND_ORGANIZATION ( #3496, #2467 ) ;
#3330 = CARTESIAN_POINT ( 'NONE',  ( 36.00000000000000000, 97.50000000000001421, 12.00000000000000355 ) ) ;
#3331 = PLANE ( 'NONE',  #1840 ) ;
#3332 = APPROVAL_STATUS ( 'not_yet_approved' ) ;
#3333 = DIRECTION ( 'NONE',  ( 1.821231995776175725E-16, 0.000000000000000000, 1.000000000000000000 ) ) ;
#3334 = PERSON_AND_ORGANIZATION ( #1121, #548 ) ;
#3335 = EDGE_LOOP ( 'NONE', ( #3597, #1292, #3774, #380 ) ) ;
#3336 = CARTESIAN_POINT ( 'NONE',  ( 36.00000000000000711, 1.500000000000000222, 8.500000000000012434 ) ) ;
#3337 = ORIENTED_EDGE ( 'NONE', *, *, #3483, .F. ) ;
#3338 = CC_DESIGN_PERSON_AND_ORGANIZATION_ASSIGNMENT ( #321, #3705, ( #2262 ) ) ;
#3339 = AXIS2_PLACEMENT_3D ( 'NONE', #2305, #2361, #3065 ) ;
#3340 = DATE_AND_TIME ( #1674, #1055 ) ;
#3341 = CARTESIAN_POINT ( 'NONE',  ( 0.000000000000000000, 99.12500000000000000, 0.000000000000000000 ) ) ;
#3342 = UNCERTAINTY_MEASURE_WITH_UNIT (LENGTH_MEASURE( 1.000000000000000082E-05 ), #2706, 'distance_accuracy_value', 'NONE');
#3343 = ADVANCED_FACE ( 'NONE', ( #3094 ), #4040, .F. ) ;
#3344 = EDGE_CURVE ( 'NONE', #685, #3779, #4067, .T. ) ;
#3345 = VECTOR ( 'NONE', #3366, 39.37007874015748143 ) ;
#3346 = FACE_OUTER_BOUND ( 'NONE', #98, .T. ) ;
#3347 = AXIS2_PLACEMENT_3D ( 'NONE', #3534, #1501, #2131 ) ;
#3348 = EDGE_CURVE ( 'NONE', #2693, #1036, #2687, .T. ) ;
#3349 = ORIENTED_EDGE ( 'NONE', *, *, #2874, .F. ) ;
#3350 = CARTESIAN_POINT ( 'NONE',  ( -39.97487373415291501, 76.01902961143720461, 13.50000000000000355 ) ) ;
#3351 = COORDINATED_UNIVERSAL_TIME_OFFSET ( 8, 0, .BEHIND. ) ;
#3352 = CARTESIAN_POINT ( 'NONE',  ( -27.50000000000001421, 98.99999999999998579, -12.00000000000000355 ) ) ;
#3353 = EDGE_CURVE ( 'NONE', #3440, #1545, #4093, .T. ) ;
#3354 = CC_DESIGN_APPROVAL ( #3076, ( #110 ) ) ;
#3355 = APPROVAL_PERSON_ORGANIZATION ( #2667, #2309, #1596 ) ;
#3356 = CARTESIAN_POINT ( 'NONE',  ( 32.50000000000000711, 3.500000000000001332, -11.99999999999999822 ) ) ;
#3357 = CALENDAR_DATE ( 2026, 25, 3 ) ;
#3358 = PLANE ( 'NONE',  #1421 ) ;
#3359 = VERTEX_POINT ( 'NONE', #2368 ) ;
#3360 = CC_DESIGN_SECURITY_CLASSIFICATION ( #2937, ( #4466 ) ) ;
#3361 = CARTESIAN_POINT ( 'NONE',  ( 32.99999999999998579, 99.12500000000000000, -12.00000000000005151 ) ) ;
#3362 = EDGE_LOOP ( 'NONE', ( #3759, #745, #2984, #13 ) ) ;
#3363 = DATE_AND_TIME ( #2655, #3433 ) ;
#3364 = LINE ( 'NONE', #678, #1938 ) ;
#3365 = VERTEX_POINT ( 'NONE', #623 ) ;
#3366 = DIRECTION ( 'NONE',  ( 0.000000000000000000, 0.000000000000000000, -1.000000000000000000 ) ) ;
#3367 = ADVANCED_FACE ( 'NONE', ( #645 ), #985, .T. ) ;
#3368 = DIRECTION ( 'NONE',  ( -1.000000000000000000, 0.000000000000000000, 0.000000000000000000 ) ) ;
#3369 = PRODUCT_RELATED_PRODUCT_CATEGORY ( 'detail', '', ( #3097 ) ) ;
#3370 = ORIENTED_EDGE ( 'NONE', *, *, #1307, .T. ) ;
#3371 = DIRECTION ( 'NONE',  ( -0.7071067811865474617, -0.7071067811865474617, -0.000000000000000000 ) ) ;
#3372 = EDGE_CURVE ( 'NONE', #395, #3119, #2020, .T. ) ;
#3373 = DATE_AND_TIME ( #1994, #3637 ) ;
#3374 = PLANE ( 'NONE',  #2557 ) ;
#3375 = CLOSED_SHELL ( 'NONE', ( #660, #3593, #1426, #1437, #3271, #2100 ) ) ;
#3376 = DIRECTION ( 'NONE',  ( -1.000000000000000000, 0.000000000000000000, -0.000000000000000000 ) ) ;
#3377 = CARTESIAN_POINT ( 'NONE',  ( -27.50000000000001421, 100.6250000000000000, -12.00000000000000355 ) ) ;
#3378 = COORDINATED_UNIVERSAL_TIME_OFFSET ( 8, 0, .BEHIND. ) ;
#3379 = LINE ( 'NONE', #965, #2463 ) ;
#3380 = AXIS2_PLACEMENT_3D ( 'NONE', #3211, #1402, #361 ) ;
#3381 = ORIENTED_EDGE ( 'NONE', *, *, #154, .T. ) ;
#3382 = CARTESIAN_POINT ( 'NONE',  ( 0.000000000000000000, 100.6250000000000000, 0.000000000000000000 ) ) ;
#3383 = PERSON ( 'NAUO-PER10', 'UNSPECIFIED', 'UNSPECIFIED', ('UNSPECIFIED'), ('UNSPECIFIED'), ('UNSPECIFIED') ) ;
#3384 = VERTEX_POINT ( 'NONE', #3755 ) ;
#3385 = CARTESIAN_POINT ( 'NONE',  ( 0.000000000000000000, 0.000000000000000000, 0.000000000000000000 ) ) ;
#3386 = COORDINATED_UNIVERSAL_TIME_OFFSET ( 8, 0, .BEHIND. ) ;
#3387 = LINE ( 'NONE', #1377, #4092 ) ;
#3388 = VERTEX_POINT ( 'NONE', #667 ) ;
#3389 = DIRECTION ( 'NONE',  ( 0.000000000000000000, 0.000000000000000000, -1.000000000000000000 ) ) ;
#3390 = CARTESIAN_POINT ( 'NONE',  ( 22.75000000000000711, 99.12500000000000000, -12.00000000000001243 ) ) ;
#3391 = LOCAL_TIME ( 22, 35, 5.000000000000000000, #2832 ) ;
#3392 = VERTEX_POINT ( 'NONE', #3400 ) ;
#3393 = ADVANCED_FACE ( 'NONE', ( #1031 ), #3024, .F. ) ;
#3394 = SHAPE_REPRESENTATION ( 'Bottom Frame Width^Wooden Assembly Actual', ( #2426 ), #3425 ) ;
#3395 = DIRECTION ( 'NONE',  ( 0.7071067811865484609, 0.7071067811865465735, -0.000000000000000000 ) ) ;
#3396 = CC_DESIGN_PERSON_AND_ORGANIZATION_ASSIGNMENT ( #347, #620, ( #1409 ) ) ;
#3397 = COORDINATED_UNIVERSAL_TIME_OFFSET ( 8, 0, .BEHIND. ) ;
#3398 = LINE ( 'NONE', #4409, #3129 ) ;
#3399 = EDGE_CURVE ( 'NONE', #1811, #1279, #4390, .T. ) ;
#3400 = CARTESIAN_POINT ( 'NONE',  ( -32.50000000000003553, 95.50000000000000000, -11.99999999999999822 ) ) ;
#3401 = CARTESIAN_POINT ( 'NONE',  ( 27.49999999999998934, 98.99999999999998579, -12.00000000000004263 ) ) ;
#3402 = COORDINATED_UNIVERSAL_TIME_OFFSET ( 8, 0, .BEHIND. ) ;
#3403 = DIRECTION ( 'NONE',  ( 1.274862397043323624E-15, 0.000000000000000000, 1.000000000000000000 ) ) ;
#3404 = ORIENTED_EDGE ( 'NONE', *, *, #3115, .T. ) ;
#3405 = PLANE ( 'NONE',  #2597 ) ;
#3406 = CC_DESIGN_APPROVAL ( #3460, ( #1383 ) ) ;
#3407 = ORIENTED_EDGE ( 'NONE', *, *, #1032, .F. ) ;
#3408 = DIRECTION ( 'NONE',  ( -1.821231995776175725E-16, 0.000000000000000000, -1.000000000000000000 ) ) ;
#3409 = CALENDAR_DATE ( 2026, 25, 3 ) ;
#3410 = CARTESIAN_POINT ( 'NONE',  ( -36.00000000000000711, 3.500000000000000000, 12.00000000000000355 ) ) ;
#3411 = ADVANCED_FACE ( 'NONE', ( #3050 ), #2042, .F. ) ;
#3412 = EDGE_LOOP ( 'NONE', ( #1775, #2658, #1066, #2541 ) ) ;
#3413 = DIRECTION ( 'NONE',  ( 0.000000000000000000, -0.000000000000000000, -1.000000000000000000 ) ) ;
#3414 = VECTOR ( 'NONE', #3884, 39.37007874015748143 ) ;
#3415 = CC_DESIGN_SECURITY_CLASSIFICATION ( #1540, ( #3131 ) ) ;
#3416 =( REPRESENTATION_RELATIONSHIP ('NONE','NONE', #989, #3256 ) REPRESENTATION_RELATIONSHIP_WITH_TRANSFORMATION ( #1650 )SHAPE_REPRESENTATION_RELATIONSHIP( ) );
#3417 = LINE ( 'NONE', #3390, #3103 ) ;
#3418 = VECTOR ( 'NONE', #2950, 39.37007874015748143 ) ;
#3419 = ORIENTED_EDGE ( 'NONE', *, *, #4173, .T. ) ;
#3420 = CARTESIAN_POINT ( 'NONE',  ( -36.00000000000000711, 0.000000000000000000, 12.00000000000000355 ) ) ;
#3421 = AXIS2_PLACEMENT_3D ( 'NONE', #1546, #4015, #4270 ) ;
#3422 = PERSON_AND_ORGANIZATION_ROLE ( 'creator' ) ;
#3423 = CARTESIAN_POINT ( 'NONE',  ( -22.75000000000000711, 99.12500000000000000, -12.00000000000000533 ) ) ;
#3424 = ORIENTED_EDGE ( 'NONE', *, *, #3313, .F. ) ;
#3425 =( GEOMETRIC_REPRESENTATION_CONTEXT ( 3 ) GLOBAL_UNCERTAINTY_ASSIGNED_CONTEXT ( ( #500 ) ) GLOBAL_UNIT_ASSIGNED_CONTEXT ( ( #3732, #2418, #4139 ) ) REPRESENTATION_CONTEXT ( 'NONE', 'WORKASPACE' ) );
#3426 = DIRECTION ( 'NONE',  ( -0.8020875376492621056, 0.5972064818366790151, 0.000000000000000000 ) ) ;
#3427 = APPROVAL_ROLE ( '' ) ;
#3428 = ORIENTED_EDGE ( 'NONE', *, *, #51, .T. ) ;
#3429 = EDGE_CURVE ( 'NONE', #1036, #3675, #327, .T. ) ;
#3430 = DIRECTION ( 'NONE',  ( 0.000000000000000000, -0.000000000000000000, -1.000000000000000000 ) ) ;
#3431 = ORIENTED_EDGE ( 'NONE', *, *, #1991, .T. ) ;
#3432 = CARTESIAN_POINT ( 'NONE',  ( 0.000000000000000000, 3.500000000000000000, -11.99999999999999822 ) ) ;
#3433 = LOCAL_TIME ( 22, 35, 5.000000000000000000, #631 ) ;
#3434 = DIRECTION ( 'NONE',  ( 0.000000000000000000, -0.000000000000000000, 1.000000000000000000 ) ) ;
#3435 = APPROVAL_PERSON_ORGANIZATION ( #4445, #662, #3461 ) ;
#3436 = DATE_AND_TIME ( #3501, #3217 ) ;
#3437 = APPROVAL_PERSON_ORGANIZATION ( #3200, #3831, #804 ) ;
#3438 = CARTESIAN_POINT ( 'NONE',  ( -33.00000000000001421, 98.99999999999998579, -12.00000000000000355 ) ) ;
#3439 = AXIS2_PLACEMENT_3D ( 'NONE', #2963, #2000, #1668 ) ;
#3440 = VERTEX_POINT ( 'NONE', #253 ) ;
#3441 = CARTESIAN_POINT ( 'NONE',  ( 0.000000000000000000, 97.50000000000001421, 0.000000000000000000 ) ) ;
#3442 = EDGE_CURVE ( 'NONE', #3837, #3234, #1640, .T. ) ;
#3443 = PLANE ( 'NONE',  #1361 ) ;
#3444 = EDGE_LOOP ( 'NONE', ( #4205, #1436, #4172, #2869 ) ) ;
#3445 = FACE_OUTER_BOUND ( 'NONE', #2144, .T. ) ;
#3446 =( NAMED_UNIT ( * ) SI_UNIT ( $, .STERADIAN. ) SOLID_ANGLE_UNIT ( ) );
#3447 = PERSON_AND_ORGANIZATION ( #3496, #2467 ) ;
#3448 = CARTESIAN_POINT ( 'NONE',  ( 27.50000000000001776, 99.12500000000000000, 11.99999999999993783 ) ) ;
#3449 = EDGE_LOOP ( 'NONE', ( #109, #3498, #1843, #2975 ) ) ;
#3450 = DIRECTION ( 'NONE',  ( 1.000000000000000000, 0.000000000000000000, 5.827942386483757588E-15 ) ) ;
#3451 = APPROVAL_DATE_TIME ( #3778, #1110 ) ;
#3452 = ORIENTED_EDGE ( 'NONE', *, *, #3953, .T. ) ;
#3453 = PRODUCT_DEFINITION_SHAPE ( 'NONE', 'NONE',  #4022 ) ;
#3454 = PLANE ( 'NONE',  #2084 ) ;
#3455 = ORIENTED_EDGE ( 'NONE', *, *, #2801, .T. ) ;
#3456 = AXIS2_PLACEMENT_3D ( 'NONE', #2971, #2656, #3302 ) ;
#3457 = EDGE_CURVE ( 'NONE', #2229, #282, #14, .T. ) ;
#3458 = CARTESIAN_POINT ( 'NONE',  ( -36.00000000000000711, 3.500000000000000000, -11.99999999999999822 ) ) ;
#3459 = AXIS2_PLACEMENT_3D ( 'NONE', #2856, #1464, #4215 ) ;
#3460 = APPROVAL ( #1548, 'UNSPECIFIED' ) ;
#3461 = APPROVAL_ROLE ( '' ) ;
#3462 = CARTESIAN_POINT ( 'NONE',  ( 0.000000000000000000, 98.99999999999998579, 0.000000000000000000 ) ) ;
#3463 = AXIS2_PLACEMENT_3D ( 'NONE', #465, #1174, #3520 ) ;
#3464 = EDGE_CURVE ( 'NONE', #87, #2114, #1687, .T. ) ;
#3465 = ORIENTED_EDGE ( 'NONE', *, *, #2366, .F. ) ;
#3466 = DIRECTION ( 'NONE',  ( -0.5972064818366790151, 0.8020875376492619946, 0.000000000000000000 ) ) ;
#3467 = DIRECTION ( 'NONE',  ( -0.000000000000000000, -1.000000000000000000, -0.000000000000000000 ) ) ;
#3468 = DATE_TIME_ROLE ( 'classification_date' ) ;
#3469 = DIRECTION ( 'NONE',  ( 0.000000000000000000, 0.000000000000000000, -1.000000000000000000 ) ) ;
#3470 = ORIENTED_EDGE ( 'NONE', *, *, #427, .T. ) ;
#3471 = ADVANCED_FACE ( 'NONE', ( #3777 ), #692, .F. ) ;
#3472 = CARTESIAN_POINT ( 'NONE',  ( 32.99999999999998579, 98.99999999999998579, -12.00000000000005151 ) ) ;
#3473 = LOCAL_TIME ( 22, 35, 5.000000000000000000, #2559 ) ;
#3474 = CALENDAR_DATE ( 2026, 25, 3 ) ;
#3475 = EDGE_LOOP ( 'NONE', ( #3214, #2728, #590, #1740 ) ) ;
#3476 = LINE ( 'NONE', #1419, #4312 ) ;
#3477 = EDGE_LOOP ( 'NONE', ( #1489, #1624, #2406, #3885 ) ) ;
#3478 = CARTESIAN_POINT ( 'NONE',  ( 0.000000000000000000, 100.8750000000000000, 0.000000000000000000 ) ) ;
#3479 = CALENDAR_DATE ( 2026, 25, 3 ) ;
#3480 = CARTESIAN_POINT ( 'NONE',  ( -33.00000000000000711, 100.6250000000000000, 11.99999999999999822 ) ) ;
#3481 = CC_DESIGN_PERSON_AND_ORGANIZATION_ASSIGNMENT ( #862, #2903, ( #3299 ) ) ;
#3482 = ORIENTED_EDGE ( 'NONE', *, *, #1422, .F. ) ;
#3483 = EDGE_CURVE ( 'NONE', #2101, #2787, #3117, .T. ) ;
#3484 = CARTESIAN_POINT ( 'NONE',  ( -36.00000000000000711, 3.500000000000000000, 12.00000000000000355 ) ) ;
#3485 = EDGE_CURVE ( 'NONE', #2056, #1239, #4138, .T. ) ;
#3486 = VECTOR ( 'NONE', #1967, 39.37007874015748143 ) ;
#3487 = CARTESIAN_POINT ( 'NONE',  ( -32.50000000000000711, 3.500000000000001332, -10.49999999999999822 ) ) ;
#3488 = VECTOR ( 'NONE', #503, 39.37007874015748143 ) ;
#3489 = CARTESIAN_POINT ( 'NONE',  ( -16.99390334559012317, 98.99999999999998579, 12.00000000000000355 ) ) ;
#3490 = ORIENTED_EDGE ( 'NONE', *, *, #1273, .F. ) ;
#3491 = DIRECTION ( 'NONE',  ( 1.000000000000000000, 0.000000000000000000, 0.000000000000000000 ) ) ;
#3492 = VECTOR ( 'NONE', #1892, 39.37007874015748143 ) ;
#3493 = APPROVAL_STATUS ( 'not_yet_approved' ) ;
#3494 = ORIENTED_EDGE ( 'NONE', *, *, #1258, .T. ) ;
#3495 = PLANE ( 'NONE',  #1872 ) ;
#3496 = PERSON ( 'UNSPECIFIED', 'UNSPECIFIED', 'UNSPECIFIED', ('UNSPECIFIED'), ('UNSPECIFIED'), ('UNSPECIFIED') ) ;
#3497 = EDGE_CURVE ( 'NONE', #1879, #3384, #1416, .T. ) ;
#3498 = ORIENTED_EDGE ( 'NONE', *, *, #4186, .F. ) ;
#3499 = VECTOR ( 'NONE', #2225, 39.37007874015748143 ) ;
#3500 = LINE ( 'NONE', #765, #2997 ) ;
#3501 = CALENDAR_DATE ( 2026, 25, 3 ) ;
#3502 = LINE ( 'NONE', #3146, #1288 ) ;
#3503 = ORIENTED_EDGE ( 'NONE', *, *, #2086, .T. ) ;
#3504 = CC_DESIGN_SECURITY_CLASSIFICATION ( #110, ( #4459 ) ) ;
#3505 = APPROVAL_PERSON_ORGANIZATION ( #1952, #2233, #4343 ) ;
#3506 = CARTESIAN_POINT ( 'NONE',  ( -37.50000000000000711, 1.500000000000000222, 12.00000000000000355 ) ) ;
#3507 = ORGANIZATION ( 'NAUO-ORG8', 'UNSPECIFIED', 'UNSPECIFIED' ) ;
#3508 = DIRECTION ( 'NONE',  ( 0.5972064818366790151, 0.8020875376492619946, 0.000000000000000000 ) ) ;
#3509 = ADVANCED_FACE ( 'NONE', ( #390 ), #1796, .F. ) ;
#3510 = APPROVAL ( #3493, 'UNSPECIFIED' ) ;
#3511 = PLANE ( 'NONE',  #1610 ) ;
#3512 = EDGE_LOOP ( 'NONE', ( #515, #1138, #4397, #2782 ) ) ;
#3513 = CARTESIAN_POINT ( 'NONE',  ( 36.00000000000000000, 1.500000000000000222, 12.00000000000001243 ) ) ;
#3514 = APPLICATION_PROTOCOL_DEFINITION ( 'international standard', 'config_control_design', 1994, #4271 ) ;
#3515 = ORIENTED_EDGE ( 'NONE', *, *, #1750, .T. ) ;
#3516 = CARTESIAN_POINT ( 'NONE',  ( -33.00000000000001421, 99.12500000000000000, -12.00000000000000355 ) ) ;
#3517 = ORIENTED_EDGE ( 'NONE', *, *, #3291, .T. ) ;
#3518 = LINE ( 'NONE', #419, #2640 ) ;
#3519 = APPROVAL_DATE_TIME ( #651, #829 ) ;
#3520 = DIRECTION ( 'NONE',  ( 0.000000000000000000, 0.000000000000000000, 1.000000000000000000 ) ) ;
#3521 = DATE_AND_TIME ( #466, #1923 ) ;
#3522 = VECTOR ( 'NONE', #3149, 39.37007874015748143 ) ;
#3523 = ORIENTED_EDGE ( 'NONE', *, *, #1307, .F. ) ;
#3524 = DIRECTION ( 'NONE',  ( -0.7071067811865475727, -0.7071067811865475727, 0.000000000000000000 ) ) ;
#3525 = AXIS2_PLACEMENT_3D ( 'NONE', #379, #2793, #1786 ) ;
#3526 = ORIENTED_EDGE ( 'NONE', *, *, #3464, .F. ) ;
#3527 = LINE ( 'NONE', #2633, #132 ) ;
#3528 = CARTESIAN_POINT ( 'NONE',  ( -24.83694061757718785, 18.49272209026128166, -11.99999999999999822 ) ) ;
#3529 = DIRECTION ( 'NONE',  ( 0.000000000000000000, -1.000000000000000000, -0.000000000000000000 ) ) ;
#3530 = ADVANCED_FACE ( 'NONE', ( #777 ), #2824, .F. ) ;
#3531 = VECTOR ( 'NONE', #557, 39.37007874015748143 ) ;
#3532 = ORIENTED_EDGE ( 'NONE', *, *, #3899, .T. ) ;
#3533 = APPROVAL ( #2450, 'UNKNOWN' ) ;
#3534 = CARTESIAN_POINT ( 'NONE',  ( -37.50000000000000711, 97.50000000000001421, 8.500000000000012434 ) ) ;
#3535 = APPLICATION_PROTOCOL_DEFINITION ( 'international standard', 'config_control_design', 1994, #2414 ) ;
#3536 = EDGE_LOOP ( 'NONE', ( #1445, #260, #2513, #1678 ) ) ;
#3537 = DIRECTION ( 'NONE',  ( 0.000000000000000000, 0.000000000000000000, -1.000000000000000000 ) ) ;
#3538 = ORIENTED_EDGE ( 'NONE', *, *, #807, .F. ) ;
#3539 = ADVANCED_FACE ( 'NONE', ( #1817 ), #3887, .F. ) ;
#3540 = CARTESIAN_POINT ( 'NONE',  ( 33.00000000000001421, 100.6250000000000000, 11.99999999999993783 ) ) ;
#3541 = CALENDAR_DATE ( 2026, 25, 3 ) ;
#3542 = LINE ( 'NONE', #3186, #568 ) ;
#3543 = CALENDAR_DATE ( 2026, 25, 3 ) ;
#3544 = ORIENTED_EDGE ( 'NONE', *, *, #3806, .T. ) ;
#3545 = CARTESIAN_POINT ( 'NONE',  ( -37.50000000000000711, 97.50000000000001421, -8.500000000000008882 ) ) ;
#3546 = EDGE_LOOP ( 'NONE', ( #648, #3721, #3179, #3855 ) ) ;
#3547 = DATE_AND_TIME ( #1467, #3642 ) ;
#3548 = DIRECTION ( 'NONE',  ( -0.000000000000000000, -0.000000000000000000, 1.000000000000000000 ) ) ;
#3549 = EDGE_CURVE ( 'NONE', #370, #4313, #3136, .T. ) ;
#3550 = DIRECTION ( 'NONE',  ( -1.000000000000000000, 0.000000000000000000, -0.000000000000000000 ) ) ;
#3551 = ADVANCED_BREP_SHAPE_REPRESENTATION ( '', ( #814, #3820, #2426 ), #3425 ) ;
#3552 = CC_DESIGN_APPROVAL ( #1580, ( #3572 ) ) ;
#3553 = PLANE ( 'NONE',  #597 ) ;
#3554 = VERTEX_POINT ( 'NONE', #2153 ) ;
#3555 = CARTESIAN_POINT ( 'NONE',  ( -36.00000000000000711, 1.500000000000000222, -11.99999999999999822 ) ) ;
#3556 = COORDINATED_UNIVERSAL_TIME_OFFSET ( 8, 0, .BEHIND. ) ;
#3557 = DIRECTION ( 'NONE',  ( 1.821231995776175479E-16, 0.000000000000000000, 1.000000000000000000 ) ) ;
#3558 = VERTEX_POINT ( 'NONE', #3555 ) ;
#3559 = VECTOR ( 'NONE', #3661, 39.37007874015748143 ) ;
#3561 = ADVANCED_FACE ( 'NONE', ( #2804 ), #2461, .F. ) ;
#3560 = FACE_OUTER_BOUND ( 'NONE', #2275, .T. ) ;
#3562 = PERSON_AND_ORGANIZATION ( #3496, #2467 ) ;
#3563 = VECTOR ( 'NONE', #1369, 39.37007874015748143 ) ;
#3564 = CARTESIAN_POINT ( 'NONE',  ( -33.00000000000001421, 99.12500000000000000, -12.00000000000000355 ) ) ;
#3565 = ORIENTED_EDGE ( 'NONE', *, *, #1032, .T. ) ;
#3566 = CC_DESIGN_DATE_AND_TIME_ASSIGNMENT ( #2779, #3468, ( #2972 ) ) ;
#3567 = DIRECTION ( 'NONE',  ( 1.000000000000000000, 0.000000000000000000, 5.827942386483757588E-15 ) ) ;
#3568 = EDGE_LOOP ( 'NONE', ( #3906, #536, #2998, #4424 ) ) ;
#3569 = PERSON_AND_ORGANIZATION_ROLE ( 'classification_officer' ) ;
#3570 = DIRECTION ( 'NONE',  ( -1.000000000000000000, 0.000000000000000000, 2.913971193241880766E-16 ) ) ;
#3571 = LOCAL_TIME ( 22, 35, 5.000000000000000000, #4054 ) ;
#3572 = SECURITY_CLASSIFICATION ( '', '', #2826 ) ;
#3573 = CARTESIAN_POINT ( 'NONE',  ( 27.49999999999998934, 98.99999999999998579, -12.00000000000004263 ) ) ;
#3574 = CARTESIAN_POINT ( 'NONE',  ( 0.000000000000000000, 0.000000000000000000, 0.000000000000000000 ) ) ;
#3575 = EDGE_CURVE ( 'NONE', #1879, #3141, #4202, .T. ) ;
#3576 = LOCAL_TIME ( 22, 35, 5.000000000000000000, #4168 ) ;
#3577 = DIRECTION ( 'NONE',  ( -0.000000000000000000, -0.000000000000000000, 1.000000000000000000 ) ) ;
#3578 = ORIENTED_EDGE ( 'NONE', *, *, #1422, .T. ) ;
#3579 = LINE ( 'NONE', #4362, #3207 ) ;
#3580 = PERSON_AND_ORGANIZATION ( #3496, #2467 ) ;
#3581 = CARTESIAN_POINT ( 'NONE',  ( -36.00000000000000000, 3.500000000000000000, -10.50000000000000000 ) ) ;
#3582 = LINE ( 'NONE', #4297, #1910 ) ;
#3583 = PERSON_AND_ORGANIZATION ( #3496, #2467 ) ;
#3584 = DIRECTION ( 'NONE',  ( -1.821231995776175479E-16, 0.000000000000000000, -1.000000000000000000 ) ) ;
#3585 = COORDINATED_UNIVERSAL_TIME_OFFSET ( 8, 0, .BEHIND. ) ;
#3586 = ORIENTED_EDGE ( 'NONE', *, *, #3457, .T. ) ;
#3587 = DIRECTION ( 'NONE',  ( 1.000000000000000000, 0.000000000000000000, -0.000000000000000000 ) ) ;
#3588 = ADVANCED_FACE ( 'NONE', ( #736 ), #1452, .F. ) ;
#3589 = EDGE_LOOP ( 'NONE', ( #4304, #225, #2181, #770 ) ) ;
#3590 = CC_DESIGN_DATE_AND_TIME_ASSIGNMENT ( #3282, #2925, ( #4288 ) ) ;
#3591 = DATE_AND_TIME ( #2214, #614 ) ;
#3592 = DIRECTION ( 'NONE',  ( 0.000000000000000000, -1.000000000000000000, 0.000000000000000000 ) ) ;
#3593 = ADVANCED_FACE ( 'NONE', ( #4157 ), #2891, .T. ) ;
#3594 = CARTESIAN_POINT ( 'NONE',  ( -36.00000000000000711, 0.000000000000000000, -11.99999999999999822 ) ) ;
#3595 = VECTOR ( 'NONE', #1159, 39.37007874015748143 ) ;
#3596 = CARTESIAN_POINT ( 'NONE',  ( -36.00000000000000711, 3.500000000000000000, 12.00000000000000355 ) ) ;
#3597 = ORIENTED_EDGE ( 'NONE', *, *, #2778, .F. ) ;
#3598 = VECTOR ( 'NONE', #1196, 39.37007874015748143 ) ;
#3599 = CARTESIAN_POINT ( 'NONE',  ( -37.50000000000000711, 97.50000000000001421, 8.500000000000012434 ) ) ;
#3600 = DATE_AND_TIME ( #3997, #2916 ) ;
#3601 = DIRECTION ( 'NONE',  ( 0.000000000000000000, 0.000000000000000000, 1.000000000000000000 ) ) ;
#3602 = EDGE_CURVE ( 'NONE', #2187, #559, #410, .T. ) ;
#3603 = DIRECTION ( 'NONE',  ( -0.000000000000000000, -1.000000000000000000, -0.000000000000000000 ) ) ;
#3604 = COORDINATED_UNIVERSAL_TIME_OFFSET ( 8, 0, .BEHIND. ) ;
#3605 = FACE_OUTER_BOUND ( 'NONE', #2297, .T. ) ;
#3606 = ORIENTED_EDGE ( 'NONE', *, *, #2976, .F. ) ;
#3607 = CARTESIAN_POINT ( 'NONE',  ( 36.00000000000000000, 0.000000000000000000, -11.99999999999999822 ) ) ;
#3608 = AXIS2_PLACEMENT_3D ( 'NONE', #3385, #1240, #3984 ) ;
#3609 = VERTEX_POINT ( 'NONE', #457 ) ;
#3610 = AXIS2_PLACEMENT_3D ( 'NONE', #805, #1124, #2511 ) ;
#3611 = VERTEX_POINT ( 'NONE', #2110 ) ;
#3612 = APPROVAL_STATUS ( 'not_yet_approved' ) ;
#3613 = CARTESIAN_POINT ( 'NONE',  ( 22.75000000000000711, 99.12500000000000000, -12.00000000000001243 ) ) ;
#3614 = DIRECTION ( 'NONE',  ( 0.7071067811865484609, 0.7071067811865464625, 0.000000000000000000 ) ) ;
#3615 = EDGE_CURVE ( 'NONE', #970, #2682, #74, .T. ) ;
#3616 = PRODUCT_DEFINITION_SHAPE ( 'NONE', 'NONE',  #1139 ) ;
#3617 = ORIENTED_EDGE ( 'NONE', *, *, #749, .T. ) ;
#3618 = FACE_OUTER_BOUND ( 'NONE', #4243, .T. ) ;
#3619 = LOCAL_TIME ( 22, 35, 5.000000000000000000, #3001 ) ;
#3620 = PERSON_AND_ORGANIZATION_ROLE ( 'design_owner' ) ;
#3621 = VECTOR ( 'NONE', #2283, 39.37007874015748143 ) ;
#3622 = CARTESIAN_POINT ( 'NONE',  ( 0.000000000000000000, 0.000000000000000000, 0.000000000000000000 ) ) ;
#3623 = VECTOR ( 'NONE', #2408, 39.37007874015748143 ) ;
#3624 = DIRECTION ( 'NONE',  ( -0.000000000000000000, -1.000000000000000000, -0.000000000000000000 ) ) ;
#3625 = EDGE_CURVE ( 'NONE', #3779, #214, #1120, .T. ) ;
#3626 = DATE_AND_TIME ( #1277, #1268 ) ;
#3627 = DIRECTION ( 'NONE',  ( -0.000000000000000000, -1.000000000000000000, -0.000000000000000000 ) ) ;
#3628 = APPROVAL_DATE_TIME ( #2001, #2155 ) ;
#3629 = ORIENTED_EDGE ( 'NONE', *, *, #3429, .T. ) ;
#3630 = VECTOR ( 'NONE', #1926, 39.37007874015748143 ) ;
#3631 = CARTESIAN_POINT ( 'NONE',  ( 36.00000000000000000, 0.000000000000000000, 10.50000000000000000 ) ) ;
#3632 = ORIENTED_EDGE ( 'NONE', *, *, #3615, .T. ) ;
#3633 = VECTOR ( 'NONE', #2075, 39.37007874015748143 ) ;
#3634 = DATE_AND_TIME ( #2948, #1701 ) ;
#3635 = CARTESIAN_POINT ( 'NONE',  ( 36.00000000000000000, 97.50000000000001421, -8.500000000000008882 ) ) ;
#3636 = DIRECTION ( 'NONE',  ( -1.000000000000000000, 0.000000000000000000, 0.000000000000000000 ) ) ;
#3637 = LOCAL_TIME ( 22, 35, 5.000000000000000000, #710 ) ;
#3638 = ORIENTED_EDGE ( 'NONE', *, *, #4451, .T. ) ;
#3639 = APPROVAL ( #3332, 'UNSPECIFIED' ) ;
#3640 = CARTESIAN_POINT ( 'NONE',  ( 6.556435184794231724E-15, 47.14963503649634902, -11.99999999999999822 ) ) ;
#3641 = PRODUCT_DEFINITION ( 'UNKNOWN', '', #2128, #3036 ) ;
#3642 = LOCAL_TIME ( 22, 35, 5.000000000000000000, #1492 ) ;
#3643 = COORDINATED_UNIVERSAL_TIME_OFFSET ( 8, 0, .BEHIND. ) ;
#3644 = APPROVAL_PERSON_ORGANIZATION ( #2892, #3510, #1147 ) ;
#3645 = CARTESIAN_POINT ( 'NONE',  ( -22.75000000000000355, 99.12500000000000000, 11.99999999999999822 ) ) ;
#3646 = CC_DESIGN_APPROVAL ( #605, ( #767 ) ) ;
#3647 = DIRECTION ( 'NONE',  ( -0.000000000000000000, -1.000000000000000000, -0.000000000000000000 ) ) ;
#3648 = PERSON_AND_ORGANIZATION ( #3496, #2467 ) ;
#3649 = DIRECTION ( 'NONE',  ( -1.274862397043323624E-15, 0.000000000000000000, -1.000000000000000000 ) ) ;
#3650 = ORIENTED_EDGE ( 'NONE', *, *, #2968, .T. ) ;
#3651 = CARTESIAN_POINT ( 'NONE',  ( -27.50000000000001066, 100.8750000000000000, 11.99999999999999822 ) ) ;
#3652 = ADVANCED_FACE ( 'NONE', ( #2870 ), #2483, .F. ) ;
#3653 = PRODUCT_DEFINITION_SHAPE ( 'NONE', 'NONE',  #4464 ) ;
#3654 = EDGE_LOOP ( 'NONE', ( #4129, #1176, #728, #4321 ) ) ;
#3655 =( CONVERSION_BASED_UNIT ( 'INCH', #1978 ) LENGTH_UNIT ( ) NAMED_UNIT ( #2367 ) );
#3656 = ORIENTED_EDGE ( 'NONE', *, *, #3072, .T. ) ;
#3657 = DATE_AND_TIME ( #1924, #4433 ) ;
#3658 = DIRECTION ( 'NONE',  ( 0.5972064818366789041, 0.8020875376492619946, 0.000000000000000000 ) ) ;
#3659 = UNCERTAINTY_MEASURE_WITH_UNIT (LENGTH_MEASURE( 1.000000000000000082E-05 ), #2362, 'distance_accuracy_value', 'NONE');
#3660 = ADVANCED_FACE ( 'NONE', ( #4250 ), #2553, .T. ) ;
#3661 = DIRECTION ( 'NONE',  ( 1.000000000000000000, 0.000000000000000000, 0.000000000000000000 ) ) ;
#3662 = VECTOR ( 'NONE', #1901, 39.37007874015748143 ) ;
#3663 = ORIENTED_EDGE ( 'NONE', *, *, #3899, .F. ) ;
#3664 = LINE ( 'NONE', #2977, #2492 ) ;
#3665 = VECTOR ( 'NONE', #3059, 39.37007874015748143 ) ;
#3666 = CALENDAR_DATE ( 2026, 25, 3 ) ;
#3667 = CARTESIAN_POINT ( 'NONE',  ( -36.00000000000000711, 1.500000000000000222, 12.00000000000000355 ) ) ;
#3668 = CC_DESIGN_DATE_AND_TIME_ASSIGNMENT ( #2812, #3740, ( #1919 ) ) ;
#3669 = DIRECTION ( 'NONE',  ( 0.000000000000000000, 0.000000000000000000, 1.000000000000000000 ) ) ;
#3670 = DATE_AND_TIME ( #577, #2351 ) ;
#3671 = CARTESIAN_POINT ( 'NONE',  ( 14.51902961143720283, 96.52512626584707789, 13.50000000000000355 ) ) ;
#3672 = PERSON_AND_ORGANIZATION_ROLE ( 'classification_officer' ) ;
#3673 = EDGE_LOOP ( 'NONE', ( #293, #218, #2343, #1855 ) ) ;
#3674 = CARTESIAN_POINT ( 'NONE',  ( 32.50000000000000711, 3.500000000000001332, -10.49999999999999822 ) ) ;
#3675 = VERTEX_POINT ( 'NONE', #3472 ) ;
#3676 = CARTESIAN_POINT ( 'NONE',  ( 0.000000000000000000, 0.000000000000000000, 0.000000000000000000 ) ) ;
#3677 = PERSON_AND_ORGANIZATION_ROLE ( 'design_supplier' ) ;
#3678 = CARTESIAN_POINT ( 'NONE',  ( -27.50000000000001066, 99.12500000000000000, 11.99999999999999822 ) ) ;
#3679 = PRODUCT_DEFINITION_FORMATION_WITH_SPECIFIED_SOURCE ( 'ANY', '', #4226, .NOT_KNOWN. ) ;
#3680 = DIRECTION ( 'NONE',  ( 0.000000000000000000, -1.000000000000000000, 0.000000000000000000 ) ) ;
#3681 = EDGE_CURVE ( 'NONE', #1829, #2231, #756, .T. ) ;
#3682 = VERTEX_POINT ( 'NONE', #188 ) ;
#3683 = CARTESIAN_POINT ( 'NONE',  ( -36.00000000000000711, 1.500000000000000222, 12.00000000000000355 ) ) ;
#3684 = PERSON_AND_ORGANIZATION ( #3496, #2467 ) ;
#3685 = FACE_OUTER_BOUND ( 'NONE', #4104, .T. ) ;
#3686 = FACE_OUTER_BOUND ( 'NONE', #266, .T. ) ;
#3687 = PERSON_AND_ORGANIZATION_ROLE ( 'classification_officer' ) ;
#3688 = CARTESIAN_POINT ( 'NONE',  ( 39.97487373415291501, 76.01902961143720461, 13.50000000000000355 ) ) ;
#3689 = ORIENTED_EDGE ( 'NONE', *, *, #1657, .F. ) ;
#3690 = CARTESIAN_POINT ( 'NONE',  ( 8.741913579725642299E-15, 51.85036496350362967, -11.99999999999999822 ) ) ;
#3691 = VECTOR ( 'NONE', #3772, 39.37007874015748143 ) ;
#3692 = CC_DESIGN_DATE_AND_TIME_ASSIGNMENT ( #400, #4278, ( #2444 ) ) ;
#3693 = VERTEX_POINT ( 'NONE', #868 ) ;
#3694 = CC_DESIGN_PERSON_AND_ORGANIZATION_ASSIGNMENT ( #2509, #2871, ( #2128 ) ) ;
#3695 = AXIS2_PLACEMENT_3D ( 'NONE', #1450, #1792, #431 ) ;
#3696 = VERTEX_POINT ( 'NONE', #847 ) ;
#3697 = APPROVAL_DATE_TIME ( #2299, #193 ) ;
#3698 = CARTESIAN_POINT ( 'NONE',  ( 36.00000000000000711, 1.500000000000000222, 8.500000000000012434 ) ) ;
#3699 = VECTOR ( 'NONE', #1140, 39.37007874015748854 ) ;
#3700 = CARTESIAN_POINT ( 'NONE',  ( 36.00000000000000000, 3.500000000000000000, 12.00000000000000355 ) ) ;
#3701 = VECTOR ( 'NONE', #2281, 39.37007874015748143 ) ;
#3702 = DIRECTION ( 'NONE',  ( 0.000000000000000000, -1.000000000000000000, 0.000000000000000000 ) ) ;
#3703 = ORIENTED_EDGE ( 'NONE', *, *, #2645, .T. ) ;
#3704 = DIRECTION ( 'NONE',  ( 1.000000000000000000, -0.000000000000000000, -0.000000000000000000 ) ) ;
#3705 = PERSON_AND_ORGANIZATION_ROLE ( 'creator' ) ;
#3706 = CARTESIAN_POINT ( 'NONE',  ( -22.58523515439430085, 16.81618052256532536, -10.49999999999999822 ) ) ;
#3707 = CC_DESIGN_SECURITY_CLASSIFICATION ( #1409, ( #2262 ) ) ;
#3708 = DIRECTION ( 'NONE',  ( 1.000000000000000000, 0.000000000000000000, 0.000000000000000000 ) ) ;
#3709 = PRODUCT_DEFINITION_FORMATION_WITH_SPECIFIED_SOURCE ( 'ANY', '', #2079, .NOT_KNOWN. ) ;
#3710 = LINE ( 'NONE', #4317, #683 ) ;
#3711 = APPROVAL_DATE_TIME ( #15, #3968 ) ;
#3712 = CARTESIAN_POINT ( 'NONE',  ( -33.00000000000001421, 100.6250000000000000, -12.00000000000000355 ) ) ;
#3713 = ORIENTED_EDGE ( 'NONE', *, *, #2814, .F. ) ;
#3714 = LOCAL_TIME ( 22, 35, 5.000000000000000000, #3275 ) ;
#3715 = CARTESIAN_POINT ( 'NONE',  ( 22.75000000000001421, 98.99999999999998579, 11.99999999999999289 ) ) ;
#3716 = ORIENTED_EDGE ( 'NONE', *, *, #2499, .F. ) ;
#3717 = PERSON_AND_ORGANIZATION ( #2958, #3288 ) ;
#3718 = EDGE_CURVE ( 'NONE', #4135, #4207, #886, .T. ) ;
#3719 = LINE ( 'NONE', #3410, #417 ) ;
#3720 = APPROVAL ( #3123, 'UNKNOWN' ) ;
#3721 = ORIENTED_EDGE ( 'NONE', *, *, #145, .F. ) ;
#3722 = DIRECTION ( 'NONE',  ( -1.000000000000000000, -0.000000000000000000, -0.000000000000000000 ) ) ;
#3723 = PLANE ( 'NONE',  #4171 ) ;
#3724 = VERTEX_POINT ( 'NONE', #2639 ) ;
#3725 = PRODUCT_DEFINITION_SHAPE ( 'NONE', 'NONE',  #2444 ) ;
#3726 = LINE ( 'NONE', #3350, #4126 ) ;
#3727 = LENGTH_MEASURE_WITH_UNIT ( LENGTH_MEASURE( 0.02539999999999999897 ), #272 );
#3728 = PERSON_AND_ORGANIZATION ( #3496, #2467 ) ;
#3729 = DIRECTION ( 'NONE',  ( -0.000000000000000000, -1.000000000000000000, -0.000000000000000000 ) ) ;
#3730 = AXIS2_PLACEMENT_3D ( 'NONE', #3341, #2769, #1046 ) ;
#3731 = DIRECTION ( 'NONE',  ( -0.5972064818366789041, -0.8020875376492619946, 0.000000000000000000 ) ) ;
#3732 =( CONVERSION_BASED_UNIT ( 'INCH', #2022 ) LENGTH_UNIT ( ) NAMED_UNIT ( #4375 ) );
#3733 = PERSON_AND_ORGANIZATION ( #3496, #2467 ) ;
#3734 = LINE ( 'NONE', #1741, #546 ) ;
#3735 = EDGE_CURVE ( 'NONE', #1393, #896, #1888, .T. ) ;
#3736 = ORIENTED_EDGE ( 'NONE', *, *, #337, .T. ) ;
#3737 = DIRECTION ( 'NONE',  ( -5.827942386483749700E-15, -0.000000000000000000, 1.000000000000000000 ) ) ;
#3738 = VERTEX_POINT ( 'NONE', #167 ) ;
#3739 = CALENDAR_DATE ( 2026, 25, 3 ) ;
#3740 = DATE_TIME_ROLE ( 'classification_date' ) ;
#3741 = DIRECTION ( 'NONE',  ( 1.000000000000000000, -0.000000000000000000, -0.000000000000000000 ) ) ;
#3742 = AXIS2_PLACEMENT_3D ( 'NONE', #2624, #1644, #1917 ) ;
#3743 = ORIENTED_EDGE ( 'NONE', *, *, #1914, .T. ) ;
#3744 = DIRECTION ( 'NONE',  ( 0.000000000000000000, -1.000000000000000000, 0.000000000000000000 ) ) ;
#3745 = CC_DESIGN_DATE_AND_TIME_ASSIGNMENT ( #1157, #4394, ( #3010 ) ) ;
#3746 = PLANE ( 'NONE',  #1875 ) ;
#3747 = AXIS2_PLACEMENT_3D ( 'NONE', #3676, #4419, #4051 ) ;
#3748 = ORIENTED_EDGE ( 'NONE', *, *, #217, .T. ) ;
#3749 = FACE_OUTER_BOUND ( 'NONE', #2356, .T. ) ;
#3750 = EDGE_CURVE ( 'NONE', #3119, #3795, #3954, .T. ) ;
#3751 = EDGE_CURVE ( 'NONE', #389, #2109, #1613, .T. ) ;
#3752 = DATE_AND_TIME ( #1345, #2545 ) ;
#3753 = CARTESIAN_POINT ( 'NONE',  ( 36.00000000000000000, 97.50000000000001421, 12.00000000000000355 ) ) ;
#3754 = VERTEX_POINT ( 'NONE', #1571 ) ;
#3755 = CARTESIAN_POINT ( 'NONE',  ( 35.99999999999998579, 95.49999999999998579, -11.99999999999999822 ) ) ;
#3756 = SHAPE_REPRESENTATION_RELATIONSHIP ( 'NONE' , 'NONE' ,  #3256, #105 ) ;
#3757 = DATE_TIME_ROLE ( 'creation_date' ) ;
#3758 = PLANE ( 'NONE',  #716 ) ;
#3759 = ORIENTED_EDGE ( 'NONE', *, *, #1527, .F. ) ;
#3760 = LINE ( 'NONE', #1330, #566 ) ;
#3761 = EDGE_CURVE ( 'NONE', #999, #1025, #2954, .T. ) ;
#3762 = LINE ( 'NONE', #2830, #3633 ) ;
#3763 = DIRECTION ( 'NONE',  ( -0.000000000000000000, -0.000000000000000000, -1.000000000000000000 ) ) ;
#3764 = ORIENTED_EDGE ( 'NONE', *, *, #3761, .T. ) ;
#3765 = PLANE ( 'NONE',  #3835 ) ;
#3766 = DIRECTION ( 'NONE',  ( -0.7071067811865474617, 0.7071067811865474617, 0.000000000000000000 ) ) ;
#3767 = AXIS2_PLACEMENT_3D ( 'NONE', #26, #2864, #3550 ) ;
#3768 = VERTEX_POINT ( 'NONE', #3640 ) ;
#3769 = CARTESIAN_POINT ( 'NONE',  ( 33.00000000000001421, 100.8750000000000000, 11.99999999999993783 ) ) ;
#3770 = AXIS2_PLACEMENT_3D ( 'NONE', #3071, #4434, #2069 ) ;
#3771 = PERSON_AND_ORGANIZATION ( #3496, #2467 ) ;
#3772 = DIRECTION ( 'NONE',  ( -0.000000000000000000, -1.000000000000000000, -0.000000000000000000 ) ) ;
#3773 = APPROVAL ( #487, 'UNSPECIFIED' ) ;
#3774 = ORIENTED_EDGE ( 'NONE', *, *, #2086, .F. ) ;
#3775 = VECTOR ( 'NONE', #391, 39.37007874015748143 ) ;
#3776 = APPROVAL ( #933, 'UNSPECIFIED' ) ;
#3777 = FACE_OUTER_BOUND ( 'NONE', #2650, .T. ) ;
#3778 = DATE_AND_TIME ( #2370, #3222 ) ;
#3779 = VERTEX_POINT ( 'NONE', #3994 ) ;
#3780 = CARTESIAN_POINT ( 'NONE',  ( -33.00000000000001421, 99.12500000000000000, -12.00000000000000355 ) ) ;
#3781 = ORIENTED_EDGE ( 'NONE', *, *, #2212, .F. ) ;
#3782 = EDGE_CURVE ( 'NONE', #2304, #2496, #3579, .T. ) ;
#3783 = VECTOR ( 'NONE', #342, 39.37007874015748143 ) ;
#3784 = DIRECTION ( 'NONE',  ( 0.000000000000000000, -0.000000000000000000, 1.000000000000000000 ) ) ;
#3785 = APPROVAL_PERSON_ORGANIZATION ( #3231, #2885, #2186 ) ;
#3786 = SECURITY_CLASSIFICATION_LEVEL ( 'unclassified' ) ;
#3787 = CC_DESIGN_APPROVAL ( #3831, ( #3927 ) ) ;
#3788 = DIRECTION ( 'NONE',  ( 1.000000000000000000, 0.000000000000000000, 0.000000000000000000 ) ) ;
#3789 = ORIENTED_EDGE ( 'NONE', *, *, #920, .F. ) ;
#3790 = DIRECTION ( 'NONE',  ( -0.000000000000000000, -1.000000000000000000, -0.000000000000000000 ) ) ;
#3791 = EDGE_CURVE ( 'NONE', #718, #2770, #3664, .T. ) ;
#3792 = PLANE ( 'NONE',  #4198 ) ;
#3793 = APPROVAL_STATUS ( 'not_yet_approved' ) ;
#3794 = CARTESIAN_POINT ( 'NONE',  ( 24.83694061757718785, 18.49272209026128166, -10.49999999999999822 ) ) ;
#3795 = VERTEX_POINT ( 'NONE', #1929 ) ;
#3796 = CARTESIAN_POINT ( 'NONE',  ( 27.50000000000001776, 100.8750000000000000, 11.99999999999993783 ) ) ;
#3797 = MANIFOLD_SOLID_BREP ( 'Boss-Extrude1[2]', #2145 ) ;
#3798 = COORDINATED_UNIVERSAL_TIME_OFFSET ( 8, 0, .BEHIND. ) ;
#3799 = ORIENTED_EDGE ( 'NONE', *, *, #3429, .F. ) ;
#3800 = PRODUCT ( 'Vertical Supports^Wooden Assembly Actual', 'Vertical Supports^Wooden Assembly Actual', '', ( #2411 ) ) ;
#3801 = CARTESIAN_POINT ( 'NONE',  ( 36.00000000000000000, 0.000000000000000000, -11.99999999999999822 ) ) ;
#3802 = ORIENTED_EDGE ( 'NONE', *, *, #3348, .T. ) ;
#3803 = CC_DESIGN_DATE_AND_TIME_ASSIGNMENT ( #3918, #833, ( #2937 ) ) ;
#3804 = VECTOR ( 'NONE', #2031, 39.37007874015748143 ) ;
#3806 = EDGE_CURVE ( 'NONE', #811, #4260, #2910, .T. ) ;
#3805 = CARTESIAN_POINT ( 'NONE',  ( 15.25000000000000888, 98.99999999999998579, -12.00000000000001243 ) ) ;
#3807 = VECTOR ( 'NONE', #3124, 39.37007874015748143 ) ;
#3808 = DATE_AND_TIME ( #64, #3576 ) ;
#3809 = MANIFOLD_SOLID_BREP ( 'Boss-Extrude1', #412 ) ;
#3810 = DIRECTION ( 'NONE',  ( 1.000000000000000000, 0.000000000000000000, -1.589438832677390818E-15 ) ) ;
#3811 = ORIENTED_EDGE ( 'NONE', *, *, #2744, .T. ) ;
#3812 = ADVANCED_FACE ( 'NONE', ( #227 ), #2999, .T. ) ;
#3813 = CARTESIAN_POINT ( 'NONE',  ( -22.75000000000000355, 99.12500000000000000, 11.99999999999999822 ) ) ;
#3814 = CARTESIAN_POINT ( 'NONE',  ( -33.00000000000000711, 100.8750000000000000, 11.99999999999999822 ) ) ;
#3815 = EDGE_CURVE ( 'NONE', #782, #2715, #571, .T. ) ;
#3816 = CARTESIAN_POINT ( 'NONE',  ( 36.00000000000000000, 0.000000000000000000, -10.50000000000000000 ) ) ;
#3817 = CC_DESIGN_APPROVAL ( #3773, ( #1524 ) ) ;
#3818 = EDGE_LOOP ( 'NONE', ( #2774, #1598, #601, #3041 ) ) ;
#3819 = CARTESIAN_POINT ( 'NONE',  ( 35.99999999999998579, 95.49999999999998579, -10.49999999999999822 ) ) ;
#3820 = MANIFOLD_SOLID_BREP ( 'Boss-Extrude1[2]', #3375 ) ;
#3821 = PERSON_AND_ORGANIZATION ( #3496, #2467 ) ;
#3822 = ORIENTED_EDGE ( 'NONE', *, *, #3072, .F. ) ;
#3823 = FACE_OUTER_BOUND ( 'NONE', #3546, .T. ) ;
#3824 = EDGE_LOOP ( 'NONE', ( #3032, #3320, #2466, #3940 ) ) ;
#3825 = LINE ( 'NONE', #741, #1047 ) ;
#3826 = CONTEXT_DEPENDENT_SHAPE_REPRESENTATION ( #4099, #878 ) ;
#3827 = DIRECTION ( 'NONE',  ( -1.000000000000000000, -0.000000000000000000, -0.000000000000000000 ) ) ;
#3828 = EDGE_CURVE ( 'NONE', #3392, #3286, #4293, .T. ) ;
#3829 = CC_DESIGN_APPROVAL ( #4269, ( #1192 ) ) ;
#3830 = VERTEX_POINT ( 'NONE', #1186 ) ;
#3831 = APPROVAL ( #1779, 'UNSPECIFIED' ) ;
#3832 = CARTESIAN_POINT ( 'NONE',  ( 27.50000000000001776, 100.6250000000000000, 11.99999999999993783 ) ) ;
#3833 = VECTOR ( 'NONE', #3019, 39.37007874015748143 ) ;
#3834 = CARTESIAN_POINT ( 'NONE',  ( -33.00000000000001421, 99.12500000000000000, -12.00000000000000355 ) ) ;
#3835 = AXIS2_PLACEMENT_3D ( 'NONE', #3441, #244, #2996 ) ;
#3836 = DIRECTION ( 'NONE',  ( -0.000000000000000000, -0.000000000000000000, 1.000000000000000000 ) ) ;
#3837 = VERTEX_POINT ( 'NONE', #1590 ) ;
#3838 = CARTESIAN_POINT ( 'NONE',  ( 0.000000000000000000, 0.000000000000000000, 0.000000000000000000 ) ) ;
#3839 = VECTOR ( 'NONE', #483, 39.37007874015748143 ) ;
#3840 = MANIFOLD_SOLID_BREP ( 'Boss-Extrude1[1]', #1430 ) ;
#3841 = SHAPE_DEFINITION_REPRESENTATION ( #3453, #523 ) ;
#3842 = ORIENTED_EDGE ( 'NONE', *, *, #3279, .F. ) ;
#3843 = DIRECTION ( 'NONE',  ( -1.000000000000000000, 0.000000000000000000, 1.274862397043323624E-15 ) ) ;
#3844 = ORIENTED_EDGE ( 'NONE', *, *, #3372, .F. ) ;
#3845 = VECTOR ( 'NONE', #3870, 39.37007874015748143 ) ;
#3846 = DIRECTION ( 'NONE',  ( 0.000000000000000000, 0.000000000000000000, 1.000000000000000000 ) ) ;
#3847 = PERSON_AND_ORGANIZATION ( #3496, #2467 ) ;
#3848 = PERSON_AND_ORGANIZATION ( #3383, #43 ) ;
#3849 = FACE_OUTER_BOUND ( 'NONE', #76, .T. ) ;
#3850 = ORIENTED_EDGE ( 'NONE', *, *, #2582, .F. ) ;
#3851 = EDGE_CURVE ( 'NONE', #3064, #3919, #531, .T. ) ;
#3852 = LOCAL_TIME ( 22, 35, 5.000000000000000000, #3977 ) ;
#3853 = EDGE_CURVE ( 'NONE', #4360, #340, #2220, .T. ) ;
#3854 = EDGE_CURVE ( 'NONE', #1806, #2454, #1208, .T. ) ;
#3855 = ORIENTED_EDGE ( 'NONE', *, *, #1857, .F. ) ;
#3856 = APPROVAL ( #585, 'UNSPECIFIED' ) ;
#3857 = CC_DESIGN_SECURITY_CLASSIFICATION ( #1481, ( #4465 ) ) ;
#3858 = DIRECTION ( 'NONE',  ( 0.000000000000000000, 0.000000000000000000, -1.000000000000000000 ) ) ;
#3859 =( LENGTH_UNIT ( ) NAMED_UNIT ( * ) SI_UNIT ( $, .METRE. ) );
#3860 = ADVANCED_FACE ( 'NONE', ( #3618 ), #4335, .T. ) ;
#3861 = DIRECTION ( 'NONE',  ( 0.000000000000000000, -1.000000000000000000, 0.000000000000000000 ) ) ;
#3862 = ORIENTED_EDGE ( 'NONE', *, *, #1719, .F. ) ;
#3863 = CARTESIAN_POINT ( 'NONE',  ( 36.00000000000000000, 1.500000000000000222, 12.00000000000000355 ) ) ;
#3864 = EDGE_CURVE ( 'NONE', #1556, #1712, #1272, .T. ) ;
#3865 = APPLICATION_PROTOCOL_DEFINITION ( 'international standard', 'config_control_design', 1994, #1480 ) ;
#3866 = ORIENTED_EDGE ( 'NONE', *, *, #2137, .F. ) ;
#3867 = LINE ( 'NONE', #781, #1099 ) ;
#3868 = ORIENTED_EDGE ( 'NONE', *, *, #3008, .T. ) ;
#3869 = APPLICATION_CONTEXT ( 'configuration controlled 3d designs of mechanical parts and assemblies' ) ;
#3870 = DIRECTION ( 'NONE',  ( 1.000000000000000000, 0.000000000000000000, 0.000000000000000000 ) ) ;
#3871 = EDGE_CURVE ( 'NONE', #2109, #1899, #2618, .T. ) ;
#3872 = SHAPE_DEFINITION_REPRESENTATION ( #1999, #989 ) ;
#3873 = CARTESIAN_POINT ( 'NONE',  ( 27.49999999999998934, 100.8750000000000000, -12.00000000000004263 ) ) ;
#3874 = DATE_TIME_ROLE ( 'classification_date' ) ;
#3875 = MANIFOLD_SOLID_BREP ( 'Boss-Extrude1[4]', #4305 ) ;
#3876 = VECTOR ( 'NONE', #4328, 39.37007874015748143 ) ;
#3877 = ORIENTED_EDGE ( 'NONE', *, *, #4162, .F. ) ;
#3878 = FACE_OUTER_BOUND ( 'NONE', #3673, .T. ) ;
#3879 = VECTOR ( 'NONE', #3062, 39.37007874015748143 ) ;
#3880 = ORIENTED_EDGE ( 'NONE', *, *, #4324, .T. ) ;
#3881 = APPROVAL_DATE_TIME ( #3634, #141 ) ;
#3882 = VERTEX_POINT ( 'NONE', #1100 ) ;
#3883 = CARTESIAN_POINT ( 'NONE',  ( 32.99999999999998579, 100.6250000000000000, -12.00000000000005151 ) ) ;
#3884 = DIRECTION ( 'NONE',  ( 5.827942386483766266E-15, 0.000000000000000000, 1.000000000000000000 ) ) ;
#3885 = ORIENTED_EDGE ( 'NONE', *, *, #2388, .T. ) ;
#3886 = EDGE_CURVE ( 'NONE', #1098, #3392, #723, .T. ) ;
#3887 = PLANE ( 'NONE',  #1971 ) ;
#3888 = MANIFOLD_SOLID_BREP ( 'Boss-Extrude1[2]', #1649 ) ;
#3889 = PERSON_AND_ORGANIZATION ( #3496, #2467 ) ;
#3890 = DIRECTION ( 'NONE',  ( 0.000000000000000000, 0.000000000000000000, -1.000000000000000000 ) ) ;
#3891 = VERTEX_POINT ( 'NONE', #1441 ) ;
#3892 = AXIS2_PLACEMENT_3D ( 'NONE', #3574, #385, #799 ) ;
#3893 = CARTESIAN_POINT ( 'NONE',  ( -33.00000000000001421, 98.99999999999998579, -12.00000000000000355 ) ) ;
#3894 = APPROVAL_STATUS ( 'not_yet_approved' ) ;
#3895 = LINE ( 'NONE', #3873, #3598 ) ;
#3896 = CALENDAR_DATE ( 2026, 25, 3 ) ;
#3897 = VERTEX_POINT ( 'NONE', #2427 ) ;
#3898 = PLANE ( 'NONE',  #3308 ) ;
#3899 = EDGE_CURVE ( 'NONE', #4207, #123, #1352, .T. ) ;
#3900 = ORIENTED_EDGE ( 'NONE', *, *, #2616, .T. ) ;
#3901 = APPLICATION_PROTOCOL_DEFINITION ( 'international standard', 'config_control_design', 1994, #2647 ) ;
#3902 = ORIENTED_EDGE ( 'NONE', *, *, #3735, .F. ) ;
#3903 = CARTESIAN_POINT ( 'NONE',  ( -22.75000000000000711, 98.99999999999998579, -12.00000000000000533 ) ) ;
#3904 = SHAPE_REPRESENTATION_RELATIONSHIP ( 'NONE' , 'NONE' ,  #1448, #2909 ) ;
#3905 = FACE_OUTER_BOUND ( 'NONE', #1656, .T. ) ;
#3906 = ORIENTED_EDGE ( 'NONE', *, *, #3853, .T. ) ;
#3907 = DIRECTION ( 'NONE',  ( 0.000000000000000000, -1.000000000000000000, 0.000000000000000000 ) ) ;
#3908 = VECTOR ( 'NONE', #4432, 39.37007874015748143 ) ;
#3909 = CALENDAR_DATE ( 2026, 25, 3 ) ;
#3910 = APPROVAL ( #1194, 'UNSPECIFIED' ) ;
#3911 = LINE ( 'NONE', #3581, #668 ) ;
#3912 = APPROVAL ( #4307, 'UNSPECIFIED' ) ;
#3913 = AXIS2_PLACEMENT_3D ( 'NONE', #1728, #3109, #5 ) ;
#3914 = CARTESIAN_POINT ( 'NONE',  ( -36.00000000000000000, 3.500000000000000000, -10.50000000000000000 ) ) ;
#3915 = PERSON_AND_ORGANIZATION_ROLE ( 'design_supplier' ) ;
#3916 = VECTOR ( 'NONE', #3307, 39.37007874015748143 ) ;
#3917 = DIRECTION ( 'NONE',  ( -1.000000000000000000, 0.000000000000000000, 1.589438832677390029E-15 ) ) ;
#3918 = DATE_AND_TIME ( #3896, #904 ) ;
#3919 = VERTEX_POINT ( 'NONE', #2791 ) ;
#3920 = CARTESIAN_POINT ( 'NONE',  ( 37.50000000000000000, 97.50000000000001421, 12.00000000000000355 ) ) ;
#3921 = ADVANCED_BREP_SHAPE_REPRESENTATION ( '', ( #2334, #2363, #2426 ), #2196 ) ;
#3922 = EDGE_LOOP ( 'NONE', ( #4125, #1589, #1468, #3517 ) ) ;
#3923 = PERSON_AND_ORGANIZATION ( #3496, #2467 ) ;
#3924 = LINE ( 'NONE', #1881, #2524 ) ;
#3925 = UNCERTAINTY_MEASURE_WITH_UNIT (LENGTH_MEASURE( 1.000000000000000082E-05 ), #4181, 'distance_accuracy_value', 'NONE');
#3926 = LOCAL_TIME ( 22, 35, 5.000000000000000000, #3386 ) ;
#3927 = PRODUCT_DEFINITION_FORMATION_WITH_SPECIFIED_SOURCE ( 'ANY', '', #4124, .NOT_KNOWN. ) ;
#3928 = DIRECTION ( 'NONE',  ( 1.821231995776175725E-16, 0.000000000000000000, 1.000000000000000000 ) ) ;
#3929 = EDGE_CURVE ( 'NONE', #1545, #1829, #3762, .T. ) ;
#3930 = ORGANIZATION ( 'NAUO-ORG5', 'UNSPECIFIED', 'UNSPECIFIED' ) ;
#3931 = DIRECTION ( 'NONE',  ( 0.000000000000000000, 0.000000000000000000, -1.000000000000000000 ) ) ;
#3932 = VERTEX_POINT ( 'NONE', #1067 ) ;
#3933 = DIRECTION ( 'NONE',  ( -0.000000000000000000, -1.000000000000000000, -0.000000000000000000 ) ) ;
#3934 = PERSON_AND_ORGANIZATION_ROLE ( 'classification_officer' ) ;
#3935 = PLANE ( 'NONE',  #1151 ) ;
#3936 = DIRECTION ( 'NONE',  ( -0.7071067811865476838, -0.7071067811865472397, 0.000000000000000000 ) ) ;
#3937 = DATE_AND_TIME ( #3541, #1813 ) ;
#3938 = DIRECTION ( 'NONE',  ( -1.000000000000000000, 0.000000000000000000, -0.000000000000000000 ) ) ;
#3939 = COORDINATED_UNIVERSAL_TIME_OFFSET ( 8, 0, .BEHIND. ) ;
#3940 = ORIENTED_EDGE ( 'NONE', *, *, #674, .T. ) ;
#3941 = CARTESIAN_POINT ( 'NONE',  ( 33.00000000000001421, 99.12500000000000000, 11.99999999999993783 ) ) ;
#3942 = ADVANCED_FACE ( 'NONE', ( #4100 ), #2449, .F. ) ;
#3943 = ADVANCED_FACE ( 'NONE', ( #1018 ), #4443, .F. ) ;
#3944 = ORIENTED_EDGE ( 'NONE', *, *, #2746, .T. ) ;
#3945 = DATE_AND_TIME ( #3258, #2863 ) ;
#3946 = CARTESIAN_POINT ( 'NONE',  ( 37.50000000000000000, 1.500000000000000222, 12.00000000000001243 ) ) ;
#3947 = CLOSED_SHELL ( 'NONE', ( #1228, #4020, #3588, #1281, #2473, #1663 ) ) ;
#3948 = ADVANCED_FACE ( 'NONE', ( #61 ), #1423, .T. ) ;
#3949 = CARTESIAN_POINT ( 'NONE',  ( -33.00000000000000711, 100.6250000000000000, 11.99999999999999822 ) ) ;
#3950 = AXIS2_PLACEMENT_3D ( 'NONE', #3941, #2542, #492 ) ;
#3951 = VECTOR ( 'NONE', #2786, 39.37007874015748143 ) ;
#3952 = ORIENTED_EDGE ( 'NONE', *, *, #2543, .F. ) ;
#3953 = EDGE_CURVE ( 'NONE', #2536, #2544, #359, .T. ) ;
#3954 = LINE ( 'NONE', #3327, #4423 ) ;
#3955 = COORDINATED_UNIVERSAL_TIME_OFFSET ( 8, 0, .BEHIND. ) ;
#3956 = CARTESIAN_POINT ( 'NONE',  ( -14.51902961143721171, 96.52512626584707789, 12.00000000000000355 ) ) ;
#3957 = LINE ( 'NONE', #808, #1187 ) ;
#3958 = CALENDAR_DATE ( 2026, 25, 3 ) ;
#3959 = DIRECTION ( 'NONE',  ( 0.000000000000000000, -1.000000000000000000, 0.000000000000000000 ) ) ;
#3960 = PERSON_AND_ORGANIZATION_ROLE ( 'classification_officer' ) ;
#3961 = ORIENTED_EDGE ( 'NONE', *, *, #2613, .T. ) ;
#3962 = CARTESIAN_POINT ( 'NONE',  ( 32.99999999999998579, 100.8750000000000000, -12.00000000000005151 ) ) ;
#3963 = ORIENTED_EDGE ( 'NONE', *, *, #4137, .T. ) ;
#3964 = ORIENTED_EDGE ( 'NONE', *, *, #589, .T. ) ;
#3965 = COORDINATED_UNIVERSAL_TIME_OFFSET ( 8, 0, .BEHIND. ) ;
#3966 = PRODUCT_RELATED_PRODUCT_CATEGORY ( 'detail', '', ( #1316 ) ) ;
#3967 = DIRECTION ( 'NONE',  ( -1.000000000000000000, 0.000000000000000000, 0.000000000000000000 ) ) ;
#3968 = APPROVAL ( #3273, 'UNSPECIFIED' ) ;
#3969 = CARTESIAN_POINT ( 'NONE',  ( 27.50000000000001776, 100.6250000000000000, 11.99999999999993783 ) ) ;
#3970 = PRODUCT_DEFINITION_SHAPE ( 'NONE', 'NONE',  #4466 ) ;
#3971 = ORIENTED_EDGE ( 'NONE', *, *, #1058, .T. ) ;
#3972 = CARTESIAN_POINT ( 'NONE',  ( -27.50000000000001066, 100.6250000000000000, 11.99999999999999822 ) ) ;
#3973 = DATE_AND_TIME ( #3267, #1760 ) ;
#3974 = CARTESIAN_POINT ( 'NONE',  ( 1.750000000000001776, 49.49999999999999289, -10.49999999999999822 ) ) ;
#3975 = AXIS2_PLACEMENT_3D ( 'NONE', #3596, #1886, #686 ) ;
#3976 = PLANE ( 'NONE',  #4208 ) ;
#3977 = COORDINATED_UNIVERSAL_TIME_OFFSET ( 8, 0, .BEHIND. ) ;
#3978 = DIRECTION ( 'NONE',  ( -0.7071067811865455743, -0.7071067811865493491, 0.000000000000000000 ) ) ;
#3979 = ORIENTED_EDGE ( 'NONE', *, *, #6, .T. ) ;
#3980 = VECTOR ( 'NONE', #3508, 39.37007874015748143 ) ;
#3981 = CARTESIAN_POINT ( 'NONE',  ( 36.00000000000000000, 1.500000000000000222, -8.500000000000008882 ) ) ;
#3982 = EDGE_LOOP ( 'NONE', ( #3182, #3716, #113, #665 ) ) ;
#3983 = AXIS2_PLACEMENT_3D ( 'NONE', #309, #2116, #3163 ) ;
#3984 = DIRECTION ( 'NONE',  ( 1.000000000000000000, 0.000000000000000000, 0.000000000000000000 ) ) ;
#3985 = ORIENTED_EDGE ( 'NONE', *, *, #3782, .T. ) ;
#3986 = SECURITY_CLASSIFICATION_LEVEL ( 'unclassified' ) ;
#3987 = FACE_OUTER_BOUND ( 'NONE', #738, .T. ) ;
#3988 = VECTOR ( 'NONE', #2581, 39.37007874015748143 ) ;
#3989 = CARTESIAN_POINT ( 'NONE',  ( 36.00000000000000000, 97.50000000000001421, 12.00000000000000355 ) ) ;
#3990 = EDGE_CURVE ( 'NONE', #1975, #1635, #3143, .T. ) ;
#3991 = CC_DESIGN_PERSON_AND_ORGANIZATION_ASSIGNMENT ( #3091, #1365, ( #2262 ) ) ;
#3992 = PRODUCT_DEFINITION_FORMATION_WITH_SPECIFIED_SOURCE ( 'ANY', '', #2514, .NOT_KNOWN. ) ;
#3993 = ORIENTED_EDGE ( 'NONE', *, *, #1991, .F. ) ;
#3994 = CARTESIAN_POINT ( 'NONE',  ( -37.50000000000000711, 73.54415587728428250, 12.00000000000000355 ) ) ;
#3995 = EDGE_CURVE ( 'NONE', #2047, #123, #42, .T. ) ;
#3996 = LOCAL_TIME ( 22, 35, 5.000000000000000000, #4212 ) ;
#3997 = CALENDAR_DATE ( 2026, 25, 3 ) ;
#3998 = LOCAL_TIME ( 22, 35, 5.000000000000000000, #3294 ) ;
#3999 = DIRECTION ( 'NONE',  ( 5.827942386483766266E-15, 0.000000000000000000, 1.000000000000000000 ) ) ;
#4000 = CARTESIAN_POINT ( 'NONE',  ( 15.25000000000000888, 99.12500000000000000, -12.00000000000001243 ) ) ;
#4001 = APPROVAL_STATUS ( 'not_yet_approved' ) ;
#4002 = LINE ( 'NONE', #1953, #691 ) ;
#4003 = CONTEXT_DEPENDENT_SHAPE_REPRESENTATION ( #2881, #2945 ) ;
#4004 = ORIENTED_EDGE ( 'NONE', *, *, #2354, .T. ) ;
#4005 = DIRECTION ( 'NONE',  ( 1.274862397043323624E-15, 0.000000000000000000, 1.000000000000000000 ) ) ;
#4006 = EDGE_CURVE ( 'NONE', #2109, #2807, #3500, .T. ) ;
#4007 = ORIENTED_EDGE ( 'NONE', *, *, #3047, .F. ) ;
#4008 = DIRECTION ( 'NONE',  ( 1.000000000000000000, 0.000000000000000000, 0.000000000000000000 ) ) ;
#4009 = APPROVAL_STATUS ( 'not_yet_approved' ) ;
#4010 = CARTESIAN_POINT ( 'NONE',  ( -37.50000000000000711, 1.500000000000000222, -11.99999999999999822 ) ) ;
#4011 = APPLICATION_CONTEXT ( 'configuration controlled 3d designs of mechanical parts and assemblies' ) ;
#4012 = PLANE ( 'NONE',  #2190 ) ;
#4013 = VECTOR ( 'NONE', #4353, 39.37007874015748143 ) ;
#4014 = EDGE_LOOP ( 'NONE', ( #1016, #2919, #1093, #3526 ) ) ;
#4015 = DIRECTION ( 'NONE',  ( 0.000000000000000000, 1.000000000000000000, 0.000000000000000000 ) ) ;
#4016 = VECTOR ( 'NONE', #1237, 39.37007874015748143 ) ;
#4017 = DATE_AND_TIME ( #2662, #3619 ) ;
#4018 = LINE ( 'NONE', #3706, #1965 ) ;
#4019 = CC_DESIGN_PERSON_AND_ORGANIZATION_ASSIGNMENT ( #3583, #2876, ( #3679 ) ) ;
#4020 = ADVANCED_FACE ( 'NONE', ( #326 ), #2052, .F. ) ;
#4021 = DIMENSIONAL_EXPONENTS ( 1.000000000000000000, 0.000000000000000000, 0.000000000000000000, 0.000000000000000000, 0.000000000000000000, 0.000000000000000000, 0.000000000000000000 ) ;
#4022 = PRODUCT_DEFINITION ( 'UNKNOWN', '', #3927, #1541 ) ;
#4023 = DIRECTION ( 'NONE',  ( 0.000000000000000000, 0.000000000000000000, 1.000000000000000000 ) ) ;
#4024 = COORDINATED_UNIVERSAL_TIME_OFFSET ( 8, 0, .BEHIND. ) ;
#4025 = CARTESIAN_POINT ( 'NONE',  ( -33.00000000000000711, 99.12500000000000000, 11.99999999999999822 ) ) ;
#4026 = ORIENTED_EDGE ( 'NONE', *, *, #611, .F. ) ;
#4027 = DIRECTION ( 'NONE',  ( -0.5972064818366789041, -0.8020875376492619946, 0.000000000000000000 ) ) ;
#4028 = ORIENTED_EDGE ( 'NONE', *, *, #2922, .T. ) ;
#4029 = ORIENTED_EDGE ( 'NONE', *, *, #330, .F. ) ;
#4030 = APPROVAL_ROLE ( '' ) ;
#4031 =( GEOMETRIC_REPRESENTATION_CONTEXT ( 3 ) GLOBAL_UNCERTAINTY_ASSIGNED_CONTEXT ( ( #587 ) ) GLOBAL_UNIT_ASSIGNED_CONTEXT ( ( #2065, #3043, #4407 ) ) REPRESENTATION_CONTEXT ( 'NONE', 'WORKASPACE' ) );
#4032 = DIRECTION ( 'NONE',  ( 1.000000000000000000, 0.000000000000000000, -0.000000000000000000 ) ) ;
#4033 = AXIS2_PLACEMENT_3D ( 'NONE', #1959, #262, #584 ) ;
#4034 = CARTESIAN_POINT ( 'NONE',  ( 33.00000000000001421, 99.12500000000000000, 11.99999999999993783 ) ) ;
#4035 = FACE_OUTER_BOUND ( 'NONE', #1699, .T. ) ;
#4036 = ORIENTED_EDGE ( 'NONE', *, *, #697, .F. ) ;
#4037 = DIRECTION ( 'NONE',  ( -1.000000000000000000, 0.000000000000000000, -0.000000000000000000 ) ) ;
#4038 = COORDINATED_UNIVERSAL_TIME_OFFSET ( 8, 0, .BEHIND. ) ;
#4039 = DIRECTION ( 'NONE',  ( 0.000000000000000000, 1.000000000000000000, 0.000000000000000000 ) ) ;
#4040 = PLANE ( 'NONE',  #1968 ) ;
#4041 = CARTESIAN_POINT ( 'NONE',  ( 0.000000000000000000, 3.500000000000000000, -10.49999999999999822 ) ) ;
#4042 = PERSON_AND_ORGANIZATION_ROLE ( 'design_owner' ) ;
#4043 = CARTESIAN_POINT ( 'NONE',  ( 36.00000000000000000, 3.500000000000000000, -11.99999999999999822 ) ) ;
#4044 = COORDINATED_UNIVERSAL_TIME_OFFSET ( 8, 0, .BEHIND. ) ;
#4045 = LOCAL_TIME ( 22, 35, 5.000000000000000000, #1274 ) ;
#4046 = ORIENTED_EDGE ( 'NONE', *, *, #699, .F. ) ;
#4047 = CC_DESIGN_PERSON_AND_ORGANIZATION_ASSIGNMENT ( #287, #222, ( #900 ) ) ;
#4048 = LINE ( 'NONE', #2672, #2010 ) ;
#4049 = VECTOR ( 'NONE', #3836, 39.37007874015748143 ) ;
#4050 = VERTEX_POINT ( 'NONE', #20 ) ;
#4051 = DIRECTION ( 'NONE',  ( 1.000000000000000000, 0.000000000000000000, 0.000000000000000000 ) ) ;
#4052 = EDGE_CURVE ( 'NONE', #3882, #389, #3825, .T. ) ;
#4053 = VECTOR ( 'NONE', #635, 39.37007874015748143 ) ;
#4054 = COORDINATED_UNIVERSAL_TIME_OFFSET ( 8, 0, .BEHIND. ) ;
#4055 = FACE_OUTER_BOUND ( 'NONE', #3654, .T. ) ;
#4056 = VECTOR ( 'NONE', #1094, 39.37007874015748854 ) ;
#4057 = EDGE_LOOP ( 'NONE', ( #3088, #1135, #2531, #3490 ) ) ;
#4058 = CARTESIAN_POINT ( 'NONE',  ( 0.000000000000000000, 1.500000000000000222, 0.000000000000000000 ) ) ;
#4059 = EDGE_CURVE ( 'NONE', #1279, #2056, #1375, .T. ) ;
#4060 = LINE ( 'NONE', #1360, #1080 ) ;
#4061 = ORIENTED_EDGE ( 'NONE', *, *, #2645, .F. ) ;
#4062 = CARTESIAN_POINT ( 'NONE',  ( 22.75000000000001421, 99.12500000000000000, 11.99999999999999289 ) ) ;
#4063 = ADVANCED_FACE ( 'NONE', ( #2767 ), #4120, .F. ) ;
#4064 = SECURITY_CLASSIFICATION_LEVEL ( 'unclassified' ) ;
#4065 = PLANE ( 'NONE',  #4266 ) ;
#4066 = ORGANIZATION ( 'NAUO-ORG1', 'UNSPECIFIED', 'UNSPECIFIED' ) ;
#4067 = LINE ( 'NONE', #2758, #25 ) ;
#4068 = LOCAL_TIME ( 22, 35, 5.000000000000000000, #3402 ) ;
#4069 =( LENGTH_UNIT ( ) NAMED_UNIT ( * ) SI_UNIT ( $, .METRE. ) );
#4070 = APPLICATION_PROTOCOL_DEFINITION ( 'international standard', 'config_control_design', 1994, #792 ) ;
#4071 = CARTESIAN_POINT ( 'NONE',  ( -15.25000000000000888, 99.12500000000000000, -12.00000000000000711 ) ) ;
#4072 = EDGE_LOOP ( 'NONE', ( #4284, #1612, #461, #136 ) ) ;
#4073 = CC_DESIGN_APPROVAL ( #662, ( #4359 ) ) ;
#4074 = DIRECTION ( 'NONE',  ( 1.821231995776174986E-16, 0.000000000000000000, 1.000000000000000000 ) ) ;
#4075 = ORIENTED_EDGE ( 'NONE', *, *, #1457, .F. ) ;
#4076 = CC_DESIGN_SECURITY_CLASSIFICATION ( #474, ( #4470 ) ) ;
#4077 = CARTESIAN_POINT ( 'NONE',  ( 0.000000000000000000, 0.000000000000000000, 0.000000000000000000 ) ) ;
#4078 = SECURITY_CLASSIFICATION_LEVEL ( 'unclassified' ) ;
#4079 = PLANE ( 'NONE',  #2818 ) ;
#4080 = CC_DESIGN_PERSON_AND_ORGANIZATION_ASSIGNMENT ( #3334, #579, ( #474 ) ) ;
#4081 = VERTEX_POINT ( 'NONE', #398 ) ;
#4082 = FACE_OUTER_BOUND ( 'NONE', #3280, .T. ) ;
#4083 = LINE ( 'NONE', #4449, #3783 ) ;
#4084 = ADVANCED_FACE ( 'NONE', ( #703 ), #1783, .T. ) ;
#4085 = EDGE_LOOP ( 'NONE', ( #68, #2210, #409, #1946 ) ) ;
#4086 = PRODUCT ( 'Gear Box Mount^Wooden Assembly Actual', 'Gear Box Mount^Wooden Assembly Actual', '', ( #1593 ) ) ;
#4087 = CARTESIAN_POINT ( 'NONE',  ( 33.00000000000001421, 100.6250000000000000, 11.99999999999993783 ) ) ;
#4088 = PERSON_AND_ORGANIZATION_ROLE ( 'classification_officer' ) ;
#4089 = CLOSED_SHELL ( 'NONE', ( #938, #2895, #226, #69, #3266, #1246 ) ) ;
#4090 = LINE ( 'NONE', #3423, #594 ) ;
#4091 = EDGE_CURVE ( 'NONE', #898, #2454, #79, .T. ) ;
#4092 = VECTOR ( 'NONE', #264, 39.37007874015748143 ) ;
#4093 = LINE ( 'NONE', #1011, #2924 ) ;
#4094 = SHAPE_DEFINITION_REPRESENTATION ( #2371, #4101 ) ;
#4095 = CARTESIAN_POINT ( 'NONE',  ( 27.49999999999998934, 100.6250000000000000, -12.00000000000004263 ) ) ;
#4096 = VERTEX_POINT ( 'NONE', #1211 ) ;
#4097 = VECTOR ( 'NONE', #1014, 39.37007874015748143 ) ;
#4098 = FACE_OUTER_BOUND ( 'NONE', #1928, .T. ) ;
#4099 =( REPRESENTATION_RELATIONSHIP ('NONE','NONE', #989, #1842 ) REPRESENTATION_RELATIONSHIP_WITH_TRANSFORMATION ( #202 )SHAPE_REPRESENTATION_RELATIONSHIP( ) );
#4100 = FACE_OUTER_BOUND ( 'NONE', #4216, .T. ) ;
#4101 = SHAPE_REPRESENTATION ( 'Blue Motor Mount Sandwich^Blue Motor Mount Assem_Wooden Assembly Actual', ( #2426 ), #653 ) ;
#4102 = DIRECTION ( 'NONE',  ( 0.000000000000000000, 0.000000000000000000, 1.000000000000000000 ) ) ;
#4103 = DESIGN_CONTEXT ( 'detailed design', #2962, 'design' ) ;
#4104 = EDGE_LOOP ( 'NONE', ( #3326, #3159, #1432, #3300 ) ) ;
#4105 = DIRECTION ( 'NONE',  ( 0.000000000000000000, 1.000000000000000000, 0.000000000000000000 ) ) ;
#4106 = EDGE_CURVE ( 'NONE', #3891, #782, #3957, .T. ) ;
#4107 = PLANE ( 'NONE',  #2600 ) ;
#4108 = CC_DESIGN_PERSON_AND_ORGANIZATION_ASSIGNMENT ( #3821, #757, ( #1057 ) ) ;
#4109 = ORIENTED_EDGE ( 'NONE', *, *, #1690, .T. ) ;
#4110 = CARTESIAN_POINT ( 'NONE',  ( -36.00000000000000711, 1.500000000000000222, 12.00000000000000355 ) ) ;
#4111 = COORDINATED_UNIVERSAL_TIME_OFFSET ( 8, 0, .BEHIND. ) ;
#4112 = LINE ( 'NONE', #2781, #4264 ) ;
#4113 = ORIENTED_EDGE ( 'NONE', *, *, #2332, .F. ) ;
#4114 = CARTESIAN_POINT ( 'NONE',  ( 36.00000000000000000, 97.50000000000001421, -11.99999999999999822 ) ) ;
#4115 = PERSON_AND_ORGANIZATION_ROLE ( 'design_owner' ) ;
#4116 = ORIENTED_EDGE ( 'NONE', *, *, #1527, .T. ) ;
#4117 = CARTESIAN_POINT ( 'NONE',  ( 0.000000000000000000, 1.500000000000000222, 0.000000000000000000 ) ) ;
#4118 = ORIENTED_EDGE ( 'NONE', *, *, #926, .T. ) ;
#4119 = FACE_OUTER_BOUND ( 'NONE', #3060, .T. ) ;
#4120 = PLANE ( 'NONE',  #1618 ) ;
#4121 = ADVANCED_FACE ( 'NONE', ( #3560 ), #442, .F. ) ;
#4122 = DATE_AND_TIME ( #1376, #4147 ) ;
#4123 = FACE_OUTER_BOUND ( 'NONE', #2199, .T. ) ;
#4124 = PRODUCT ( 'Cross Bracing^Wooden Assembly Actual', 'Cross Bracing^Wooden Assembly Actual', '', ( #2912 ) ) ;
#4125 = ORIENTED_EDGE ( 'NONE', *, *, #2801, .F. ) ;
#4126 = VECTOR ( 'NONE', #3371, 39.37007874015748854 ) ;
#4127 = DIRECTION ( 'NONE',  ( -0.7071067811865475727, -0.7071067811865475727, 0.000000000000000000 ) ) ;
#4128 = VECTOR ( 'NONE', #2302, 39.37007874015748143 ) ;
#4129 = ORIENTED_EDGE ( 'NONE', *, *, #477, .F. ) ;
#4130 = LINE ( 'NONE', #1470, #1688 ) ;
#4131 = CC_DESIGN_DATE_AND_TIME_ASSIGNMENT ( #3752, #4133, ( #1192 ) ) ;
#4132 = VECTOR ( 'NONE', #1696, 39.37007874015748143 ) ;
#4133 = DATE_TIME_ROLE ( 'creation_date' ) ;
#4134 = DIRECTION ( 'NONE',  ( 0.000000000000000000, 1.000000000000000000, 0.000000000000000000 ) ) ;
#4135 = VERTEX_POINT ( 'NONE', #462 ) ;
#4136 = ADVANCED_FACE ( 'NONE', ( #153 ), #1172, .F. ) ;
#4137 = EDGE_CURVE ( 'NONE', #4346, #1806, #2875, .T. ) ;
#4138 = LINE ( 'NONE', #1062, #2117 ) ;
#4139 =( NAMED_UNIT ( * ) SI_UNIT ( $, .STERADIAN. ) SOLID_ANGLE_UNIT ( ) );
#4140 = PERSON_AND_ORGANIZATION ( #3496, #2467 ) ;
#4141 = VERTEX_POINT ( 'NONE', #2206 ) ;
#4142 = LINE ( 'NONE', #2046, #137 ) ;
#4143 = ORIENTED_EDGE ( 'NONE', *, *, #3156, .T. ) ;
#4144 = APPROVAL_PERSON_ORGANIZATION ( #2632, #3076, #1605 ) ;
#4145 = APPROVAL_PERSON_ORGANIZATION ( #4140, #2994, #4158 ) ;
#4146 = CARTESIAN_POINT ( 'NONE',  ( 24.83694061757718785, 18.49272209026128166, -11.99999999999999822 ) ) ;
#4147 = LOCAL_TIME ( 22, 35, 5.000000000000000000, #21 ) ;
#4148 = PERSON_AND_ORGANIZATION ( #4341, #3930 ) ;
#4149 = DIRECTION ( 'NONE',  ( 0.7071067811865474617, -0.7071067811865474617, 0.000000000000000000 ) ) ;
#4150 = EDGE_CURVE ( 'NONE', #1712, #3932, #1508, .T. ) ;
#4151 = CC_DESIGN_APPROVAL ( #411, ( #474 ) ) ;
#4152 = ORIENTED_EDGE ( 'NONE', *, *, #197, .T. ) ;
#4153 = ORIENTED_EDGE ( 'NONE', *, *, #1559, .T. ) ;
#4154 = CARTESIAN_POINT ( 'NONE',  ( -22.75000000000000355, 99.12500000000000000, 11.99999999999999822 ) ) ;
#4155 = CARTESIAN_POINT ( 'NONE',  ( -24.83694061757718785, 18.49272209026128166, -11.99999999999999822 ) ) ;
#4156 = EDGE_LOOP ( 'NONE', ( #908, #52, #3306, #2003 ) ) ;
#4157 = FACE_OUTER_BOUND ( 'NONE', #3477, .T. ) ;
#4158 = APPROVAL_ROLE ( '' ) ;
#4159 = EDGE_LOOP ( 'NONE', ( #3532, #1282, #3713, #1201 ) ) ;
#4160 = EDGE_CURVE ( 'NONE', #2187, #3754, #2601, .T. ) ;
#4161 = FACE_OUTER_BOUND ( 'NONE', #1794, .T. ) ;
#4162 = EDGE_CURVE ( 'NONE', #846, #2536, #173, .T. ) ;
#4163 = VERTEX_POINT ( 'NONE', #3204 ) ;
#4164 = CLOSED_SHELL ( 'NONE', ( #1324, #1550, #3943, #2664, #3162, #1114 ) ) ;
#4165 = APPROVAL ( #2311, 'UNSPECIFIED' ) ;
#4166 = DIRECTION ( 'NONE',  ( -5.827942386483749700E-15, -0.000000000000000000, 1.000000000000000000 ) ) ;
#4167 = VECTOR ( 'NONE', #2141, 39.37007874015748143 ) ;
#4168 = COORDINATED_UNIVERSAL_TIME_OFFSET ( 8, 0, .BEHIND. ) ;
#4169 = EDGE_CURVE ( 'NONE', #4081, #2133, #4254, .T. ) ;
#4170 = LINE ( 'NONE', #2472, #927 ) ;
#4171 = AXIS2_PLACEMENT_3D ( 'NONE', #637, #1680, #4428 ) ;
#4172 = ORIENTED_EDGE ( 'NONE', *, *, #747, .F. ) ;
#4173 = EDGE_CURVE ( 'NONE', #3830, #448, #2515, .T. ) ;
#4174 = DIRECTION ( 'NONE',  ( -0.000000000000000000, -0.000000000000000000, -1.000000000000000000 ) ) ;
#4175 = DIRECTION ( 'NONE',  ( -1.821231995776175725E-16, 0.000000000000000000, -1.000000000000000000 ) ) ;
#4176 = LENGTH_MEASURE_WITH_UNIT ( LENGTH_MEASURE( 0.02539999999999999897 ), #3859 );
#4177 = CARTESIAN_POINT ( 'NONE',  ( -35.99999999999999289, 3.499999999999999112, -10.49999999999999822 ) ) ;
#4178 = LOCAL_TIME ( 22, 35, 5.000000000000000000, #155 ) ;
#4179 = ORIENTED_EDGE ( 'NONE', *, *, #3144, .F. ) ;
#4180 = DIRECTION ( 'NONE',  ( -0.000000000000000000, 0.000000000000000000, 1.000000000000000000 ) ) ;
#4181 =( CONVERSION_BASED_UNIT ( 'INCH', #2825 ) LENGTH_UNIT ( ) NAMED_UNIT ( #1639 ) );
#4182 = PERSON_AND_ORGANIZATION_ROLE ( 'design_owner' ) ;
#4183 = ORIENTED_EDGE ( 'NONE', *, *, #1474, .F. ) ;
#4184 = FACE_OUTER_BOUND ( 'NONE', #1064, .T. ) ;
#4185 = ORIENTED_EDGE ( 'NONE', *, *, #1367, .T. ) ;
#4186 = EDGE_CURVE ( 'NONE', #1314, #2670, #2850, .T. ) ;
#4187 = CARTESIAN_POINT ( 'NONE',  ( -36.00000000000000711, 3.500000000000000000, 12.00000000000000355 ) ) ;
#4188 = APPLICATION_PROTOCOL_DEFINITION ( 'international standard', 'config_control_design', 1994, #2732 ) ;
#4189 = CC_DESIGN_PERSON_AND_ORGANIZATION_ASSIGNMENT ( #2546, #4261, ( #2514 ) ) ;
#4190 = CONTEXT_DEPENDENT_SHAPE_REPRESENTATION ( #261, #2279 ) ;
#4191 = CARTESIAN_POINT ( 'NONE',  ( 32.50000000000000711, 95.49999999999998579, -11.99999999999999822 ) ) ;
#4192 = EDGE_CURVE ( 'NONE', #3286, #2899, #3582, .T. ) ;
#4193 = ORIENTED_EDGE ( 'NONE', *, *, #3353, .F. ) ;
#4194 = DIRECTION ( 'NONE',  ( -1.000000000000000000, 0.000000000000000000, -0.000000000000000000 ) ) ;
#4195 = AXIS2_PLACEMENT_3D ( 'NONE', #2149, #2889, #2866 ) ;
#4196 = CARTESIAN_POINT ( 'NONE',  ( 36.00000000000000000, 0.000000000000000000, -11.99999999999999822 ) ) ;
#4197 = DIRECTION ( 'NONE',  ( 0.000000000000000000, 0.000000000000000000, 1.000000000000000000 ) ) ;
#4198 = AXIS2_PLACEMENT_3D ( 'NONE', #70, #1089, #1837 ) ;
#4199 = LINE ( 'NONE', #2198, #451 ) ;
#4200 = EDGE_LOOP ( 'NONE', ( #4292, #3108, #3844, #2802 ) ) ;
#4201 = EDGE_CURVE ( 'NONE', #2725, #2565, #1152, .T. ) ;
#4202 = LINE ( 'NONE', #3225, #1547 ) ;
#4203 = AXIS2_PLACEMENT_3D ( 'NONE', #3458, #2399, #2097 ) ;
#4204 = DATE_TIME_ROLE ( 'creation_date' ) ;
#4205 = ORIENTED_EDGE ( 'NONE', *, *, #2690, .T. ) ;
#4206 = LINE ( 'NONE', #126, #928 ) ;
#4207 = VERTEX_POINT ( 'NONE', #486 ) ;
#4208 = AXIS2_PLACEMENT_3D ( 'NONE', #4041, #3051, #2666 ) ;
#4209 = CARTESIAN_POINT ( 'NONE',  ( 16.99390334559011961, 98.99999999999998579, 13.50000000000000355 ) ) ;
#4210 = COORDINATED_UNIVERSAL_TIME_OFFSET ( 8, 0, .BEHIND. ) ;
#4211 = DIRECTION ( 'NONE',  ( 0.5972064818366790151, 0.8020875376492619946, 0.000000000000000000 ) ) ;
#4212 = COORDINATED_UNIVERSAL_TIME_OFFSET ( 8, 0, .BEHIND. ) ;
#4213 = ORIENTED_EDGE ( 'NONE', *, *, #3750, .T. ) ;
#4214 = CC_DESIGN_SECURITY_CLASSIFICATION ( #4288, ( #3992 ) ) ;
#4215 = DIRECTION ( 'NONE',  ( 0.000000000000000000, 0.000000000000000000, 1.000000000000000000 ) ) ;
#4216 = EDGE_LOOP ( 'NONE', ( #3632, #16, #2617, #2033 ) ) ;
#4217 = SECURITY_CLASSIFICATION ( '', '', #677 ) ;
#4218 = LOCAL_TIME ( 22, 35, 5.000000000000000000, #125 ) ;
#4219 = PERSON_AND_ORGANIZATION ( #3496, #2467 ) ;
#4220 = ADVANCED_FACE ( 'NONE', ( #1193 ), #1873, .F. ) ;
#4221 = VERTEX_POINT ( 'NONE', #4209 ) ;
#4222 = EDGE_CURVE ( 'NONE', #656, #2273, #2537, .T. ) ;
#4223 = CC_DESIGN_SECURITY_CLASSIFICATION ( #4439, ( #4463 ) ) ;
#4224 = CARTESIAN_POINT ( 'NONE',  ( 36.00000000000000711, 97.50000000000001421, 8.500000000000012434 ) ) ;
#4225 = DIRECTION ( 'NONE',  ( 0.000000000000000000, 0.000000000000000000, 1.000000000000000000 ) ) ;
#4226 = PRODUCT ( 'Wooden Assembly Actual', 'Wooden Assembly Actual', '', ( #2348 ) ) ;
#4227 = CARTESIAN_POINT ( 'NONE',  ( -37.50000000000000711, 73.54415587728428250, 13.50000000000000355 ) ) ;
#4228 = ORIENTED_EDGE ( 'NONE', *, *, #4232, .T. ) ;
#4229 = DIRECTION ( 'NONE',  ( 0.000000000000000000, -0.000000000000000000, 1.000000000000000000 ) ) ;
#4230 = APPROVAL_DATE_TIME ( #2845, #3510 ) ;
#4231 = DIRECTION ( 'NONE',  ( -0.7071067811865455743, 0.7071067811865493491, 0.000000000000000000 ) ) ;
#4232 = EDGE_CURVE ( 'NONE', #896, #2112, #2161, .T. ) ;
#4233 = ORIENTED_EDGE ( 'NONE', *, *, #3782, .F. ) ;
#4234 = DIRECTION ( 'NONE',  ( 1.000000000000000000, 0.000000000000000000, -0.000000000000000000 ) ) ;
#4235 = MECHANICAL_CONTEXT ( 'NONE', #4011, 'mechanical' ) ;
#4236 = FACE_OUTER_BOUND ( 'NONE', #861, .T. ) ;
#4237 = CALENDAR_DATE ( 2026, 25, 3 ) ;
#4238 = ORIENTED_EDGE ( 'NONE', *, *, #2613, .F. ) ;
#4239 = PLANE ( 'NONE',  #3459 ) ;
#4240 = VECTOR ( 'NONE', #2752, 39.37007874015748143 ) ;
#4241 = ORIENTED_EDGE ( 'NONE', *, *, #3549, .F. ) ;
#4242 = APPLICATION_PROTOCOL_DEFINITION ( 'international standard', 'config_control_design', 1994, #3191 ) ;
#4243 = EDGE_LOOP ( 'NONE', ( #979, #2521, #159, #3452 ) ) ;
#4244 = DIRECTION ( 'NONE',  ( -1.000000000000000000, -0.000000000000000000, 2.913971193241880766E-16 ) ) ;
#4245 = EDGE_CURVE ( 'NONE', #2133, #87, #3518, .T. ) ;
#4246 =( REPRESENTATION_RELATIONSHIP ('NONE','NONE', #2566, #1482 ) REPRESENTATION_RELATIONSHIP_WITH_TRANSFORMATION ( #131 )SHAPE_REPRESENTATION_RELATIONSHIP( ) );
#4247 = CC_DESIGN_DATE_AND_TIME_ASSIGNMENT ( #3118, #2735, ( #980 ) ) ;
#4248 = PLANE ( 'NONE',  #4195 ) ;
#4249 = VERTEX_POINT ( 'NONE', #1619 ) ;
#4250 = FACE_OUTER_BOUND ( 'NONE', #2704, .T. ) ;
#4251 = APPROVAL_DATE_TIME ( #2156, #3831 ) ;
#4252 = LINE ( 'NONE', #151, #1244 ) ;
#4253 =( GEOMETRIC_REPRESENTATION_CONTEXT ( 3 ) GLOBAL_UNCERTAINTY_ASSIGNED_CONTEXT ( ( #265 ) ) GLOBAL_UNIT_ASSIGNED_CONTEXT ( ( #2501, #2478, #2549 ) ) REPRESENTATION_CONTEXT ( 'NONE', 'WORKASPACE' ) );
#4254 = LINE ( 'NONE', #830, #2051 ) ;
#4255 = COORDINATED_UNIVERSAL_TIME_OFFSET ( 8, 0, .BEHIND. ) ;
#4256 = CARTESIAN_POINT ( 'NONE',  ( 33.00000000000001421, 99.12500000000000000, 11.99999999999993783 ) ) ;
#4257 = ORIENTED_EDGE ( 'NONE', *, *, #4201, .T. ) ;
#4258 = FACE_OUTER_BOUND ( 'NONE', #1788, .T. ) ;
#4259 = ADVANCED_FACE ( 'NONE', ( #3686 ), #1301, .F. ) ;
#4260 = VERTEX_POINT ( 'NONE', #1915 ) ;
#4261 = PERSON_AND_ORGANIZATION_ROLE ( 'design_owner' ) ;
#4262 = CARTESIAN_POINT ( 'NONE',  ( 8.741913579725642299E-15, 51.85036496350362967, -10.49999999999999822 ) ) ;
#4263 = DIRECTION ( 'NONE',  ( -0.000000000000000000, -1.000000000000000000, -0.000000000000000000 ) ) ;
#4264 = VECTOR ( 'NONE', #3092, 39.37007874015748143 ) ;
#4265 = LINE ( 'NONE', #72, #2326 ) ;
#4266 = AXIS2_PLACEMENT_3D ( 'NONE', #2412, #2731, #296 ) ;
#4267 = ORIENTED_EDGE ( 'NONE', *, *, #1725, .F. ) ;
#4268 = APPROVAL_PERSON_ORGANIZATION ( #4336, #2860, #1912 ) ;
#4269 = APPROVAL ( #2708, 'UNSPECIFIED' ) ;
#4270 = DIRECTION ( 'NONE',  ( 0.000000000000000000, -0.000000000000000000, 1.000000000000000000 ) ) ;
#4271 = APPLICATION_CONTEXT ( 'configuration controlled 3d designs of mechanical parts and assemblies' ) ;
#4272 = VECTOR ( 'NONE', #3577, 39.37007874015748143 ) ;
#4273 = PERSON_AND_ORGANIZATION_ROLE ( 'creator' ) ;
#4274 = LINE ( 'NONE', #171, #2748 ) ;
#4275 = EDGE_CURVE ( 'NONE', #3682, #1941, #624, .T. ) ;
#4276 = VECTOR ( 'NONE', #3240, 39.37007874015748854 ) ;
#4277 = DIRECTION ( 'NONE',  ( 1.000000000000000000, 0.000000000000000000, 0.000000000000000000 ) ) ;
#4278 = DATE_TIME_ROLE ( 'creation_date' ) ;
#4279 = VECTOR ( 'NONE', #2740, 39.37007874015748143 ) ;
#4280 = PLANE ( 'NONE',  #1155 ) ;
#4281 = COORDINATED_UNIVERSAL_TIME_OFFSET ( 8, 0, .BEHIND. ) ;
#4282 = ORIENTED_EDGE ( 'NONE', *, *, #4389, .T. ) ;
#4283 = DIRECTION ( 'NONE',  ( -1.000000000000000000, 0.000000000000000000, -0.000000000000000000 ) ) ;
#4284 = ORIENTED_EDGE ( 'NONE', *, *, #2359, .T. ) ;
#4285 = APPROVAL_DATE_TIME ( #3547, #3912 ) ;
#4286 = DIRECTION ( 'NONE',  ( 0.000000000000000000, 0.000000000000000000, -1.000000000000000000 ) ) ;
#4287 = ADVANCED_FACE ( 'NONE', ( #574 ), #3293, .T. ) ;
#4288 = SECURITY_CLASSIFICATION ( '', '', #160 ) ;
#4289 = LOCAL_TIME ( 22, 35, 5.000000000000000000, #2419 ) ;
#4290 = DIRECTION ( 'NONE',  ( 1.000000000000000000, -0.000000000000000000, 0.000000000000000000 ) ) ;
#4291 = APPROVAL_PERSON_ORGANIZATION ( #535, #2155, #2964 ) ;
#4292 = ORIENTED_EDGE ( 'NONE', *, *, #1399, .T. ) ;
#4293 = LINE ( 'NONE', #208, #2256 ) ;
#4294 = DATE_TIME_ROLE ( 'creation_date' ) ;
#4295 = CARTESIAN_POINT ( 'NONE',  ( 36.00000000000000000, 0.000000000000000000, 12.00000000000001243 ) ) ;
#4297 = CARTESIAN_POINT ( 'NONE',  ( 22.58523515439430085, 16.81618052256532536, -11.99999999999999822 ) ) ;
#4296 = APPROVAL ( #463, 'UNSPECIFIED' ) ;
#4298 = APPROVAL_STATUS ( 'not_yet_approved' ) ;
#4299 = DIRECTION ( 'NONE',  ( -1.821231995776175479E-16, 0.000000000000000000, -1.000000000000000000 ) ) ;
#4300 = ITEM_DEFINED_TRANSFORMATION ( 'NONE', 'NONE', #1948,  #2426 ) ;
#4301 = ORIENTED_EDGE ( 'NONE', *, *, #2967, .T. ) ;
#4302 = CC_DESIGN_DATE_AND_TIME_ASSIGNMENT ( #1435, #779, ( #1057 ) ) ;
#4303 = FACE_OUTER_BOUND ( 'NONE', #758, .T. ) ;
#4304 = ORIENTED_EDGE ( 'NONE', *, *, #3213, .T. ) ;
#4305 = CLOSED_SHELL ( 'NONE', ( #4400, #2831, #818, #1297, #1206, #3244 ) ) ;
#4306 = ORIENTED_EDGE ( 'NONE', *, *, #920, .T. ) ;
#4307 = APPROVAL_STATUS ( 'not_yet_approved' ) ;
#4308 = LINE ( 'NONE', #1925, #3023 ) ;
#4309 = VECTOR ( 'NONE', #236, 39.37007874015748143 ) ;
#4310 = CARTESIAN_POINT ( 'NONE',  ( -27.50000000000001421, 100.8750000000000000, -12.00000000000000355 ) ) ;
#4311 = VECTOR ( 'NONE', #1655, 39.37007874015748143 ) ;
#4312 = VECTOR ( 'NONE', #332, 39.37007874015748854 ) ;
#4313 = VERTEX_POINT ( 'NONE', #1951 ) ;
#4314 = DIRECTION ( 'NONE',  ( -0.000000000000000000, -1.000000000000000000, -0.000000000000000000 ) ) ;
#4315 = APPLICATION_PROTOCOL_DEFINITION ( 'international standard', 'config_control_design', 1994, #2029 ) ;
#4316 = DIRECTION ( 'NONE',  ( 0.000000000000000000, 1.000000000000000000, 0.000000000000000000 ) ) ;
#4317 = CARTESIAN_POINT ( 'NONE',  ( 36.00000000000000000, 97.50000000000001421, 12.00000000000000355 ) ) ;
#4318 = PERSON_AND_ORGANIZATION_ROLE ( 'creator' ) ;
#4319 = FACE_OUTER_BOUND ( 'NONE', #1439, .T. ) ;
#4320 = CALENDAR_DATE ( 2026, 25, 3 ) ;
#4321 = ORIENTED_EDGE ( 'NONE', *, *, #1399, .F. ) ;
#4322 = DIRECTION ( 'NONE',  ( 0.5972064818366790151, 0.8020875376492619946, 0.000000000000000000 ) ) ;
#4323 =( GEOMETRIC_REPRESENTATION_CONTEXT ( 3 ) GLOBAL_UNCERTAINTY_ASSIGNED_CONTEXT ( ( #1587 ) ) GLOBAL_UNIT_ASSIGNED_CONTEXT ( ( #3655, #219, #972 ) ) REPRESENTATION_CONTEXT ( 'NONE', 'WORKASPACE' ) );
#4324 = EDGE_CURVE ( 'NONE', #2238, #4313, #3710, .T. ) ;
#4325 = ORIENTED_EDGE ( 'NONE', *, *, #3344, .T. ) ;
#4326 = CC_DESIGN_PERSON_AND_ORGANIZATION_ASSIGNMENT ( #4148, #3104, ( #4439 ) ) ;
#4327 = COORDINATED_UNIVERSAL_TIME_OFFSET ( 8, 0, .BEHIND. ) ;
#4328 = DIRECTION ( 'NONE',  ( 1.274862397043323821E-15, 0.000000000000000000, 1.000000000000000000 ) ) ;
#4329 = DESIGN_CONTEXT ( 'detailed design', #2029, 'design' ) ;
#4330 =( REPRESENTATION_RELATIONSHIP ('NONE','NONE', #989, #2180 ) REPRESENTATION_RELATIONSHIP_WITH_TRANSFORMATION ( #2098 )SHAPE_REPRESENTATION_RELATIONSHIP( ) );
#4331 = ADVANCED_FACE ( 'NONE', ( #963 ), #3331, .F. ) ;
#4332 = CARTESIAN_POINT ( 'NONE',  ( -27.50000000000001066, 99.12500000000000000, 11.99999999999999822 ) ) ;
#4333 = PRODUCT_DEFINITION_SHAPE ( 'NONE', 'NONE',  #4459 ) ;
#4334 = ORIENTED_EDGE ( 'NONE', *, *, #3751, .F. ) ;
#4335 = PLANE ( 'NONE',  #1113 ) ;
#4336 = PERSON_AND_ORGANIZATION ( #3496, #2467 ) ;
#4337 = DIRECTION ( 'NONE',  ( 0.000000000000000000, -0.000000000000000000, 1.000000000000000000 ) ) ;
#4338 = EDGE_CURVE ( 'NONE', #2114, #4081, #211, .T. ) ;
#4339 = DIMENSIONAL_EXPONENTS ( 1.000000000000000000, 0.000000000000000000, 0.000000000000000000, 0.000000000000000000, 0.000000000000000000, 0.000000000000000000, 0.000000000000000000 ) ;
#4340 = VECTOR ( 'NONE', #733, 39.37007874015748143 ) ;
#4341 = PERSON ( 'NAUO-PER5', 'UNSPECIFIED', 'UNSPECIFIED', ('UNSPECIFIED'), ('UNSPECIFIED'), ('UNSPECIFIED') ) ;
#4342 = CARTESIAN_POINT ( 'NONE',  ( 36.00000000000000000, 97.50000000000001421, 12.00000000000000355 ) ) ;
#4343 = APPROVAL_ROLE ( '' ) ;
#4344 = CARTESIAN_POINT ( 'NONE',  ( 37.50000000000000711, 73.54415587728428250, 13.50000000000000355 ) ) ;
#4345 = SECURITY_CLASSIFICATION_LEVEL ( 'unclassified' ) ;
#4346 = VERTEX_POINT ( 'NONE', #914 ) ;
#4347 = VECTOR ( 'NONE', #2085, 39.37007874015748143 ) ;
#4348 = PLANE ( 'NONE',  #2007 ) ;
#4349 = ORIENTED_EDGE ( 'NONE', *, *, #2050, .T. ) ;
#4350 = AXIS2_PLACEMENT_3D ( 'NONE', #3478, #376, #675 ) ;
#4351 = DIRECTION ( 'NONE',  ( 0.000000000000000000, 0.000000000000000000, 1.000000000000000000 ) ) ;
#4352 = ORIENTED_EDGE ( 'NONE', *, *, #477, .T. ) ;
#4353 = DIRECTION ( 'NONE',  ( -0.000000000000000000, -0.000000000000000000, -1.000000000000000000 ) ) ;
#4354 = AXIS2_PLACEMENT_3D ( 'NONE', #4342, #2310, #2339 ) ;
#4355 = CARTESIAN_POINT ( 'NONE',  ( 27.49999999999998934, 99.12500000000000000, -12.00000000000004263 ) ) ;
#4356 = ADVANCED_FACE ( 'NONE', ( #2959 ), #1666, .F. ) ;
#4357 = EDGE_CURVE ( 'NONE', #2403, #713, #2688, .T. ) ;
#4358 = CC_DESIGN_PERSON_AND_ORGANIZATION_ASSIGNMENT ( #643, #2364, ( #2772 ) ) ;
#4359 = SECURITY_CLASSIFICATION ( '', '', #3786 ) ;
#4360 = VERTEX_POINT ( 'NONE', #1972 ) ;
#4361 = LOCAL_TIME ( 22, 35, 5.000000000000000000, #3378 ) ;
#4362 = CARTESIAN_POINT ( 'NONE',  ( -33.00000000000001421, 100.8750000000000000, -12.00000000000000355 ) ) ;
#4363 = LOCAL_TIME ( 22, 35, 5.000000000000000000, #2692 ) ;
#4364 = PERSON_AND_ORGANIZATION ( #3496, #2467 ) ;
#4365 = CC_DESIGN_APPROVAL ( #3639, ( #2992 ) ) ;
#4366 = DIRECTION ( 'NONE',  ( 0.000000000000000000, 0.000000000000000000, -1.000000000000000000 ) ) ;
#4367 = FACE_OUTER_BOUND ( 'NONE', #2443, .T. ) ;
#4368 = ADVANCED_FACE ( 'NONE', ( #4367 ), #3976, .F. ) ;
#4369 = PERSON_AND_ORGANIZATION ( #3496, #2467 ) ;
#4370 = CARTESIAN_POINT ( 'NONE',  ( 37.50000000000000711, 73.54415587728428250, 13.50000000000000355 ) ) ;
#4371 = ORIENTED_EDGE ( 'NONE', *, *, #362, .T. ) ;
#4372 = PLANE ( 'NONE',  #2741 ) ;
#4373 = ORIENTED_EDGE ( 'NONE', *, *, #2678, .F. ) ;
#4374 = CARTESIAN_POINT ( 'NONE',  ( 0.000000000000000000, 0.000000000000000000, 0.000000000000000000 ) ) ;
#4375 = DIMENSIONAL_EXPONENTS ( 1.000000000000000000, 0.000000000000000000, 0.000000000000000000, 0.000000000000000000, 0.000000000000000000, 0.000000000000000000, 0.000000000000000000 ) ;
#4376 = CALENDAR_DATE ( 2026, 25, 3 ) ;
#4377 = DIRECTION ( 'NONE',  ( 0.5972064818366790151, -0.8020875376492619946, 0.000000000000000000 ) ) ;
#4378 = UNCERTAINTY_MEASURE_WITH_UNIT (LENGTH_MEASURE( 1.000000000000000082E-05 ), #1778, 'distance_accuracy_value', 'NONE');
#4379 = LINE ( 'NONE', #612, #2489 ) ;
#4380 = PLANE ( 'NONE',  #787 ) ;
#4381 = CLOSED_SHELL ( 'NONE', ( #3530, #3393, #1748, #4356, #3948, #2152 ) ) ;
#4382 = EDGE_LOOP ( 'NONE', ( #1513, #790, #2884, #2873 ) ) ;
#4383 = EDGE_CURVE ( 'NONE', #3116, #4207, #2981, .T. ) ;
#4384 = LINE ( 'NONE', #954, #1466 ) ;
#4385 = VECTOR ( 'NONE', #2099, 39.37007874015748143 ) ;
#4386 = CC_DESIGN_PERSON_AND_ORGANIZATION_ASSIGNMENT ( #1137, #1900, ( #3992 ) ) ;
#4387 = APPLICATION_PROTOCOL_DEFINITION ( 'international standard', 'config_control_design', 1994, #960 ) ;
#4388 = DIRECTION ( 'NONE',  ( 0.000000000000000000, -0.000000000000000000, 1.000000000000000000 ) ) ;
#4389 = EDGE_CURVE ( 'NONE', #2608, #3932, #891, .T. ) ;
#4390 = LINE ( 'NONE', #4410, #458 ) ;
#4391 = DIRECTION ( 'NONE',  ( 0.000000000000000000, 0.000000000000000000, -1.000000000000000000 ) ) ;
#4392 = APPLICATION_PROTOCOL_DEFINITION ( 'international standard', 'config_control_design', 1994, #732 ) ;
#4393 = DIRECTION ( 'NONE',  ( 1.821231995776174986E-16, 0.000000000000000000, 1.000000000000000000 ) ) ;
#4394 = DATE_TIME_ROLE ( 'classification_date' ) ;
#4395 = ORIENTED_EDGE ( 'NONE', *, *, #439, .T. ) ;
#4396 = DIRECTION ( 'NONE',  ( -0.000000000000000000, 1.000000000000000000, 0.000000000000000000 ) ) ;
#4397 = ORIENTED_EDGE ( 'NONE', *, *, #3871, .F. ) ;
#4398 = SECURITY_CLASSIFICATION_LEVEL ( 'unclassified' ) ;
#4399 = CARTESIAN_POINT ( 'NONE',  ( -33.00000000000000711, 100.6250000000000000, 11.99999999999999822 ) ) ;
#4400 = ADVANCED_FACE ( 'NONE', ( #936 ), #1323, .F. ) ;
#4401 = APPROVAL_PERSON_ORGANIZATION ( #3185, #3910, #2162 ) ;
#4402 = ORIENTED_EDGE ( 'NONE', *, *, #3602, .F. ) ;
#4403 = CARTESIAN_POINT ( 'NONE',  ( 14.51902961143720283, 96.52512626584707789, 12.00000000000000355 ) ) ;
#4404 = DIRECTION ( 'NONE',  ( 0.000000000000000000, 1.000000000000000000, 0.000000000000000000 ) ) ;
#4405 = ORIENTED_EDGE ( 'NONE', *, *, #3485, .T. ) ;
#4406 = CARTESIAN_POINT ( 'NONE',  ( 35.99999999999999289, 3.499999999999999112, -11.99999999999999822 ) ) ;
#4407 =( NAMED_UNIT ( * ) SI_UNIT ( $, .STERADIAN. ) SOLID_ANGLE_UNIT ( ) );
#4408 = APPROVAL_STATUS ( 'not_yet_approved' ) ;
#4409 = CARTESIAN_POINT ( 'NONE',  ( -15.25000000000000888, 98.99999999999998579, -12.00000000000000711 ) ) ;
#4410 = CARTESIAN_POINT ( 'NONE',  ( 24.83694061757718785, 18.49272209026128166, -10.49999999999999822 ) ) ;
#4411 = CARTESIAN_POINT ( 'NONE',  ( -36.00000000000000711, 97.50000000000001421, 12.00000000000000355 ) ) ;
#4412 = APPLICATION_PROTOCOL_DEFINITION ( 'international standard', 'config_control_design', 1994, #1889 ) ;
#4413 = EDGE_CURVE ( 'NONE', #1879, #491, #1253, .T. ) ;
#4414 = CARTESIAN_POINT ( 'NONE',  ( 0.000000000000000000, 99.12500000000000000, 0.000000000000000000 ) ) ;
#4415 = VERTEX_POINT ( 'NONE', #3356 ) ;
#4416 = DIRECTION ( 'NONE',  ( -1.000000000000000000, 0.000000000000000000, 1.821231995776175479E-16 ) ) ;
#4417 = VECTOR ( 'NONE', #2800, 39.37007874015748143 ) ;
#4418 = EDGE_LOOP ( 'NONE', ( #2397, #3799, #2150, #794 ) ) ;
#4419 = DIRECTION ( 'NONE',  ( 0.000000000000000000, 0.000000000000000000, 1.000000000000000000 ) ) ;
#4420 = VECTOR ( 'NONE', #3722, 39.37007874015748143 ) ;
#4421 = DATE_AND_TIME ( #4376, #688 ) ;
#4422 = PLANE ( 'NONE',  #3730 ) ;
#4423 = VECTOR ( 'NONE', #2660, 39.37007874015748143 ) ;
#4424 = ORIENTED_EDGE ( 'NONE', *, *, #722, .T. ) ;
#4425 = DIRECTION ( 'NONE',  ( 0.000000000000000000, -0.000000000000000000, 1.000000000000000000 ) ) ;
#4426 = EDGE_CURVE ( 'NONE', #1025, #3891, #254, .T. ) ;
#4427 = AXIS2_PLACEMENT_3D ( 'NONE', #279, #1935, #2712 ) ;
#4428 = DIRECTION ( 'NONE',  ( 1.000000000000000000, 0.000000000000000000, -0.000000000000000000 ) ) ;
#4429 = ORIENTED_EDGE ( 'NONE', *, *, #1083, .T. ) ;
#4430 = CARTESIAN_POINT ( 'NONE',  ( -36.00000000000000000, 3.500000000000000000, -10.50000000000000000 ) ) ;
#4431 = SECURITY_CLASSIFICATION_LEVEL ( 'unclassified' ) ;
#4432 = DIRECTION ( 'NONE',  ( 1.274862397043323821E-15, 0.000000000000000000, 1.000000000000000000 ) ) ;
#4433 = LOCAL_TIME ( 22, 35, 5.000000000000000000, #2276 ) ;
#4434 = DIRECTION ( 'NONE',  ( 0.000000000000000000, -1.000000000000000000, 0.000000000000000000 ) ) ;
#4435 = APPROVAL_PERSON_ORGANIZATION ( #1894, #3968, #1013 ) ;
#4436 = COORDINATED_UNIVERSAL_TIME_OFFSET ( 8, 0, .BEHIND. ) ;
#4437 = LINE ( 'NONE', #4095, #4097 ) ;
#4438 = EDGE_LOOP ( 'NONE', ( #3850, #1561, #3811, #2135 ) ) ;
#4439 = SECURITY_CLASSIFICATION ( '', '', #1019 ) ;
#4440 = VECTOR ( 'NONE', #37, 39.37007874015748143 ) ;
#4441 = FACE_OUTER_BOUND ( 'NONE', #2040, .T. ) ;
#4442 = APPROVAL ( #3894, 'UNSPECIFIED' ) ;
#4443 = PLANE ( 'NONE',  #4203 ) ;
#4444 = CC_DESIGN_DATE_AND_TIME_ASSIGNMENT ( #3626, #532, ( #116 ) ) ;
#4445 = PERSON_AND_ORGANIZATION ( #1551, #545 ) ;
#4446 = CARTESIAN_POINT ( 'NONE',  ( 33.00000000000001421, 98.99999999999998579, 11.99999999999993783 ) ) ;
#4447 = ORIENTED_EDGE ( 'NONE', *, *, #913, .T. ) ;
#4448 = CARTESIAN_POINT ( 'NONE',  ( 0.000000000000000000, 1.500000000000000222, 0.000000000000000000 ) ) ;
#4449 = CARTESIAN_POINT ( 'NONE',  ( -36.00000000000000711, 97.50000000000001421, -11.99999999999999822 ) ) ;
#4450 = ORIENTED_EDGE ( 'NONE', *, *, #3090, .F. ) ;
#4451 = EDGE_CURVE ( 'NONE', #1899, #1727, #1997, .T. ) ;
#4452 = LINE ( 'NONE', #641, #3486 ) ;
#4453 =( NAMED_UNIT ( * ) PLANE_ANGLE_UNIT ( ) SI_UNIT ( $, .RADIAN. ) );
#4454 = DATE_AND_TIME ( #2577, #1087 ) ;
#4455 = AXIS2_PLACEMENT_3D ( 'NONE', #2949, #1539, #843 ) ;
#4456 = DIRECTION ( 'NONE',  ( -0.000000000000000000, -0.000000000000000000, 1.000000000000000000 ) ) ;
#4457 = EDGE_LOOP ( 'NONE', ( #2376, #4113, #3084, #696 ) ) ;
#4458 = APPROVAL_DATE_TIME ( #311, #3720 ) ;
#4459 = NEXT_ASSEMBLY_USAGE_OCCURRENCE ( 'NAUO1', ' ', ' ', #1770, #1139, $ ) ;
#4460 = NEXT_ASSEMBLY_USAGE_OCCURRENCE ( 'NAUO2', ' ', ' ', #1770, #2609, $ ) ;
#4461 = NEXT_ASSEMBLY_USAGE_OCCURRENCE ( 'NAUO3', ' ', ' ', #1770, #1192, $ ) ;
#4462 = NEXT_ASSEMBLY_USAGE_OCCURRENCE ( 'NAUO4', ' ', ' ', #1770, #1139, $ ) ;
#4463 = NEXT_ASSEMBLY_USAGE_OCCURRENCE ( 'NAUO5', ' ', ' ', #1770, #2609, $ ) ;
#4464 = NEXT_ASSEMBLY_USAGE_OCCURRENCE ( 'NAUO6', ' ', ' ', #1770, #1383, $ ) ;
#4465 = NEXT_ASSEMBLY_USAGE_OCCURRENCE ( 'NAUO7', ' ', ' ', #1770, #2102, $ ) ;
#4466 = NEXT_ASSEMBLY_USAGE_OCCURRENCE ( 'NAUO8', ' ', ' ', #1770, #4022, $ ) ;
#4467 = NEXT_ASSEMBLY_USAGE_OCCURRENCE ( 'NAUO9', ' ', ' ', #1770, #2444, $ ) ;
#4468 = NEXT_ASSEMBLY_USAGE_OCCURRENCE ( 'NAUO10', ' ', ' ', #2444, #3641, $ ) ;
#4469 = NEXT_ASSEMBLY_USAGE_OCCURRENCE ( 'NAUO11', ' ', ' ', #2444, #1960, $ ) ;
#4470 = NEXT_ASSEMBLY_USAGE_OCCURRENCE ( 'NAUO12', ' ', ' ', #2444, #2992, $ ) ;
ENDSEC;
END-ISO-10303-21;
